result_id,field,units,population_filter,occurrence_view,estimand,point_population_sha256,ci_population_sha256,n_source_records,point,ci_lo,ci_hi,n_groups,n_rows,interval_status,bootstrap_draws,bootstrap_seed,cluster_key,checkpoint_identity,context_identity,interpretation,limitations
verification/PickCube/all/vision_err,vision_err,relative_error,all,retrospective_last,call_weighted_median,46de5d2321f5698c8ee0f2abe2dad42ece8bec2e0f1beb2fb61d187005a0ad4f,46de5d2321f5698c8ee0f2abe2dad42ece8bec2e0f1beb2fb61d187005a0ad4f,397,0.0220247559751241,0.01903214054526579,0.024298158182953052,100,397,conditional_empirical_episode_percentile,10000,0,"task,model,recorded_seed,episode",unknown,unknown,retrospective_descriptive,Intervals condition on the released episode mixture and one checkpoint; historical numerical/provenance limitations remain.
verification/PickCube/all/vision_gap,vision_gap,Q_score,all,retrospective_last,call_weighted_median,46de5d2321f5698c8ee0f2abe2dad42ece8bec2e0f1beb2fb61d187005a0ad4f,46de5d2321f5698c8ee0f2abe2dad42ece8bec2e0f1beb2fb61d187005a0ad4f,397,0.021430525928735733,0.018261553719639778,0.026406876742839813,100,397,conditional_empirical_episode_percentile,10000,0,"task,model,recorded_seed,episode",unknown,unknown,retrospective_descriptive,Intervals condition on the released episode mixture and one checkpoint; historical numerical/provenance limitations remain.
verification/PickCube/all/vision_pct_le3,vision_err,percent,all,retrospective_last,call_weighted_mean,46de5d2321f5698c8ee0f2abe2dad42ece8bec2e0f1beb2fb61d187005a0ad4f,46de5d2321f5698c8ee0f2abe2dad42ece8bec2e0f1beb2fb61d187005a0ad4f,397,64.23173803526448,58.5,69.77329974811083,100,397,conditional_empirical_episode_percentile,10000,0,"task,model,recorded_seed,episode",unknown,unknown,retrospective_descriptive,Intervals condition on the released episode mixture and one checkpoint; historical numerical/provenance limitations remain.
verification/PickCube/all/lang_err,lang_err,relative_error,all,retrospective_last,call_weighted_median,46de5d2321f5698c8ee0f2abe2dad42ece8bec2e0f1beb2fb61d187005a0ad4f,46de5d2321f5698c8ee0f2abe2dad42ece8bec2e0f1beb2fb61d187005a0ad4f,397,0.018814480196361127,0.01615646471262202,0.022984653308316512,100,397,conditional_empirical_episode_percentile,10000,0,"task,model,recorded_seed,episode",unknown,unknown,retrospective_descriptive,Intervals condition on the released episode mixture and one checkpoint; historical numerical/provenance limitations remain.
verification/PickCube/all/lang_gap,lang_gap,Q_score,all,retrospective_last,call_weighted_median,46de5d2321f5698c8ee0f2abe2dad42ece8bec2e0f1beb2fb61d187005a0ad4f,46de5d2321f5698c8ee0f2abe2dad42ece8bec2e0f1beb2fb61d187005a0ad4f,397,0.012880131602287292,0.0104365274310112,0.015777962282299995,100,397,conditional_empirical_episode_percentile,10000,0,"task,model,recorded_seed,episode",unknown,unknown,retrospective_descriptive,Intervals condition on the released episode mixture and one checkpoint; historical numerical/provenance limitations remain.
verification/PickCube/all/lang_pct_le3,lang_err,percent,all,retrospective_last,call_weighted_mean,46de5d2321f5698c8ee0f2abe2dad42ece8bec2e0f1beb2fb61d187005a0ad4f,46de5d2321f5698c8ee0f2abe2dad42ece8bec2e0f1beb2fb61d187005a0ad4f,397,65.74307304785894,60.5,70.75,100,397,conditional_empirical_episode_percentile,10000,0,"task,model,recorded_seed,episode",unknown,unknown,retrospective_descriptive,Intervals condition on the released episode mixture and one checkpoint; historical numerical/provenance limitations remain.
verification/PickCube/all/state_err,state_err,relative_error,all,retrospective_last,call_weighted_median,46de5d2321f5698c8ee0f2abe2dad42ece8bec2e0f1beb2fb61d187005a0ad4f,46de5d2321f5698c8ee0f2abe2dad42ece8bec2e0f1beb2fb61d187005a0ad4f,397,0.058798040214745606,0.04990722135774138,0.07289171679859005,100,397,conditional_empirical_episode_percentile,10000,0,"task,model,recorded_seed,episode",unknown,unknown,retrospective_descriptive,Intervals condition on the released episode mixture and one checkpoint; historical numerical/provenance limitations remain.
verification/PickCube/all/state_gap,state_gap,Q_score,all,retrospective_last,call_weighted_median,46de5d2321f5698c8ee0f2abe2dad42ece8bec2e0f1beb2fb61d187005a0ad4f,46de5d2321f5698c8ee0f2abe2dad42ece8bec2e0f1beb2fb61d187005a0ad4f,397,0.32380664348602295,0.25985461473464966,0.40287107676267614,100,397,conditional_empirical_episode_percentile,10000,0,"task,model,recorded_seed,episode",unknown,unknown,retrospective_descriptive,Intervals condition on the released episode mixture and one checkpoint; historical numerical/provenance limitations remain.
verification/PickCube/all/state_pct_le3,state_err,percent,all,retrospective_last,call_weighted_mean,46de5d2321f5698c8ee0f2abe2dad42ece8bec2e0f1beb2fb61d187005a0ad4f,46de5d2321f5698c8ee0f2abe2dad42ece8bec2e0f1beb2fb61d187005a0ad4f,397,29.974811083123427,25.44080604534005,34.5088161209068,100,397,conditional_empirical_episode_percentile,10000,0,"task,model,recorded_seed,episode",unknown,unknown,retrospective_descriptive,Intervals condition on the released episode mixture and one checkpoint; historical numerical/provenance limitations remain.
verification/PickCube/all/vision_insertion_auc,vision_insertion_auc,dimensionless,all,retrospective_last,call_weighted_median,0e8f8ae44739f3bcdf811d4720fd6fb04d0b9f861dff8c824872a8185891f694,0e8f8ae44739f3bcdf811d4720fd6fb04d0b9f861dff8c824872a8185891f694,397,0.8221607428797258,0.771025119300355,0.8383509126425318,100,397,conditional_empirical_episode_percentile,10000,0,"task,model,recorded_seed,episode",unknown,unknown,retrospective_descriptive,Intervals condition on the released episode mixture and one checkpoint; historical numerical/provenance limitations remain.
verification/PickCube/all/vision_deletion_auc,vision_deletion_auc,dimensionless,all,retrospective_last,call_weighted_median,0e8f8ae44739f3bcdf811d4720fd6fb04d0b9f861dff8c824872a8185891f694,0e8f8ae44739f3bcdf811d4720fd6fb04d0b9f861dff8c824872a8185891f694,397,0.1666256675610024,0.13694077708406802,0.2134197179293137,100,397,conditional_empirical_episode_percentile,10000,0,"task,model,recorded_seed,episode",unknown,unknown,retrospective_descriptive,Intervals condition on the released episode mixture and one checkpoint; historical numerical/provenance limitations remain.
verification/PickCube/all/vision_dQ_k5,vision_dlogp_k5,Q_score,all,retrospective_last,call_weighted_median,0e8f8ae44739f3bcdf811d4720fd6fb04d0b9f861dff8c824872a8185891f694,0e8f8ae44739f3bcdf811d4720fd6fb04d0b9f861dff8c824872a8185891f694,397,-0.003500068560242653,-0.004624876659363508,-0.0027732213493436575,100,397,conditional_empirical_episode_percentile,10000,0,"task,model,recorded_seed,episode",unknown,unknown,retrospective_descriptive,Intervals condition on the released episode mixture and one checkpoint; historical numerical/provenance limitations remain.
verification/PickCube/all/lang_insertion_auc,lang_insertion_auc,dimensionless,all,retrospective_last,call_weighted_median,0e8f8ae44739f3bcdf811d4720fd6fb04d0b9f861dff8c824872a8185891f694,0e8f8ae44739f3bcdf811d4720fd6fb04d0b9f861dff8c824872a8185891f694,397,0.525467826705092,0.4675038148845267,0.5800615748546633,100,397,conditional_empirical_episode_percentile,10000,0,"task,model,recorded_seed,episode",unknown,unknown,retrospective_descriptive,Intervals condition on the released episode mixture and one checkpoint; historical numerical/provenance limitations remain.
verification/PickCube/all/lang_deletion_auc,lang_deletion_auc,dimensionless,all,retrospective_last,call_weighted_median,0e8f8ae44739f3bcdf811d4720fd6fb04d0b9f861dff8c824872a8185891f694,0e8f8ae44739f3bcdf811d4720fd6fb04d0b9f861dff8c824872a8185891f694,397,0.43251014249096703,0.3912113033251977,0.4752528134866523,100,397,conditional_empirical_episode_percentile,10000,0,"task,model,recorded_seed,episode",unknown,unknown,retrospective_descriptive,Intervals condition on the released episode mixture and one checkpoint; historical numerical/provenance limitations remain.
verification/PickCube/all/lang_dQ_k5,lang_dlogp_k5,Q_score,all,retrospective_last,call_weighted_median,0e8f8ae44739f3bcdf811d4720fd6fb04d0b9f861dff8c824872a8185891f694,0e8f8ae44739f3bcdf811d4720fd6fb04d0b9f861dff8c824872a8185891f694,397,-0.00036761624505743384,-0.00045466067967936397,-0.0003137750754831359,100,397,conditional_empirical_episode_percentile,10000,0,"task,model,recorded_seed,episode",unknown,unknown,retrospective_descriptive,Intervals condition on the released episode mixture and one checkpoint; historical numerical/provenance limitations remain.
verification/PickCube/norm_ge15/vision_err,vision_err,relative_error,norm_ge15,retrospective_last,call_weighted_median,2e39efef224d2d14006f1d11996a6e5d059471777597e58a2a36d2581493960b,2e39efef224d2d14006f1d11996a6e5d059471777597e58a2a36d2581493960b,252,0.021349751398813795,0.01824576342452836,0.023851348014627804,91,252,conditional_empirical_episode_percentile,10000,0,"task,model,recorded_seed,episode",unknown,unknown,retrospective_descriptive,Intervals condition on the released episode mixture and one checkpoint; historical numerical/provenance limitations remain.
verification/PickCube/norm_ge15/vision_gap,vision_gap,Q_score,norm_ge15,retrospective_last,call_weighted_median,2e39efef224d2d14006f1d11996a6e5d059471777597e58a2a36d2581493960b,2e39efef224d2d14006f1d11996a6e5d059471777597e58a2a36d2581493960b,252,0.024435612373054028,0.019834529608488083,0.03026016615331173,91,252,conditional_empirical_episode_percentile,10000,0,"task,model,recorded_seed,episode",unknown,unknown,retrospective_descriptive,Intervals condition on the released episode mixture and one checkpoint; historical numerical/provenance limitations remain.
verification/PickCube/norm_ge15/vision_pct_le3,vision_err,percent,norm_ge15,retrospective_last,call_weighted_mean,2e39efef224d2d14006f1d11996a6e5d059471777597e58a2a36d2581493960b,2e39efef224d2d14006f1d11996a6e5d059471777597e58a2a36d2581493960b,252,65.07936507936508,57.77777777777778,72.28475700555029,91,252,conditional_empirical_episode_percentile,10000,0,"task,model,recorded_seed,episode",unknown,unknown,retrospective_descriptive,Intervals condition on the released episode mixture and one checkpoint; historical numerical/provenance limitations remain.
verification/PickCube/norm_ge15/lang_err,lang_err,relative_error,norm_ge15,retrospective_last,call_weighted_median,2e39efef224d2d14006f1d11996a6e5d059471777597e58a2a36d2581493960b,2e39efef224d2d14006f1d11996a6e5d059471777597e58a2a36d2581493960b,252,0.015638819480792033,0.014241983959826995,0.01804496338135392,91,252,conditional_empirical_episode_percentile,10000,0,"task,model,recorded_seed,episode",unknown,unknown,retrospective_descriptive,Intervals condition on the released episode mixture and one checkpoint; historical numerical/provenance limitations remain.
verification/PickCube/norm_ge15/lang_gap,lang_gap,Q_score,norm_ge15,retrospective_last,call_weighted_median,2e39efef224d2d14006f1d11996a6e5d059471777597e58a2a36d2581493960b,2e39efef224d2d14006f1d11996a6e5d059471777597e58a2a36d2581493960b,252,0.014189491979777813,0.010741272941231728,0.01892022415995598,91,252,conditional_empirical_episode_percentile,10000,0,"task,model,recorded_seed,episode",unknown,unknown,retrospective_descriptive,Intervals condition on the released episode mixture and one checkpoint; historical numerical/provenance limitations remain.
verification/PickCube/norm_ge15/lang_pct_le3,lang_err,percent,norm_ge15,retrospective_last,call_weighted_mean,2e39efef224d2d14006f1d11996a6e5d059471777597e58a2a36d2581493960b,2e39efef224d2d14006f1d11996a6e5d059471777597e58a2a36d2581493960b,252,71.82539682539682,65.89124487004104,77.55905511811024,91,252,conditional_empirical_episode_percentile,10000,0,"task,model,recorded_seed,episode",unknown,unknown,retrospective_descriptive,Intervals condition on the released episode mixture and one checkpoint; historical numerical/provenance limitations remain.
verification/PickCube/norm_ge15/state_err,state_err,relative_error,norm_ge15,retrospective_last,call_weighted_median,2e39efef224d2d14006f1d11996a6e5d059471777597e58a2a36d2581493960b,2e39efef224d2d14006f1d11996a6e5d059471777597e58a2a36d2581493960b,252,0.04441671741399636,0.03682789119070154,0.05625566629569759,91,252,conditional_empirical_episode_percentile,10000,0,"task,model,recorded_seed,episode",unknown,unknown,retrospective_descriptive,Intervals condition on the released episode mixture and one checkpoint; historical numerical/provenance limitations remain.
verification/PickCube/norm_ge15/state_gap,state_gap,Q_score,norm_ge15,retrospective_last,call_weighted_median,2e39efef224d2d14006f1d11996a6e5d059471777597e58a2a36d2581493960b,2e39efef224d2d14006f1d11996a6e5d059471777597e58a2a36d2581493960b,252,0.5912802219390869,0.5318267643451691,0.6467660665512085,91,252,conditional_empirical_episode_percentile,10000,0,"task,model,recorded_seed,episode",unknown,unknown,retrospective_descriptive,Intervals condition on the released episode mixture and one checkpoint; historical numerical/provenance limitations remain.
verification/PickCube/norm_ge15/state_pct_le3,state_err,percent,norm_ge15,retrospective_last,call_weighted_mean,2e39efef224d2d14006f1d11996a6e5d059471777597e58a2a36d2581493960b,2e39efef224d2d14006f1d11996a6e5d059471777597e58a2a36d2581493960b,252,36.111111111111114,30.08465963896927,42.30769230769231,91,252,conditional_empirical_episode_percentile,10000,0,"task,model,recorded_seed,episode",unknown,unknown,retrospective_descriptive,Intervals condition on the released episode mixture and one checkpoint; historical numerical/provenance limitations remain.
verification/PickCube/norm_ge15/vision_insertion_auc,vision_insertion_auc,dimensionless,norm_ge15,retrospective_last,call_weighted_median,bdcb8d7041c774047d6c6e9cf84571a020705f5b0a882b4d8f434f46ae4a0f51,bdcb8d7041c774047d6c6e9cf84571a020705f5b0a882b4d8f434f46ae4a0f51,252,0.8679260709034347,0.8461042680561692,0.8833023918593573,91,252,conditional_empirical_episode_percentile,10000,0,"task,model,recorded_seed,episode",unknown,unknown,retrospective_descriptive,Intervals condition on the released episode mixture and one checkpoint; historical numerical/provenance limitations remain.
verification/PickCube/norm_ge15/vision_deletion_auc,vision_deletion_auc,dimensionless,norm_ge15,retrospective_last,call_weighted_median,bdcb8d7041c774047d6c6e9cf84571a020705f5b0a882b4d8f434f46ae4a0f51,bdcb8d7041c774047d6c6e9cf84571a020705f5b0a882b4d8f434f46ae4a0f51,252,0.2888566343381301,0.26355913646411805,0.3370651747214688,91,252,conditional_empirical_episode_percentile,10000,0,"task,model,recorded_seed,episode",unknown,unknown,retrospective_descriptive,Intervals condition on the released episode mixture and one checkpoint; historical numerical/provenance limitations remain.
verification/PickCube/norm_ge15/vision_dQ_k5,vision_dlogp_k5,Q_score,norm_ge15,retrospective_last,call_weighted_median,bdcb8d7041c774047d6c6e9cf84571a020705f5b0a882b4d8f434f46ae4a0f51,bdcb8d7041c774047d6c6e9cf84571a020705f5b0a882b4d8f434f46ae4a0f51,252,-0.004069329937919974,-0.005187618546187878,-0.003104969140258629,91,252,conditional_empirical_episode_percentile,10000,0,"task,model,recorded_seed,episode",unknown,unknown,retrospective_descriptive,Intervals condition on the released episode mixture and one checkpoint; historical numerical/provenance limitations remain.
verification/PickCube/norm_ge15/lang_insertion_auc,lang_insertion_auc,dimensionless,norm_ge15,retrospective_last,call_weighted_median,bdcb8d7041c774047d6c6e9cf84571a020705f5b0a882b4d8f434f46ae4a0f51,bdcb8d7041c774047d6c6e9cf84571a020705f5b0a882b4d8f434f46ae4a0f51,252,0.4943929390882128,0.4255343703565922,0.5518958605675575,91,252,conditional_empirical_episode_percentile,10000,0,"task,model,recorded_seed,episode",unknown,unknown,retrospective_descriptive,Intervals condition on the released episode mixture and one checkpoint; historical numerical/provenance limitations remain.
verification/PickCube/norm_ge15/lang_deletion_auc,lang_deletion_auc,dimensionless,norm_ge15,retrospective_last,call_weighted_median,bdcb8d7041c774047d6c6e9cf84571a020705f5b0a882b4d8f434f46ae4a0f51,bdcb8d7041c774047d6c6e9cf84571a020705f5b0a882b4d8f434f46ae4a0f51,252,0.43838668852582574,0.38178545660403185,0.47914538496862696,91,252,conditional_empirical_episode_percentile,10000,0,"task,model,recorded_seed,episode",unknown,unknown,retrospective_descriptive,Intervals condition on the released episode mixture and one checkpoint; historical numerical/provenance limitations remain.
verification/PickCube/norm_ge15/lang_dQ_k5,lang_dlogp_k5,Q_score,norm_ge15,retrospective_last,call_weighted_median,bdcb8d7041c774047d6c6e9cf84571a020705f5b0a882b4d8f434f46ae4a0f51,bdcb8d7041c774047d6c6e9cf84571a020705f5b0a882b4d8f434f46ae4a0f51,252,-0.0004293063539080322,-0.0005503749707713723,-0.00036209612153470516,91,252,conditional_empirical_episode_percentile,10000,0,"task,model,recorded_seed,episode",unknown,unknown,retrospective_descriptive,Intervals condition on the released episode mixture and one checkpoint; historical numerical/provenance limitations remain.
verification/PickCube/norm_lt15/vision_err,vision_err,relative_error,norm_lt15,retrospective_last,call_weighted_median,c48261f236122aff0bcf7e42401a224eed3e8672061f68485910a3fe0f34c809,c48261f236122aff0bcf7e42401a224eed3e8672061f68485910a3fe0f34c809,145,0.022334579174848844,0.018954182471137133,0.028115226650917716,79,145,conditional_empirical_episode_percentile,10000,0,"task,model,recorded_seed,episode",unknown,unknown,retrospective_descriptive,Intervals condition on the released episode mixture and one checkpoint; historical numerical/provenance limitations remain.
verification/PickCube/norm_lt15/vision_gap,vision_gap,Q_score,norm_lt15,retrospective_last,call_weighted_median,c48261f236122aff0bcf7e42401a224eed3e8672061f68485910a3fe0f34c809,c48261f236122aff0bcf7e42401a224eed3e8672061f68485910a3fe0f34c809,145,0.009584184736013412,0.003508996684104204,0.021430525928735733,79,145,conditional_empirical_episode_percentile,10000,0,"task,model,recorded_seed,episode",unknown,unknown,retrospective_descriptive,Intervals condition on the released episode mixture and one checkpoint; historical numerical/provenance limitations remain.
verification/PickCube/norm_lt15/vision_pct_le3,vision_err,percent,norm_lt15,retrospective_last,call_weighted_mean,c48261f236122aff0bcf7e42401a224eed3e8672061f68485910a3fe0f34c809,c48261f236122aff0bcf7e42401a224eed3e8672061f68485910a3fe0f34c809,145,62.758620689655174,54.074074074074076,71.32352941176471,79,145,conditional_empirical_episode_percentile,10000,0,"task,model,recorded_seed,episode",unknown,unknown,retrospective_descriptive,Intervals condition on the released episode mixture and one checkpoint; historical numerical/provenance limitations remain.
verification/PickCube/norm_lt15/lang_err,lang_err,relative_error,norm_lt15,retrospective_last,call_weighted_median,c48261f236122aff0bcf7e42401a224eed3e8672061f68485910a3fe0f34c809,c48261f236122aff0bcf7e42401a224eed3e8672061f68485910a3fe0f34c809,145,0.027058888059837936,0.02152185676982625,0.03205673360378648,79,145,conditional_empirical_episode_percentile,10000,0,"task,model,recorded_seed,episode",unknown,unknown,retrospective_descriptive,Intervals condition on the released episode mixture and one checkpoint; historical numerical/provenance limitations remain.
verification/PickCube/norm_lt15/lang_gap,lang_gap,Q_score,norm_lt15,retrospective_last,call_weighted_median,c48261f236122aff0bcf7e42401a224eed3e8672061f68485910a3fe0f34c809,c48261f236122aff0bcf7e42401a224eed3e8672061f68485910a3fe0f34c809,145,0.009809719398617744,0.004019840154796839,0.01686432585120201,79,145,conditional_empirical_episode_percentile,10000,0,"task,model,recorded_seed,episode",unknown,unknown,retrospective_descriptive,Intervals condition on the released episode mixture and one checkpoint; historical numerical/provenance limitations remain.
verification/PickCube/norm_lt15/lang_pct_le3,lang_err,percent,norm_lt15,retrospective_last,call_weighted_mean,c48261f236122aff0bcf7e42401a224eed3e8672061f68485910a3fe0f34c809,c48261f236122aff0bcf7e42401a224eed3e8672061f68485910a3fe0f34c809,145,55.172413793103445,46.09929078014184,64.38356164383562,79,145,conditional_empirical_episode_percentile,10000,0,"task,model,recorded_seed,episode",unknown,unknown,retrospective_descriptive,Intervals condition on the released episode mixture and one checkpoint; historical numerical/provenance limitations remain.
verification/PickCube/norm_lt15/state_err,state_err,relative_error,norm_lt15,retrospective_last,call_weighted_median,c48261f236122aff0bcf7e42401a224eed3e8672061f68485910a3fe0f34c809,c48261f236122aff0bcf7e42401a224eed3e8672061f68485910a3fe0f34c809,145,0.1099310131989477,0.08474274358011781,0.14101806514918314,79,145,conditional_empirical_episode_percentile,10000,0,"task,model,recorded_seed,episode",unknown,unknown,retrospective_descriptive,Intervals condition on the released episode mixture and one checkpoint; historical numerical/provenance limitations remain.
verification/PickCube/norm_lt15/state_gap,state_gap,Q_score,norm_lt15,retrospective_last,call_weighted_median,c48261f236122aff0bcf7e42401a224eed3e8672061f68485910a3fe0f34c809,c48261f236122aff0bcf7e42401a224eed3e8672061f68485910a3fe0f34c809,145,0.03203791752457619,0.02126998081803322,0.04953092150390148,79,145,conditional_empirical_episode_percentile,10000,0,"task,model,recorded_seed,episode",unknown,unknown,retrospective_descriptive,Intervals condition on the released episode mixture and one checkpoint; historical numerical/provenance limitations remain.
verification/PickCube/norm_lt15/state_pct_le3,state_err,percent,norm_lt15,retrospective_last,call_weighted_mean,c48261f236122aff0bcf7e42401a224eed3e8672061f68485910a3fe0f34c809,c48261f236122aff0bcf7e42401a224eed3e8672061f68485910a3fe0f34c809,145,19.310344827586206,13.013698630136986,26.119402985074625,79,145,conditional_empirical_episode_percentile,10000,0,"task,model,recorded_seed,episode",unknown,unknown,retrospective_descriptive,Intervals condition on the released episode mixture and one checkpoint; historical numerical/provenance limitations remain.
verification/PickCube/norm_lt15/vision_insertion_auc,vision_insertion_auc,dimensionless,norm_lt15,retrospective_last,call_weighted_median,a5f9874135e56507bddc901fe84c55364db23d4a58f6a392965b49339c610b51,a5f9874135e56507bddc901fe84c55364db23d4a58f6a392965b49339c610b51,145,-0.2478248054799423,-1.312446934450074,0.39907074996573844,79,145,conditional_empirical_episode_percentile,10000,0,"task,model,recorded_seed,episode",unknown,unknown,retrospective_descriptive,Intervals condition on the released episode mixture and one checkpoint; historical numerical/provenance limitations remain.
verification/PickCube/norm_lt15/vision_deletion_auc,vision_deletion_auc,dimensionless,norm_lt15,retrospective_last,call_weighted_median,a5f9874135e56507bddc901fe84c55364db23d4a58f6a392965b49339c610b51,a5f9874135e56507bddc901fe84c55364db23d4a58f6a392965b49339c610b51,145,0.02173013314769917,0.002278173043955528,0.047353706177571654,79,145,conditional_empirical_episode_percentile,10000,0,"task,model,recorded_seed,episode",unknown,unknown,retrospective_descriptive,Intervals condition on the released episode mixture and one checkpoint; historical numerical/provenance limitations remain.
verification/PickCube/norm_lt15/vision_dQ_k5,vision_dlogp_k5,Q_score,norm_lt15,retrospective_last,call_weighted_median,a5f9874135e56507bddc901fe84c55364db23d4a58f6a392965b49339c610b51,a5f9874135e56507bddc901fe84c55364db23d4a58f6a392965b49339c610b51,145,-0.002397643169388175,-0.0035989382304251194,-0.0009748511147336334,79,145,conditional_empirical_episode_percentile,10000,0,"task,model,recorded_seed,episode",unknown,unknown,retrospective_descriptive,Intervals condition on the released episode mixture and one checkpoint; historical numerical/provenance limitations remain.
verification/PickCube/norm_lt15/lang_insertion_auc,lang_insertion_auc,dimensionless,norm_lt15,retrospective_last,call_weighted_median,a5f9874135e56507bddc901fe84c55364db23d4a58f6a392965b49339c610b51,a5f9874135e56507bddc901fe84c55364db23d4a58f6a392965b49339c610b51,145,0.6159490679301172,0.485863467468665,0.7046437762598308,79,145,conditional_empirical_episode_percentile,10000,0,"task,model,recorded_seed,episode",unknown,unknown,retrospective_descriptive,Intervals condition on the released episode mixture and one checkpoint; historical numerical/provenance limitations remain.
verification/PickCube/norm_lt15/lang_deletion_auc,lang_deletion_auc,dimensionless,norm_lt15,retrospective_last,call_weighted_median,a5f9874135e56507bddc901fe84c55364db23d4a58f6a392965b49339c610b51,a5f9874135e56507bddc901fe84c55364db23d4a58f6a392965b49339c610b51,145,0.4259157555538263,0.3424744303414719,0.510592063049566,79,145,conditional_empirical_episode_percentile,10000,0,"task,model,recorded_seed,episode",unknown,unknown,retrospective_descriptive,Intervals condition on the released episode mixture and one checkpoint; historical numerical/provenance limitations remain.
verification/PickCube/norm_lt15/lang_dQ_k5,lang_dlogp_k5,Q_score,norm_lt15,retrospective_last,call_weighted_median,a5f9874135e56507bddc901fe84c55364db23d4a58f6a392965b49339c610b51,a5f9874135e56507bddc901fe84c55364db23d4a58f6a392965b49339c610b51,145,-0.0002378262288402766,-0.00032718149304855615,-0.0001494810712756589,79,145,conditional_empirical_episode_percentile,10000,0,"task,model,recorded_seed,episode",unknown,unknown,retrospective_descriptive,Intervals condition on the released episode mixture and one checkpoint; historical numerical/provenance limitations remain.
verification/PickCube/C1/spearman_vision,spearman_vision,Spearman_rho,all,retrospective_last,call_weighted_median,c66d1568256c52d999bce00b5e8757cae09e94d5d8959dcd2916b9b3ba821838,c66d1568256c52d999bce00b5e8757cae09e94d5d8959dcd2916b9b3ba821838,100,0.9560593099024071,0.9478138332244344,0.9610092268657888,26,100,conditional_empirical_episode_percentile,10000,0,"task,model,recorded_seed,episode",unknown,unknown,retrospective_descriptive,Input-shuffle sensitivity is not a guarantee of learned-model grounding; m16 versus original m64 is a confound.
verification/PickCube/C1/spearman_language,spearman_language,Spearman_rho,all,retrospective_last,call_weighted_median,c66d1568256c52d999bce00b5e8757cae09e94d5d8959dcd2916b9b3ba821838,c66d1568256c52d999bce00b5e8757cae09e94d5d8959dcd2916b9b3ba821838,100,0.925563909774436,0.9168235500676863,0.9439428141459744,26,100,conditional_empirical_episode_percentile,10000,0,"task,model,recorded_seed,episode",unknown,unknown,retrospective_descriptive,Input-shuffle sensitivity is not a guarantee of learned-model grounding; m16 versus original m64 is a confound.
verification/PickCube/C1/spearman_state,spearman_state,Spearman_rho,all,retrospective_last,call_weighted_median,c66d1568256c52d999bce00b5e8757cae09e94d5d8959dcd2916b9b3ba821838,c66d1568256c52d999bce00b5e8757cae09e94d5d8959dcd2916b9b3ba821838,100,0.773809523809524,0.7142857142857144,0.8333333333333335,26,100,conditional_empirical_episode_percentile,10000,0,"task,model,recorded_seed,episode",unknown,unknown,retrospective_descriptive,Input-shuffle sensitivity is not a guarantee of learned-model grounding; m16 versus original m64 is a confound.
verification/PickCube/C2/spearman_vision,spearman_vision,Spearman_rho,all,retrospective_last,call_weighted_median,c0a44d80b9abc3a77466bee34243e4a3b85f11e0bd80fdbee1bfbcdeb52f20dc,c0a44d80b9abc3a77466bee34243e4a3b85f11e0bd80fdbee1bfbcdeb52f20dc,100,0.14207070739383187,0.12782882761519787,0.15712544876422418,26,100,conditional_empirical_episode_percentile,10000,0,"task,model,recorded_seed,episode",unknown,unknown,retrospective_descriptive,Input-shuffle sensitivity is not a guarantee of learned-model grounding; m16 versus original m64 is a confound.
verification/PickCube/C2/spearman_language,spearman_language,Spearman_rho,all,retrospective_last,call_weighted_median,c0a44d80b9abc3a77466bee34243e4a3b85f11e0bd80fdbee1bfbcdeb52f20dc,c0a44d80b9abc3a77466bee34243e4a3b85f11e0bd80fdbee1bfbcdeb52f20dc,100,0.11733681211548044,0.09853329015730022,0.14968034153666215,26,100,conditional_empirical_episode_percentile,10000,0,"task,model,recorded_seed,episode",unknown,unknown,retrospective_descriptive,Input-shuffle sensitivity is not a guarantee of learned-model grounding; m16 versus original m64 is a confound.
verification/PickCube/C2/spearman_state,spearman_state,Spearman_rho,all,retrospective_last,call_weighted_median,c0a44d80b9abc3a77466bee34243e4a3b85f11e0bd80fdbee1bfbcdeb52f20dc,c0a44d80b9abc3a77466bee34243e4a3b85f11e0bd80fdbee1bfbcdeb52f20dc,100,0.6904761904761906,0.6190476190476191,0.7380952380952381,26,100,conditional_empirical_episode_percentile,10000,0,"task,model,recorded_seed,episode",unknown,unknown,retrospective_descriptive,Input-shuffle sensitivity is not a guarantee of learned-model grounding; m16 versus original m64 is a confound.
verification/StackCube/all/vision_err,vision_err,relative_error,all,retrospective_last,call_weighted_median,141865ee3ba63dc12331a384009a8afc7f7c4b6fd687efb4debd7d6a4a0f1225,141865ee3ba63dc12331a384009a8afc7f7c4b6fd687efb4debd7d6a4a0f1225,400,0.023908634388224298,0.02179528791006283,0.025858949399177218,100,400,conditional_empirical_episode_percentile,10000,0,"task,model,recorded_seed,episode",unknown,unknown,retrospective_descriptive,Intervals condition on the released episode mixture and one checkpoint; historical numerical/provenance limitations remain.
verification/StackCube/all/vision_gap,vision_gap,Q_score,all,retrospective_last,call_weighted_median,141865ee3ba63dc12331a384009a8afc7f7c4b6fd687efb4debd7d6a4a0f1225,141865ee3ba63dc12331a384009a8afc7f7c4b6fd687efb4debd7d6a4a0f1225,400,0.023185396566987038,0.019686367362737656,0.027608847245573997,100,400,conditional_empirical_episode_percentile,10000,0,"task,model,recorded_seed,episode",unknown,unknown,retrospective_descriptive,Intervals condition on the released episode mixture and one checkpoint; historical numerical/provenance limitations remain.
verification/StackCube/all/vision_pct_le3,vision_err,percent,all,retrospective_last,call_weighted_mean,141865ee3ba63dc12331a384009a8afc7f7c4b6fd687efb4debd7d6a4a0f1225,141865ee3ba63dc12331a384009a8afc7f7c4b6fd687efb4debd7d6a4a0f1225,400,64.75,59.0,70.0,100,400,conditional_empirical_episode_percentile,10000,0,"task,model,recorded_seed,episode",unknown,unknown,retrospective_descriptive,Intervals condition on the released episode mixture and one checkpoint; historical numerical/provenance limitations remain.
verification/StackCube/all/lang_err,lang_err,relative_error,all,retrospective_last,call_weighted_median,141865ee3ba63dc12331a384009a8afc7f7c4b6fd687efb4debd7d6a4a0f1225,141865ee3ba63dc12331a384009a8afc7f7c4b6fd687efb4debd7d6a4a0f1225,400,0.017616734705587743,0.015841744121670467,0.019735793337901333,100,400,conditional_empirical_episode_percentile,10000,0,"task,model,recorded_seed,episode",unknown,unknown,retrospective_descriptive,Intervals condition on the released episode mixture and one checkpoint; historical numerical/provenance limitations remain.
verification/StackCube/all/lang_gap,lang_gap,Q_score,all,retrospective_last,call_weighted_median,141865ee3ba63dc12331a384009a8afc7f7c4b6fd687efb4debd7d6a4a0f1225,141865ee3ba63dc12331a384009a8afc7f7c4b6fd687efb4debd7d6a4a0f1225,400,0.014906568918377161,0.012759638950228691,0.01916115144267676,100,400,conditional_empirical_episode_percentile,10000,0,"task,model,recorded_seed,episode",unknown,unknown,retrospective_descriptive,Intervals condition on the released episode mixture and one checkpoint; historical numerical/provenance limitations remain.
verification/StackCube/all/lang_pct_le3,lang_err,percent,all,retrospective_last,call_weighted_mean,141865ee3ba63dc12331a384009a8afc7f7c4b6fd687efb4debd7d6a4a0f1225,141865ee3ba63dc12331a384009a8afc7f7c4b6fd687efb4debd7d6a4a0f1225,400,74.75,70.25,79.25,100,400,conditional_empirical_episode_percentile,10000,0,"task,model,recorded_seed,episode",unknown,unknown,retrospective_descriptive,Intervals condition on the released episode mixture and one checkpoint; historical numerical/provenance limitations remain.
verification/StackCube/all/state_err,state_err,relative_error,all,retrospective_last,call_weighted_median,141865ee3ba63dc12331a384009a8afc7f7c4b6fd687efb4debd7d6a4a0f1225,141865ee3ba63dc12331a384009a8afc7f7c4b6fd687efb4debd7d6a4a0f1225,400,0.10529764874714267,0.08067815959522603,0.13129077596447483,100,400,conditional_empirical_episode_percentile,10000,0,"task,model,recorded_seed,episode",unknown,unknown,retrospective_descriptive,Intervals condition on the released episode mixture and one checkpoint; historical numerical/provenance limitations remain.
verification/StackCube/all/state_gap,state_gap,Q_score,all,retrospective_last,call_weighted_median,141865ee3ba63dc12331a384009a8afc7f7c4b6fd687efb4debd7d6a4a0f1225,141865ee3ba63dc12331a384009a8afc7f7c4b6fd687efb4debd7d6a4a0f1225,400,0.49205130338668823,0.44061708450317383,0.582392156124115,100,400,conditional_empirical_episode_percentile,10000,0,"task,model,recorded_seed,episode",unknown,unknown,retrospective_descriptive,Intervals condition on the released episode mixture and one checkpoint; historical numerical/provenance limitations remain.
verification/StackCube/all/state_pct_le3,state_err,percent,all,retrospective_last,call_weighted_mean,141865ee3ba63dc12331a384009a8afc7f7c4b6fd687efb4debd7d6a4a0f1225,141865ee3ba63dc12331a384009a8afc7f7c4b6fd687efb4debd7d6a4a0f1225,400,21.0,17.0,25.25,100,400,conditional_empirical_episode_percentile,10000,0,"task,model,recorded_seed,episode",unknown,unknown,retrospective_descriptive,Intervals condition on the released episode mixture and one checkpoint; historical numerical/provenance limitations remain.
verification/StackCube/all/vision_insertion_auc,vision_insertion_auc,dimensionless,all,retrospective_last,call_weighted_median,23cc8b7608d878c066b9f973ccb92fb96b03bad1dbfd29edb819435dc8c44635,23cc8b7608d878c066b9f973ccb92fb96b03bad1dbfd29edb819435dc8c44635,400,0.8213266345423101,0.7768629032171894,0.8493691085482262,100,400,conditional_empirical_episode_percentile,10000,0,"task,model,recorded_seed,episode",unknown,unknown,retrospective_descriptive,Intervals condition on the released episode mixture and one checkpoint; historical numerical/provenance limitations remain.
verification/StackCube/all/vision_deletion_auc,vision_deletion_auc,dimensionless,all,retrospective_last,call_weighted_median,23cc8b7608d878c066b9f973ccb92fb96b03bad1dbfd29edb819435dc8c44635,23cc8b7608d878c066b9f973ccb92fb96b03bad1dbfd29edb819435dc8c44635,400,0.2075154491045625,0.16055777196711138,0.26115650365803994,100,400,conditional_empirical_episode_percentile,10000,0,"task,model,recorded_seed,episode",unknown,unknown,retrospective_descriptive,Intervals condition on the released episode mixture and one checkpoint; historical numerical/provenance limitations remain.
verification/StackCube/all/vision_dQ_k5,vision_dlogp_k5,Q_score,all,retrospective_last,call_weighted_median,23cc8b7608d878c066b9f973ccb92fb96b03bad1dbfd29edb819435dc8c44635,23cc8b7608d878c066b9f973ccb92fb96b03bad1dbfd29edb819435dc8c44635,400,-0.004666036693379283,-0.005871874047443271,-0.0040080188773572445,100,400,conditional_empirical_episode_percentile,10000,0,"task,model,recorded_seed,episode",unknown,unknown,retrospective_descriptive,Intervals condition on the released episode mixture and one checkpoint; historical numerical/provenance limitations remain.
verification/StackCube/all/lang_insertion_auc,lang_insertion_auc,dimensionless,all,retrospective_last,call_weighted_median,23cc8b7608d878c066b9f973ccb92fb96b03bad1dbfd29edb819435dc8c44635,23cc8b7608d878c066b9f973ccb92fb96b03bad1dbfd29edb819435dc8c44635,400,0.3592252110256409,0.29182181532677787,0.4315122663563125,100,400,conditional_empirical_episode_percentile,10000,0,"task,model,recorded_seed,episode",unknown,unknown,retrospective_descriptive,Intervals condition on the released episode mixture and one checkpoint; historical numerical/provenance limitations remain.
verification/StackCube/all/lang_deletion_auc,lang_deletion_auc,dimensionless,all,retrospective_last,call_weighted_median,23cc8b7608d878c066b9f973ccb92fb96b03bad1dbfd29edb819435dc8c44635,23cc8b7608d878c066b9f973ccb92fb96b03bad1dbfd29edb819435dc8c44635,400,0.47968582605787524,0.42944125445156045,0.5121640380048637,100,400,conditional_empirical_episode_percentile,10000,0,"task,model,recorded_seed,episode",unknown,unknown,retrospective_descriptive,Intervals condition on the released episode mixture and one checkpoint; historical numerical/provenance limitations remain.
verification/StackCube/all/lang_dQ_k5,lang_dlogp_k5,Q_score,all,retrospective_last,call_weighted_median,23cc8b7608d878c066b9f973ccb92fb96b03bad1dbfd29edb819435dc8c44635,23cc8b7608d878c066b9f973ccb92fb96b03bad1dbfd29edb819435dc8c44635,400,-0.001902913092635572,-0.0024922456359490752,-0.0015769598539918661,100,400,conditional_empirical_episode_percentile,10000,0,"task,model,recorded_seed,episode",unknown,unknown,retrospective_descriptive,Intervals condition on the released episode mixture and one checkpoint; historical numerical/provenance limitations remain.
verification/StackCube/norm_ge15/vision_err,vision_err,relative_error,norm_ge15,retrospective_last,call_weighted_median,a3e309952601b5bfd462ad91cb18be0dd19bc2e8b527e79c20a5db75e57cab8d,a3e309952601b5bfd462ad91cb18be0dd19bc2e8b527e79c20a5db75e57cab8d,308,0.02411844469484471,0.021765812289486285,0.026361640150807965,98,308,conditional_empirical_episode_percentile,10000,0,"task,model,recorded_seed,episode",unknown,unknown,retrospective_descriptive,Intervals condition on the released episode mixture and one checkpoint; historical numerical/provenance limitations remain.
verification/StackCube/norm_ge15/vision_gap,vision_gap,Q_score,norm_ge15,retrospective_last,call_weighted_median,a3e309952601b5bfd462ad91cb18be0dd19bc2e8b527e79c20a5db75e57cab8d,a3e309952601b5bfd462ad91cb18be0dd19bc2e8b527e79c20a5db75e57cab8d,308,0.022143175825476646,0.018484733998775482,0.02693137153983116,98,308,conditional_empirical_episode_percentile,10000,0,"task,model,recorded_seed,episode",unknown,unknown,retrospective_descriptive,Intervals condition on the released episode mixture and one checkpoint; historical numerical/provenance limitations remain.
verification/StackCube/norm_ge15/vision_pct_le3,vision_err,percent,norm_ge15,retrospective_last,call_weighted_mean,a3e309952601b5bfd462ad91cb18be0dd19bc2e8b527e79c20a5db75e57cab8d,a3e309952601b5bfd462ad91cb18be0dd19bc2e8b527e79c20a5db75e57cab8d,308,64.28571428571429,57.91139240506329,70.46979865771812,98,308,conditional_empirical_episode_percentile,10000,0,"task,model,recorded_seed,episode",unknown,unknown,retrospective_descriptive,Intervals condition on the released episode mixture and one checkpoint; historical numerical/provenance limitations remain.
verification/StackCube/norm_ge15/lang_err,lang_err,relative_error,norm_ge15,retrospective_last,call_weighted_median,a3e309952601b5bfd462ad91cb18be0dd19bc2e8b527e79c20a5db75e57cab8d,a3e309952601b5bfd462ad91cb18be0dd19bc2e8b527e79c20a5db75e57cab8d,308,0.016941419640260906,0.015551491810282491,0.019603929060372265,98,308,conditional_empirical_episode_percentile,10000,0,"task,model,recorded_seed,episode",unknown,unknown,retrospective_descriptive,Intervals condition on the released episode mixture and one checkpoint; historical numerical/provenance limitations remain.
verification/StackCube/norm_ge15/lang_gap,lang_gap,Q_score,norm_ge15,retrospective_last,call_weighted_median,a3e309952601b5bfd462ad91cb18be0dd19bc2e8b527e79c20a5db75e57cab8d,a3e309952601b5bfd462ad91cb18be0dd19bc2e8b527e79c20a5db75e57cab8d,308,0.014953716658055782,0.01151306089013815,0.0202314555644989,98,308,conditional_empirical_episode_percentile,10000,0,"task,model,recorded_seed,episode",unknown,unknown,retrospective_descriptive,Intervals condition on the released episode mixture and one checkpoint; historical numerical/provenance limitations remain.
verification/StackCube/norm_ge15/lang_pct_le3,lang_err,percent,norm_ge15,retrospective_last,call_weighted_mean,a3e309952601b5bfd462ad91cb18be0dd19bc2e8b527e79c20a5db75e57cab8d,a3e309952601b5bfd462ad91cb18be0dd19bc2e8b527e79c20a5db75e57cab8d,308,75.64935064935065,70.44004262521156,80.84415584415585,98,308,conditional_empirical_episode_percentile,10000,0,"task,model,recorded_seed,episode",unknown,unknown,retrospective_descriptive,Intervals condition on the released episode mixture and one checkpoint; historical numerical/provenance limitations remain.
verification/StackCube/norm_ge15/state_err,state_err,relative_error,norm_ge15,retrospective_last,call_weighted_median,a3e309952601b5bfd462ad91cb18be0dd19bc2e8b527e79c20a5db75e57cab8d,a3e309952601b5bfd462ad91cb18be0dd19bc2e8b527e79c20a5db75e57cab8d,308,0.09417898052127471,0.06595290193620117,0.11692647523861004,98,308,conditional_empirical_episode_percentile,10000,0,"task,model,recorded_seed,episode",unknown,unknown,retrospective_descriptive,Intervals condition on the released episode mixture and one checkpoint; historical numerical/provenance limitations remain.
verification/StackCube/norm_ge15/state_gap,state_gap,Q_score,norm_ge15,retrospective_last,call_weighted_median,a3e309952601b5bfd462ad91cb18be0dd19bc2e8b527e79c20a5db75e57cab8d,a3e309952601b5bfd462ad91cb18be0dd19bc2e8b527e79c20a5db75e57cab8d,308,0.6394040584564209,0.5923379957675934,0.6837977170944214,98,308,conditional_empirical_episode_percentile,10000,0,"task,model,recorded_seed,episode",unknown,unknown,retrospective_descriptive,Intervals condition on the released episode mixture and one checkpoint; historical numerical/provenance limitations remain.
verification/StackCube/norm_ge15/state_pct_le3,state_err,percent,norm_ge15,retrospective_last,call_weighted_mean,a3e309952601b5bfd462ad91cb18be0dd19bc2e8b527e79c20a5db75e57cab8d,a3e309952601b5bfd462ad91cb18be0dd19bc2e8b527e79c20a5db75e57cab8d,308,22.727272727272727,17.666640378548898,27.936748436748434,98,308,conditional_empirical_episode_percentile,10000,0,"task,model,recorded_seed,episode",unknown,unknown,retrospective_descriptive,Intervals condition on the released episode mixture and one checkpoint; historical numerical/provenance limitations remain.
verification/StackCube/norm_ge15/vision_insertion_auc,vision_insertion_auc,dimensionless,norm_ge15,retrospective_last,call_weighted_median,159537c2c2e9e43f7563f4c8971ffd1669db63b306f4aa40b05d0f1b32fcf054,159537c2c2e9e43f7563f4c8971ffd1669db63b306f4aa40b05d0f1b32fcf054,308,0.8557540334954741,0.8356579814361418,0.8745696635117496,98,308,conditional_empirical_episode_percentile,10000,0,"task,model,recorded_seed,episode",unknown,unknown,retrospective_descriptive,Intervals condition on the released episode mixture and one checkpoint; historical numerical/provenance limitations remain.
verification/StackCube/norm_ge15/vision_deletion_auc,vision_deletion_auc,dimensionless,norm_ge15,retrospective_last,call_weighted_median,159537c2c2e9e43f7563f4c8971ffd1669db63b306f4aa40b05d0f1b32fcf054,159537c2c2e9e43f7563f4c8971ffd1669db63b306f4aa40b05d0f1b32fcf054,308,0.33174810184996006,0.27823055625111864,0.3777612266681459,98,308,conditional_empirical_episode_percentile,10000,0,"task,model,recorded_seed,episode",unknown,unknown,retrospective_descriptive,Intervals condition on the released episode mixture and one checkpoint; historical numerical/provenance limitations remain.
verification/StackCube/norm_ge15/vision_dQ_k5,vision_dlogp_k5,Q_score,norm_ge15,retrospective_last,call_weighted_median,159537c2c2e9e43f7563f4c8971ffd1669db63b306f4aa40b05d0f1b32fcf054,159537c2c2e9e43f7563f4c8971ffd1669db63b306f4aa40b05d0f1b32fcf054,308,-0.0040112442802637815,-0.004755872301757336,-0.0028884466737508774,98,308,conditional_empirical_episode_percentile,10000,0,"task,model,recorded_seed,episode",unknown,unknown,retrospective_descriptive,Intervals condition on the released episode mixture and one checkpoint; historical numerical/provenance limitations remain.
verification/StackCube/norm_ge15/lang_insertion_auc,lang_insertion_auc,dimensionless,norm_ge15,retrospective_last,call_weighted_median,159537c2c2e9e43f7563f4c8971ffd1669db63b306f4aa40b05d0f1b32fcf054,159537c2c2e9e43f7563f4c8971ffd1669db63b306f4aa40b05d0f1b32fcf054,308,0.29858946709780587,0.2417477796756648,0.3764953299900899,98,308,conditional_empirical_episode_percentile,10000,0,"task,model,recorded_seed,episode",unknown,unknown,retrospective_descriptive,Intervals condition on the released episode mixture and one checkpoint; historical numerical/provenance limitations remain.
verification/StackCube/norm_ge15/lang_deletion_auc,lang_deletion_auc,dimensionless,norm_ge15,retrospective_last,call_weighted_median,159537c2c2e9e43f7563f4c8971ffd1669db63b306f4aa40b05d0f1b32fcf054,159537c2c2e9e43f7563f4c8971ffd1669db63b306f4aa40b05d0f1b32fcf054,308,0.5329387342561576,0.4972560133484746,0.5592144038703522,98,308,conditional_empirical_episode_percentile,10000,0,"task,model,recorded_seed,episode",unknown,unknown,retrospective_descriptive,Intervals condition on the released episode mixture and one checkpoint; historical numerical/provenance limitations remain.
verification/StackCube/norm_ge15/lang_dQ_k5,lang_dlogp_k5,Q_score,norm_ge15,retrospective_last,call_weighted_median,159537c2c2e9e43f7563f4c8971ffd1669db63b306f4aa40b05d0f1b32fcf054,159537c2c2e9e43f7563f4c8971ffd1669db63b306f4aa40b05d0f1b32fcf054,308,-0.0013358860742300749,-0.0017547874012961984,-0.0011375066824257374,98,308,conditional_empirical_episode_percentile,10000,0,"task,model,recorded_seed,episode",unknown,unknown,retrospective_descriptive,Intervals condition on the released episode mixture and one checkpoint; historical numerical/provenance limitations remain.
verification/StackCube/norm_lt15/vision_err,vision_err,relative_error,norm_lt15,retrospective_last,call_weighted_median,01f5734d6491a730f31b184848c2be77f08aa5c1a6da82207ba3234c12478e12,01f5734d6491a730f31b184848c2be77f08aa5c1a6da82207ba3234c12478e12,92,0.02255687431626826,0.019189519080406642,0.026491124119326512,66,92,conditional_empirical_episode_percentile,10000,0,"task,model,recorded_seed,episode",unknown,unknown,retrospective_descriptive,Intervals condition on the released episode mixture and one checkpoint; historical numerical/provenance limitations remain.
verification/StackCube/norm_lt15/vision_gap,vision_gap,Q_score,norm_lt15,retrospective_last,call_weighted_median,01f5734d6491a730f31b184848c2be77f08aa5c1a6da82207ba3234c12478e12,01f5734d6491a730f31b184848c2be77f08aa5c1a6da82207ba3234c12478e12,92,0.030031968839466572,0.02002484956756234,0.046433545649051666,66,92,conditional_empirical_episode_percentile,10000,0,"task,model,recorded_seed,episode",unknown,unknown,retrospective_descriptive,Intervals condition on the released episode mixture and one checkpoint; historical numerical/provenance limitations remain.
verification/StackCube/norm_lt15/vision_pct_le3,vision_err,percent,norm_lt15,retrospective_last,call_weighted_mean,01f5734d6491a730f31b184848c2be77f08aa5c1a6da82207ba3234c12478e12,01f5734d6491a730f31b184848c2be77f08aa5c1a6da82207ba3234c12478e12,92,66.30434782608695,56.043956043956044,77.01149425287356,66,92,conditional_empirical_episode_percentile,10000,0,"task,model,recorded_seed,episode",unknown,unknown,retrospective_descriptive,Intervals condition on the released episode mixture and one checkpoint; historical numerical/provenance limitations remain.
verification/StackCube/norm_lt15/lang_err,lang_err,relative_error,norm_lt15,retrospective_last,call_weighted_median,01f5734d6491a730f31b184848c2be77f08aa5c1a6da82207ba3234c12478e12,01f5734d6491a730f31b184848c2be77f08aa5c1a6da82207ba3234c12478e12,92,0.019108016967446954,0.015634740067442143,0.02580404153245181,66,92,conditional_empirical_episode_percentile,10000,0,"task,model,recorded_seed,episode",unknown,unknown,retrospective_descriptive,Intervals condition on the released episode mixture and one checkpoint; historical numerical/provenance limitations remain.
verification/StackCube/norm_lt15/lang_gap,lang_gap,Q_score,norm_lt15,retrospective_last,call_weighted_median,01f5734d6491a730f31b184848c2be77f08aa5c1a6da82207ba3234c12478e12,01f5734d6491a730f31b184848c2be77f08aa5c1a6da82207ba3234c12478e12,92,0.014859943185001612,0.012605341151356697,0.02102754544466734,66,92,conditional_empirical_episode_percentile,10000,0,"task,model,recorded_seed,episode",unknown,unknown,retrospective_descriptive,Intervals condition on the released episode mixture and one checkpoint; historical numerical/provenance limitations remain.
verification/StackCube/norm_lt15/lang_pct_le3,lang_err,percent,norm_lt15,retrospective_last,call_weighted_mean,01f5734d6491a730f31b184848c2be77f08aa5c1a6da82207ba3234c12478e12,01f5734d6491a730f31b184848c2be77f08aa5c1a6da82207ba3234c12478e12,92,71.73913043478261,61.855670103092784,80.95357142857141,66,92,conditional_empirical_episode_percentile,10000,0,"task,model,recorded_seed,episode",unknown,unknown,retrospective_descriptive,Intervals condition on the released episode mixture and one checkpoint; historical numerical/provenance limitations remain.
verification/StackCube/norm_lt15/state_err,state_err,relative_error,norm_lt15,retrospective_last,call_weighted_median,01f5734d6491a730f31b184848c2be77f08aa5c1a6da82207ba3234c12478e12,01f5734d6491a730f31b184848c2be77f08aa5c1a6da82207ba3234c12478e12,92,0.23321889799342316,0.1041534717700297,0.34643513738858395,66,92,conditional_empirical_episode_percentile,10000,0,"task,model,recorded_seed,episode",unknown,unknown,retrospective_descriptive,Intervals condition on the released episode mixture and one checkpoint; historical numerical/provenance limitations remain.
verification/StackCube/norm_lt15/state_gap,state_gap,Q_score,norm_lt15,retrospective_last,call_weighted_median,01f5734d6491a730f31b184848c2be77f08aa5c1a6da82207ba3234c12478e12,01f5734d6491a730f31b184848c2be77f08aa5c1a6da82207ba3234c12478e12,92,0.07173649966716766,0.05650506913661957,0.1060035228729248,66,92,conditional_empirical_episode_percentile,10000,0,"task,model,recorded_seed,episode",unknown,unknown,retrospective_descriptive,Intervals condition on the released episode mixture and one checkpoint; historical numerical/provenance limitations remain.
verification/StackCube/norm_lt15/state_pct_le3,state_err,percent,norm_lt15,retrospective_last,call_weighted_mean,01f5734d6491a730f31b184848c2be77f08aa5c1a6da82207ba3234c12478e12,01f5734d6491a730f31b184848c2be77f08aa5c1a6da82207ba3234c12478e12,92,15.217391304347826,8.045977011494253,23.076923076923077,66,92,conditional_empirical_episode_percentile,10000,0,"task,model,recorded_seed,episode",unknown,unknown,retrospective_descriptive,Intervals condition on the released episode mixture and one checkpoint; historical numerical/provenance limitations remain.
verification/StackCube/norm_lt15/vision_insertion_auc,vision_insertion_auc,dimensionless,norm_lt15,retrospective_last,call_weighted_median,6ebb7e0aea2723770ce98f25145cc891ccd7651fbeec5f0b87312c4bd0357cf3,6ebb7e0aea2723770ce98f25145cc891ccd7651fbeec5f0b87312c4bd0357cf3,92,0.035622475695486544,-0.4808223747366599,0.262452119526457,66,92,conditional_empirical_episode_percentile,10000,0,"task,model,recorded_seed,episode",unknown,unknown,retrospective_descriptive,Intervals condition on the released episode mixture and one checkpoint; historical numerical/provenance limitations remain.
verification/StackCube/norm_lt15/vision_deletion_auc,vision_deletion_auc,dimensionless,norm_lt15,retrospective_last,call_weighted_median,6ebb7e0aea2723770ce98f25145cc891ccd7651fbeec5f0b87312c4bd0357cf3,6ebb7e0aea2723770ce98f25145cc891ccd7651fbeec5f0b87312c4bd0357cf3,92,0.01734043722457308,-0.004830568484647418,0.02571226033260781,66,92,conditional_empirical_episode_percentile,10000,0,"task,model,recorded_seed,episode",unknown,unknown,retrospective_descriptive,Intervals condition on the released episode mixture and one checkpoint; historical numerical/provenance limitations remain.
verification/StackCube/norm_lt15/vision_dQ_k5,vision_dlogp_k5,Q_score,norm_lt15,retrospective_last,call_weighted_median,6ebb7e0aea2723770ce98f25145cc891ccd7651fbeec5f0b87312c4bd0357cf3,6ebb7e0aea2723770ce98f25145cc891ccd7651fbeec5f0b87312c4bd0357cf3,92,-0.013106120750308037,-0.01778312958776951,-0.007508507464081049,66,92,conditional_empirical_episode_percentile,10000,0,"task,model,recorded_seed,episode",unknown,unknown,retrospective_descriptive,Intervals condition on the released episode mixture and one checkpoint; historical numerical/provenance limitations remain.
verification/StackCube/norm_lt15/lang_insertion_auc,lang_insertion_auc,dimensionless,norm_lt15,retrospective_last,call_weighted_median,6ebb7e0aea2723770ce98f25145cc891ccd7651fbeec5f0b87312c4bd0357cf3,6ebb7e0aea2723770ce98f25145cc891ccd7651fbeec5f0b87312c4bd0357cf3,92,0.5410368248118205,0.4465042087632555,0.5928761480640026,66,92,conditional_empirical_episode_percentile,10000,0,"task,model,recorded_seed,episode",unknown,unknown,retrospective_descriptive,Intervals condition on the released episode mixture and one checkpoint; historical numerical/provenance limitations remain.
verification/StackCube/norm_lt15/lang_deletion_auc,lang_deletion_auc,dimensionless,norm_lt15,retrospective_last,call_weighted_median,6ebb7e0aea2723770ce98f25145cc891ccd7651fbeec5f0b87312c4bd0357cf3,6ebb7e0aea2723770ce98f25145cc891ccd7651fbeec5f0b87312c4bd0357cf3,92,-0.15861336006660468,-0.368565464570568,0.24302096999346984,66,92,conditional_empirical_episode_percentile,10000,0,"task,model,recorded_seed,episode",unknown,unknown,retrospective_descriptive,Intervals condition on the released episode mixture and one checkpoint; historical numerical/provenance limitations remain.
verification/StackCube/norm_lt15/lang_dQ_k5,lang_dlogp_k5,Q_score,norm_lt15,retrospective_last,call_weighted_median,6ebb7e0aea2723770ce98f25145cc891ccd7651fbeec5f0b87312c4bd0357cf3,6ebb7e0aea2723770ce98f25145cc891ccd7651fbeec5f0b87312c4bd0357cf3,92,-0.004838869208469987,-0.011145653203129768,-0.003928362857550383,66,92,conditional_empirical_episode_percentile,10000,0,"task,model,recorded_seed,episode",unknown,unknown,retrospective_descriptive,Intervals condition on the released episode mixture and one checkpoint; historical numerical/provenance limitations remain.
verification/StackCube/C1/spearman_vision,spearman_vision,Spearman_rho,all,retrospective_last,call_weighted_median,4768a03031275178dd86dbf2c85214ca5c373af0afc3c52204fc17674bbed7e0,4768a03031275178dd86dbf2c85214ca5c373af0afc3c52204fc17674bbed7e0,100,0.9577067213823124,0.9522741322797257,0.9648260545970248,26,100,conditional_empirical_episode_percentile,10000,0,"task,model,recorded_seed,episode",unknown,unknown,retrospective_descriptive,Input-shuffle sensitivity is not a guarantee of learned-model grounding; m16 versus original m64 is a confound.
verification/StackCube/C1/spearman_language,spearman_language,Spearman_rho,all,retrospective_last,call_weighted_median,4768a03031275178dd86dbf2c85214ca5c373af0afc3c52204fc17674bbed7e0,4768a03031275178dd86dbf2c85214ca5c373af0afc3c52204fc17674bbed7e0,100,0.9651796512269728,0.9603293755446507,0.9687395765807905,26,100,conditional_empirical_episode_percentile,10000,0,"task,model,recorded_seed,episode",unknown,unknown,retrospective_descriptive,Input-shuffle sensitivity is not a guarantee of learned-model grounding; m16 versus original m64 is a confound.
verification/StackCube/C1/spearman_state,spearman_state,Spearman_rho,all,retrospective_last,call_weighted_median,4768a03031275178dd86dbf2c85214ca5c373af0afc3c52204fc17674bbed7e0,4768a03031275178dd86dbf2c85214ca5c373af0afc3c52204fc17674bbed7e0,100,0.6785714285714287,0.5952380952380953,0.7619047619047621,26,100,conditional_empirical_episode_percentile,10000,0,"task,model,recorded_seed,episode",unknown,unknown,retrospective_descriptive,Input-shuffle sensitivity is not a guarantee of learned-model grounding; m16 versus original m64 is a confound.
verification/StackCube/C2/spearman_vision,spearman_vision,Spearman_rho,all,retrospective_last,call_weighted_median,1cc3f97248b2cfdcc2387d878bbccb89478d6cef1d310ba9c1dacce9187332f5,1cc3f97248b2cfdcc2387d878bbccb89478d6cef1d310ba9c1dacce9187332f5,100,0.1396296389314387,0.11739404316711631,0.153838875747746,26,100,conditional_empirical_episode_percentile,10000,0,"task,model,recorded_seed,episode",unknown,unknown,retrospective_descriptive,Input-shuffle sensitivity is not a guarantee of learned-model grounding; m16 versus original m64 is a confound.
verification/StackCube/C2/spearman_language,spearman_language,Spearman_rho,all,retrospective_last,call_weighted_median,1cc3f97248b2cfdcc2387d878bbccb89478d6cef1d310ba9c1dacce9187332f5,1cc3f97248b2cfdcc2387d878bbccb89478d6cef1d310ba9c1dacce9187332f5,100,0.26570244032423207,0.24610591900311535,0.2793323903677756,26,100,conditional_empirical_episode_percentile,10000,0,"task,model,recorded_seed,episode",unknown,unknown,retrospective_descriptive,Input-shuffle sensitivity is not a guarantee of learned-model grounding; m16 versus original m64 is a confound.
verification/StackCube/C2/spearman_state,spearman_state,Spearman_rho,all,retrospective_last,call_weighted_median,1cc3f97248b2cfdcc2387d878bbccb89478d6cef1d310ba9c1dacce9187332f5,1cc3f97248b2cfdcc2387d878bbccb89478d6cef1d310ba9c1dacce9187332f5,100,0.7380952380952381,0.7142857142857144,0.7857142857142858,26,100,conditional_empirical_episode_percentile,10000,0,"task,model,recorded_seed,episode",unknown,unknown,retrospective_descriptive,Input-shuffle sensitivity is not a guarantee of learned-model grounding; m16 versus original m64 is a confound.
verification/PickSingleYCB/all/vision_err,vision_err,relative_error,all,retrospective_last,call_weighted_median,a084dabcb5633cc5d75c137ee63f22d933858eb2b5721af3f96b79b4bed18c84,a084dabcb5633cc5d75c137ee63f22d933858eb2b5721af3f96b79b4bed18c84,397,0.018488151539784736,0.017105455627702888,0.020578893453194358,100,397,conditional_empirical_episode_percentile,10000,0,"task,model,recorded_seed,episode",unknown,unknown,retrospective_descriptive,Intervals condition on the released episode mixture and one checkpoint; historical numerical/provenance limitations remain.
verification/PickSingleYCB/all/vision_gap,vision_gap,Q_score,all,retrospective_last,call_weighted_median,a084dabcb5633cc5d75c137ee63f22d933858eb2b5721af3f96b79b4bed18c84,a084dabcb5633cc5d75c137ee63f22d933858eb2b5721af3f96b79b4bed18c84,397,0.012960933148860931,0.01098658051341772,0.016039323061704636,100,397,conditional_empirical_episode_percentile,10000,0,"task,model,recorded_seed,episode",unknown,unknown,retrospective_descriptive,Intervals condition on the released episode mixture and one checkpoint; historical numerical/provenance limitations remain.
verification/PickSingleYCB/all/vision_pct_le3,vision_err,percent,all,retrospective_last,call_weighted_mean,a084dabcb5633cc5d75c137ee63f22d933858eb2b5721af3f96b79b4bed18c84,a084dabcb5633cc5d75c137ee63f22d933858eb2b5721af3f96b79b4bed18c84,397,74.05541561712846,69.75,78.42639593908629,100,397,conditional_empirical_episode_percentile,10000,0,"task,model,recorded_seed,episode",unknown,unknown,retrospective_descriptive,Intervals condition on the released episode mixture and one checkpoint; historical numerical/provenance limitations remain.
verification/PickSingleYCB/all/lang_err,lang_err,relative_error,all,retrospective_last,call_weighted_median,a084dabcb5633cc5d75c137ee63f22d933858eb2b5721af3f96b79b4bed18c84,a084dabcb5633cc5d75c137ee63f22d933858eb2b5721af3f96b79b4bed18c84,397,0.02017036210705287,0.017931037502918346,0.021764452865528215,100,397,conditional_empirical_episode_percentile,10000,0,"task,model,recorded_seed,episode",unknown,unknown,retrospective_descriptive,Intervals condition on the released episode mixture and one checkpoint; historical numerical/provenance limitations remain.
verification/PickSingleYCB/all/lang_gap,lang_gap,Q_score,all,retrospective_last,call_weighted_median,a084dabcb5633cc5d75c137ee63f22d933858eb2b5721af3f96b79b4bed18c84,a084dabcb5633cc5d75c137ee63f22d933858eb2b5721af3f96b79b4bed18c84,397,0.007503380533307791,0.0063626691699028015,0.008980685379356146,100,397,conditional_empirical_episode_percentile,10000,0,"task,model,recorded_seed,episode",unknown,unknown,retrospective_descriptive,Intervals condition on the released episode mixture and one checkpoint; historical numerical/provenance limitations remain.
verification/PickSingleYCB/all/lang_pct_le3,lang_err,percent,all,retrospective_last,call_weighted_mean,a084dabcb5633cc5d75c137ee63f22d933858eb2b5721af3f96b79b4bed18c84,a084dabcb5633cc5d75c137ee63f22d933858eb2b5721af3f96b79b4bed18c84,397,70.02518891687657,65.5,74.25,100,397,conditional_empirical_episode_percentile,10000,0,"task,model,recorded_seed,episode",unknown,unknown,retrospective_descriptive,Intervals condition on the released episode mixture and one checkpoint; historical numerical/provenance limitations remain.
verification/PickSingleYCB/all/state_err,state_err,relative_error,all,retrospective_last,call_weighted_median,a084dabcb5633cc5d75c137ee63f22d933858eb2b5721af3f96b79b4bed18c84,a084dabcb5633cc5d75c137ee63f22d933858eb2b5721af3f96b79b4bed18c84,397,0.04259155477846231,0.03504736383772822,0.05616252546421256,100,397,conditional_empirical_episode_percentile,10000,0,"task,model,recorded_seed,episode",unknown,unknown,retrospective_descriptive,Intervals condition on the released episode mixture and one checkpoint; historical numerical/provenance limitations remain.
verification/PickSingleYCB/all/state_gap,state_gap,Q_score,all,retrospective_last,call_weighted_median,a084dabcb5633cc5d75c137ee63f22d933858eb2b5721af3f96b79b4bed18c84,a084dabcb5633cc5d75c137ee63f22d933858eb2b5721af3f96b79b4bed18c84,397,0.6707896590232849,0.6246888935565948,0.7039746642112732,100,397,conditional_empirical_episode_percentile,10000,0,"task,model,recorded_seed,episode",unknown,unknown,retrospective_descriptive,Intervals condition on the released episode mixture and one checkpoint; historical numerical/provenance limitations remain.
verification/PickSingleYCB/all/state_pct_le3,state_err,percent,all,retrospective_last,call_weighted_mean,a084dabcb5633cc5d75c137ee63f22d933858eb2b5721af3f96b79b4bed18c84,a084dabcb5633cc5d75c137ee63f22d933858eb2b5721af3f96b79b4bed18c84,397,38.0352644836272,32.49370277078086,43.576826196473554,100,397,conditional_empirical_episode_percentile,10000,0,"task,model,recorded_seed,episode",unknown,unknown,retrospective_descriptive,Intervals condition on the released episode mixture and one checkpoint; historical numerical/provenance limitations remain.
verification/PickSingleYCB/all/vision_insertion_auc,vision_insertion_auc,dimensionless,all,retrospective_last,call_weighted_median,92293500711eca67a2e0b1fef5d3303915df6b30625defb9ef5107838683dc53,92293500711eca67a2e0b1fef5d3303915df6b30625defb9ef5107838683dc53,397,0.843636982453065,0.8082618750420849,0.8625740061810421,100,397,conditional_empirical_episode_percentile,10000,0,"task,model,recorded_seed,episode",unknown,unknown,retrospective_descriptive,Intervals condition on the released episode mixture and one checkpoint; historical numerical/provenance limitations remain.
verification/PickSingleYCB/all/vision_deletion_auc,vision_deletion_auc,dimensionless,all,retrospective_last,call_weighted_median,92293500711eca67a2e0b1fef5d3303915df6b30625defb9ef5107838683dc53,92293500711eca67a2e0b1fef5d3303915df6b30625defb9ef5107838683dc53,397,0.3365155188106979,0.29619262290288106,0.37194710117401647,100,397,conditional_empirical_episode_percentile,10000,0,"task,model,recorded_seed,episode",unknown,unknown,retrospective_descriptive,Intervals condition on the released episode mixture and one checkpoint; historical numerical/provenance limitations remain.
verification/PickSingleYCB/all/vision_dQ_k5,vision_dlogp_k5,Q_score,all,retrospective_last,call_weighted_median,92293500711eca67a2e0b1fef5d3303915df6b30625defb9ef5107838683dc53,92293500711eca67a2e0b1fef5d3303915df6b30625defb9ef5107838683dc53,397,-0.0016586545389145613,-0.002171933650970459,-0.0012975087156519294,100,397,conditional_empirical_episode_percentile,10000,0,"task,model,recorded_seed,episode",unknown,unknown,retrospective_descriptive,Intervals condition on the released episode mixture and one checkpoint; historical numerical/provenance limitations remain.
verification/PickSingleYCB/all/lang_insertion_auc,lang_insertion_auc,dimensionless,all,retrospective_last,call_weighted_median,92293500711eca67a2e0b1fef5d3303915df6b30625defb9ef5107838683dc53,92293500711eca67a2e0b1fef5d3303915df6b30625defb9ef5107838683dc53,397,0.33475573750834353,0.22669339466739602,0.40945694478892175,100,397,conditional_empirical_episode_percentile,10000,0,"task,model,recorded_seed,episode",unknown,unknown,retrospective_descriptive,Intervals condition on the released episode mixture and one checkpoint; historical numerical/provenance limitations remain.
verification/PickSingleYCB/all/lang_deletion_auc,lang_deletion_auc,dimensionless,all,retrospective_last,call_weighted_median,92293500711eca67a2e0b1fef5d3303915df6b30625defb9ef5107838683dc53,92293500711eca67a2e0b1fef5d3303915df6b30625defb9ef5107838683dc53,397,0.4712655128577672,0.43767326395853046,0.4997795980738737,100,397,conditional_empirical_episode_percentile,10000,0,"task,model,recorded_seed,episode",unknown,unknown,retrospective_descriptive,Intervals condition on the released episode mixture and one checkpoint; historical numerical/provenance limitations remain.
verification/PickSingleYCB/all/lang_dQ_k5,lang_dlogp_k5,Q_score,all,retrospective_last,call_weighted_median,92293500711eca67a2e0b1fef5d3303915df6b30625defb9ef5107838683dc53,92293500711eca67a2e0b1fef5d3303915df6b30625defb9ef5107838683dc53,397,-0.0003086506621912122,-0.0003659055510070175,-0.0002537556429160759,100,397,conditional_empirical_episode_percentile,10000,0,"task,model,recorded_seed,episode",unknown,unknown,retrospective_descriptive,Intervals condition on the released episode mixture and one checkpoint; historical numerical/provenance limitations remain.
verification/PickSingleYCB/norm_ge15/vision_err,vision_err,relative_error,norm_ge15,retrospective_last,call_weighted_median,256ceafebeebfeca71112cac06d2da8937755db1eda3a23b8a0224bca1e362f4,256ceafebeebfeca71112cac06d2da8937755db1eda3a23b8a0224bca1e362f4,347,0.018488151539784736,0.016990706480575976,0.02049399888167485,100,347,conditional_empirical_episode_percentile,10000,0,"task,model,recorded_seed,episode",unknown,unknown,retrospective_descriptive,Intervals condition on the released episode mixture and one checkpoint; historical numerical/provenance limitations remain.
verification/PickSingleYCB/norm_ge15/vision_gap,vision_gap,Q_score,norm_ge15,retrospective_last,call_weighted_median,256ceafebeebfeca71112cac06d2da8937755db1eda3a23b8a0224bca1e362f4,256ceafebeebfeca71112cac06d2da8937755db1eda3a23b8a0224bca1e362f4,347,0.01122635044157505,0.008990801870822906,0.01370617002248764,100,347,conditional_empirical_episode_percentile,10000,0,"task,model,recorded_seed,episode",unknown,unknown,retrospective_descriptive,Intervals condition on the released episode mixture and one checkpoint; historical numerical/provenance limitations remain.
verification/PickSingleYCB/norm_ge15/vision_pct_le3,vision_err,percent,norm_ge15,retrospective_last,call_weighted_mean,256ceafebeebfeca71112cac06d2da8937755db1eda3a23b8a0224bca1e362f4,256ceafebeebfeca71112cac06d2da8937755db1eda3a23b8a0224bca1e362f4,347,74.63976945244957,70.22411545024308,79.08309455587393,100,347,conditional_empirical_episode_percentile,10000,0,"task,model,recorded_seed,episode",unknown,unknown,retrospective_descriptive,Intervals condition on the released episode mixture and one checkpoint; historical numerical/provenance limitations remain.
verification/PickSingleYCB/norm_ge15/lang_err,lang_err,relative_error,norm_ge15,retrospective_last,call_weighted_median,256ceafebeebfeca71112cac06d2da8937755db1eda3a23b8a0224bca1e362f4,256ceafebeebfeca71112cac06d2da8937755db1eda3a23b8a0224bca1e362f4,347,0.019368774835111107,0.01644837432708178,0.021143067821486023,100,347,conditional_empirical_episode_percentile,10000,0,"task,model,recorded_seed,episode",unknown,unknown,retrospective_descriptive,Intervals condition on the released episode mixture and one checkpoint; historical numerical/provenance limitations remain.
verification/PickSingleYCB/norm_ge15/lang_gap,lang_gap,Q_score,norm_ge15,retrospective_last,call_weighted_median,256ceafebeebfeca71112cac06d2da8937755db1eda3a23b8a0224bca1e362f4,256ceafebeebfeca71112cac06d2da8937755db1eda3a23b8a0224bca1e362f4,347,0.006383086554706097,0.005157579202204943,0.007625947706401348,100,347,conditional_empirical_episode_percentile,10000,0,"task,model,recorded_seed,episode",unknown,unknown,retrospective_descriptive,Intervals condition on the released episode mixture and one checkpoint; historical numerical/provenance limitations remain.
verification/PickSingleYCB/norm_ge15/lang_pct_le3,lang_err,percent,norm_ge15,retrospective_last,call_weighted_mean,256ceafebeebfeca71112cac06d2da8937755db1eda3a23b8a0224bca1e362f4,256ceafebeebfeca71112cac06d2da8937755db1eda3a23b8a0224bca1e362f4,347,73.48703170028818,68.75,78.10650887573965,100,347,conditional_empirical_episode_percentile,10000,0,"task,model,recorded_seed,episode",unknown,unknown,retrospective_descriptive,Intervals condition on the released episode mixture and one checkpoint; historical numerical/provenance limitations remain.
verification/PickSingleYCB/norm_ge15/state_err,state_err,relative_error,norm_ge15,retrospective_last,call_weighted_median,256ceafebeebfeca71112cac06d2da8937755db1eda3a23b8a0224bca1e362f4,256ceafebeebfeca71112cac06d2da8937755db1eda3a23b8a0224bca1e362f4,347,0.041706213281831564,0.03304757537470924,0.05491340436061415,100,347,conditional_empirical_episode_percentile,10000,0,"task,model,recorded_seed,episode",unknown,unknown,retrospective_descriptive,Intervals condition on the released episode mixture and one checkpoint; historical numerical/provenance limitations remain.
verification/PickSingleYCB/norm_ge15/state_gap,state_gap,Q_score,norm_ge15,retrospective_last,call_weighted_median,256ceafebeebfeca71112cac06d2da8937755db1eda3a23b8a0224bca1e362f4,256ceafebeebfeca71112cac06d2da8937755db1eda3a23b8a0224bca1e362f4,347,0.7171038389205933,0.6792269945144653,0.776946485042572,100,347,conditional_empirical_episode_percentile,10000,0,"task,model,recorded_seed,episode",unknown,unknown,retrospective_descriptive,Intervals condition on the released episode mixture and one checkpoint; historical numerical/provenance limitations remain.
verification/PickSingleYCB/norm_ge15/state_pct_le3,state_err,percent,norm_ge15,retrospective_last,call_weighted_mean,256ceafebeebfeca71112cac06d2da8937755db1eda3a23b8a0224bca1e362f4,256ceafebeebfeca71112cac06d2da8937755db1eda3a23b8a0224bca1e362f4,347,38.328530259366,32.45614035087719,44.31486880466473,100,347,conditional_empirical_episode_percentile,10000,0,"task,model,recorded_seed,episode",unknown,unknown,retrospective_descriptive,Intervals condition on the released episode mixture and one checkpoint; historical numerical/provenance limitations remain.
verification/PickSingleYCB/norm_ge15/vision_insertion_auc,vision_insertion_auc,dimensionless,norm_ge15,retrospective_last,call_weighted_median,96d76d04309fe2139d7938c749a1b873088f8909979160a64c735e07663c4efe,96d76d04309fe2139d7938c749a1b873088f8909979160a64c735e07663c4efe,347,0.8557094878893163,0.8364495306471403,0.877481812780202,100,347,conditional_empirical_episode_percentile,10000,0,"task,model,recorded_seed,episode",unknown,unknown,retrospective_descriptive,Intervals condition on the released episode mixture and one checkpoint; historical numerical/provenance limitations remain.
verification/PickSingleYCB/norm_ge15/vision_deletion_auc,vision_deletion_auc,dimensionless,norm_ge15,retrospective_last,call_weighted_median,96d76d04309fe2139d7938c749a1b873088f8909979160a64c735e07663c4efe,96d76d04309fe2139d7938c749a1b873088f8909979160a64c735e07663c4efe,347,0.3624558113639572,0.3275774839568347,0.4062944733825386,100,347,conditional_empirical_episode_percentile,10000,0,"task,model,recorded_seed,episode",unknown,unknown,retrospective_descriptive,Intervals condition on the released episode mixture and one checkpoint; historical numerical/provenance limitations remain.
verification/PickSingleYCB/norm_ge15/vision_dQ_k5,vision_dlogp_k5,Q_score,norm_ge15,retrospective_last,call_weighted_median,96d76d04309fe2139d7938c749a1b873088f8909979160a64c735e07663c4efe,96d76d04309fe2139d7938c749a1b873088f8909979160a64c735e07663c4efe,347,-0.001240644953213632,-0.0016437247395515442,-0.0008942861168179661,100,347,conditional_empirical_episode_percentile,10000,0,"task,model,recorded_seed,episode",unknown,unknown,retrospective_descriptive,Intervals condition on the released episode mixture and one checkpoint; historical numerical/provenance limitations remain.
verification/PickSingleYCB/norm_ge15/lang_insertion_auc,lang_insertion_auc,dimensionless,norm_ge15,retrospective_last,call_weighted_median,96d76d04309fe2139d7938c749a1b873088f8909979160a64c735e07663c4efe,96d76d04309fe2139d7938c749a1b873088f8909979160a64c735e07663c4efe,347,0.3357151723589485,0.22669339466739602,0.4145736712700997,100,347,conditional_empirical_episode_percentile,10000,0,"task,model,recorded_seed,episode",unknown,unknown,retrospective_descriptive,Intervals condition on the released episode mixture and one checkpoint; historical numerical/provenance limitations remain.
verification/PickSingleYCB/norm_ge15/lang_deletion_auc,lang_deletion_auc,dimensionless,norm_ge15,retrospective_last,call_weighted_median,96d76d04309fe2139d7938c749a1b873088f8909979160a64c735e07663c4efe,96d76d04309fe2139d7938c749a1b873088f8909979160a64c735e07663c4efe,347,0.4750404007778868,0.4418036420244811,0.5044987645031156,100,347,conditional_empirical_episode_percentile,10000,0,"task,model,recorded_seed,episode",unknown,unknown,retrospective_descriptive,Intervals condition on the released episode mixture and one checkpoint; historical numerical/provenance limitations remain.
verification/PickSingleYCB/norm_ge15/lang_dQ_k5,lang_dlogp_k5,Q_score,norm_ge15,retrospective_last,call_weighted_median,96d76d04309fe2139d7938c749a1b873088f8909979160a64c735e07663c4efe,96d76d04309fe2139d7938c749a1b873088f8909979160a64c735e07663c4efe,347,-0.0002856954815797508,-0.0003326450823806226,-0.00022325076861307025,100,347,conditional_empirical_episode_percentile,10000,0,"task,model,recorded_seed,episode",unknown,unknown,retrospective_descriptive,Intervals condition on the released episode mixture and one checkpoint; historical numerical/provenance limitations remain.
verification/PickSingleYCB/norm_lt15/vision_err,vision_err,relative_error,norm_lt15,retrospective_last,call_weighted_median,df21bd5e97b37fece73b0f762f64b8c34bac58638cee587feee33629914b1a15,df21bd5e97b37fece73b0f762f64b8c34bac58638cee587feee33629914b1a15,50,0.01968517099456383,0.013176263876702173,0.02731840180349668,46,50,conditional_empirical_episode_percentile,10000,0,"task,model,recorded_seed,episode",unknown,unknown,retrospective_descriptive,Intervals condition on the released episode mixture and one checkpoint; historical numerical/provenance limitations remain.
verification/PickSingleYCB/norm_lt15/vision_gap,vision_gap,Q_score,norm_lt15,retrospective_last,call_weighted_median,df21bd5e97b37fece73b0f762f64b8c34bac58638cee587feee33629914b1a15,df21bd5e97b37fece73b0f762f64b8c34bac58638cee587feee33629914b1a15,50,0.0276876799762249,0.018565339967608452,0.04170677065849304,46,50,conditional_empirical_episode_percentile,10000,0,"task,model,recorded_seed,episode",unknown,unknown,retrospective_descriptive,Intervals condition on the released episode mixture and one checkpoint; historical numerical/provenance limitations remain.
verification/PickSingleYCB/norm_lt15/vision_pct_le3,vision_err,percent,norm_lt15,retrospective_last,call_weighted_mean,df21bd5e97b37fece73b0f762f64b8c34bac58638cee587feee33629914b1a15,df21bd5e97b37fece73b0f762f64b8c34bac58638cee587feee33629914b1a15,50,70.0,57.9923076923077,81.63265306122449,46,50,conditional_empirical_episode_percentile,10000,0,"task,model,recorded_seed,episode",unknown,unknown,retrospective_descriptive,Intervals condition on the released episode mixture and one checkpoint; historical numerical/provenance limitations remain.
verification/PickSingleYCB/norm_lt15/lang_err,lang_err,relative_error,norm_lt15,retrospective_last,call_weighted_median,df21bd5e97b37fece73b0f762f64b8c34bac58638cee587feee33629914b1a15,df21bd5e97b37fece73b0f762f64b8c34bac58638cee587feee33629914b1a15,50,0.034005663029266525,0.02231143217122503,0.06245508056497959,46,50,conditional_empirical_episode_percentile,10000,0,"task,model,recorded_seed,episode",unknown,unknown,retrospective_descriptive,Intervals condition on the released episode mixture and one checkpoint; historical numerical/provenance limitations remain.
verification/PickSingleYCB/norm_lt15/lang_gap,lang_gap,Q_score,norm_lt15,retrospective_last,call_weighted_median,df21bd5e97b37fece73b0f762f64b8c34bac58638cee587feee33629914b1a15,df21bd5e97b37fece73b0f762f64b8c34bac58638cee587feee33629914b1a15,50,0.05071229487657547,0.03593577817082405,0.09554821997880936,46,50,conditional_empirical_episode_percentile,10000,0,"task,model,recorded_seed,episode",unknown,unknown,retrospective_descriptive,Intervals condition on the released episode mixture and one checkpoint; historical numerical/provenance limitations remain.
verification/PickSingleYCB/norm_lt15/lang_pct_le3,lang_err,percent,norm_lt15,retrospective_last,call_weighted_mean,df21bd5e97b37fece73b0f762f64b8c34bac58638cee587feee33629914b1a15,df21bd5e97b37fece73b0f762f64b8c34bac58638cee587feee33629914b1a15,50,46.0,33.333333333333336,59.183673469387756,46,50,conditional_empirical_episode_percentile,10000,0,"task,model,recorded_seed,episode",unknown,unknown,retrospective_descriptive,Intervals condition on the released episode mixture and one checkpoint; historical numerical/provenance limitations remain.
verification/PickSingleYCB/norm_lt15/state_err,state_err,relative_error,norm_lt15,retrospective_last,call_weighted_median,df21bd5e97b37fece73b0f762f64b8c34bac58638cee587feee33629914b1a15,df21bd5e97b37fece73b0f762f64b8c34bac58638cee587feee33629914b1a15,50,0.058457381303774536,0.03419900020502664,0.09506445460777614,46,50,conditional_empirical_episode_percentile,10000,0,"task,model,recorded_seed,episode",unknown,unknown,retrospective_descriptive,Intervals condition on the released episode mixture and one checkpoint; historical numerical/provenance limitations remain.
verification/PickSingleYCB/norm_lt15/state_gap,state_gap,Q_score,norm_lt15,retrospective_last,call_weighted_median,df21bd5e97b37fece73b0f762f64b8c34bac58638cee587feee33629914b1a15,df21bd5e97b37fece73b0f762f64b8c34bac58638cee587feee33629914b1a15,50,0.08977718651294708,0.059711504727602005,0.11201222240924835,46,50,conditional_empirical_episode_percentile,10000,0,"task,model,recorded_seed,episode",unknown,unknown,retrospective_descriptive,Intervals condition on the released episode mixture and one checkpoint; historical numerical/provenance limitations remain.
verification/PickSingleYCB/norm_lt15/state_pct_le3,state_err,percent,norm_lt15,retrospective_last,call_weighted_mean,df21bd5e97b37fece73b0f762f64b8c34bac58638cee587feee33629914b1a15,df21bd5e97b37fece73b0f762f64b8c34bac58638cee587feee33629914b1a15,50,36.0,23.076923076923077,50.0,46,50,conditional_empirical_episode_percentile,10000,0,"task,model,recorded_seed,episode",unknown,unknown,retrospective_descriptive,Intervals condition on the released episode mixture and one checkpoint; historical numerical/provenance limitations remain.
verification/PickSingleYCB/norm_lt15/vision_insertion_auc,vision_insertion_auc,dimensionless,norm_lt15,retrospective_last,call_weighted_median,5c9b59f5c7c92868afde07b5270505c55844d686c4ed769c35ed4b877823569a,5c9b59f5c7c92868afde07b5270505c55844d686c4ed769c35ed4b877823569a,50,-0.892428446043649,-2.9063479394440552,0.2191103884888164,46,50,conditional_empirical_episode_percentile,10000,0,"task,model,recorded_seed,episode",unknown,unknown,retrospective_descriptive,Intervals condition on the released episode mixture and one checkpoint; historical numerical/provenance limitations remain.
verification/PickSingleYCB/norm_lt15/vision_deletion_auc,vision_deletion_auc,dimensionless,norm_lt15,retrospective_last,call_weighted_median,5c9b59f5c7c92868afde07b5270505c55844d686c4ed769c35ed4b877823569a,5c9b59f5c7c92868afde07b5270505c55844d686c4ed769c35ed4b877823569a,50,0.14470021844606504,0.027873180467160405,0.23670179867591432,46,50,conditional_empirical_episode_percentile,10000,0,"task,model,recorded_seed,episode",unknown,unknown,retrospective_descriptive,Intervals condition on the released episode mixture and one checkpoint; historical numerical/provenance limitations remain.
verification/PickSingleYCB/norm_lt15/vision_dQ_k5,vision_dlogp_k5,Q_score,norm_lt15,retrospective_last,call_weighted_median,5c9b59f5c7c92868afde07b5270505c55844d686c4ed769c35ed4b877823569a,5c9b59f5c7c92868afde07b5270505c55844d686c4ed769c35ed4b877823569a,50,-0.012517067138105631,-0.01937992312014103,-0.008401863742619753,46,50,conditional_empirical_episode_percentile,10000,0,"task,model,recorded_seed,episode",unknown,unknown,retrospective_descriptive,Intervals condition on the released episode mixture and one checkpoint; historical numerical/provenance limitations remain.
verification/PickSingleYCB/norm_lt15/lang_insertion_auc,lang_insertion_auc,dimensionless,norm_lt15,retrospective_last,call_weighted_median,5c9b59f5c7c92868afde07b5270505c55844d686c4ed769c35ed4b877823569a,5c9b59f5c7c92868afde07b5270505c55844d686c4ed769c35ed4b877823569a,50,0.2584016054724729,0.012083985182382073,0.5047031069123249,46,50,conditional_empirical_episode_percentile,10000,0,"task,model,recorded_seed,episode",unknown,unknown,retrospective_descriptive,Intervals condition on the released episode mixture and one checkpoint; historical numerical/provenance limitations remain.
verification/PickSingleYCB/norm_lt15/lang_deletion_auc,lang_deletion_auc,dimensionless,norm_lt15,retrospective_last,call_weighted_median,5c9b59f5c7c92868afde07b5270505c55844d686c4ed769c35ed4b877823569a,5c9b59f5c7c92868afde07b5270505c55844d686c4ed769c35ed4b877823569a,50,0.4504380673186223,0.24244910351854368,0.5859566669047404,46,50,conditional_empirical_episode_percentile,10000,0,"task,model,recorded_seed,episode",unknown,unknown,retrospective_descriptive,Intervals condition on the released episode mixture and one checkpoint; historical numerical/provenance limitations remain.
verification/PickSingleYCB/norm_lt15/lang_dQ_k5,lang_dlogp_k5,Q_score,norm_lt15,retrospective_last,call_weighted_median,5c9b59f5c7c92868afde07b5270505c55844d686c4ed769c35ed4b877823569a,5c9b59f5c7c92868afde07b5270505c55844d686c4ed769c35ed4b877823569a,50,-0.0014073302736505866,-0.002013883087784052,-0.0006203597877174616,46,50,conditional_empirical_episode_percentile,10000,0,"task,model,recorded_seed,episode",unknown,unknown,retrospective_descriptive,Intervals condition on the released episode mixture and one checkpoint; historical numerical/provenance limitations remain.
verification/PickSingleYCB/C1/spearman_vision,spearman_vision,Spearman_rho,all,retrospective_last,call_weighted_median,f9fffb64008b4d115c72bdf0799882b8cc7c2f3f7054abf45d9166ed14701d1c,f9fffb64008b4d115c72bdf0799882b8cc7c2f3f7054abf45d9166ed14701d1c,100,0.9428942220195895,0.9304504611988154,0.9491910606385559,26,100,conditional_empirical_episode_percentile,10000,0,"task,model,recorded_seed,episode",unknown,unknown,retrospective_descriptive,Input-shuffle sensitivity is not a guarantee of learned-model grounding; m16 versus original m64 is a confound.
verification/PickSingleYCB/C1/spearman_language,spearman_language,Spearman_rho,all,retrospective_last,call_weighted_median,f9fffb64008b4d115c72bdf0799882b8cc7c2f3f7054abf45d9166ed14701d1c,f9fffb64008b4d115c72bdf0799882b8cc7c2f3f7054abf45d9166ed14701d1c,100,0.9172489662497361,0.9026587945665205,0.930678466076696,26,100,conditional_empirical_episode_percentile,10000,0,"task,model,recorded_seed,episode",unknown,unknown,retrospective_descriptive,Input-shuffle sensitivity is not a guarantee of learned-model grounding; m16 versus original m64 is a confound.
verification/PickSingleYCB/C1/spearman_state,spearman_state,Spearman_rho,all,retrospective_last,call_weighted_median,f9fffb64008b4d115c72bdf0799882b8cc7c2f3f7054abf45d9166ed14701d1c,f9fffb64008b4d115c72bdf0799882b8cc7c2f3f7054abf45d9166ed14701d1c,100,0.7380952380952381,0.6904761904761906,0.7857142857142858,26,100,conditional_empirical_episode_percentile,10000,0,"task,model,recorded_seed,episode",unknown,unknown,retrospective_descriptive,Input-shuffle sensitivity is not a guarantee of learned-model grounding; m16 versus original m64 is a confound.
verification/PickSingleYCB/C2/spearman_vision,spearman_vision,Spearman_rho,all,retrospective_last,call_weighted_median,ef8293f4dd843ba20d867ba3a330233219a90d75b9811b9f634be401c8cc6ed4,ef8293f4dd843ba20d867ba3a330233219a90d75b9811b9f634be401c8cc6ed4,100,0.16369373394802084,0.14942402805805496,0.17490148245369597,26,100,conditional_empirical_episode_percentile,10000,0,"task,model,recorded_seed,episode",unknown,unknown,retrospective_descriptive,Input-shuffle sensitivity is not a guarantee of learned-model grounding; m16 versus original m64 is a confound.
verification/PickSingleYCB/C2/spearman_language,spearman_language,Spearman_rho,all,retrospective_last,call_weighted_median,ef8293f4dd843ba20d867ba3a330233219a90d75b9811b9f634be401c8cc6ed4,ef8293f4dd843ba20d867ba3a330233219a90d75b9811b9f634be401c8cc6ed4,100,0.12808302020655554,0.08091158068334037,0.1545266375412036,26,100,conditional_empirical_episode_percentile,10000,0,"task,model,recorded_seed,episode",unknown,unknown,retrospective_descriptive,Input-shuffle sensitivity is not a guarantee of learned-model grounding; m16 versus original m64 is a confound.
verification/PickSingleYCB/C2/spearman_state,spearman_state,Spearman_rho,all,retrospective_last,call_weighted_median,ef8293f4dd843ba20d867ba3a330233219a90d75b9811b9f634be401c8cc6ed4,ef8293f4dd843ba20d867ba3a330233219a90d75b9811b9f634be401c8cc6ed4,100,0.773809523809524,0.7380952380952381,0.8095238095238096,26,100,conditional_empirical_episode_percentile,10000,0,"task,model,recorded_seed,episode",unknown,unknown,retrospective_descriptive,Input-shuffle sensitivity is not a guarantee of learned-model grounding; m16 versus original m64 is a confound.
verification/PegInsertionSide/all/vision_err,vision_err,relative_error,all,retrospective_last,call_weighted_median,0a6583ab406872f415e22c3b9c5809eb587556eb6233e5ab246ce8dda04ec512,0a6583ab406872f415e22c3b9c5809eb587556eb6233e5ab246ce8dda04ec512,700,0.021694756568141495,0.019386343549402114,0.023481584739870758,100,700,conditional_empirical_episode_percentile,10000,0,"task,model,recorded_seed,episode",unknown,unknown,retrospective_descriptive,Intervals condition on the released episode mixture and one checkpoint; historical numerical/provenance limitations remain.
verification/PegInsertionSide/all/vision_gap,vision_gap,Q_score,all,retrospective_last,call_weighted_median,0a6583ab406872f415e22c3b9c5809eb587556eb6233e5ab246ce8dda04ec512,0a6583ab406872f415e22c3b9c5809eb587556eb6233e5ab246ce8dda04ec512,700,0.012383539229631424,0.009801937267184258,0.01558118755929171,100,700,conditional_empirical_episode_percentile,10000,0,"task,model,recorded_seed,episode",unknown,unknown,retrospective_descriptive,Intervals condition on the released episode mixture and one checkpoint; historical numerical/provenance limitations remain.
verification/PegInsertionSide/all/vision_pct_le3,vision_err,percent,all,retrospective_last,call_weighted_mean,0a6583ab406872f415e22c3b9c5809eb587556eb6233e5ab246ce8dda04ec512,0a6583ab406872f415e22c3b9c5809eb587556eb6233e5ab246ce8dda04ec512,700,69.71428571428571,65.28571428571429,74.14285714285714,100,700,conditional_empirical_episode_percentile,10000,0,"task,model,recorded_seed,episode",unknown,unknown,retrospective_descriptive,Intervals condition on the released episode mixture and one checkpoint; historical numerical/provenance limitations remain.
verification/PegInsertionSide/all/lang_err,lang_err,relative_error,all,retrospective_last,call_weighted_median,0a6583ab406872f415e22c3b9c5809eb587556eb6233e5ab246ce8dda04ec512,0a6583ab406872f415e22c3b9c5809eb587556eb6233e5ab246ce8dda04ec512,700,0.0182787451445022,0.016943628940272272,0.0198468593399443,100,700,conditional_empirical_episode_percentile,10000,0,"task,model,recorded_seed,episode",unknown,unknown,retrospective_descriptive,Intervals condition on the released episode mixture and one checkpoint; historical numerical/provenance limitations remain.
verification/PegInsertionSide/all/lang_gap,lang_gap,Q_score,all,retrospective_last,call_weighted_median,0a6583ab406872f415e22c3b9c5809eb587556eb6233e5ab246ce8dda04ec512,0a6583ab406872f415e22c3b9c5809eb587556eb6233e5ab246ce8dda04ec512,700,0.009468962904065847,0.007647288462612778,0.011516231577843428,100,700,conditional_empirical_episode_percentile,10000,0,"task,model,recorded_seed,episode",unknown,unknown,retrospective_descriptive,Intervals condition on the released episode mixture and one checkpoint; historical numerical/provenance limitations remain.
verification/PegInsertionSide/all/lang_pct_le3,lang_err,percent,all,retrospective_last,call_weighted_mean,0a6583ab406872f415e22c3b9c5809eb587556eb6233e5ab246ce8dda04ec512,0a6583ab406872f415e22c3b9c5809eb587556eb6233e5ab246ce8dda04ec512,700,73.42857142857143,69.57142857142857,77.14285714285714,100,700,conditional_empirical_episode_percentile,10000,0,"task,model,recorded_seed,episode",unknown,unknown,retrospective_descriptive,Intervals condition on the released episode mixture and one checkpoint; historical numerical/provenance limitations remain.
verification/PegInsertionSide/all/state_err,state_err,relative_error,all,retrospective_last,call_weighted_median,0a6583ab406872f415e22c3b9c5809eb587556eb6233e5ab246ce8dda04ec512,0a6583ab406872f415e22c3b9c5809eb587556eb6233e5ab246ce8dda04ec512,700,0.034793098282556265,0.030033071279490915,0.04040138753471421,100,700,conditional_empirical_episode_percentile,10000,0,"task,model,recorded_seed,episode",unknown,unknown,retrospective_descriptive,Intervals condition on the released episode mixture and one checkpoint; historical numerical/provenance limitations remain.
verification/PegInsertionSide/all/state_gap,state_gap,Q_score,all,retrospective_last,call_weighted_median,0a6583ab406872f415e22c3b9c5809eb587556eb6233e5ab246ce8dda04ec512,0a6583ab406872f415e22c3b9c5809eb587556eb6233e5ab246ce8dda04ec512,700,0.32399070262908936,0.22888163477182388,0.4053061902523041,100,700,conditional_empirical_episode_percentile,10000,0,"task,model,recorded_seed,episode",unknown,unknown,retrospective_descriptive,Intervals condition on the released episode mixture and one checkpoint; historical numerical/provenance limitations remain.
verification/PegInsertionSide/all/state_pct_le3,state_err,percent,all,retrospective_last,call_weighted_mean,0a6583ab406872f415e22c3b9c5809eb587556eb6233e5ab246ce8dda04ec512,0a6583ab406872f415e22c3b9c5809eb587556eb6233e5ab246ce8dda04ec512,700,44.714285714285715,39.42857142857143,50.0,100,700,conditional_empirical_episode_percentile,10000,0,"task,model,recorded_seed,episode",unknown,unknown,retrospective_descriptive,Intervals condition on the released episode mixture and one checkpoint; historical numerical/provenance limitations remain.
verification/PegInsertionSide/all/vision_insertion_auc,vision_insertion_auc,dimensionless,all,retrospective_last,call_weighted_median,844fbb0746665b2712e206321659df13f75f29d57cafd5f88b49d515fe226d7d,844fbb0746665b2712e206321659df13f75f29d57cafd5f88b49d515fe226d7d,700,0.7305760653696698,0.6881869491171174,0.7738009107165701,100,700,conditional_empirical_episode_percentile,10000,0,"task,model,recorded_seed,episode",unknown,unknown,retrospective_descriptive,Intervals condition on the released episode mixture and one checkpoint; historical numerical/provenance limitations remain.
verification/PegInsertionSide/all/vision_deletion_auc,vision_deletion_auc,dimensionless,all,retrospective_last,call_weighted_median,844fbb0746665b2712e206321659df13f75f29d57cafd5f88b49d515fe226d7d,844fbb0746665b2712e206321659df13f75f29d57cafd5f88b49d515fe226d7d,700,0.27978905410684096,0.23413995497008003,0.3091135525482005,100,700,conditional_empirical_episode_percentile,10000,0,"task,model,recorded_seed,episode",unknown,unknown,retrospective_descriptive,Intervals condition on the released episode mixture and one checkpoint; historical numerical/provenance limitations remain.
verification/PegInsertionSide/all/vision_dQ_k5,vision_dlogp_k5,Q_score,all,retrospective_last,call_weighted_median,844fbb0746665b2712e206321659df13f75f29d57cafd5f88b49d515fe226d7d,844fbb0746665b2712e206321659df13f75f29d57cafd5f88b49d515fe226d7d,700,-0.0014004013501107693,-0.0018164192835683935,-0.000955339171923697,100,700,conditional_empirical_episode_percentile,10000,0,"task,model,recorded_seed,episode",unknown,unknown,retrospective_descriptive,Intervals condition on the released episode mixture and one checkpoint; historical numerical/provenance limitations remain.
verification/PegInsertionSide/all/lang_insertion_auc,lang_insertion_auc,dimensionless,all,retrospective_last,call_weighted_median,844fbb0746665b2712e206321659df13f75f29d57cafd5f88b49d515fe226d7d,844fbb0746665b2712e206321659df13f75f29d57cafd5f88b49d515fe226d7d,700,0.3204872614830787,0.2569359313665126,0.37900768719602834,100,700,conditional_empirical_episode_percentile,10000,0,"task,model,recorded_seed,episode",unknown,unknown,retrospective_descriptive,Intervals condition on the released episode mixture and one checkpoint; historical numerical/provenance limitations remain.
verification/PegInsertionSide/all/lang_deletion_auc,lang_deletion_auc,dimensionless,all,retrospective_last,call_weighted_median,844fbb0746665b2712e206321659df13f75f29d57cafd5f88b49d515fe226d7d,844fbb0746665b2712e206321659df13f75f29d57cafd5f88b49d515fe226d7d,700,0.3408069628860229,0.29066054445046063,0.3824776001656473,100,700,conditional_empirical_episode_percentile,10000,0,"task,model,recorded_seed,episode",unknown,unknown,retrospective_descriptive,Intervals condition on the released episode mixture and one checkpoint; historical numerical/provenance limitations remain.
verification/PegInsertionSide/all/lang_dQ_k5,lang_dlogp_k5,Q_score,all,retrospective_last,call_weighted_median,844fbb0746665b2712e206321659df13f75f29d57cafd5f88b49d515fe226d7d,844fbb0746665b2712e206321659df13f75f29d57cafd5f88b49d515fe226d7d,700,-0.0025461316108703613,-0.0031498088501393795,-0.00195909570902586,100,700,conditional_empirical_episode_percentile,10000,0,"task,model,recorded_seed,episode",unknown,unknown,retrospective_descriptive,Intervals condition on the released episode mixture and one checkpoint; historical numerical/provenance limitations remain.
verification/PegInsertionSide/norm_ge15/vision_err,vision_err,relative_error,norm_ge15,retrospective_last,call_weighted_median,586efac08cf306c1cf56bd878c97cc82b2cbe6b72bcd492c6c97dad32e55a9bb,586efac08cf306c1cf56bd878c97cc82b2cbe6b72bcd492c6c97dad32e55a9bb,440,0.018537216946126603,0.0170172083773758,0.02095859932182209,76,440,conditional_empirical_episode_percentile,10000,0,"task,model,recorded_seed,episode",unknown,unknown,retrospective_descriptive,Intervals condition on the released episode mixture and one checkpoint; historical numerical/provenance limitations remain.
verification/PegInsertionSide/norm_ge15/vision_gap,vision_gap,Q_score,norm_ge15,retrospective_last,call_weighted_median,586efac08cf306c1cf56bd878c97cc82b2cbe6b72bcd492c6c97dad32e55a9bb,586efac08cf306c1cf56bd878c97cc82b2cbe6b72bcd492c6c97dad32e55a9bb,440,0.013877916149795055,0.01120145246386528,0.017867803131230153,76,440,conditional_empirical_episode_percentile,10000,0,"task,model,recorded_seed,episode",unknown,unknown,retrospective_descriptive,Intervals condition on the released episode mixture and one checkpoint; historical numerical/provenance limitations remain.
verification/PegInsertionSide/norm_ge15/vision_pct_le3,vision_err,percent,norm_ge15,retrospective_last,call_weighted_mean,586efac08cf306c1cf56bd878c97cc82b2cbe6b72bcd492c6c97dad32e55a9bb,586efac08cf306c1cf56bd878c97cc82b2cbe6b72bcd492c6c97dad32e55a9bb,440,76.5909090909091,72.36519485303792,80.78726743429613,76,440,conditional_empirical_episode_percentile,10000,0,"task,model,recorded_seed,episode",unknown,unknown,retrospective_descriptive,Intervals condition on the released episode mixture and one checkpoint; historical numerical/provenance limitations remain.
verification/PegInsertionSide/norm_ge15/lang_err,lang_err,relative_error,norm_ge15,retrospective_last,call_weighted_median,586efac08cf306c1cf56bd878c97cc82b2cbe6b72bcd492c6c97dad32e55a9bb,586efac08cf306c1cf56bd878c97cc82b2cbe6b72bcd492c6c97dad32e55a9bb,440,0.019148958010525473,0.017206398070954643,0.02117802550271925,76,440,conditional_empirical_episode_percentile,10000,0,"task,model,recorded_seed,episode",unknown,unknown,retrospective_descriptive,Intervals condition on the released episode mixture and one checkpoint; historical numerical/provenance limitations remain.
verification/PegInsertionSide/norm_ge15/lang_gap,lang_gap,Q_score,norm_ge15,retrospective_last,call_weighted_median,586efac08cf306c1cf56bd878c97cc82b2cbe6b72bcd492c6c97dad32e55a9bb,586efac08cf306c1cf56bd878c97cc82b2cbe6b72bcd492c6c97dad32e55a9bb,440,0.011701047886162996,0.009921139106154442,0.013938472268637259,76,440,conditional_empirical_episode_percentile,10000,0,"task,model,recorded_seed,episode",unknown,unknown,retrospective_descriptive,Intervals condition on the released episode mixture and one checkpoint; historical numerical/provenance limitations remain.
verification/PegInsertionSide/norm_ge15/lang_pct_le3,lang_err,percent,norm_ge15,retrospective_last,call_weighted_mean,586efac08cf306c1cf56bd878c97cc82b2cbe6b72bcd492c6c97dad32e55a9bb,586efac08cf306c1cf56bd878c97cc82b2cbe6b72bcd492c6c97dad32e55a9bb,440,74.54545454545455,69.48775055679288,79.49900213425269,76,440,conditional_empirical_episode_percentile,10000,0,"task,model,recorded_seed,episode",unknown,unknown,retrospective_descriptive,Intervals condition on the released episode mixture and one checkpoint; historical numerical/provenance limitations remain.
verification/PegInsertionSide/norm_ge15/state_err,state_err,relative_error,norm_ge15,retrospective_last,call_weighted_median,586efac08cf306c1cf56bd878c97cc82b2cbe6b72bcd492c6c97dad32e55a9bb,586efac08cf306c1cf56bd878c97cc82b2cbe6b72bcd492c6c97dad32e55a9bb,440,0.039689891442004466,0.03292683133028481,0.05431274840377819,76,440,conditional_empirical_episode_percentile,10000,0,"task,model,recorded_seed,episode",unknown,unknown,retrospective_descriptive,Intervals condition on the released episode mixture and one checkpoint; historical numerical/provenance limitations remain.
verification/PegInsertionSide/norm_ge15/state_gap,state_gap,Q_score,norm_ge15,retrospective_last,call_weighted_median,586efac08cf306c1cf56bd878c97cc82b2cbe6b72bcd492c6c97dad32e55a9bb,586efac08cf306c1cf56bd878c97cc82b2cbe6b72bcd492c6c97dad32e55a9bb,440,0.5823673009872437,0.5070696473121643,0.6484638854861259,76,440,conditional_empirical_episode_percentile,10000,0,"task,model,recorded_seed,episode",unknown,unknown,retrospective_descriptive,Intervals condition on the released episode mixture and one checkpoint; historical numerical/provenance limitations remain.
verification/PegInsertionSide/norm_ge15/state_pct_le3,state_err,percent,norm_ge15,retrospective_last,call_weighted_mean,586efac08cf306c1cf56bd878c97cc82b2cbe6b72bcd492c6c97dad32e55a9bb,586efac08cf306c1cf56bd878c97cc82b2cbe6b72bcd492c6c97dad32e55a9bb,440,39.31818181818182,33.09563745538655,45.51728204294079,76,440,conditional_empirical_episode_percentile,10000,0,"task,model,recorded_seed,episode",unknown,unknown,retrospective_descriptive,Intervals condition on the released episode mixture and one checkpoint; historical numerical/provenance limitations remain.
verification/PegInsertionSide/norm_ge15/vision_insertion_auc,vision_insertion_auc,dimensionless,norm_ge15,retrospective_last,call_weighted_median,a2aed55447e7bef398680e4b501e79b9cd5102f84132607feac08068eefc6d59,a2aed55447e7bef398680e4b501e79b9cd5102f84132607feac08068eefc6d59,440,0.7659163697457995,0.7238871071966899,0.7939568570757225,76,440,conditional_empirical_episode_percentile,10000,0,"task,model,recorded_seed,episode",unknown,unknown,retrospective_descriptive,Intervals condition on the released episode mixture and one checkpoint; historical numerical/provenance limitations remain.
verification/PegInsertionSide/norm_ge15/vision_deletion_auc,vision_deletion_auc,dimensionless,norm_ge15,retrospective_last,call_weighted_median,a2aed55447e7bef398680e4b501e79b9cd5102f84132607feac08068eefc6d59,a2aed55447e7bef398680e4b501e79b9cd5102f84132607feac08068eefc6d59,440,0.28626670312805286,0.23302755867983263,0.32064803881128534,76,440,conditional_empirical_episode_percentile,10000,0,"task,model,recorded_seed,episode",unknown,unknown,retrospective_descriptive,Intervals condition on the released episode mixture and one checkpoint; historical numerical/provenance limitations remain.
verification/PegInsertionSide/norm_ge15/vision_dQ_k5,vision_dlogp_k5,Q_score,norm_ge15,retrospective_last,call_weighted_median,a2aed55447e7bef398680e4b501e79b9cd5102f84132607feac08068eefc6d59,a2aed55447e7bef398680e4b501e79b9cd5102f84132607feac08068eefc6d59,440,-0.0016776687698438764,-0.0021974127739667892,-0.0011452656472101808,76,440,conditional_empirical_episode_percentile,10000,0,"task,model,recorded_seed,episode",unknown,unknown,retrospective_descriptive,Intervals condition on the released episode mixture and one checkpoint; historical numerical/provenance limitations remain.
verification/PegInsertionSide/norm_ge15/lang_insertion_auc,lang_insertion_auc,dimensionless,norm_ge15,retrospective_last,call_weighted_median,a2aed55447e7bef398680e4b501e79b9cd5102f84132607feac08068eefc6d59,a2aed55447e7bef398680e4b501e79b9cd5102f84132607feac08068eefc6d59,440,0.35254574935058614,0.2666918177885493,0.41792311575881774,76,440,conditional_empirical_episode_percentile,10000,0,"task,model,recorded_seed,episode",unknown,unknown,retrospective_descriptive,Intervals condition on the released episode mixture and one checkpoint; historical numerical/provenance limitations remain.
verification/PegInsertionSide/norm_ge15/lang_deletion_auc,lang_deletion_auc,dimensionless,norm_ge15,retrospective_last,call_weighted_median,a2aed55447e7bef398680e4b501e79b9cd5102f84132607feac08068eefc6d59,a2aed55447e7bef398680e4b501e79b9cd5102f84132607feac08068eefc6d59,440,0.25962259124454107,0.21260641581234496,0.32078903138908055,76,440,conditional_empirical_episode_percentile,10000,0,"task,model,recorded_seed,episode",unknown,unknown,retrospective_descriptive,Intervals condition on the released episode mixture and one checkpoint; historical numerical/provenance limitations remain.
verification/PegInsertionSide/norm_ge15/lang_dQ_k5,lang_dlogp_k5,Q_score,norm_ge15,retrospective_last,call_weighted_median,a2aed55447e7bef398680e4b501e79b9cd5102f84132607feac08068eefc6d59,a2aed55447e7bef398680e4b501e79b9cd5102f84132607feac08068eefc6d59,440,-0.003715428290888667,-0.004480410891119391,-0.003006631275638938,76,440,conditional_empirical_episode_percentile,10000,0,"task,model,recorded_seed,episode",unknown,unknown,retrospective_descriptive,Intervals condition on the released episode mixture and one checkpoint; historical numerical/provenance limitations remain.
verification/PegInsertionSide/norm_lt15/vision_err,vision_err,relative_error,norm_lt15,retrospective_last,call_weighted_median,17f0648f40bf0ac3ed65708e80d1f3515da278f4f64b7492d678d02bdef391a9,17f0648f40bf0ac3ed65708e80d1f3515da278f4f64b7492d678d02bdef391a9,260,0.026333409201420105,0.023500685409064807,0.029708747570110855,84,260,conditional_empirical_episode_percentile,10000,0,"task,model,recorded_seed,episode",unknown,unknown,retrospective_descriptive,Intervals condition on the released episode mixture and one checkpoint; historical numerical/provenance limitations remain.
verification/PegInsertionSide/norm_lt15/vision_gap,vision_gap,Q_score,norm_lt15,retrospective_last,call_weighted_median,17f0648f40bf0ac3ed65708e80d1f3515da278f4f64b7492d678d02bdef391a9,17f0648f40bf0ac3ed65708e80d1f3515da278f4f64b7492d678d02bdef391a9,260,0.00683624530211091,0.0002543138252804056,0.015434810891747475,84,260,conditional_empirical_episode_percentile,10000,0,"task,model,recorded_seed,episode",unknown,unknown,retrospective_descriptive,Intervals condition on the released episode mixture and one checkpoint; historical numerical/provenance limitations remain.
verification/PegInsertionSide/norm_lt15/vision_pct_le3,vision_err,percent,norm_lt15,retrospective_last,call_weighted_mean,17f0648f40bf0ac3ed65708e80d1f3515da278f4f64b7492d678d02bdef391a9,17f0648f40bf0ac3ed65708e80d1f3515da278f4f64b7492d678d02bdef391a9,260,58.07692307692308,50.18050541516246,66.0233502313655,84,260,conditional_empirical_episode_percentile,10000,0,"task,model,recorded_seed,episode",unknown,unknown,retrospective_descriptive,Intervals condition on the released episode mixture and one checkpoint; historical numerical/provenance limitations remain.
verification/PegInsertionSide/norm_lt15/lang_err,lang_err,relative_error,norm_lt15,retrospective_last,call_weighted_median,17f0648f40bf0ac3ed65708e80d1f3515da278f4f64b7492d678d02bdef391a9,17f0648f40bf0ac3ed65708e80d1f3515da278f4f64b7492d678d02bdef391a9,260,0.016940376911685255,0.014938034540005219,0.019740857934123387,84,260,conditional_empirical_episode_percentile,10000,0,"task,model,recorded_seed,episode",unknown,unknown,retrospective_descriptive,Intervals condition on the released episode mixture and one checkpoint; historical numerical/provenance limitations remain.
verification/PegInsertionSide/norm_lt15/lang_gap,lang_gap,Q_score,norm_lt15,retrospective_last,call_weighted_median,17f0648f40bf0ac3ed65708e80d1f3515da278f4f64b7492d678d02bdef391a9,17f0648f40bf0ac3ed65708e80d1f3515da278f4f64b7492d678d02bdef391a9,260,0.0008335093152709305,0.0002722002100199461,0.0053425319492816925,84,260,conditional_empirical_episode_percentile,10000,0,"task,model,recorded_seed,episode",unknown,unknown,retrospective_descriptive,Intervals condition on the released episode mixture and one checkpoint; historical numerical/provenance limitations remain.
verification/PegInsertionSide/norm_lt15/lang_pct_le3,lang_err,percent,norm_lt15,retrospective_last,call_weighted_mean,17f0648f40bf0ac3ed65708e80d1f3515da278f4f64b7492d678d02bdef391a9,17f0648f40bf0ac3ed65708e80d1f3515da278f4f64b7492d678d02bdef391a9,260,71.53846153846153,64.47876447876448,77.6923076923077,84,260,conditional_empirical_episode_percentile,10000,0,"task,model,recorded_seed,episode",unknown,unknown,retrospective_descriptive,Intervals condition on the released episode mixture and one checkpoint; historical numerical/provenance limitations remain.
verification/PegInsertionSide/norm_lt15/state_err,state_err,relative_error,norm_lt15,retrospective_last,call_weighted_median,17f0648f40bf0ac3ed65708e80d1f3515da278f4f64b7492d678d02bdef391a9,17f0648f40bf0ac3ed65708e80d1f3515da278f4f64b7492d678d02bdef391a9,260,0.027492987308357027,0.021285429046329747,0.03410632539066162,84,260,conditional_empirical_episode_percentile,10000,0,"task,model,recorded_seed,episode",unknown,unknown,retrospective_descriptive,Intervals condition on the released episode mixture and one checkpoint; historical numerical/provenance limitations remain.
verification/PegInsertionSide/norm_lt15/state_gap,state_gap,Q_score,norm_lt15,retrospective_last,call_weighted_median,17f0648f40bf0ac3ed65708e80d1f3515da278f4f64b7492d678d02bdef391a9,17f0648f40bf0ac3ed65708e80d1f3515da278f4f64b7492d678d02bdef391a9,260,0.014141838066279888,0.002286487026140094,0.034867411479353905,84,260,conditional_empirical_episode_percentile,10000,0,"task,model,recorded_seed,episode",unknown,unknown,retrospective_descriptive,Intervals condition on the released episode mixture and one checkpoint; historical numerical/provenance limitations remain.
verification/PegInsertionSide/norm_lt15/state_pct_le3,state_err,percent,norm_lt15,retrospective_last,call_weighted_mean,17f0648f40bf0ac3ed65708e80d1f3515da278f4f64b7492d678d02bdef391a9,17f0648f40bf0ac3ed65708e80d1f3515da278f4f64b7492d678d02bdef391a9,260,53.84615384615385,45.95563394276629,60.8843851193614,84,260,conditional_empirical_episode_percentile,10000,0,"task,model,recorded_seed,episode",unknown,unknown,retrospective_descriptive,Intervals condition on the released episode mixture and one checkpoint; historical numerical/provenance limitations remain.
verification/PegInsertionSide/norm_lt15/vision_insertion_auc,vision_insertion_auc,dimensionless,norm_lt15,retrospective_last,call_weighted_median,9ccb36dd170ca05273af868b5f9ae5591c27cb1e20c968b1c06114abbb52bea1,9ccb36dd170ca05273af868b5f9ae5591c27cb1e20c968b1c06114abbb52bea1,260,0.3292568765218238,-0.7927709945194732,0.7349465657676609,84,260,conditional_empirical_episode_percentile,10000,0,"task,model,recorded_seed,episode",unknown,unknown,retrospective_descriptive,Intervals condition on the released episode mixture and one checkpoint; historical numerical/provenance limitations remain.
verification/PegInsertionSide/norm_lt15/vision_deletion_auc,vision_deletion_auc,dimensionless,norm_lt15,retrospective_last,call_weighted_median,9ccb36dd170ca05273af868b5f9ae5591c27cb1e20c968b1c06114abbb52bea1,9ccb36dd170ca05273af868b5f9ae5591c27cb1e20c968b1c06114abbb52bea1,260,0.2702784619911378,0.1492559580968986,0.32781496199900345,84,260,conditional_empirical_episode_percentile,10000,0,"task,model,recorded_seed,episode",unknown,unknown,retrospective_descriptive,Intervals condition on the released episode mixture and one checkpoint; historical numerical/provenance limitations remain.
verification/PegInsertionSide/norm_lt15/vision_dQ_k5,vision_dlogp_k5,Q_score,norm_lt15,retrospective_last,call_weighted_median,9ccb36dd170ca05273af868b5f9ae5591c27cb1e20c968b1c06114abbb52bea1,9ccb36dd170ca05273af868b5f9ae5591c27cb1e20c968b1c06114abbb52bea1,260,-0.00019305520254420117,-0.0017400351352989674,-2.603010943857953e-05,84,260,conditional_empirical_episode_percentile,10000,0,"task,model,recorded_seed,episode",unknown,unknown,retrospective_descriptive,Intervals condition on the released episode mixture and one checkpoint; historical numerical/provenance limitations remain.
verification/PegInsertionSide/norm_lt15/lang_insertion_auc,lang_insertion_auc,dimensionless,norm_lt15,retrospective_last,call_weighted_median,9ccb36dd170ca05273af868b5f9ae5591c27cb1e20c968b1c06114abbb52bea1,9ccb36dd170ca05273af868b5f9ae5591c27cb1e20c968b1c06114abbb52bea1,260,0.2925306428113537,0.16853964216983874,0.3712823340478085,84,260,conditional_empirical_episode_percentile,10000,0,"task,model,recorded_seed,episode",unknown,unknown,retrospective_descriptive,Intervals condition on the released episode mixture and one checkpoint; historical numerical/provenance limitations remain.
verification/PegInsertionSide/norm_lt15/lang_deletion_auc,lang_deletion_auc,dimensionless,norm_lt15,retrospective_last,call_weighted_median,9ccb36dd170ca05273af868b5f9ae5591c27cb1e20c968b1c06114abbb52bea1,9ccb36dd170ca05273af868b5f9ae5591c27cb1e20c968b1c06114abbb52bea1,260,0.573521227750731,0.4430103404864528,0.6211755493488573,84,260,conditional_empirical_episode_percentile,10000,0,"task,model,recorded_seed,episode",unknown,unknown,retrospective_descriptive,Intervals condition on the released episode mixture and one checkpoint; historical numerical/provenance limitations remain.
verification/PegInsertionSide/norm_lt15/lang_dQ_k5,lang_dlogp_k5,Q_score,norm_lt15,retrospective_last,call_weighted_median,9ccb36dd170ca05273af868b5f9ae5591c27cb1e20c968b1c06114abbb52bea1,9ccb36dd170ca05273af868b5f9ae5591c27cb1e20c968b1c06114abbb52bea1,260,-2.941040202131262e-05,-0.0004778876609634608,-6.9685347625636496e-06,84,260,conditional_empirical_episode_percentile,10000,0,"task,model,recorded_seed,episode",unknown,unknown,retrospective_descriptive,Intervals condition on the released episode mixture and one checkpoint; historical numerical/provenance limitations remain.
verification/PegInsertionSide/C1/spearman_vision,spearman_vision,Spearman_rho,all,retrospective_last,call_weighted_median,cbe3468e573877e1f53f71c5dab75cfa625289469797348939e8dac47f9a7ea7,cbe3468e573877e1f53f71c5dab75cfa625289469797348939e8dac47f9a7ea7,100,0.9599737907970987,0.9492752801142696,0.9691072465387416,16,100,conditional_empirical_episode_percentile,10000,0,"task,model,recorded_seed,episode",unknown,unknown,retrospective_descriptive,Input-shuffle sensitivity is not a guarantee of learned-model grounding; m16 versus original m64 is a confound.
verification/PegInsertionSide/C1/spearman_language,spearman_language,Spearman_rho,all,retrospective_last,call_weighted_median,cbe3468e573877e1f53f71c5dab75cfa625289469797348939e8dac47f9a7ea7,cbe3468e573877e1f53f71c5dab75cfa625289469797348939e8dac47f9a7ea7,100,0.9590227172693213,0.9469026899128027,0.966140823393613,16,100,conditional_empirical_episode_percentile,10000,0,"task,model,recorded_seed,episode",unknown,unknown,retrospective_descriptive,Input-shuffle sensitivity is not a guarantee of learned-model grounding; m16 versus original m64 is a confound.
verification/PegInsertionSide/C1/spearman_state,spearman_state,Spearman_rho,all,retrospective_last,call_weighted_median,cbe3468e573877e1f53f71c5dab75cfa625289469797348939e8dac47f9a7ea7,cbe3468e573877e1f53f71c5dab75cfa625289469797348939e8dac47f9a7ea7,100,0.7142857142857144,0.6428571428571429,0.7619047619047621,16,100,conditional_empirical_episode_percentile,10000,0,"task,model,recorded_seed,episode",unknown,unknown,retrospective_descriptive,Input-shuffle sensitivity is not a guarantee of learned-model grounding; m16 versus original m64 is a confound.
verification/PegInsertionSide/C2/spearman_vision,spearman_vision,Spearman_rho,all,retrospective_last,call_weighted_median,7083981a77127c9221a1fc3919d354a6d43470635cf79b94dd1b245a17bbd9b1,7083981a77127c9221a1fc3919d354a6d43470635cf79b94dd1b245a17bbd9b1,100,0.08898961561478085,0.06692770089564455,0.11118402949536753,16,100,conditional_empirical_episode_percentile,10000,0,"task,model,recorded_seed,episode",unknown,unknown,retrospective_descriptive,Input-shuffle sensitivity is not a guarantee of learned-model grounding; m16 versus original m64 is a confound.
verification/PegInsertionSide/C2/spearman_language,spearman_language,Spearman_rho,all,retrospective_last,call_weighted_median,7083981a77127c9221a1fc3919d354a6d43470635cf79b94dd1b245a17bbd9b1,7083981a77127c9221a1fc3919d354a6d43470635cf79b94dd1b245a17bbd9b1,100,0.018466829452836654,0.003653735175086462,0.03636714094472465,16,100,conditional_empirical_episode_percentile,10000,0,"task,model,recorded_seed,episode",unknown,unknown,retrospective_descriptive,Input-shuffle sensitivity is not a guarantee of learned-model grounding; m16 versus original m64 is a confound.
verification/PegInsertionSide/C2/spearman_state,spearman_state,Spearman_rho,all,retrospective_last,call_weighted_median,7083981a77127c9221a1fc3919d354a6d43470635cf79b94dd1b245a17bbd9b1,7083981a77127c9221a1fc3919d354a6d43470635cf79b94dd1b245a17bbd9b1,100,0.773809523809524,0.6666666666666669,0.8095238095238096,16,100,conditional_empirical_episode_percentile,10000,0,"task,model,recorded_seed,episode",unknown,unknown,retrospective_descriptive,Input-shuffle sensitivity is not a guarantee of learned-model grounding; m16 versus original m64 is a confound.
oneb/call_weighted/vision_insertion_auc,vision_insertion_auc,dimensionless,all,retrospective_last,call_weighted_median,c051d7f059f74bfa6ded78885df3d3bbdd2201512968787f563750b8dee6acc8,c051d7f059f74bfa6ded78885df3d3bbdd2201512968787f563750b8dee6acc8,1199,0.939869317179501,0.9263839666477361,0.953847532310126,60,1199,conditional_empirical_episode_percentile,10000,0,"task,model,recorded_seed,episode",unknown,unknown,retrospective_descriptive,"Mixed historical language baselines; unstratified empirical mixture across evaluation seeds, not training replication."
oneb/episode_equal/vision_insertion_auc,vision_insertion_auc,dimensionless,all,retrospective_last,median_of_episode_medians,c051d7f059f74bfa6ded78885df3d3bbdd2201512968787f563750b8dee6acc8,c051d7f059f74bfa6ded78885df3d3bbdd2201512968787f563750b8dee6acc8,1199,0.9403303000914108,0.9270947951970003,0.9588759819467373,60,60,conditional_empirical_episode_percentile,10000,0,"task,model,recorded_seed,episode",unknown,unknown,retrospective_descriptive,"Mixed historical language baselines; unstratified empirical mixture across evaluation seeds, not training replication."
oneb/call_weighted/vision_deletion_auc,vision_deletion_auc,dimensionless,all,retrospective_last,call_weighted_median,c051d7f059f74bfa6ded78885df3d3bbdd2201512968787f563750b8dee6acc8,c051d7f059f74bfa6ded78885df3d3bbdd2201512968787f563750b8dee6acc8,1199,0.2881651617000851,0.2496787534658607,0.31235632381237843,60,1199,conditional_empirical_episode_percentile,10000,0,"task,model,recorded_seed,episode",unknown,unknown,retrospective_descriptive,"Mixed historical language baselines; unstratified empirical mixture across evaluation seeds, not training replication."
oneb/episode_equal/vision_deletion_auc,vision_deletion_auc,dimensionless,all,retrospective_last,median_of_episode_medians,c051d7f059f74bfa6ded78885df3d3bbdd2201512968787f563750b8dee6acc8,c051d7f059f74bfa6ded78885df3d3bbdd2201512968787f563750b8dee6acc8,1199,0.28874495343059436,0.23530568579350308,0.3127293532544929,60,60,conditional_empirical_episode_percentile,10000,0,"task,model,recorded_seed,episode",unknown,unknown,retrospective_descriptive,"Mixed historical language baselines; unstratified empirical mixture across evaluation seeds, not training replication."
oneb/call_weighted/lang_insertion_auc,lang_insertion_auc,dimensionless,all,retrospective_last,call_weighted_median,c051d7f059f74bfa6ded78885df3d3bbdd2201512968787f563750b8dee6acc8,c051d7f059f74bfa6ded78885df3d3bbdd2201512968787f563750b8dee6acc8,1199,0.5412931849923831,0.4485493048627283,0.6047433699908243,60,1199,conditional_empirical_episode_percentile,10000,0,"task,model,recorded_seed,episode",unknown,unknown,retrospective_descriptive,"Mixed historical language baselines; unstratified empirical mixture across evaluation seeds, not training replication."
oneb/episode_equal/lang_insertion_auc,lang_insertion_auc,dimensionless,all,retrospective_last,median_of_episode_medians,c051d7f059f74bfa6ded78885df3d3bbdd2201512968787f563750b8dee6acc8,c051d7f059f74bfa6ded78885df3d3bbdd2201512968787f563750b8dee6acc8,1199,0.4877786214751275,0.3675330479702119,0.5813891846481299,60,60,conditional_empirical_episode_percentile,10000,0,"task,model,recorded_seed,episode",unknown,unknown,retrospective_descriptive,"Mixed historical language baselines; unstratified empirical mixture across evaluation seeds, not training replication."
oneb/call_weighted/lang_deletion_auc,lang_deletion_auc,dimensionless,all,retrospective_last,call_weighted_median,c051d7f059f74bfa6ded78885df3d3bbdd2201512968787f563750b8dee6acc8,c051d7f059f74bfa6ded78885df3d3bbdd2201512968787f563750b8dee6acc8,1199,0.2671950827223377,0.1868390805950814,0.32738303268537444,60,1199,conditional_empirical_episode_percentile,10000,0,"task,model,recorded_seed,episode",unknown,unknown,retrospective_descriptive,"Mixed historical language baselines; unstratified empirical mixture across evaluation seeds, not training replication."
oneb/episode_equal/lang_deletion_auc,lang_deletion_auc,dimensionless,all,retrospective_last,median_of_episode_medians,c051d7f059f74bfa6ded78885df3d3bbdd2201512968787f563750b8dee6acc8,c051d7f059f74bfa6ded78885df3d3bbdd2201512968787f563750b8dee6acc8,1199,0.29687904345490845,0.15111020664484442,0.34242605046167796,60,60,conditional_empirical_episode_percentile,10000,0,"task,model,recorded_seed,episode",unknown,unknown,retrospective_descriptive,"Mixed historical language baselines; unstratified empirical mixture across evaluation seeds, not training replication."
sanity/frozen/recorded_episodes/spearman_vision,spearman_vision,Spearman_rho,all,retrospective_last,call_weighted_median,0ae0b6d3a90dd2aac8eec11508a472f587713a3eb9a644a3d14fe91f6beddd3c,0ae0b6d3a90dd2aac8eec11508a472f587713a3eb9a644a3d14fe91f6beddd3c,400,0.9291749656416273,0.9047401340159476,0.9398290658864245,16,400,conditional_empirical_episode_percentile,10000,0,"task,model,recorded_seed,episode",unknown,unknown,retrospective_descriptive,"Observation reuse is unresolved. Shared task-episode grouping is a conditional dependence sensitivity, not authenticated pairing."
sanity/frozen/conditional_shared_context/spearman_vision,spearman_vision,Spearman_rho,all,retrospective_last,call_weighted_median,0ae0b6d3a90dd2aac8eec11508a472f587713a3eb9a644a3d14fe91f6beddd3c,0ae0b6d3a90dd2aac8eec11508a472f587713a3eb9a644a3d14fe91f6beddd3c,400,0.9291749656416273,0.9037772952092651,0.9473247542636657,8,400,conditional_empirical_episode_percentile,10000,0,"task,model,episode (conditional shared-context sensitivity)",unknown,unknown,retrospective_descriptive,"Observation reuse is unresolved. Shared task-episode grouping is a conditional dependence sensitivity, not authenticated pairing."
sanity/frozen/recorded_episodes/spearman_language,spearman_language,Spearman_rho,all,retrospective_last,call_weighted_median,0ae0b6d3a90dd2aac8eec11508a472f587713a3eb9a644a3d14fe91f6beddd3c,0ae0b6d3a90dd2aac8eec11508a472f587713a3eb9a644a3d14fe91f6beddd3c,400,0.8617644895181933,0.8347745280307491,0.8789542541662421,16,400,conditional_empirical_episode_percentile,10000,0,"task,model,recorded_seed,episode",unknown,unknown,retrospective_descriptive,"Observation reuse is unresolved. Shared task-episode grouping is a conditional dependence sensitivity, not authenticated pairing."
sanity/frozen/conditional_shared_context/spearman_language,spearman_language,Spearman_rho,all,retrospective_last,call_weighted_median,0ae0b6d3a90dd2aac8eec11508a472f587713a3eb9a644a3d14fe91f6beddd3c,0ae0b6d3a90dd2aac8eec11508a472f587713a3eb9a644a3d14fe91f6beddd3c,400,0.8617644895181933,0.8200456496806743,0.8857252789534434,8,400,conditional_empirical_episode_percentile,10000,0,"task,model,episode (conditional shared-context sensitivity)",unknown,unknown,retrospective_descriptive,"Observation reuse is unresolved. Shared task-episode grouping is a conditional dependence sensitivity, not authenticated pairing."
sanity/frozen/recorded_episodes/spearman_state,spearman_state,Spearman_rho,all,retrospective_last,call_weighted_median,0ae0b6d3a90dd2aac8eec11508a472f587713a3eb9a644a3d14fe91f6beddd3c,0ae0b6d3a90dd2aac8eec11508a472f587713a3eb9a644a3d14fe91f6beddd3c,400,0.6428571428571429,0.5476190476190477,0.7142857142857144,16,400,conditional_empirical_episode_percentile,10000,0,"task,model,recorded_seed,episode",unknown,unknown,retrospective_descriptive,"Observation reuse is unresolved. Shared task-episode grouping is a conditional dependence sensitivity, not authenticated pairing."
sanity/frozen/conditional_shared_context/spearman_state,spearman_state,Spearman_rho,all,retrospective_last,call_weighted_median,0ae0b6d3a90dd2aac8eec11508a472f587713a3eb9a644a3d14fe91f6beddd3c,0ae0b6d3a90dd2aac8eec11508a472f587713a3eb9a644a3d14fe91f6beddd3c,400,0.6428571428571429,0.5253825395256789,0.7187661251240156,8,400,conditional_empirical_episode_percentile,10000,0,"task,model,episode (conditional shared-context sensitivity)",unknown,unknown,retrospective_descriptive,"Observation reuse is unresolved. Shared task-episode grouping is a conditional dependence sensitivity, not authenticated pairing."
sanity/cascade/recorded_episodes/spearman_vision,spearman_vision,Spearman_rho,all,retrospective_last,call_weighted_median,2c9247a5467fcd0081f6d484adfb05fbdd4809feeced93e7ac8971137b1b31bd,2c9247a5467fcd0081f6d484adfb05fbdd4809feeced93e7ac8971137b1b31bd,400,0.7130002437841396,0.6959201400217152,0.738299750584059,16,400,conditional_empirical_episode_percentile,10000,0,"task,model,recorded_seed,episode",unknown,unknown,retrospective_descriptive,"Observation reuse is unresolved. Shared task-episode grouping is a conditional dependence sensitivity, not authenticated pairing."
sanity/cascade/conditional_shared_context/spearman_vision,spearman_vision,Spearman_rho,all,retrospective_last,call_weighted_median,2c9247a5467fcd0081f6d484adfb05fbdd4809feeced93e7ac8971137b1b31bd,2c9247a5467fcd0081f6d484adfb05fbdd4809feeced93e7ac8971137b1b31bd,400,0.7130002437841396,0.69316786085955,0.7628440390170486,8,400,conditional_empirical_episode_percentile,10000,0,"task,model,episode (conditional shared-context sensitivity)",unknown,unknown,retrospective_descriptive,"Observation reuse is unresolved. Shared task-episode grouping is a conditional dependence sensitivity, not authenticated pairing."
sanity/cascade/recorded_episodes/spearman_language,spearman_language,Spearman_rho,all,retrospective_last,call_weighted_median,2c9247a5467fcd0081f6d484adfb05fbdd4809feeced93e7ac8971137b1b31bd,2c9247a5467fcd0081f6d484adfb05fbdd4809feeced93e7ac8971137b1b31bd,400,0.9101095041225093,0.8961487310216862,0.9204962766136924,16,400,conditional_empirical_episode_percentile,10000,0,"task,model,recorded_seed,episode",unknown,unknown,retrospective_descriptive,"Observation reuse is unresolved. Shared task-episode grouping is a conditional dependence sensitivity, not authenticated pairing."
sanity/cascade/conditional_shared_context/spearman_language,spearman_language,Spearman_rho,all,retrospective_last,call_weighted_median,2c9247a5467fcd0081f6d484adfb05fbdd4809feeced93e7ac8971137b1b31bd,2c9247a5467fcd0081f6d484adfb05fbdd4809feeced93e7ac8971137b1b31bd,400,0.9101095041225093,0.8939859302032783,0.9264900072322385,8,400,conditional_empirical_episode_percentile,10000,0,"task,model,episode (conditional shared-context sensitivity)",unknown,unknown,retrospective_descriptive,"Observation reuse is unresolved. Shared task-episode grouping is a conditional dependence sensitivity, not authenticated pairing."
sanity/cascade/recorded_episodes/spearman_state,spearman_state,Spearman_rho,all,retrospective_last,call_weighted_median,2c9247a5467fcd0081f6d484adfb05fbdd4809feeced93e7ac8971137b1b31bd,2c9247a5467fcd0081f6d484adfb05fbdd4809feeced93e7ac8971137b1b31bd,400,0.6428571428571429,0.523809523809524,0.7142857142857144,16,400,conditional_empirical_episode_percentile,10000,0,"task,model,recorded_seed,episode",unknown,unknown,retrospective_descriptive,"Observation reuse is unresolved. Shared task-episode grouping is a conditional dependence sensitivity, not authenticated pairing."
sanity/cascade/conditional_shared_context/spearman_state,spearman_state,Spearman_rho,all,retrospective_last,call_weighted_median,2c9247a5467fcd0081f6d484adfb05fbdd4809feeced93e7ac8971137b1b31bd,2c9247a5467fcd0081f6d484adfb05fbdd4809feeced93e7ac8971137b1b31bd,400,0.6428571428571429,0.4523809523809524,0.7380952380952381,8,400,conditional_empirical_episode_percentile,10000,0,"task,model,episode (conditional shared-context sensitivity)",unknown,unknown,retrospective_descriptive,"Observation reuse is unresolved. Shared task-episode grouping is a conditional dependence sensitivity, not authenticated pairing."
baseline/PickCube/rho_black_gray,rho_black_gray,Spearman_rho,all,retrospective_last,call_weighted_median,d466d989e567843d74db455ea8198509e32b9dcdc5b2f428913ea1404a3c9506,d466d989e567843d74db455ea8198509e32b9dcdc5b2f428913ea1404a3c9506,30,0.8252742755040288,0.8231066337684058,0.8363630889622398,2,30,two_group_descriptive_only,10000,0,"task,model,recorded_seed,episode",unknown,unknown,retrospective_descriptive,Only two episode clusters. Percentile bounds do not establish calibrated 95% coverage.
baseline/PickCube/rho_black_blur,rho_black_blur,Spearman_rho,all,retrospective_last,call_weighted_median,d466d989e567843d74db455ea8198509e32b9dcdc5b2f428913ea1404a3c9506,d466d989e567843d74db455ea8198509e32b9dcdc5b2f428913ea1404a3c9506,30,0.538894029141511,0.5353634718178636,0.6064105617261847,2,30,two_group_descriptive_only,10000,0,"task,model,recorded_seed,episode",unknown,unknown,retrospective_descriptive,Only two episode clusters. Percentile bounds do not establish calibrated 95% coverage.
baseline/PickCube/rho_gray_blur,rho_gray_blur,Spearman_rho,all,retrospective_last,call_weighted_median,d466d989e567843d74db455ea8198509e32b9dcdc5b2f428913ea1404a3c9506,d466d989e567843d74db455ea8198509e32b9dcdc5b2f428913ea1404a3c9506,30,0.454980140668342,0.4541882033718845,0.48466744555321767,2,30,two_group_descriptive_only,10000,0,"task,model,recorded_seed,episode",unknown,unknown,retrospective_descriptive,Only two episode clusters. Percentile bounds do not establish calibrated 95% coverage.
baseline/StackCube/rho_black_gray,rho_black_gray,Spearman_rho,all,retrospective_last,call_weighted_median,779df9447e22b44a0333a7d0c35df0a542f96c7e1de2d91f70491e768ae9b095,779df9447e22b44a0333a7d0c35df0a542f96c7e1de2d91f70491e768ae9b095,30,0.8142227958978139,0.813961144472993,0.9232013855491846,2,30,two_group_descriptive_only,10000,0,"task,model,recorded_seed,episode",unknown,unknown,retrospective_descriptive,Only two episode clusters. Percentile bounds do not establish calibrated 95% coverage.
baseline/StackCube/rho_black_blur,rho_black_blur,Spearman_rho,all,retrospective_last,call_weighted_median,779df9447e22b44a0333a7d0c35df0a542f96c7e1de2d91f70491e768ae9b095,779df9447e22b44a0333a7d0c35df0a542f96c7e1de2d91f70491e768ae9b095,30,0.5457872189964068,0.5256041095157196,0.5538529231914755,2,30,two_group_descriptive_only,10000,0,"task,model,recorded_seed,episode",unknown,unknown,retrospective_descriptive,Only two episode clusters. Percentile bounds do not establish calibrated 95% coverage.
baseline/StackCube/rho_gray_blur,rho_gray_blur,Spearman_rho,all,retrospective_last,call_weighted_median,779df9447e22b44a0333a7d0c35df0a542f96c7e1de2d91f70491e768ae9b095,779df9447e22b44a0333a7d0c35df0a542f96c7e1de2d91f70491e768ae9b095,30,0.49596073585602896,0.4957545714492304,0.49616690026282745,2,30,two_group_descriptive_only,10000,0,"task,model,recorded_seed,episode",unknown,unknown,retrospective_descriptive,Only two episode clusters. Percentile bounds do not establish calibrated 95% coverage.
m128/PegInsertionSide/seed42/vision_pct_le3,vision_err,percent,norm_ge15,retrospective_last,call_weighted_mean,a7ecf900d084caaefe7e1ee7cd4b8021db03713fabea1bfeb2d923774b4f7997,a7ecf900d084caaefe7e1ee7cd4b8021db03713fabea1bfeb2d923774b4f7997,189,64.02116402116403,50.264550264550266,76.88172043010752,8,189,conditional_empirical_episode_percentile,10000,0,"task,model,recorded_seed,episode",unknown,unknown,retrospective_descriptive,Retrospective m128 population; earlier m64 observations are not authenticated matched contexts.
m128/PegInsertionSide/seed142/vision_pct_le3,vision_err,percent,norm_ge15,retrospective_last,call_weighted_mean,fe5a7d338b516fc1ed6e1aab2a470358b062b68b03111872c785f15749aee468,fe5a7d338b516fc1ed6e1aab2a470358b062b68b03111872c785f15749aee468,160,76.25,67.06129947896414,84.9673202614379,7,160,conditional_empirical_episode_percentile,10000,0,"task,model,recorded_seed,episode",unknown,unknown,retrospective_descriptive,Retrospective m128 population; earlier m64 observations are not authenticated matched contexts.
m128/PickSingleYCB/seed42/vision_pct_le3,vision_err,percent,norm_ge15,retrospective_last,call_weighted_mean,e1134db39ea50b3d127e57518958e98acce5f95ab275932425fd8d5cc2522129,e1134db39ea50b3d127e57518958e98acce5f95ab275932425fd8d5cc2522129,194,73.71134020618557,62.05128205128205,85.49222797927462,8,194,conditional_empirical_episode_percentile,10000,0,"task,model,recorded_seed,episode",unknown,unknown,retrospective_descriptive,Retrospective m128 population; earlier m64 observations are not authenticated matched contexts.
m128/PickSingleYCB/seed142/vision_pct_le3,vision_err,percent,norm_ge15,retrospective_last,call_weighted_mean,58dbcc4ed0513d7f65e6577e62c5c36758e7c54adfa51336b503d9a79990e492,58dbcc4ed0513d7f65e6577e62c5c36758e7c54adfa51336b503d9a79990e492,195,71.7948717948718,60.869565217391305,83.07692307692308,8,195,conditional_empirical_episode_percentile,10000,0,"task,model,recorded_seed,episode",unknown,unknown,retrospective_descriptive,Retrospective m128 population; earlier m64 observations are not authenticated matched contexts.
targets/Q_regeneration/all/vision_gap,vision_gap,Q_score,all,retrospective_last,call_weighted_median,97c633fad4d2727c69b8b121262c34a1b2bf9987f2daaf7f26433d5e2715dd7b,97c633fad4d2727c69b8b121262c34a1b2bf9987f2daaf7f26433d5e2715dd7b,750,0.012101391330361366,0.009193714964203537,0.01586740091443062,30,750,conditional_empirical_episode_percentile,10000,0,"task,model,recorded_seed,episode",unknown,unknown,retrospective_descriptive,Intervals condition on the released episode mixture and one checkpoint; historical numerical/provenance limitations remain.
targets/Q_regeneration/all/vision_pct_le3,vision_err,percent,all,retrospective_last,call_weighted_mean,97c633fad4d2727c69b8b121262c34a1b2bf9987f2daaf7f26433d5e2715dd7b,97c633fad4d2727c69b8b121262c34a1b2bf9987f2daaf7f26433d5e2715dd7b,750,75.73333333333333,68.4,82.13333333333334,30,750,conditional_empirical_episode_percentile,10000,0,"task,model,recorded_seed,episode",unknown,unknown,retrospective_descriptive,Intervals condition on the released episode mixture and one checkpoint; historical numerical/provenance limitations remain.
targets/Q_regeneration/norm_ge15/vision_gap,vision_gap,Q_score,norm_ge15,retrospective_last,call_weighted_median,794dfe8bcada5a8f6dbbcb30732c8fb64af5984097115a1767403cb33fa157cb,794dfe8bcada5a8f6dbbcb30732c8fb64af5984097115a1767403cb33fa157cb,699,0.012034548446536064,0.009067832492291927,0.01565513387322426,30,699,conditional_empirical_episode_percentile,10000,0,"task,model,recorded_seed,episode",unknown,unknown,retrospective_descriptive,Intervals condition on the released episode mixture and one checkpoint; historical numerical/provenance limitations remain.
targets/Q_regeneration/norm_ge15/vision_pct_le3,vision_err,percent,norm_ge15,retrospective_last,call_weighted_mean,794dfe8bcada5a8f6dbbcb30732c8fb64af5984097115a1767403cb33fa157cb,794dfe8bcada5a8f6dbbcb30732c8fb64af5984097115a1767403cb33fa157cb,699,76.82403433476395,69.03013529237585,83.6850255857797,30,699,conditional_empirical_episode_percentile,10000,0,"task,model,recorded_seed,episode",unknown,unknown,retrospective_descriptive,Intervals condition on the released episode mixture and one checkpoint; historical numerical/provenance limitations remain.
targets/Q_later/all/vision_gap,vision_gap,Q_score,all,retrospective_last,call_weighted_median,6de63ac00c57fa1e8eb8dee49a55b58c871303af4ff48a3ac4dcb188d5dd1226,6de63ac00c57fa1e8eb8dee49a55b58c871303af4ff48a3ac4dcb188d5dd1226,750,0.011539118364453316,0.009486918337643147,0.014771383139304815,30,750,conditional_empirical_episode_percentile,10000,0,"task,model,recorded_seed,episode",unknown,unknown,retrospective_descriptive,Intervals condition on the released episode mixture and one checkpoint; historical numerical/provenance limitations remain.
targets/Q_later/all/vision_pct_le3,vision_err,percent,all,retrospective_last,call_weighted_mean,6de63ac00c57fa1e8eb8dee49a55b58c871303af4ff48a3ac4dcb188d5dd1226,6de63ac00c57fa1e8eb8dee49a55b58c871303af4ff48a3ac4dcb188d5dd1226,750,75.46666666666667,68.0,82.13333333333334,30,750,conditional_empirical_episode_percentile,10000,0,"task,model,recorded_seed,episode",unknown,unknown,retrospective_descriptive,Intervals condition on the released episode mixture and one checkpoint; historical numerical/provenance limitations remain.
targets/Q_later/norm_ge15/vision_gap,vision_gap,Q_score,norm_ge15,retrospective_last,call_weighted_median,c2c4b6c601e04a935fdd649946d60b2a6de1f4dbfe6747315dc61c9c6d70a63b,c2c4b6c601e04a935fdd649946d60b2a6de1f4dbfe6747315dc61c9c6d70a63b,699,0.011459795758128166,0.009411755949258804,0.014741076622158289,30,699,conditional_empirical_episode_percentile,10000,0,"task,model,recorded_seed,episode",unknown,unknown,retrospective_descriptive,Intervals condition on the released episode mixture and one checkpoint; historical numerical/provenance limitations remain.
targets/Q_later/norm_ge15/vision_pct_le3,vision_err,percent,norm_ge15,retrospective_last,call_weighted_mean,c2c4b6c601e04a935fdd649946d60b2a6de1f4dbfe6747315dc61c9c6d70a63b,c2c4b6c601e04a935fdd649946d60b2a6de1f4dbfe6747315dc61c9c6d70a63b,699,75.82260371959943,67.70920943927149,82.88585308654017,30,699,conditional_empirical_episode_percentile,10000,0,"task,model,recorded_seed,episode",unknown,unknown,retrospective_descriptive,Intervals condition on the released episode mixture and one checkpoint; historical numerical/provenance limitations remain.
targets/L2/all/vision_gap,vision_gap,action_L2,all,retrospective_last,call_weighted_median,f5e6ee9af23c7232c8eed2ffd426f95c2466689729b88541a2323b23dd8cb77e,f5e6ee9af23c7232c8eed2ffd426f95c2466689729b88541a2323b23dd8cb77e,750,3.520201279090884,3.0682825221290613,4.030906869338992,30,750,conditional_empirical_episode_percentile,10000,0,"task,model,recorded_seed,episode",unknown,unknown,retrospective_descriptive,Intervals condition on the released episode mixture and one checkpoint; historical numerical/provenance limitations remain.
targets/L2/all/vision_pct_le3,vision_err,percent,all,retrospective_last,call_weighted_mean,f5e6ee9af23c7232c8eed2ffd426f95c2466689729b88541a2323b23dd8cb77e,f5e6ee9af23c7232c8eed2ffd426f95c2466689729b88541a2323b23dd8cb77e,750,11.333333333333334,7.2,16.666666666666668,30,750,conditional_empirical_episode_percentile,10000,0,"task,model,recorded_seed,episode",unknown,unknown,retrospective_descriptive,Intervals condition on the released episode mixture and one checkpoint; historical numerical/provenance limitations remain.
targets/L2/norm_ge15/vision_gap,vision_gap,action_L2,norm_ge15,retrospective_last,call_weighted_median,da4f5effbf889365d9ce781980e87b020887dd65622677af36ce86f8d20005ca,da4f5effbf889365d9ce781980e87b020887dd65622677af36ce86f8d20005ca,699,3.51046581404114,3.047204209732058,4.003854228424075,30,699,conditional_empirical_episode_percentile,10000,0,"task,model,recorded_seed,episode",unknown,unknown,retrospective_descriptive,Intervals condition on the released episode mixture and one checkpoint; historical numerical/provenance limitations remain.
targets/L2/norm_ge15/vision_pct_le3,vision_err,percent,norm_ge15,retrospective_last,call_weighted_mean,da4f5effbf889365d9ce781980e87b020887dd65622677af36ce86f8d20005ca,da4f5effbf889365d9ce781980e87b020887dd65622677af36ce86f8d20005ca,699,10.586552217453505,6.346967559943582,16.133836120233227,30,699,conditional_empirical_episode_percentile,10000,0,"task,model,recorded_seed,episode",unknown,unknown,retrospective_descriptive,Intervals condition on the released episode mixture and one checkpoint; historical numerical/provenance limitations remain.
targets/maxdev/all/vision_gap,vision_gap,action_coordinate,all,retrospective_last,call_weighted_median,b643fa397d460d980be558d4c22add225a3d4d8adc595dee664a8e2115de2059,b643fa397d460d980be558d4c22add225a3d4d8adc595dee664a8e2115de2059,750,0.4453125,0.3828125,0.48486328125,30,750,conditional_empirical_episode_percentile,10000,0,"task,model,recorded_seed,episode",unknown,unknown,retrospective_descriptive,Intervals condition on the released episode mixture and one checkpoint; historical numerical/provenance limitations remain.
targets/maxdev/all/vision_pct_le3,vision_err,percent,all,retrospective_last,call_weighted_mean,b643fa397d460d980be558d4c22add225a3d4d8adc595dee664a8e2115de2059,b643fa397d460d980be558d4c22add225a3d4d8adc595dee664a8e2115de2059,750,11.733333333333333,8.0,16.133333333333333,30,750,conditional_empirical_episode_percentile,10000,0,"task,model,recorded_seed,episode",unknown,unknown,retrospective_descriptive,Intervals condition on the released episode mixture and one checkpoint; historical numerical/provenance limitations remain.
targets/maxdev/norm_ge15/vision_gap,vision_gap,action_coordinate,norm_ge15,retrospective_last,call_weighted_median,af088305d0cc36df8fc7bfeba255f038be7c7328a1b6d61730df37b79f040426,af088305d0cc36df8fc7bfeba255f038be7c7328a1b6d61730df37b79f040426,699,0.43896484375,0.3818359375,0.484375,30,699,conditional_empirical_episode_percentile,10000,0,"task,model,recorded_seed,episode",unknown,unknown,retrospective_descriptive,Intervals condition on the released episode mixture and one checkpoint; historical numerical/provenance limitations remain.
targets/maxdev/norm_ge15/vision_pct_le3,vision_err,percent,norm_ge15,retrospective_last,call_weighted_mean,af088305d0cc36df8fc7bfeba255f038be7c7328a1b6d61730df37b79f040426,af088305d0cc36df8fc7bfeba255f038be7c7328a1b6d61730df37b79f040426,699,11.015736766809729,7.032348804500703,15.683453237410072,30,699,conditional_empirical_episode_percentile,10000,0,"task,model,recorded_seed,episode",unknown,unknown,retrospective_descriptive,Intervals condition on the released episode mixture and one checkpoint; historical numerical/provenance limitations remain.
targets/Q_later/native/vision_insertion_auc,vision_insertion_auc,dimensionless,all,retrospective_last,call_weighted_median,911501259de06df66ae52eb6eac2368cde3bd57b241f87b3af12f6f476243869,911501259de06df66ae52eb6eac2368cde3bd57b241f87b3af12f6f476243869,750,0.8834416169441943,0.844972753306427,0.9085572800018697,30,750,conditional_empirical_episode_percentile,10000,0,"task,model,recorded_seed,episode",unknown,unknown,retrospective_descriptive,Target-dependent response units/geometry. Cross-target observation/runtime identity is unresolved; these are unpaired descriptive summaries.
targets/Q_later/native/vision_deletion_auc,vision_deletion_auc,dimensionless,all,retrospective_last,call_weighted_median,911501259de06df66ae52eb6eac2368cde3bd57b241f87b3af12f6f476243869,911501259de06df66ae52eb6eac2368cde3bd57b241f87b3af12f6f476243869,750,0.44790320720927845,0.4082727908547812,0.5044976635283452,30,750,conditional_empirical_episode_percentile,10000,0,"task,model,recorded_seed,episode",unknown,unknown,retrospective_descriptive,Target-dependent response units/geometry. Cross-target observation/runtime identity is unresolved; these are unpaired descriptive summaries.
targets/Q_later/native/vision_dlogp_k5,vision_dlogp_k5,Q_score,all,retrospective_last,call_weighted_median,911501259de06df66ae52eb6eac2368cde3bd57b241f87b3af12f6f476243869,911501259de06df66ae52eb6eac2368cde3bd57b241f87b3af12f6f476243869,750,-0.0014453140902332962,-0.0019679218530654907,-0.0009970479120966053,30,750,conditional_empirical_episode_percentile,10000,0,"task,model,recorded_seed,episode",unknown,unknown,retrospective_descriptive,Target-dependent response units/geometry. Cross-target observation/runtime identity is unresolved; these are unpaired descriptive summaries.
targets/L2/native/vision_insertion_auc,vision_insertion_auc,dimensionless,all,retrospective_last,call_weighted_median,68ddb8f43bd752327b068d15656b2b7a224c20085fdc8529b270db2b870fd197,68ddb8f43bd752327b068d15656b2b7a224c20085fdc8529b270db2b870fd197,750,0.7564904598101228,0.7004168537574679,0.8026562716172022,30,750,conditional_empirical_episode_percentile,10000,0,"task,model,recorded_seed,episode",unknown,unknown,retrospective_descriptive,Target-dependent response units/geometry. Cross-target observation/runtime identity is unresolved; these are unpaired descriptive summaries.
targets/L2/native/vision_deletion_auc,vision_deletion_auc,dimensionless,all,retrospective_last,call_weighted_median,68ddb8f43bd752327b068d15656b2b7a224c20085fdc8529b270db2b870fd197,68ddb8f43bd752327b068d15656b2b7a224c20085fdc8529b270db2b870fd197,750,0.2830072650413369,0.2522500977021672,0.3273750692618522,30,750,conditional_empirical_episode_percentile,10000,0,"task,model,recorded_seed,episode",unknown,unknown,retrospective_descriptive,Target-dependent response units/geometry. Cross-target observation/runtime identity is unresolved; these are unpaired descriptive summaries.
targets/L2/native/vision_dlogp_k5,vision_dlogp_k5,action_L2,all,retrospective_last,call_weighted_median,68ddb8f43bd752327b068d15656b2b7a224c20085fdc8529b270db2b870fd197,68ddb8f43bd752327b068d15656b2b7a224c20085fdc8529b270db2b870fd197,750,-1.2299035324325587,-1.3838131977787043,-0.9840388728847529,30,750,conditional_empirical_episode_percentile,10000,0,"task,model,recorded_seed,episode",unknown,unknown,retrospective_descriptive,Target-dependent response units/geometry. Cross-target observation/runtime identity is unresolved; these are unpaired descriptive summaries.
targets/maxdev/native/vision_insertion_auc,vision_insertion_auc,dimensionless,all,retrospective_last,call_weighted_median,443f8bef1be46e5df2eb0d9fb69d3c30b0606e7c24b98e7374adc474bd609e90,443f8bef1be46e5df2eb0d9fb69d3c30b0606e7c24b98e7374adc474bd609e90,750,0.7241477272727272,0.6819881578947369,0.7809444444444444,30,750,conditional_empirical_episode_percentile,10000,0,"task,model,recorded_seed,episode",unknown,unknown,retrospective_descriptive,Target-dependent response units/geometry. Cross-target observation/runtime identity is unresolved; these are unpaired descriptive summaries.
targets/maxdev/native/vision_deletion_auc,vision_deletion_auc,dimensionless,all,retrospective_last,call_weighted_median,443f8bef1be46e5df2eb0d9fb69d3c30b0606e7c24b98e7374adc474bd609e90,443f8bef1be46e5df2eb0d9fb69d3c30b0606e7c24b98e7374adc474bd609e90,750,0.26917467948717944,0.22959703504043127,0.33333333333333337,30,750,conditional_empirical_episode_percentile,10000,0,"task,model,recorded_seed,episode",unknown,unknown,retrospective_descriptive,Target-dependent response units/geometry. Cross-target observation/runtime identity is unresolved; these are unpaired descriptive summaries.
targets/maxdev/native/vision_dlogp_k5,vision_dlogp_k5,action_coordinate,all,retrospective_last,call_weighted_median,443f8bef1be46e5df2eb0d9fb69d3c30b0606e7c24b98e7374adc474bd609e90,443f8bef1be46e5df2eb0d9fb69d3c30b0606e7c24b98e7374adc474bd609e90,750,-0.15625,-0.21875,-0.125,30,750,conditional_empirical_episode_percentile,10000,0,"task,model,recorded_seed,episode",unknown,unknown,retrospective_descriptive,Target-dependent response units/geometry. Cross-target observation/runtime identity is unresolved; these are unpaired descriptive summaries.
rescore/ranking_Q/response_Q/vision_insertion,vision_insertion_auc,dimensionless,all,retrospective_last,call_weighted_median,911501259de06df66ae52eb6eac2368cde3bd57b241f87b3af12f6f476243869,911501259de06df66ae52eb6eac2368cde3bd57b241f87b3af12f6f476243869,750,0.8834416169441944,0.844972753306427,0.9085572800018697,30,750,conditional_empirical_episode_percentile,10000,0,"task,model,recorded_seed,episode",unknown,unknown,retrospective_descriptive,The recorded ranking and curve samples are held fixed. Response transformation changes AUC; it does not demonstrate a better ranking. Cross-arm context matching remains unknown.
rescore/ranking_Q/response_Q/vision_deletion,vision_deletion_auc,dimensionless,all,retrospective_last,call_weighted_median,911501259de06df66ae52eb6eac2368cde3bd57b241f87b3af12f6f476243869,911501259de06df66ae52eb6eac2368cde3bd57b241f87b3af12f6f476243869,750,0.4479032072092785,0.40827279085478124,0.5044976635283451,30,750,conditional_empirical_episode_percentile,10000,0,"task,model,recorded_seed,episode",unknown,unknown,retrospective_descriptive,The recorded ranking and curve samples are held fixed. Response transformation changes AUC; it does not demonstrate a better ranking. Cross-arm context matching remains unknown.
rescore/ranking_Q/response_Q/lang_insertion,lang_insertion_auc,dimensionless,all,retrospective_last,call_weighted_median,911501259de06df66ae52eb6eac2368cde3bd57b241f87b3af12f6f476243869,911501259de06df66ae52eb6eac2368cde3bd57b241f87b3af12f6f476243869,750,0.5799000149957394,0.509558379972699,0.6581957400383246,30,750,conditional_empirical_episode_percentile,10000,0,"task,model,recorded_seed,episode",unknown,unknown,retrospective_descriptive,The recorded ranking and curve samples are held fixed. Response transformation changes AUC; it does not demonstrate a better ranking. Cross-arm context matching remains unknown.
rescore/ranking_Q/response_Q/lang_deletion,lang_deletion_auc,dimensionless,all,retrospective_last,call_weighted_median,911501259de06df66ae52eb6eac2368cde3bd57b241f87b3af12f6f476243869,911501259de06df66ae52eb6eac2368cde3bd57b241f87b3af12f6f476243869,750,0.3717863960899924,0.31114888836448557,0.428022464932473,30,750,conditional_empirical_episode_percentile,10000,0,"task,model,recorded_seed,episode",unknown,unknown,retrospective_descriptive,The recorded ranking and curve samples are held fixed. Response transformation changes AUC; it does not demonstrate a better ranking. Cross-arm context matching remains unknown.
rescore/ranking_Q/response_L2/vision_insertion,vision_insertion_auc,dimensionless,all,retrospective_last,call_weighted_median,911501259de06df66ae52eb6eac2368cde3bd57b241f87b3af12f6f476243869,911501259de06df66ae52eb6eac2368cde3bd57b241f87b3af12f6f476243869,750,0.7556794629881077,0.7183411039649392,0.7853170283762595,30,750,conditional_empirical_episode_percentile,10000,0,"task,model,recorded_seed,episode",unknown,unknown,retrospective_descriptive,The recorded ranking and curve samples are held fixed. Response transformation changes AUC; it does not demonstrate a better ranking. Cross-arm context matching remains unknown.
rescore/ranking_Q/response_L2/vision_deletion,vision_deletion_auc,dimensionless,all,retrospective_last,call_weighted_median,911501259de06df66ae52eb6eac2368cde3bd57b241f87b3af12f6f476243869,911501259de06df66ae52eb6eac2368cde3bd57b241f87b3af12f6f476243869,750,0.29075937221063786,0.25317902392131414,0.33323796440889375,30,750,conditional_empirical_episode_percentile,10000,0,"task,model,recorded_seed,episode",unknown,unknown,retrospective_descriptive,The recorded ranking and curve samples are held fixed. Response transformation changes AUC; it does not demonstrate a better ranking. Cross-arm context matching remains unknown.
rescore/ranking_Q/response_L2/lang_insertion,lang_insertion_auc,dimensionless,all,retrospective_last,call_weighted_median,911501259de06df66ae52eb6eac2368cde3bd57b241f87b3af12f6f476243869,911501259de06df66ae52eb6eac2368cde3bd57b241f87b3af12f6f476243869,750,0.46858491236206834,0.4121826818725042,0.515590799928694,30,750,conditional_empirical_episode_percentile,10000,0,"task,model,recorded_seed,episode",unknown,unknown,retrospective_descriptive,The recorded ranking and curve samples are held fixed. Response transformation changes AUC; it does not demonstrate a better ranking. Cross-arm context matching remains unknown.
rescore/ranking_Q/response_L2/lang_deletion,lang_deletion_auc,dimensionless,all,retrospective_last,call_weighted_median,911501259de06df66ae52eb6eac2368cde3bd57b241f87b3af12f6f476243869,911501259de06df66ae52eb6eac2368cde3bd57b241f87b3af12f6f476243869,750,0.25672365630831195,0.22795724334850723,0.28353069737776826,30,750,conditional_empirical_episode_percentile,10000,0,"task,model,recorded_seed,episode",unknown,unknown,retrospective_descriptive,The recorded ranking and curve samples are held fixed. Response transformation changes AUC; it does not demonstrate a better ranking. Cross-arm context matching remains unknown.
rescore/ranking_L2/response_Q/vision_insertion,vision_insertion_auc,dimensionless,all,retrospective_last,call_weighted_median,68ddb8f43bd752327b068d15656b2b7a224c20085fdc8529b270db2b870fd197,68ddb8f43bd752327b068d15656b2b7a224c20085fdc8529b270db2b870fd197,750,0.8840701042245038,0.8331551030841717,0.9209252801841858,30,750,conditional_empirical_episode_percentile,10000,0,"task,model,recorded_seed,episode",unknown,unknown,retrospective_descriptive,The recorded ranking and curve samples are held fixed. Response transformation changes AUC; it does not demonstrate a better ranking. Cross-arm context matching remains unknown.
rescore/ranking_L2/response_Q/vision_deletion,vision_deletion_auc,dimensionless,all,retrospective_last,call_weighted_median,68ddb8f43bd752327b068d15656b2b7a224c20085fdc8529b270db2b870fd197,68ddb8f43bd752327b068d15656b2b7a224c20085fdc8529b270db2b870fd197,750,0.4403761942226958,0.40233584232670905,0.5005607995671107,30,750,conditional_empirical_episode_percentile,10000,0,"task,model,recorded_seed,episode",unknown,unknown,retrospective_descriptive,The recorded ranking and curve samples are held fixed. Response transformation changes AUC; it does not demonstrate a better ranking. Cross-arm context matching remains unknown.
rescore/ranking_L2/response_Q/lang_insertion,lang_insertion_auc,dimensionless,all,retrospective_last,call_weighted_median,68ddb8f43bd752327b068d15656b2b7a224c20085fdc8529b270db2b870fd197,68ddb8f43bd752327b068d15656b2b7a224c20085fdc8529b270db2b870fd197,750,0.6347441971709666,0.582350792710264,0.7203727588223704,30,750,conditional_empirical_episode_percentile,10000,0,"task,model,recorded_seed,episode",unknown,unknown,retrospective_descriptive,The recorded ranking and curve samples are held fixed. Response transformation changes AUC; it does not demonstrate a better ranking. Cross-arm context matching remains unknown.
rescore/ranking_L2/response_Q/lang_deletion,lang_deletion_auc,dimensionless,all,retrospective_last,call_weighted_median,68ddb8f43bd752327b068d15656b2b7a224c20085fdc8529b270db2b870fd197,68ddb8f43bd752327b068d15656b2b7a224c20085fdc8529b270db2b870fd197,750,0.3676008423713577,0.30165870350305507,0.40725184147638893,30,750,conditional_empirical_episode_percentile,10000,0,"task,model,recorded_seed,episode",unknown,unknown,retrospective_descriptive,The recorded ranking and curve samples are held fixed. Response transformation changes AUC; it does not demonstrate a better ranking. Cross-arm context matching remains unknown.
rescore/ranking_L2/response_L2/vision_insertion,vision_insertion_auc,dimensionless,all,retrospective_last,call_weighted_median,68ddb8f43bd752327b068d15656b2b7a224c20085fdc8529b270db2b870fd197,68ddb8f43bd752327b068d15656b2b7a224c20085fdc8529b270db2b870fd197,750,0.7564904598101228,0.7004168537574679,0.8026562716172022,30,750,conditional_empirical_episode_percentile,10000,0,"task,model,recorded_seed,episode",unknown,unknown,retrospective_descriptive,The recorded ranking and curve samples are held fixed. Response transformation changes AUC; it does not demonstrate a better ranking. Cross-arm context matching remains unknown.
rescore/ranking_L2/response_L2/vision_deletion,vision_deletion_auc,dimensionless,all,retrospective_last,call_weighted_median,68ddb8f43bd752327b068d15656b2b7a224c20085fdc8529b270db2b870fd197,68ddb8f43bd752327b068d15656b2b7a224c20085fdc8529b270db2b870fd197,750,0.28300726504133694,0.2522500977021673,0.3273750692618522,30,750,conditional_empirical_episode_percentile,10000,0,"task,model,recorded_seed,episode",unknown,unknown,retrospective_descriptive,The recorded ranking and curve samples are held fixed. Response transformation changes AUC; it does not demonstrate a better ranking. Cross-arm context matching remains unknown.
rescore/ranking_L2/response_L2/lang_insertion,lang_insertion_auc,dimensionless,all,retrospective_last,call_weighted_median,68ddb8f43bd752327b068d15656b2b7a224c20085fdc8529b270db2b870fd197,68ddb8f43bd752327b068d15656b2b7a224c20085fdc8529b270db2b870fd197,750,0.5074800936514182,0.45640542094255415,0.5660348138796581,30,750,conditional_empirical_episode_percentile,10000,0,"task,model,recorded_seed,episode",unknown,unknown,retrospective_descriptive,The recorded ranking and curve samples are held fixed. Response transformation changes AUC; it does not demonstrate a better ranking. Cross-arm context matching remains unknown.
rescore/ranking_L2/response_L2/lang_deletion,lang_deletion_auc,dimensionless,all,retrospective_last,call_weighted_median,68ddb8f43bd752327b068d15656b2b7a224c20085fdc8529b270db2b870fd197,68ddb8f43bd752327b068d15656b2b7a224c20085fdc8529b270db2b870fd197,750,0.24907561518574198,0.2016614216743881,0.2778572563265995,30,750,conditional_empirical_episode_percentile,10000,0,"task,model,recorded_seed,episode",unknown,unknown,retrospective_descriptive,The recorded ranking and curve samples are held fixed. Response transformation changes AUC; it does not demonstrate a better ranking. Cross-arm context matching remains unknown.
m128/PegInsertionSide/seed142/vision_pct_le3,vision_err,percent,norm_ge15,conflict_excluded,call_weighted_mean,09f94707e65952562dc09d98d24afd4dd184b4d3b08555b51d66103c4c2e8730,09f94707e65952562dc09d98d24afd4dd184b4d3b08555b51d66103c4c2e8730,142,75.35211267605634,63.758389261744966,84.9673202614379,7,142,conditional_empirical_episode_percentile,10000,0,"task,model,recorded_seed,episode",unknown,unknown,retrospective_descriptive,Retrospective m128 population; earlier m64 observations are not authenticated matched contexts.
targets/L2/all/vision_gap,vision_gap,action_L2,all,conflict_excluded,call_weighted_median,2d40a0bca8f8494153f2e09b9e03edcbd6a2fee28b7232a7cd949bab6518081f,2d40a0bca8f8494153f2e09b9e03edcbd6a2fee28b7232a7cd949bab6518081f,727,3.5171565546264674,3.0482635034790064,4.030423594879153,30,727,conditional_empirical_episode_percentile,10000,0,"task,model,recorded_seed,episode",unknown,unknown,retrospective_descriptive,Intervals condition on the released episode mixture and one checkpoint; historical numerical/provenance limitations remain.
targets/L2/all/vision_pct_le3,vision_err,percent,all,conflict_excluded,call_weighted_mean,2d40a0bca8f8494153f2e09b9e03edcbd6a2fee28b7232a7cd949bab6518081f,2d40a0bca8f8494153f2e09b9e03edcbd6a2fee28b7232a7cd949bab6518081f,727,11.279229711141678,6.9602272727272725,16.781292984869324,30,727,conditional_empirical_episode_percentile,10000,0,"task,model,recorded_seed,episode",unknown,unknown,retrospective_descriptive,Intervals condition on the released episode mixture and one checkpoint; historical numerical/provenance limitations remain.
targets/L2/norm_ge15/vision_gap,vision_gap,action_L2,norm_ge15,conflict_excluded,call_weighted_median,08b1e517721c5d5a27f4cf9cf42a573329b5d465d7612ffbb5cc7197fa9dc162,08b1e517721c5d5a27f4cf9cf42a573329b5d465d7612ffbb5cc7197fa9dc162,678,3.4917215837707545,3.0211152567138697,4.003854228424075,30,678,conditional_empirical_episode_percentile,10000,0,"task,model,recorded_seed,episode",unknown,unknown,retrospective_descriptive,Intervals condition on the released episode mixture and one checkpoint; historical numerical/provenance limitations remain.
targets/L2/norm_ge15/vision_pct_le3,vision_err,percent,norm_ge15,conflict_excluded,call_weighted_mean,08b1e517721c5d5a27f4cf9cf42a573329b5d465d7612ffbb5cc7197fa9dc162,08b1e517721c5d5a27f4cf9cf42a573329b5d465d7612ffbb5cc7197fa9dc162,678,10.47197640117994,6.082962592381058,16.228187716611586,30,678,conditional_empirical_episode_percentile,10000,0,"task,model,recorded_seed,episode",unknown,unknown,retrospective_descriptive,Intervals condition on the released episode mixture and one checkpoint; historical numerical/provenance limitations remain.
targets/maxdev/all/vision_gap,vision_gap,action_coordinate,all,conflict_excluded,call_weighted_median,46b1dc5332b82f2cb224abfbede236e7c77df901447910acd3d099c23af94a6c,46b1dc5332b82f2cb224abfbede236e7c77df901447910acd3d099c23af94a6c,735,0.44921875,0.3828125,0.490234375,30,735,conditional_empirical_episode_percentile,10000,0,"task,model,recorded_seed,episode",unknown,unknown,retrospective_descriptive,Intervals condition on the released episode mixture and one checkpoint; historical numerical/provenance limitations remain.
targets/maxdev/all/vision_pct_le3,vision_err,percent,all,conflict_excluded,call_weighted_mean,46b1dc5332b82f2cb224abfbede236e7c77df901447910acd3d099c23af94a6c,46b1dc5332b82f2cb224abfbede236e7c77df901447910acd3d099c23af94a6c,735,11.83673469387755,8.02721088435374,16.266666666666666,30,735,conditional_empirical_episode_percentile,10000,0,"task,model,recorded_seed,episode",unknown,unknown,retrospective_descriptive,Intervals condition on the released episode mixture and one checkpoint; historical numerical/provenance limitations remain.
targets/maxdev/norm_ge15/vision_gap,vision_gap,action_coordinate,norm_ge15,conflict_excluded,call_weighted_median,bc1c216b13c1051fbe9c95db4a9673eccef0b1b4a70017257fb0747066777b4e,bc1c216b13c1051fbe9c95db4a9673eccef0b1b4a70017257fb0747066777b4e,685,0.4453125,0.3828125,0.4921875,30,685,conditional_empirical_episode_percentile,10000,0,"task,model,recorded_seed,episode",unknown,unknown,retrospective_descriptive,Intervals condition on the released episode mixture and one checkpoint; historical numerical/provenance limitations remain.
targets/maxdev/norm_ge15/vision_pct_le3,vision_err,percent,norm_ge15,conflict_excluded,call_weighted_mean,bc1c216b13c1051fbe9c95db4a9673eccef0b1b4a70017257fb0747066777b4e,bc1c216b13c1051fbe9c95db4a9673eccef0b1b4a70017257fb0747066777b4e,685,11.094890510948906,7.027818448023426,15.806112909767043,30,685,conditional_empirical_episode_percentile,10000,0,"task,model,recorded_seed,episode",unknown,unknown,retrospective_descriptive,Intervals condition on the released episode mixture and one checkpoint; historical numerical/provenance limitations remain.
