stratum,episode,call,context_id,modality,target,ranking,candidate_m,reference_m,coordinate_relative_l1,coordinate_absolute_l1,reference_coordinate_l1,coordinate_threshold,coordinate_status,reference_completeness,reference_gap,reference_sum,reference_absolute_residual,report_sha256
pickcube-170m,0,0,bb81d57f9e16bf591c45d8bcd003c3e11e9939bd03bafcef3d8607afc936b241,vision,Q,IG,128,256,1.1160497307537158e-05,1.4366396672208886e-08,0.001287254167653143,0.01,satisfies,1.0546120293266512e-06,4.4844666263088584e-05,4.4844713556813076e-05,4.729372449219227e-11,fc8016a30b60c8c1151e81f27aa04be581397263ba29ddf6c3f37fd5c9796110
pickcube-170m,0,0,bb81d57f9e16bf591c45d8bcd003c3e11e9939bd03bafcef3d8607afc936b241,vision,Q,path_gradient,128,256,4.1926055894851866e-06,3.2878698794218116e-08,0.007842068158444477,0.01,satisfies,1.0546120293266512e-06,4.4844666263088584e-05,4.4844713556813076e-05,4.729372449219227e-11,fc8016a30b60c8c1151e81f27aa04be581397263ba29ddf6c3f37fd5c9796110
pickcube-170m,0,0,bb81d57f9e16bf591c45d8bcd003c3e11e9939bd03bafcef3d8607afc936b241,vision,Q,IG,128,512,1.3940126868702032e-05,1.7944501094718992e-08,0.0012872552211133361,0.01,satisfies,3.24496009023585e-07,4.4844666263088584e-05,4.484468081500381e-05,1.4551915228366852e-11,fc8016a30b60c8c1151e81f27aa04be581397263ba29ddf6c3f37fd5c9796110
pickcube-170m,0,0,bb81d57f9e16bf591c45d8bcd003c3e11e9939bd03bafcef3d8607afc936b241,vision,Q,path_gradient,128,512,5.244628792886872e-06,4.112873494499547e-08,0.00784206786966069,0.01,satisfies,3.24496009023585e-07,4.4844666263088584e-05,4.484468081500381e-05,1.4551915228366852e-11,fc8016a30b60c8c1151e81f27aa04be581397263ba29ddf6c3f37fd5c9796110
pickcube-170m,0,0,bb81d57f9e16bf591c45d8bcd003c3e11e9939bd03bafcef3d8607afc936b241,vision,Q,IG,256,512,2.841806252621702e-06,3.6581299360798105e-09,0.0012872552211133361,0.01,satisfies,3.24496009023585e-07,4.4844666263088584e-05,4.484468081500381e-05,1.4551915228366852e-11,fc8016a30b60c8c1151e81f27aa04be581397263ba29ddf6c3f37fd5c9796110
pickcube-170m,0,0,bb81d57f9e16bf591c45d8bcd003c3e11e9939bd03bafcef3d8607afc936b241,vision,Q,path_gradient,256,512,1.2106754599867647e-06,9.494199125348885e-09,0.00784206786966069,0.01,satisfies,3.24496009023585e-07,4.4844666263088584e-05,4.484468081500381e-05,1.4551915228366852e-11,fc8016a30b60c8c1151e81f27aa04be581397263ba29ddf6c3f37fd5c9796110
pickcube-170m,0,0,bb81d57f9e16bf591c45d8bcd003c3e11e9939bd03bafcef3d8607afc936b241,vision,L2,IG,128,256,0.001839890689069199,0.009608153448367584,5.222132763348213,0.01,satisfies,0.0015239757771574138,0.21429070830345154,0.21396413445472717,0.00032657384872436523,611ea0c3ca1da94cabd75f3af0f987c62aa99741d9c036b41a661c8e76a621e2
pickcube-170m,0,0,bb81d57f9e16bf591c45d8bcd003c3e11e9939bd03bafcef3d8607afc936b241,vision,L2,path_gradient,128,256,0.0008545060031658953,0.022565106949095023,26.40719534502111,0.01,satisfies,0.0015239757771574138,0.21429070830345154,0.21396413445472717,0.00032657384872436523,611ea0c3ca1da94cabd75f3af0f987c62aa99741d9c036b41a661c8e76a621e2
pickcube-170m,0,0,bb81d57f9e16bf591c45d8bcd003c3e11e9939bd03bafcef3d8607afc936b241,vision,L2,IG,128,512,0.002760225824636096,0.014418482257274998,5.223660371765383,0.01,satisfies,0.0007603885345508451,0.21429070830345154,0.21412776410579681,0.00016294419765472412,611ea0c3ca1da94cabd75f3af0f987c62aa99741d9c036b41a661c8e76a621e2
pickcube-170m,0,0,bb81d57f9e16bf591c45d8bcd003c3e11e9939bd03bafcef3d8607afc936b241,vision,L2,path_gradient,128,512,0.0012802747489666312,0.03381367846852873,26.41126718762618,0.01,satisfies,0.0007603885345508451,0.21429070830345154,0.21412776410579681,0.00016294419765472412,611ea0c3ca1da94cabd75f3af0f987c62aa99741d9c036b41a661c8e76a621e2
pickcube-170m,0,0,bb81d57f9e16bf591c45d8bcd003c3e11e9939bd03bafcef3d8607afc936b241,vision,L2,IG,256,512,0.000920909528680464,0.004810518610949276,5.223660371765383,0.01,satisfies,0.0007603885345508451,0.21429070830345154,0.21412776410579681,0.00016294419765472412,611ea0c3ca1da94cabd75f3af0f987c62aa99741d9c036b41a661c8e76a621e2
pickcube-170m,0,0,bb81d57f9e16bf591c45d8bcd003c3e11e9939bd03bafcef3d8607afc936b241,vision,L2,path_gradient,256,512,0.0004259273640914849,0.011249281415541545,26.41126718762618,0.01,satisfies,0.0007603885345508451,0.21429070830345154,0.21412776410579681,0.00016294419765472412,611ea0c3ca1da94cabd75f3af0f987c62aa99741d9c036b41a661c8e76a621e2
pickcube-170m,0,0,bb81d57f9e16bf591c45d8bcd003c3e11e9939bd03bafcef3d8607afc936b241,language,Q,IG,128,256,6.565050593330614e-05,8.716572372738536e-09,0.00013277235641707982,0.01,satisfies,1.9432933908685204e-05,1.94695148820756e-05,1.9469893231871538e-05,3.7834979593753815e-10,1daf1985aa5a6e3c26164e35d7c213d416617e7e99362434e900db2fc2c31252
pickcube-170m,0,0,bb81d57f9e16bf591c45d8bcd003c3e11e9939bd03bafcef3d8607afc936b241,language,Q,path_gradient,128,256,6.27785037187492e-05,2.5896877223164846e-08,0.00041251185818610997,0.01,satisfies,1.9432933908685204e-05,1.94695148820756e-05,1.9469893231871538e-05,3.7834979593753815e-10,1daf1985aa5a6e3c26164e35d7c213d416617e7e99362434e900db2fc2c31252
pickcube-170m,0,0,bb81d57f9e16bf591c45d8bcd003c3e11e9939bd03bafcef3d8607afc936b241,language,Q,IG,128,512,8.202805422801766e-05,1.089103895700839e-08,0.0001327721236289965,0.01,satisfies,4.204240509090549e-06,1.94695148820756e-05,1.946959673659876e-05,8.185452315956354e-11,1daf1985aa5a6e3c26164e35d7c213d416617e7e99362434e900db2fc2c31252
pickcube-170m,0,0,bb81d57f9e16bf591c45d8bcd003c3e11e9939bd03bafcef3d8607afc936b241,language,Q,path_gradient,128,512,7.844084914820577e-05,3.235775003951509e-08,0.0004125114706290151,0.01,satisfies,4.204240509090549e-06,1.94695148820756e-05,1.946959673659876e-05,8.185452315956354e-11,1daf1985aa5a6e3c26164e35d7c213d416617e7e99362434e900db2fc2c31252
pickcube-170m,0,0,bb81d57f9e16bf591c45d8bcd003c3e11e9939bd03bafcef3d8607afc936b241,language,Q,IG,256,512,1.6395603033037854e-05,2.176879032874452e-09,0.0001327721236289965,0.01,satisfies,4.204240509090549e-06,1.94695148820756e-05,1.946959673659876e-05,8.185452315956354e-11,1daf1985aa5a6e3c26164e35d7c213d416617e7e99362434e900db2fc2c31252
pickcube-170m,0,0,bb81d57f9e16bf591c45d8bcd003c3e11e9939bd03bafcef3d8607afc936b241,language,Q,path_gradient,256,512,1.5680854378775917e-05,6.468532300508284e-09,0.00041251147062901504,0.01,satisfies,4.204240509090549e-06,1.94695148820756e-05,1.946959673659876e-05,8.185452315956354e-11,1daf1985aa5a6e3c26164e35d7c213d416617e7e99362434e900db2fc2c31252
pickcube-170m,0,0,bb81d57f9e16bf591c45d8bcd003c3e11e9939bd03bafcef3d8607afc936b241,language,L2,IG,128,256,0.002440774250858023,0.0022518816548630083,0.9226095588608362,0.01,satisfies,0.0019430008751999488,0.14119668304920197,0.14092233777046204,0.0002743452787399292,93569acccaa20a018767af059d0daa87c0ff6dfffd9ac2bd4f815182c7f288af
pickcube-170m,0,0,bb81d57f9e16bf591c45d8bcd003c3e11e9939bd03bafcef3d8607afc936b241,language,L2,path_gradient,128,256,0.002838148131396306,0.008496607897470199,2.993715445461987,0.01,satisfies,0.0019430008751999488,0.14119668304920197,0.14092233777046204,0.0002743452787399292,93569acccaa20a018767af059d0daa87c0ff6dfffd9ac2bd4f815182c7f288af
pickcube-170m,0,0,bb81d57f9e16bf591c45d8bcd003c3e11e9939bd03bafcef3d8607afc936b241,language,L2,IG,128,512,0.0036554015551405793,0.0033759039775850264,0.9235384749556458,0.01,satisfies,0.0009710255310800461,0.14119668304920197,0.14105957746505737,0.00013710558414459229,93569acccaa20a018767af059d0daa87c0ff6dfffd9ac2bd4f815182c7f288af
pickcube-170m,0,0,bb81d57f9e16bf591c45d8bcd003c3e11e9939bd03bafcef3d8607afc936b241,language,L2,path_gradient,128,512,0.004250497183541685,0.012739916412090935,2.997276756568869,0.01,satisfies,0.0009710255310800461,0.14119668304920197,0.14105957746505737,0.00013710558414459229,93569acccaa20a018767af059d0daa87c0ff6dfffd9ac2bd4f815182c7f288af
pickcube-170m,0,0,bb81d57f9e16bf591c45d8bcd003c3e11e9939bd03bafcef3d8607afc936b241,language,L2,IG,256,512,0.0012172614755292176,0.0011241878067325128,0.9235384749556458,0.01,satisfies,0.0009710255310800461,0.14119668304920197,0.14105957746505737,0.00013710558414459229,93569acccaa20a018767af059d0daa87c0ff6dfffd9ac2bd4f815182c7f288af
pickcube-170m,0,0,bb81d57f9e16bf591c45d8bcd003c3e11e9939bd03bafcef3d8607afc936b241,language,L2,path_gradient,256,512,0.0014158565807474745,0.004243714020109479,2.997276756568869,0.01,satisfies,0.0009710255310800461,0.14119668304920197,0.14105957746505737,0.00013710558414459229,93569acccaa20a018767af059d0daa87c0ff6dfffd9ac2bd4f815182c7f288af
pickcube-170m,0,0,bb81d57f9e16bf591c45d8bcd003c3e11e9939bd03bafcef3d8607afc936b241,state,Q,IG,256,512,1.5000576247715998e-05,2.158602001145482e-06,0.1439012718910817,0.01,satisfies,6.194355703083351e-06,0.05593027174472809,0.05592992529273033,3.46451997756958e-07,89e7b6574b5b1f2eae90978a8465a0eb696ae06eadfde2ccd1f40dfcb0adefb6
pickcube-170m,0,0,bb81d57f9e16bf591c45d8bcd003c3e11e9939bd03bafcef3d8607afc936b241,state,Q,path_gradient,256,512,4.692169224667677e-06,8.679133316036314e-06,1.8497059463261396,0.01,satisfies,6.194355703083351e-06,0.05593027174472809,0.05592992529273033,3.46451997756958e-07,89e7b6574b5b1f2eae90978a8465a0eb696ae06eadfde2ccd1f40dfcb0adefb6
pickcube-170m,0,0,bb81d57f9e16bf591c45d8bcd003c3e11e9939bd03bafcef3d8607afc936b241,state,Q,IG,256,1024,1.6133390218274424e-05,2.3216125555336475e-06,0.1439010972972028,0.01,satisfies,3.1970868144946326e-06,0.05593027174472809,0.05593009293079376,1.7881393432617188e-07,89e7b6574b5b1f2eae90978a8465a0eb696ae06eadfde2ccd1f40dfcb0adefb6
pickcube-170m,0,0,bb81d57f9e16bf591c45d8bcd003c3e11e9939bd03bafcef3d8607afc936b241,state,Q,path_gradient,256,1024,5.156111816347389e-06,9.537288860883564e-06,1.8497055922343864,0.01,satisfies,3.1970868144946326e-06,0.05593027174472809,0.05593009293079376,1.7881393432617188e-07,89e7b6574b5b1f2eae90978a8465a0eb696ae06eadfde2ccd1f40dfcb0adefb6
pickcube-170m,0,0,bb81d57f9e16bf591c45d8bcd003c3e11e9939bd03bafcef3d8607afc936b241,state,Q,IG,512,1024,2.0000388099350104e-06,2.878077793866396e-07,0.14390109729720277,0.01,satisfies,3.1970868144946326e-06,0.05593027174472809,0.05593009293079376,1.7881393432617188e-07,89e7b6574b5b1f2eae90978a8465a0eb696ae06eadfde2ccd1f40dfcb0adefb6
pickcube-170m,0,0,bb81d57f9e16bf591c45d8bcd003c3e11e9939bd03bafcef3d8607afc936b241,state,Q,path_gradient,512,1024,1.2443002442346338e-06,2.3015891201794147e-06,1.8497055922343864,0.01,satisfies,3.1970868144946326e-06,0.05593027174472809,0.05593009293079376,1.7881393432617188e-07,89e7b6574b5b1f2eae90978a8465a0eb696ae06eadfde2ccd1f40dfcb0adefb6
pickcube-170m,0,0,bb81d57f9e16bf591c45d8bcd003c3e11e9939bd03bafcef3d8607afc936b241,state,L2,IG,256,512,9.550248115075769e-05,0.001293335109949112,13.54242417961359,0.01,satisfies,0.00011776222288702816,7.567865371704102,7.56697416305542,0.0008912086486816406,8d0af60301142a4adc540607e48aaaa876a200865544005527e2e3b6908aaeeb
pickcube-170m,0,0,bb81d57f9e16bf591c45d8bcd003c3e11e9939bd03bafcef3d8607afc936b241,state,L2,path_gradient,256,512,2.274726425998051e-05,0.004255453881341964,187.0754141116049,0.01,satisfies,0.00011776222288702816,7.567865371704102,7.56697416305542,0.0008912086486816406,8d0af60301142a4adc540607e48aaaa876a200865544005527e2e3b6908aaeeb
pickcube-170m,0,0,bb81d57f9e16bf591c45d8bcd003c3e11e9939bd03bafcef3d8607afc936b241,state,L2,IG,256,1024,0.0001286266835112206,0.0017418637871742249,13.542009633034468,0.01,satisfies,5.872359108117188e-05,7.567865371704102,7.567420959472656,0.0004444122314453125,8d0af60301142a4adc540607e48aaaa876a200865544005527e2e3b6908aaeeb
pickcube-170m,0,0,bb81d57f9e16bf591c45d8bcd003c3e11e9939bd03bafcef3d8607afc936b241,state,L2,path_gradient,256,1024,2.9538887123825203e-05,0.005525992019101977,187.07515946478816,0.01,satisfies,5.872359108117188e-05,7.567865371704102,7.567420959472656,0.0004444122314453125,8d0af60301142a4adc540607e48aaaa876a200865544005527e2e3b6908aaeeb
pickcube-170m,0,0,bb81d57f9e16bf591c45d8bcd003c3e11e9939bd03bafcef3d8607afc936b241,state,L2,IG,512,1024,3.445932338568762e-05,0.00046664848923683167,13.542009633034466,0.01,satisfies,5.872359108117188e-05,7.567865371704102,7.567420959472656,0.0004444122314453125,8d0af60301142a4adc540607e48aaaa876a200865544005527e2e3b6908aaeeb
pickcube-170m,0,0,bb81d57f9e16bf591c45d8bcd003c3e11e9939bd03bafcef3d8607afc936b241,state,L2,path_gradient,512,1024,7.638067939404765e-06,0.0014288927777670324,187.07515946478816,0.01,satisfies,5.872359108117188e-05,7.567865371704102,7.567420959472656,0.0004444122314453125,8d0af60301142a4adc540607e48aaaa876a200865544005527e2e3b6908aaeeb
pickcube-170m,0,12,ad79534e454a06c4b8eb0413c66cea902ad6134d9f8c58eec8a44bff789def45,vision,Q,IG,128,256,2.9727951336139113e-05,7.365492340227657e-06,0.2477631995876458,0.01,satisfies,2.828857870636958e-06,0.014814995229244232,0.014814953319728374,4.190951585769653e-08,76d642e3b3ec26d3bedd7d440de9216916b83bf3f971ab450bd169ed6aab7dfe
pickcube-170m,0,12,ad79534e454a06c4b8eb0413c66cea902ad6134d9f8c58eec8a44bff789def45,vision,Q,path_gradient,128,256,1.5032675777838571e-05,1.3765980487516998e-05,0.9157372041384038,0.01,satisfies,2.828857870636958e-06,0.014814995229244232,0.014814953319728374,4.190951585769653e-08,76d642e3b3ec26d3bedd7d440de9216916b83bf3f971ab450bd169ed6aab7dfe
pickcube-170m,0,12,ad79534e454a06c4b8eb0413c66cea902ad6134d9f8c58eec8a44bff789def45,vision,Q,IG,128,512,3.7192296571163466e-05,9.214881631032773e-06,0.24776317895296104,0.01,satisfies,6.286350823637685e-07,0.014814995229244232,0.014814985916018486,9.313225746154785e-09,76d642e3b3ec26d3bedd7d440de9216916b83bf3f971ab450bd169ed6aab7dfe
pickcube-170m,0,12,ad79534e454a06c4b8eb0413c66cea902ad6134d9f8c58eec8a44bff789def45,vision,Q,path_gradient,128,512,1.8829626127924e-05,1.7242976814352802e-05,0.9157365471416224,0.01,satisfies,6.286350823637685e-07,0.014814995229244232,0.014814985916018486,9.313225746154785e-09,76d642e3b3ec26d3bedd7d440de9216916b83bf3f971ab450bd169ed6aab7dfe
pickcube-170m,0,12,ad79534e454a06c4b8eb0413c66cea902ad6134d9f8c58eec8a44bff789def45,vision,Q,IG,256,512,7.496429433864932e-06,1.8573391873309213e-06,0.24776317895296102,0.01,satisfies,6.286350823637685e-07,0.014814995229244232,0.014814985916018486,9.313225746154785e-09,76d642e3b3ec26d3bedd7d440de9216916b83bf3f971ab450bd169ed6aab7dfe
pickcube-170m,0,12,ad79534e454a06c4b8eb0413c66cea902ad6134d9f8c58eec8a44bff789def45,vision,Q,path_gradient,256,512,3.857103240254439e-06,3.532090403199364e-06,0.9157365471416224,0.01,satisfies,6.286350823637685e-07,0.014814995229244232,0.014814985916018486,9.313225746154785e-09,76d642e3b3ec26d3bedd7d440de9216916b83bf3f971ab450bd169ed6aab7dfe
pickcube-170m,0,12,ad79534e454a06c4b8eb0413c66cea902ad6134d9f8c58eec8a44bff789def45,vision,L2,IG,128,256,0.006457766131803283,0.43798064915819673,67.82231505740421,0.01,satisfies,0.001857000835610588,3.8949387073516846,3.8877058029174805,0.0072329044342041016,fea9ca1c300ee23ea17ef238d289809b5e078bb4153410586056f22eafdc94f7
pickcube-170m,0,12,ad79534e454a06c4b8eb0413c66cea902ad6134d9f8c58eec8a44bff789def45,vision,L2,path_gradient,128,256,0.0046803470658160415,0.8274454767219563,176.79147829984424,0.01,satisfies,0.001857000835610588,3.8949387073516846,3.8877058029174805,0.0072329044342041016,fea9ca1c300ee23ea17ef238d289809b5e078bb4153410586056f22eafdc94f7
pickcube-170m,0,12,ad79534e454a06c4b8eb0413c66cea902ad6134d9f8c58eec8a44bff789def45,vision,L2,IG,128,512,0.009666679371584492,0.6567542650300005,67.94000708873725,0.01,satisfies,0.0009287758736433876,3.8949387073516846,3.8913211822509766,0.003617525100708008,fea9ca1c300ee23ea17ef238d289809b5e078bb4153410586056f22eafdc94f7
pickcube-170m,0,12,ad79534e454a06c4b8eb0413c66cea902ad6134d9f8c58eec8a44bff789def45,vision,L2,path_gradient,128,512,0.0070140381053776625,1.240833859982501,176.90720257581063,0.01,satisfies,0.0009287758736433876,3.8949387073516846,3.8913211822509766,0.003617525100708008,fea9ca1c300ee23ea17ef238d289809b5e078bb4153410586056f22eafdc94f7
pickcube-170m,0,12,ad79534e454a06c4b8eb0413c66cea902ad6134d9f8c58eec8a44bff789def45,vision,L2,IG,256,512,0.003220103687242687,0.2187738673377371,67.94000708873725,0.01,satisfies,0.0009287758736433876,3.8949387073516846,3.8913211822509766,0.003617525100708008,fea9ca1c300ee23ea17ef238d289809b5e078bb4153410586056f22eafdc94f7
pickcube-170m,0,12,ad79534e454a06c4b8eb0413c66cea902ad6134d9f8c58eec8a44bff789def45,vision,L2,path_gradient,256,512,0.002336755057178646,0.41338880027035274,176.90720257581063,0.01,satisfies,0.0009287758736433876,3.8949387073516846,3.8913211822509766,0.003617525100708008,fea9ca1c300ee23ea17ef238d289809b5e078bb4153410586056f22eafdc94f7
pickcube-170m,0,12,ad79534e454a06c4b8eb0413c66cea902ad6134d9f8c58eec8a44bff789def45,language,Q,IG,128,256,7.529340912590262e-05,4.023885336968747e-06,0.053442730030196506,0.01,satisfies,3.0176983364821853e-05,0.008024124428629875,0.008024366572499275,2.421438694000244e-07,c63d135f7e7f9ff7dae7ce56966bc4d142bec781a7cf4da06a15856f5ee51c4a
pickcube-170m,0,12,ad79534e454a06c4b8eb0413c66cea902ad6134d9f8c58eec8a44bff789def45,language,Q,path_gradient,128,256,7.180533144805895e-05,1.1847460564359813e-05,0.1649941630438651,0.01,satisfies,3.0176983364821853e-05,0.008024124428629875,0.008024366572499275,2.421438694000244e-07,c63d135f7e7f9ff7dae7ce56966bc4d142bec781a7cf4da06a15856f5ee51c4a
pickcube-170m,0,12,ad79534e454a06c4b8eb0413c66cea902ad6134d9f8c58eec8a44bff789def45,language,Q,IG,128,512,9.413361415740728e-05,5.030782976713221e-06,0.05344300249962679,0.01,satisfies,7.428180520571534e-06,0.008024124428629875,0.00802418403327465,5.960464477539063e-08,c63d135f7e7f9ff7dae7ce56966bc4d142bec781a7cf4da06a15856f5ee51c4a
pickcube-170m,0,12,ad79534e454a06c4b8eb0413c66cea902ad6134d9f8c58eec8a44bff789def45,language,Q,path_gradient,128,512,8.977597463453775e-05,1.4812586268897476e-05,0.16499499258233527,0.01,satisfies,7.428180520571534e-06,0.008024124428629875,0.00802418403327465,5.960464477539063e-08,c63d135f7e7f9ff7dae7ce56966bc4d142bec781a7cf4da06a15856f5ee51c4a
pickcube-170m,0,12,ad79534e454a06c4b8eb0413c66cea902ad6134d9f8c58eec8a44bff789def45,language,Q,IG,256,512,1.885342029656725e-05,1.007583388035958e-06,0.05344300249962679,0.01,satisfies,7.428180520571534e-06,0.008024124428629875,0.00802418403327465,5.960464477539063e-08,c63d135f7e7f9ff7dae7ce56966bc4d142bec781a7cf4da06a15856f5ee51c4a
pickcube-170m,0,12,ad79534e454a06c4b8eb0413c66cea902ad6134d9f8c58eec8a44bff789def45,language,Q,path_gradient,256,512,1.7982847497332e-05,2.9670797894315593e-06,0.16499499258233527,0.01,satisfies,7.428180520571534e-06,0.008024124428629875,0.00802418403327465,5.960464477539063e-08,c63d135f7e7f9ff7dae7ce56966bc4d142bec781a7cf4da06a15856f5ee51c4a
pickcube-170m,0,12,ad79534e454a06c4b8eb0413c66cea902ad6134d9f8c58eec8a44bff789def45,language,L2,IG,128,256,0.003307763042383951,0.06383763269154086,19.299336703856568,0.01,satisfies,0.0025799972568970784,2.866478204727173,2.8590826988220215,0.007395505905151367,34c1254267f585464746f9f6c8f1ddff0141ccaa3264a733b0fb37969aff9994
pickcube-170m,0,12,ad79534e454a06c4b8eb0413c66cea902ad6134d9f8c58eec8a44bff789def45,language,L2,path_gradient,128,256,0.003772961363324337,0.23215839714839603,61.53214273677122,0.01,satisfies,0.0025799972568970784,2.866478204727173,2.8590826988220215,0.007395505905151367,34c1254267f585464746f9f6c8f1ddff0141ccaa3264a733b0fb37969aff9994
pickcube-170m,0,12,ad79534e454a06c4b8eb0413c66cea902ad6134d9f8c58eec8a44bff789def45,language,L2,IG,128,512,0.004961787417320889,0.09584646602036462,19.31692310834969,0.01,satisfies,0.00129461482651288,2.866478204727173,2.862767219543457,0.0037109851837158203,34c1254267f585464746f9f6c8f1ddff0141ccaa3264a733b0fb37969aff9994
pickcube-170m,0,12,ad79534e454a06c4b8eb0413c66cea902ad6134d9f8c58eec8a44bff789def45,language,L2,path_gradient,128,512,0.005660077605237651,0.3486531319722417,61.59864869160265,0.01,satisfies,0.00129461482651288,2.866478204727173,2.862767219543457,0.0037109851837158203,34c1254267f585464746f9f6c8f1ddff0141ccaa3264a733b0fb37969aff9994
pickcube-170m,0,12,ad79534e454a06c4b8eb0413c66cea902ad6134d9f8c58eec8a44bff789def45,language,L2,IG,256,512,0.0016573131585494157,0.03201419085015522,19.31692310834969,0.01,satisfies,0.00129461482651288,2.866478204727173,2.862767219543457,0.0037109851837158203,34c1254267f585464746f9f6c8f1ddff0141ccaa3264a733b0fb37969aff9994
pickcube-170m,0,12,ad79534e454a06c4b8eb0413c66cea902ad6134d9f8c58eec8a44bff789def45,language,L2,path_gradient,256,512,0.0018914277191937512,0.11650939160017515,61.59864869160265,0.01,satisfies,0.00129461482651288,2.866478204727173,2.862767219543457,0.0037109851837158203,34c1254267f585464746f9f6c8f1ddff0141ccaa3264a733b0fb37969aff9994
pickcube-170m,0,12,ad79534e454a06c4b8eb0413c66cea902ad6134d9f8c58eec8a44bff789def45,state,Q,IG,256,512,8.658437042834786e-05,5.537271499633789e-05,0.6395232155919075,0.01,satisfies,9.320167416303265e-08,0.6395233273506165,0.6395232677459717,5.960464477539063e-08,bd27cd21cbc7767f0d9819cbed1eec17bf594f5393a09f8596b5f7d20e6aed47
pickcube-170m,0,12,ad79534e454a06c4b8eb0413c66cea902ad6134d9f8c58eec8a44bff789def45,state,Q,path_gradient,256,512,8.915250652302742e-05,0.00011704800999723375,1.3128964575662394,0.01,satisfies,9.320167416303265e-08,0.6395233273506165,0.6395232677459717,5.960464477539063e-08,bd27cd21cbc7767f0d9819cbed1eec17bf594f5393a09f8596b5f7d20e6aed47
pickcube-170m,0,12,ad79534e454a06c4b8eb0413c66cea902ad6134d9f8c58eec8a44bff789def45,state,Q,IG,256,1024,8.737224739575707e-05,5.5876560509204865e-05,0.6395229855552316,0.01,satisfies,4.6600837081516327e-07,0.6395233273506165,0.6395230293273926,2.980232238769531e-07,bd27cd21cbc7767f0d9819cbed1eec17bf594f5393a09f8596b5f7d20e6aed47
pickcube-170m,0,12,ad79534e454a06c4b8eb0413c66cea902ad6134d9f8c58eec8a44bff789def45,state,Q,path_gradient,256,1024,8.975380937194457e-05,0.00011783741501858458,1.3128959744790336,0.01,satisfies,4.6600837081516327e-07,0.6395233273506165,0.6395230293273926,2.980232238769531e-07,bd27cd21cbc7767f0d9819cbed1eec17bf594f5393a09f8596b5f7d20e6aed47
pickcube-170m,0,12,ad79534e454a06c4b8eb0413c66cea902ad6134d9f8c58eec8a44bff789def45,state,Q,IG,512,1024,8.40271792712166e-07,5.373731255531311e-07,0.6395229855552316,0.01,satisfies,4.6600837081516327e-07,0.6395233273506165,0.6395230293273926,2.980232238769531e-07,bd27cd21cbc7767f0d9819cbed1eec17bf594f5393a09f8596b5f7d20e6aed47
pickcube-170m,0,12,ad79534e454a06c4b8eb0413c66cea902ad6134d9f8c58eec8a44bff789def45,state,Q,path_gradient,512,1024,9.110852489960492e-07,1.196160155814141e-06,1.3128959744790336,0.01,satisfies,4.6600837081516327e-07,0.6395233273506165,0.6395230293273926,2.980232238769531e-07,bd27cd21cbc7767f0d9819cbed1eec17bf594f5393a09f8596b5f7d20e6aed47
pickcube-170m,0,12,ad79534e454a06c4b8eb0413c66cea902ad6134d9f8c58eec8a44bff789def45,state,L2,IG,256,512,0.0008666282156936188,0.022160470485687256,25.57090812921524,0.01,satisfies,0.0007641927011808279,25.590463638305664,25.570907592773438,0.019556045532226562,8f76ac33661d0770f82ad602d848c60606b6534aeab55192771aacc094add8e5
pickcube-170m,0,12,ad79534e454a06c4b8eb0413c66cea902ad6134d9f8c58eec8a44bff789def45,state,L2,path_gradient,256,512,0.001116700153622281,0.05683026817860082,50.89125133032212,0.01,satisfies,0.0007641927011808279,25.590463638305664,25.570907592773438,0.019556045532226562,8f76ac33661d0770f82ad602d848c60606b6534aeab55192771aacc094add8e5
pickcube-170m,0,12,ad79534e454a06c4b8eb0413c66cea902ad6134d9f8c58eec8a44bff789def45,state,L2,IG,256,1024,0.0013046678957907912,0.03337430953979492,25.58069348335266,0.01,satisfies,0.0003816864159511382,25.590463638305664,25.58069610595703,0.009767532348632812,8f76ac33661d0770f82ad602d848c60606b6534aeab55192771aacc094add8e5
pickcube-170m,0,12,ad79534e454a06c4b8eb0413c66cea902ad6134d9f8c58eec8a44bff789def45,state,L2,path_gradient,256,1024,0.001672793341641058,0.08516584750032052,50.912354431522544,0.01,satisfies,0.0003816864159511382,25.590463638305664,25.58069610595703,0.009767532348632812,8f76ac33661d0770f82ad602d848c60606b6534aeab55192771aacc094add8e5
pickcube-170m,0,12,ad79534e454a06c4b8eb0413c66cea902ad6134d9f8c58eec8a44bff789def45,state,L2,IG,512,1024,0.0004383711904216115,0.011213839054107666,25.58069348335266,0.01,satisfies,0.0003816864159511382,25.590463638305664,25.58069610595703,0.009767532348632812,8f76ac33661d0770f82ad602d848c60606b6534aeab55192771aacc094add8e5
pickcube-170m,0,12,ad79534e454a06c4b8eb0413c66cea902ad6134d9f8c58eec8a44bff789def45,state,L2,path_gradient,512,1024,0.0005565662294244009,0.028336097137071192,50.912354431522544,0.01,satisfies,0.0003816864159511382,25.590463638305664,25.58069610595703,0.009767532348632812,8f76ac33661d0770f82ad602d848c60606b6534aeab55192771aacc094add8e5
pickcube-170m,1,0,c767cdf28e4c60ee0676f27273fcf78fdd47f941a5861a006cd8ffbddf2004fa,vision,Q,IG,128,256,2.1063487981803608e-05,2.7671937757062452e-08,0.0013137395753717415,0.01,satisfies,2.2106783871922137e-07,4.9369173211744055e-05,4.9369184125680476e-05,1.0913936421275139e-11,896b46271dda0c3816e944fc357eee8f39f5c88ef93aa56dfe4dd07641d4d49c
pickcube-170m,1,0,c767cdf28e4c60ee0676f27273fcf78fdd47f941a5861a006cd8ffbddf2004fa,vision,Q,path_gradient,128,256,7.475876041381988e-06,5.5209553464427155e-08,0.007385027943055773,0.01,satisfies,2.2106783871922137e-07,4.9369173211744055e-05,4.9369184125680476e-05,1.0913936421275139e-11,896b46271dda0c3816e944fc357eee8f39f5c88ef93aa56dfe4dd07641d4d49c
pickcube-170m,1,0,c767cdf28e4c60ee0676f27273fcf78fdd47f941a5861a006cd8ffbddf2004fa,vision,Q,IG,128,512,2.638396499929247e-05,3.466173445381271e-08,0.0013137424361631097,0.01,satisfies,2.2843676667652874e-06,4.9369173211744055e-05,4.9369285989087075e-05,1.127773430198431e-10,896b46271dda0c3816e944fc357eee8f39f5c88ef93aa56dfe4dd07641d4d49c
pickcube-170m,1,0,c767cdf28e4c60ee0676f27273fcf78fdd47f941a5861a006cd8ffbddf2004fa,vision,Q,path_gradient,128,512,9.349407974384825e-06,6.904565397952159e-08,0.007385029530071895,0.01,satisfies,2.2843676667652874e-06,4.9369173211744055e-05,4.9369285989087075e-05,1.127773430198431e-10,896b46271dda0c3816e944fc357eee8f39f5c88ef93aa56dfe4dd07641d4d49c
pickcube-170m,1,0,c767cdf28e4c60ee0676f27273fcf78fdd47f941a5861a006cd8ffbddf2004fa,vision,Q,IG,256,512,5.347885391164032e-06,7.025743982108941e-09,0.0013137424361631097,0.01,satisfies,2.2843676667652874e-06,4.9369173211744055e-05,4.9369285989087075e-05,1.127773430198431e-10,896b46271dda0c3816e944fc357eee8f39f5c88ef93aa56dfe4dd07641d4d49c
pickcube-170m,1,0,c767cdf28e4c60ee0676f27273fcf78fdd47f941a5861a006cd8ffbddf2004fa,vision,Q,path_gradient,256,512,1.9781565431920965e-06,1.4608744486578573e-08,0.007385029530071895,0.01,satisfies,2.2843676667652874e-06,4.9369173211744055e-05,4.9369285989087075e-05,1.127773430198431e-10,896b46271dda0c3816e944fc357eee8f39f5c88ef93aa56dfe4dd07641d4d49c
pickcube-170m,1,0,c767cdf28e4c60ee0676f27273fcf78fdd47f941a5861a006cd8ffbddf2004fa,vision,L2,IG,128,256,0.003435065915275299,0.018401627631182967,5.356994038848944,0.01,satisfies,0.0027204874596059073,0.22484123706817627,0.22422955930233002,0.0006116777658462524,24e4e38b8bbfd113834dad9ff68e6672af18b6c505faba7545f166ed9acb33a2
pickcube-170m,1,0,c767cdf28e4c60ee0676f27273fcf78fdd47f941a5861a006cd8ffbddf2004fa,vision,L2,path_gradient,128,256,0.0014805000010353615,0.03486905604753514,23.55221615883153,0.01,satisfies,0.0027204874596059073,0.22484123706817627,0.22422955930233002,0.0006116777658462524,24e4e38b8bbfd113834dad9ff68e6672af18b6c505faba7545f166ed9acb33a2
pickcube-170m,1,0,c767cdf28e4c60ee0676f27273fcf78fdd47f941a5861a006cd8ffbddf2004fa,vision,L2,IG,128,512,0.005150281950939683,0.027617952431310048,5.362415629744518,0.01,satisfies,0.0013583549166138683,0.22484123706817627,0.22453582286834717,0.00030541419982910156,24e4e38b8bbfd113834dad9ff68e6672af18b6c505faba7545f166ed9acb33a2
pickcube-170m,1,0,c767cdf28e4c60ee0676f27273fcf78fdd47f941a5861a006cd8ffbddf2004fa,vision,L2,path_gradient,128,512,0.0022209691069900958,0.052327591418875094,23.560702062078906,0.01,satisfies,0.0013583549166138683,0.22484123706817627,0.22453582286834717,0.00030541419982910156,24e4e38b8bbfd113834dad9ff68e6672af18b6c505faba7545f166ed9acb33a2
pickcube-170m,1,0,c767cdf28e4c60ee0676f27273fcf78fdd47f941a5861a006cd8ffbddf2004fa,vision,L2,IG,256,512,0.0017186987862271436,0.009216377234087367,5.362415629744518,0.01,satisfies,0.0013583549166138683,0.22484123706817627,0.22453582286834717,0.00030541419982910156,24e4e38b8bbfd113834dad9ff68e6672af18b6c505faba7545f166ed9acb33a2
pickcube-170m,1,0,c767cdf28e4c60ee0676f27273fcf78fdd47f941a5861a006cd8ffbddf2004fa,vision,L2,path_gradient,256,512,0.0007410167036870691,0.01745887377859484,23.560702062078906,0.01,satisfies,0.0013583549166138683,0.22484123706817627,0.22453582286834717,0.00030541419982910156,24e4e38b8bbfd113834dad9ff68e6672af18b6c505faba7545f166ed9acb33a2
pickcube-170m,1,0,c767cdf28e4c60ee0676f27273fcf78fdd47f941a5861a006cd8ffbddf2004fa,language,Q,IG,128,256,0.00022711232657824835,8.076245199923417e-08,0.00035560576220599195,0.01,satisfies,6.673128151045081e-05,5.72972021473106e-05,5.730102566303685e-05,3.82351572625339e-09,beb1c764d1ada056b69270512d9b7be7fdcf8ddd6345f1030577971aec17555b
pickcube-170m,1,0,c767cdf28e4c60ee0676f27273fcf78fdd47f941a5861a006cd8ffbddf2004fa,language,Q,path_gradient,128,256,0.0002145776929013691,2.3637367017447647e-07,0.0011015761563021647,0.01,satisfies,6.673128151045081e-05,5.72972021473106e-05,5.730102566303685e-05,3.82351572625339e-09,beb1c764d1ada056b69270512d9b7be7fdcf8ddd6345f1030577971aec17555b
pickcube-170m,1,0,c767cdf28e4c60ee0676f27273fcf78fdd47f941a5861a006cd8ffbddf2004fa,language,Q,IG,128,512,0.00028392991189288454,1.0096414558632153e-07,0.0003555953119318097,0.01,satisfies,1.6698693660560003e-05,5.72972021473106e-05,5.7298158935736865e-05,9.567884262651205e-10,beb1c764d1ada056b69270512d9b7be7fdcf8ddd6345f1030577971aec17555b
pickcube-170m,1,0,c767cdf28e4c60ee0676f27273fcf78fdd47f941a5861a006cd8ffbddf2004fa,language,Q,path_gradient,128,512,0.00026825736921728944,2.954976349852853e-07,0.001101545265457111,0.01,satisfies,1.6698693660560003e-05,5.72972021473106e-05,5.7298158935736865e-05,9.567884262651205e-10,beb1c764d1ada056b69270512d9b7be7fdcf8ddd6345f1030577971aec17555b
pickcube-170m,1,0,c767cdf28e4c60ee0676f27273fcf78fdd47f941a5861a006cd8ffbddf2004fa,language,Q,IG,256,512,5.68129849003747e-05,2.0202431087425936e-08,0.0003555953119318097,0.01,satisfies,1.6698693660560003e-05,5.72972021473106e-05,5.7298158935736865e-05,9.567884262651205e-10,beb1c764d1ada056b69270512d9b7be7fdcf8ddd6345f1030577971aec17555b
pickcube-170m,1,0,c767cdf28e4c60ee0676f27273fcf78fdd47f941a5861a006cd8ffbddf2004fa,language,Q,path_gradient,256,512,5.367589474866548e-05,5.9126427729566666e-08,0.001101545265457111,0.01,satisfies,1.6698693660560003e-05,5.72972021473106e-05,5.7298158935736865e-05,9.567884262651205e-10,beb1c764d1ada056b69270512d9b7be7fdcf8ddd6345f1030577971aec17555b
pickcube-170m,1,0,c767cdf28e4c60ee0676f27273fcf78fdd47f941a5861a006cd8ffbddf2004fa,language,L2,IG,128,256,0.0022231518711715885,0.002886173554912219,1.298234993451537,0.01,satisfies,0.0013938230085316216,0.24222272634506226,0.24188511073589325,0.00033761560916900635,65ae275e16842f6e11375be6179b08b6806eb5e25eceeceee37f9f12de7ab4af
pickcube-170m,1,0,c767cdf28e4c60ee0676f27273fcf78fdd47f941a5861a006cd8ffbddf2004fa,language,L2,path_gradient,128,256,0.0025984847120070053,0.01083196446992929,4.168569635940997,0.01,satisfies,0.0013938230085316216,0.24222272634506226,0.24188511073589325,0.00033761560916900635,65ae275e16842f6e11375be6179b08b6806eb5e25eceeceee37f9f12de7ab4af
pickcube-170m,1,0,c767cdf28e4c60ee0676f27273fcf78fdd47f941a5861a006cd8ffbddf2004fa,language,L2,IG,128,512,0.0033217616214481992,0.004315618348400496,1.2991956799473774,0.01,satisfies,0.0007008179244027115,0.24222272634506226,0.24205297231674194,0.0001697540283203125,65ae275e16842f6e11375be6179b08b6806eb5e25eceeceee37f9f12de7ab4af
pickcube-170m,1,0,c767cdf28e4c60ee0676f27273fcf78fdd47f941a5861a006cd8ffbddf2004fa,language,L2,path_gradient,128,512,0.0038849874650486588,0.01620956535690965,4.172359757332352,0.01,satisfies,0.0007008179244027115,0.24222272634506226,0.24205297231674194,0.0001697540283203125,65ae275e16842f6e11375be6179b08b6806eb5e25eceeceee37f9f12de7ab4af
pickcube-170m,1,0,c767cdf28e4c60ee0676f27273fcf78fdd47f941a5861a006cd8ffbddf2004fa,language,L2,IG,256,512,0.0011011624082714552,0.0014306254437467247,1.2991956799473774,0.01,satisfies,0.0007008179244027115,0.24222272634506226,0.24205297231674194,0.0001697540283203125,65ae275e16842f6e11375be6179b08b6806eb5e25eceeceee37f9f12de7ab4af
pickcube-170m,1,0,c767cdf28e4c60ee0676f27273fcf78fdd47f941a5861a006cd8ffbddf2004fa,language,L2,path_gradient,256,512,0.001289700242262099,0.005381093389836167,4.172359757332352,0.01,satisfies,0.0007008179244027115,0.24222272634506226,0.24205297231674194,0.0001697540283203125,65ae275e16842f6e11375be6179b08b6806eb5e25eceeceee37f9f12de7ab4af
pickcube-170m,1,0,c767cdf28e4c60ee0676f27273fcf78fdd47f941a5861a006cd8ffbddf2004fa,state,Q,IG,256,512,1.4829111723998135e-05,1.034633896779269e-06,0.06977045665553305,0.01,satisfies,2.1698877444740193e-06,0.05665481090545654,0.056654687970876694,1.2293457984924316e-07,106d32d998af94f4986b98f01404f119cd5a69807e76e587258b27ee3480c3e6
pickcube-170m,1,0,c767cdf28e4c60ee0676f27273fcf78fdd47f941a5861a006cd8ffbddf2004fa,state,Q,path_gradient,256,512,2.3127740082746074e-05,6.563715942320414e-06,0.2838027372686156,0.01,satisfies,2.1698877444740193e-06,0.05665481090545654,0.056654687970876694,1.2293457984924316e-07,106d32d998af94f4986b98f01404f119cd5a69807e76e587258b27ee3480c3e6
pickcube-170m,1,0,c767cdf28e4c60ee0676f27273fcf78fdd47f941a5861a006cd8ffbddf2004fa,state,Q,IG,256,1024,1.3221862127142052e-05,9.22496838029474e-07,0.06977056855976116,0.01,satisfies,3.9452504444982166e-07,0.05665481090545654,0.05665478855371475,2.2351741790771484e-08,106d32d998af94f4986b98f01404f119cd5a69807e76e587258b27ee3480c3e6
pickcube-170m,1,0,c767cdf28e4c60ee0676f27273fcf78fdd47f941a5861a006cd8ffbddf2004fa,state,Q,path_gradient,256,1024,2.1823580773134162e-05,6.193599801918026e-06,0.28380309658177794,0.01,satisfies,3.9452504444982166e-07,0.05665481090545654,0.05665478855371475,2.2351741790771484e-08,106d32d998af94f4986b98f01404f119cd5a69807e76e587258b27ee3480c3e6
pickcube-170m,1,0,c767cdf28e4c60ee0676f27273fcf78fdd47f941a5861a006cd8ffbddf2004fa,state,Q,IG,512,1024,1.6072258126110192e-06,1.1213705874979496e-07,0.06977056855976116,0.01,satisfies,3.9452504444982166e-07,0.05665481090545654,0.05665478855371475,2.2351741790771484e-08,106d32d998af94f4986b98f01404f119cd5a69807e76e587258b27ee3480c3e6
pickcube-170m,1,0,c767cdf28e4c60ee0676f27273fcf78fdd47f941a5861a006cd8ffbddf2004fa,state,Q,path_gradient,512,1024,1.374107158827035e-06,3.899758667103015e-07,0.28380309658177794,0.01,satisfies,3.9452504444982166e-07,0.05665481090545654,0.05665478855371475,2.2351741790771484e-08,106d32d998af94f4986b98f01404f119cd5a69807e76e587258b27ee3480c3e6
pickcube-170m,1,0,c767cdf28e4c60ee0676f27273fcf78fdd47f941a5861a006cd8ffbddf2004fa,state,L2,IG,256,512,8.550700710406265e-05,0.0007985513657331467,9.339016681537032,0.01,satisfies,0.00010880567181805388,7.616725921630859,7.615897178649902,0.0008287429809570312,6dd41d3c118d0bf1cd222e28479c238c78263822c2d6f9b935254656f7d2339d
pickcube-170m,1,0,c767cdf28e4c60ee0676f27273fcf78fdd47f941a5861a006cd8ffbddf2004fa,state,L2,path_gradient,256,512,7.573912113086288e-05,0.0031916083535179496,42.139495492738206,0.01,satisfies,0.00010880567181805388,7.616725921630859,7.615897178649902,0.0008287429809570312,6dd41d3c118d0bf1cd222e28479c238c78263822c2d6f9b935254656f7d2339d
pickcube-170m,1,0,c767cdf28e4c60ee0676f27273fcf78fdd47f941a5861a006cd8ffbddf2004fa,state,L2,IG,256,1024,0.00013231693592165194,0.0012357570230960846,9.339371521025896,0.01,satisfies,5.365158846264222e-05,7.616725921630859,7.616317272186279,0.0004086494445800781,6dd41d3c118d0bf1cd222e28479c238c78263822c2d6f9b935254656f7d2339d
pickcube-170m,1,0,c767cdf28e4c60ee0676f27273fcf78fdd47f941a5861a006cd8ffbddf2004fa,state,L2,path_gradient,256,1024,0.0001136351900831428,0.004788565798662603,42.13981421740027,0.01,satisfies,5.365158846264222e-05,7.616725921630859,7.616317272186279,0.0004086494445800781,6dd41d3c118d0bf1cd222e28479c238c78263822c2d6f9b935254656f7d2339d
pickcube-170m,1,0,c767cdf28e4c60ee0676f27273fcf78fdd47f941a5861a006cd8ffbddf2004fa,state,L2,IG,512,1024,4.681317756539066e-05,0.00043720565736293793,9.339371521025896,0.01,satisfies,5.365158846264222e-05,7.616725921630859,7.616317272186279,0.0004086494445800781,6dd41d3c118d0bf1cd222e28479c238c78263822c2d6f9b935254656f7d2339d
pickcube-170m,1,0,c767cdf28e4c60ee0676f27273fcf78fdd47f941a5861a006cd8ffbddf2004fa,state,L2,path_gradient,512,1024,3.80397664277305e-05,0.0016029886901378632,42.13981421740027,0.01,satisfies,5.365158846264222e-05,7.616725921630859,7.616317272186279,0.0004086494445800781,6dd41d3c118d0bf1cd222e28479c238c78263822c2d6f9b935254656f7d2339d
pickcube-170m,1,12,6cb91c96a0b4df174363f48f068a1be6a4882d966f75dd3829119ba5604eb5ad,vision,Q,IG,128,256,1.8294350529217656e-05,2.6720375002207525e-05,1.4605806836122868,0.01,satisfies,1.839990500742375e-07,0.03036937117576599,0.030369365587830544,5.587935447692871e-09,b93ea830782f395f6e6c2890c05d8a72896abc977757ea8ca33fa67bddff7ebb
pickcube-170m,1,12,6cb91c96a0b4df174363f48f068a1be6a4882d966f75dd3829119ba5604eb5ad,vision,Q,path_gradient,128,256,1.1896196978794362e-05,5.6997899841377473e-05,4.791270684486767,0.01,satisfies,1.839990500742375e-07,0.03036937117576599,0.030369365587830544,5.587935447692871e-09,b93ea830782f395f6e6c2890c05d8a72896abc977757ea8ca33fa67bddff7ebb
pickcube-170m,1,12,6cb91c96a0b4df174363f48f068a1be6a4882d966f75dd3829119ba5604eb5ad,vision,Q,IG,128,512,2.2789763913176576e-05,3.328633718086616e-05,1.4605827997024874,0.01,satisfies,1.839990500742375e-07,0.03036937117576599,0.03036937676370144,5.587935447692871e-09,b93ea830782f395f6e6c2890c05d8a72896abc977757ea8ca33fa67bddff7ebb
pickcube-170m,1,12,6cb91c96a0b4df174363f48f068a1be6a4882d966f75dd3829119ba5604eb5ad,vision,Q,path_gradient,128,512,1.4805796687091252e-05,7.093865794249936e-05,4.791275973980429,0.01,satisfies,1.839990500742375e-07,0.03036937117576599,0.03036937676370144,5.587935447692871e-09,b93ea830782f395f6e6c2890c05d8a72896abc977757ea8ca33fa67bddff7ebb
pickcube-170m,1,12,6cb91c96a0b4df174363f48f068a1be6a4882d966f75dd3829119ba5604eb5ad,vision,Q,IG,256,512,4.571324766987232e-06,6.6767983265155324e-06,1.4605827997024874,0.01,satisfies,1.839990500742375e-07,0.03036937117576599,0.03036937676370144,5.587935447692871e-09,b93ea830782f395f6e6c2890c05d8a72896abc977757ea8ca33fa67bddff7ebb
pickcube-170m,1,12,6cb91c96a0b4df174363f48f068a1be6a4882d966f75dd3829119ba5604eb5ad,vision,Q,path_gradient,256,512,2.98738159146498e-06,1.4313369644297576e-05,4.791275973980429,0.01,satisfies,1.839990500742375e-07,0.03036937117576599,0.03036937676370144,5.587935447692871e-09,b93ea830782f395f6e6c2890c05d8a72896abc977757ea8ca33fa67bddff7ebb
pickcube-170m,1,12,6cb91c96a0b4df174363f48f068a1be6a4882d966f75dd3829119ba5604eb5ad,vision,L2,IG,128,256,0.0010602092153753316,0.2526237107975891,238.27722597954983,0.01,satisfies,0.0012524228443568548,5.576578140258789,5.569593906402588,0.006984233856201172,4d12154ba6e8fb1ad95e6d8bc027cab8dcf7334a3f57a2bfe3a999b927a74f84
pickcube-170m,1,12,6cb91c96a0b4df174363f48f068a1be6a4882d966f75dd3829119ba5604eb5ad,vision,L2,path_gradient,128,256,0.0007846566111520802,0.5217919468598442,664.9940106841358,0.01,satisfies,0.0012524228443568548,5.576578140258789,5.569593906402588,0.006984233856201172,4d12154ba6e8fb1ad95e6d8bc027cab8dcf7334a3f57a2bfe3a999b927a74f84
pickcube-170m,1,12,6cb91c96a0b4df174363f48f068a1be6a4882d966f75dd3829119ba5604eb5ad,vision,L2,IG,128,512,0.0015908886730214573,0.3790795460185013,238.28162991351465,0.01,satisfies,0.0006262541757403976,5.576578140258789,5.573085784912109,0.0034923553466796875,4d12154ba6e8fb1ad95e6d8bc027cab8dcf7334a3f57a2bfe3a999b927a74f84
pickcube-170m,1,12,6cb91c96a0b4df174363f48f068a1be6a4882d966f75dd3829119ba5604eb5ad,vision,L2,path_gradient,128,512,0.0011776342879808212,0.7831220850604531,664.9959949817688,0.01,satisfies,0.0006262541757403976,5.576578140258789,5.573085784912109,0.0034923553466796875,4d12154ba6e8fb1ad95e6d8bc027cab8dcf7334a3f57a2bfe3a999b927a74f84
pickcube-170m,1,12,6cb91c96a0b4df174363f48f068a1be6a4882d966f75dd3829119ba5604eb5ad,vision,L2,IG,256,512,0.0005307140107673661,0.12645939950358656,238.28162991351465,0.01,satisfies,0.0006262541757403976,5.576578140258789,5.573085784912109,0.0034923553466796875,4d12154ba6e8fb1ad95e6d8bc027cab8dcf7334a3f57a2bfe3a999b927a74f84
pickcube-170m,1,12,6cb91c96a0b4df174363f48f068a1be6a4882d966f75dd3829119ba5604eb5ad,vision,L2,path_gradient,256,512,0.00039298885581139835,0.26133601518704774,664.9959949817688,0.01,satisfies,0.0006262541757403976,5.576578140258789,5.573085784912109,0.0034923553466796875,4d12154ba6e8fb1ad95e6d8bc027cab8dcf7334a3f57a2bfe3a999b927a74f84
pickcube-170m,1,12,6cb91c96a0b4df174363f48f068a1be6a4882d966f75dd3829119ba5604eb5ad,language,Q,IG,128,256,0.00011106300413108758,1.0240932445384696e-06,0.00922083147804766,0.01,satisfies,5.2504054479762604e-05,0.0016163850668817759,0.001616300200112164,8.486676961183548e-08,2aaca0970bb3b9ca1ba4e532d5da268c1d282e3e7208f1aec35f00ebf12717f9
pickcube-170m,1,12,6cb91c96a0b4df174363f48f068a1be6a4882d966f75dd3829119ba5604eb5ad,language,Q,path_gradient,128,256,0.0001122332396852565,3.2519941983374934e-06,0.028975321459643218,0.01,satisfies,5.2504054479762604e-05,0.0016163850668817759,0.001616300200112164,8.486676961183548e-08,2aaca0970bb3b9ca1ba4e532d5da268c1d282e3e7208f1aec35f00ebf12717f9
pickcube-170m,1,12,6cb91c96a0b4df174363f48f068a1be6a4882d966f75dd3829119ba5604eb5ad,language,Q,IG,128,512,0.0001388436241463981,1.2802674160116313e-06,0.009220930553222269,0.01,satisfies,1.3324074182107109e-05,0.0016163850668817759,0.0016163635300472379,2.153683453798294e-08,2aaca0970bb3b9ca1ba4e532d5da268c1d282e3e7208f1aec35f00ebf12717f9
pickcube-170m,1,12,6cb91c96a0b4df174363f48f068a1be6a4882d966f75dd3829119ba5604eb5ad,language,Q,path_gradient,128,512,0.00014032166221360676,4.065911232687541e-06,0.028975649009189662,0.01,satisfies,1.3324074182107109e-05,0.0016163850668817759,0.0016163635300472379,2.153683453798294e-08,2aaca0970bb3b9ca1ba4e532d5da268c1d282e3e7208f1aec35f00ebf12717f9
pickcube-170m,1,12,6cb91c96a0b4df174363f48f068a1be6a4882d966f75dd3829119ba5604eb5ad,language,Q,IG,256,512,2.7786848351937996e-05,2.562205989461389e-07,0.009220930553222269,0.01,satisfies,1.3324074182107109e-05,0.0016163850668817759,0.0016163635300472379,2.153683453798294e-08,2aaca0970bb3b9ca1ba4e532d5da268c1d282e3e7208f1aec35f00ebf12717f9
pickcube-170m,1,12,6cb91c96a0b4df174363f48f068a1be6a4882d966f75dd3829119ba5604eb5ad,language,Q,path_gradient,256,512,2.809415817863384e-05,8.140464665927494e-07,0.028975649009189666,0.01,satisfies,1.3324074182107109e-05,0.0016163850668817759,0.0016163635300472379,2.153683453798294e-08,2aaca0970bb3b9ca1ba4e532d5da268c1d282e3e7208f1aec35f00ebf12717f9
pickcube-170m,1,12,6cb91c96a0b4df174363f48f068a1be6a4882d966f75dd3829119ba5604eb5ad,language,L2,IG,128,256,0.007554360488195002,0.07436913132312473,9.844530379419858,0.01,satisfies,0.002900785554521583,1.2865363359451294,1.2828043699264526,0.003731966018676758,4504430e0b1384f91b7c5e5246a1ed40273469e5942295db1019d6c91974fae7
pickcube-170m,1,12,6cb91c96a0b4df174363f48f068a1be6a4882d966f75dd3829119ba5604eb5ad,language,L2,path_gradient,128,256,0.008196816594481729,0.26908508234816964,32.82799843653004,0.01,satisfies,0.002900785554521583,1.2865363359451294,1.2828043699264526,0.003731966018676758,4504430e0b1384f91b7c5e5246a1ed40273469e5942295db1019d6c91974fae7
pickcube-170m,1,12,6cb91c96a0b4df174363f48f068a1be6a4882d966f75dd3829119ba5604eb5ad,language,L2,IG,128,512,0.011307979013494233,0.11163640020674848,9.87235650804875,0.01,violates,0.00144316536803404,1.2865363359451294,1.284679651260376,0.001856684684753418,4504430e0b1384f91b7c5e5246a1ed40273469e5942295db1019d6c91974fae7
pickcube-170m,1,12,6cb91c96a0b4df174363f48f068a1be6a4882d966f75dd3829119ba5604eb5ad,language,L2,path_gradient,128,512,0.012267431432035441,0.4039749669406092,32.930688806269586,0.01,violates,0.00144316536803404,1.2865363359451294,1.284679651260376,0.001856684684753418,4504430e0b1384f91b7c5e5246a1ed40273469e5942295db1019d6c91974fae7
pickcube-170m,1,12,6cb91c96a0b4df174363f48f068a1be6a4882d966f75dd3829119ba5604eb5ad,language,L2,IG,256,512,0.0037749662075391914,0.03726781220666364,9.87235650804875,0.01,satisfies,0.00144316536803404,1.2865363359451294,1.284679651260376,0.001856684684753418,4504430e0b1384f91b7c5e5246a1ed40273469e5942295db1019d6c91974fae7
pickcube-170m,1,12,6cb91c96a0b4df174363f48f068a1be6a4882d966f75dd3829119ba5604eb5ad,language,L2,path_gradient,256,512,0.0040962320225676405,0.13489174201345122,32.930688806269586,0.01,satisfies,0.00144316536803404,1.2865363359451294,1.284679651260376,0.001856684684753418,4504430e0b1384f91b7c5e5246a1ed40273469e5942295db1019d6c91974fae7
pickcube-170m,1,12,6cb91c96a0b4df174363f48f068a1be6a4882d966f75dd3829119ba5604eb5ad,state,Q,IG,256,512,0.003842306249008235,0.0030023943400010467,0.7814042258542031,0.01,satisfies,0.001890990057181034,0.7765350341796875,0.775066614151001,0.0014684200286865234,9b1f4bd1a43936a1f01f9382d6b003b967a9750907f32213075c075679985099
pickcube-170m,1,12,6cb91c96a0b4df174363f48f068a1be6a4882d966f75dd3829119ba5604eb5ad,state,Q,path_gradient,256,512,0.005680270444010716,0.005798923135444056,1.0208885637757703,0.01,satisfies,0.001890990057181034,0.7765350341796875,0.775066614151001,0.0014684200286865234,9b1f4bd1a43936a1f01f9382d6b003b967a9750907f32213075c075679985099
pickcube-170m,1,12,6cb91c96a0b4df174363f48f068a1be6a4882d966f75dd3829119ba5604eb5ad,state,Q,IG,256,1024,0.0011667972274620182,0.0009131599217653275,0.7826209218474105,0.01,satisfies,0.00017347124245937397,0.7765350341796875,0.7764003276824951,0.0001347064971923828,9b1f4bd1a43936a1f01f9382d6b003b967a9750907f32213075c075679985099
pickcube-170m,1,12,6cb91c96a0b4df174363f48f068a1be6a4882d966f75dd3829119ba5604eb5ad,state,Q,path_gradient,256,1024,0.0016587102687376477,0.0016959595072876255,1.0224567480240694,0.01,satisfies,0.00017347124245937397,0.7765350341796875,0.7764003276824951,0.0001347064971923828,9b1f4bd1a43936a1f01f9382d6b003b967a9750907f32213075c075679985099
pickcube-170m,1,12,6cb91c96a0b4df174363f48f068a1be6a4882d966f75dd3829119ba5604eb5ad,state,Q,IG,512,1024,0.002678933074851064,0.0020965890726074576,0.7826209218474105,0.01,satisfies,0.00017347124245937397,0.7765350341796875,0.7764003276824951,0.0001347064971923828,9b1f4bd1a43936a1f01f9382d6b003b967a9750907f32213075c075679985099
pickcube-170m,1,12,6cb91c96a0b4df174363f48f068a1be6a4882d966f75dd3829119ba5604eb5ad,state,Q,path_gradient,512,1024,0.004112156031205875,0.004204501683034323,1.0224567480240694,0.01,satisfies,0.00017347124245937397,0.7765350341796875,0.7764003276824951,0.0001347064971923828,9b1f4bd1a43936a1f01f9382d6b003b967a9750907f32213075c075679985099
pickcube-170m,1,12,6cb91c96a0b4df174363f48f068a1be6a4882d966f75dd3829119ba5604eb5ad,state,L2,IG,256,512,0.0020533961095726646,0.05994357913732529,29.19240903295577,0.01,satisfies,0.0017770217799478595,28.198789596557617,28.148679733276367,0.05010986328125,948ebbe442d561266bab35e7680a6b3315a6075c4100397f6a71291a76f38322
pickcube-170m,1,12,6cb91c96a0b4df174363f48f068a1be6a4882d966f75dd3829119ba5604eb5ad,state,L2,path_gradient,256,512,0.0032922802047689217,0.12676459844078636,38.50358734872134,0.01,satisfies,0.0017770217799478595,28.198789596557617,28.148679733276367,0.05010986328125,948ebbe442d561266bab35e7680a6b3315a6075c4100397f6a71291a76f38322
pickcube-170m,1,12,6cb91c96a0b4df174363f48f068a1be6a4882d966f75dd3829119ba5604eb5ad,state,L2,IG,256,1024,0.0009576995634403254,0.02799306809902191,29.229488210752606,0.01,satisfies,0.00038743836615184754,28.198789596557617,28.187864303588867,0.01092529296875,948ebbe442d561266bab35e7680a6b3315a6075c4100397f6a71291a76f38322
pickcube-170m,1,12,6cb91c96a0b4df174363f48f068a1be6a4882d966f75dd3829119ba5604eb5ad,state,L2,path_gradient,256,1024,0.0014243576328473156,0.05491348738542001,38.553159767639954,0.01,satisfies,0.00038743836615184754,28.198789596557617,28.187864303588867,0.01092529296875,948ebbe442d561266bab35e7680a6b3315a6075c4100397f6a71291a76f38322
pickcube-170m,1,12,6cb91c96a0b4df174363f48f068a1be6a4882d966f75dd3829119ba5604eb5ad,state,L2,IG,512,1024,0.0017756448932251367,0.0519011914730072,29.229488210752606,0.01,satisfies,0.00038743836615184754,28.198789596557617,28.187864303588867,0.01092529296875,948ebbe442d561266bab35e7680a6b3315a6075c4100397f6a71291a76f38322
pickcube-170m,1,12,6cb91c96a0b4df174363f48f068a1be6a4882d966f75dd3829119ba5604eb5ad,state,L2,path_gradient,512,1024,0.0026308155435406898,0.10142625196931476,38.553159767639954,0.01,satisfies,0.00038743836615184754,28.198789596557617,28.187864303588867,0.01092529296875,948ebbe442d561266bab35e7680a6b3315a6075c4100397f6a71291a76f38322
stackcube-170m,0,0,6921323754e8eb566bf1f790b8bbee7997f201d9c194b0d7e081f7b76c80d1c6,vision,Q,IG,128,256,2.2906612060746348e-05,4.142736368887365e-08,0.001808532993836534,0.01,satisfies,5.43379264780082e-07,6.025590482749976e-05,6.02558720856905e-05,3.2741809263825417e-11,aa3e5e67d5b5f10a9d0552997481ab690a029bdce030f43bd0daf21b26f92443
stackcube-170m,0,0,6921323754e8eb566bf1f790b8bbee7997f201d9c194b0d7e081f7b76c80d1c6,vision,Q,path_gradient,128,256,8.70349584858214e-06,8.271237162440966e-08,0.009503350500004441,0.01,satisfies,5.43379264780082e-07,6.025590482749976e-05,6.02558720856905e-05,3.2741809263825417e-11,aa3e5e67d5b5f10a9d0552997481ab690a029bdce030f43bd0daf21b26f92443
stackcube-170m,0,0,6921323754e8eb566bf1f790b8bbee7997f201d9c194b0d7e081f7b76c80d1c6,vision,Q,IG,128,512,2.8675741987946832e-05,5.1861029690543924e-08,0.0018085331396949546,0.01,satisfies,7.245056863734427e-07,6.025590482749976e-05,6.025586117175408e-05,4.3655745685100555e-11,aa3e5e67d5b5f10a9d0552997481ab690a029bdce030f43bd0daf21b26f92443
stackcube-170m,0,0,6921323754e8eb566bf1f790b8bbee7997f201d9c194b0d7e081f7b76c80d1c6,vision,Q,path_gradient,128,512,1.0867707260934054e-05,1.0327956468483664e-07,0.00950334437660957,0.01,satisfies,7.245056863734427e-07,6.025590482749976e-05,6.025586117175408e-05,4.3655745685100555e-11,aa3e5e67d5b5f10a9d0552997481ab690a029bdce030f43bd0daf21b26f92443
stackcube-170m,0,0,6921323754e8eb566bf1f790b8bbee7997f201d9c194b0d7e081f7b76c80d1c6,vision,Q,IG,256,512,5.798344782615938e-06,1.0486498694738262e-08,0.0018085331396949548,0.01,satisfies,7.245056863734427e-07,6.025590482749976e-05,6.025586117175408e-05,4.3655745685100555e-11,aa3e5e67d5b5f10a9d0552997481ab690a029bdce030f43bd0daf21b26f92443
stackcube-170m,0,0,6921323754e8eb566bf1f790b8bbee7997f201d9c194b0d7e081f7b76c80d1c6,vision,Q,path_gradient,256,512,2.2250448579713755e-06,2.1145367538706313e-08,0.00950334437660957,0.01,satisfies,7.245056863734427e-07,6.025590482749976e-05,6.025586117175408e-05,4.3655745685100555e-11,aa3e5e67d5b5f10a9d0552997481ab690a029bdce030f43bd0daf21b26f92443
stackcube-170m,0,0,6921323754e8eb566bf1f790b8bbee7997f201d9c194b0d7e081f7b76c80d1c6,vision,L2,IG,128,256,0.005914610280113079,0.03809595962179753,6.440992359190433,0.01,satisfies,0.001894874564366916,0.24839796125888824,0.24792727828025818,0.0004706829786300659,55e9a5116f1414c77978772f57d37176685e5bf0f35d57f92d1f1a62fb90a615
stackcube-170m,0,0,6921323754e8eb566bf1f790b8bbee7997f201d9c194b0d7e081f7b76c80d1c6,vision,L2,path_gradient,128,256,0.002621697813162748,0.07259360325821147,27.689538776643534,0.01,satisfies,0.001894874564366916,0.24839796125888824,0.24792727828025818,0.0004706829786300659,55e9a5116f1414c77978772f57d37176685e5bf0f35d57f92d1f1a62fb90a615
stackcube-170m,0,0,6921323754e8eb566bf1f790b8bbee7997f201d9c194b0d7e081f7b76c80d1c6,vision,L2,IG,128,512,0.008882451334953313,0.057231776374510254,6.443241197314262,0.01,satisfies,0.0009470473532674994,0.24839796125888824,0.24816271662712097,0.00023524463176727295,55e9a5116f1414c77978772f57d37176685e5bf0f35d57f92d1f1a62fb90a615
stackcube-170m,0,0,6921323754e8eb566bf1f790b8bbee7997f201d9c194b0d7e081f7b76c80d1c6,vision,L2,path_gradient,128,512,0.003940435891899035,0.10907846233875673,27.681826409866545,0.01,satisfies,0.0009470473532674994,0.24839796125888824,0.24816271662712097,0.00023524463176727295,55e9a5116f1414c77978772f57d37176685e5bf0f35d57f92d1f1a62fb90a615
stackcube-170m,0,0,6921323754e8eb566bf1f790b8bbee7997f201d9c194b0d7e081f7b76c80d1c6,vision,L2,IG,256,512,0.002969920497416634,0.019135914101702924,6.443241197314263,0.01,satisfies,0.0009470473532674994,0.24839796125888824,0.24816271662712097,0.00023524463176727295,55e9a5116f1414c77978772f57d37176685e5bf0f35d57f92d1f1a62fb90a615
stackcube-170m,0,0,6921323754e8eb566bf1f790b8bbee7997f201d9c194b0d7e081f7b76c80d1c6,vision,L2,path_gradient,256,512,0.0013180145389835242,0.0364850496738222,27.681826409866545,0.01,satisfies,0.0009470473532674994,0.24839796125888824,0.24816271662712097,0.00023524463176727295,55e9a5116f1414c77978772f57d37176685e5bf0f35d57f92d1f1a62fb90a615
stackcube-170m,0,0,6921323754e8eb566bf1f790b8bbee7997f201d9c194b0d7e081f7b76c80d1c6,language,Q,IG,128,256,1.7345082282963162e-05,7.427492328679949e-08,0.004282189157427892,0.01,satisfies,3.3757971100926208e-06,0.0004655513330362737,0.00046554976142942905,1.57160684466362e-09,edab76aee8d58df0f552e36f91c2ddb827f64b91004e749cef32fd4952626ba4
stackcube-170m,0,0,6921323754e8eb566bf1f790b8bbee7997f201d9c194b0d7e081f7b76c80d1c6,language,Q,path_gradient,128,256,1.8757418045172565e-05,2.342008384066674e-07,0.012485771647390544,0.01,satisfies,3.3757971100926208e-06,0.0004655513330362737,0.00046554976142942905,1.57160684466362e-09,edab76aee8d58df0f552e36f91c2ddb827f64b91004e749cef32fd4952626ba4
stackcube-170m,0,0,6921323754e8eb566bf1f790b8bbee7997f201d9c194b0d7e081f7b76c80d1c6,language,Q,IG,128,512,2.1637789661091287e-05,9.265705814783844e-08,0.00428218684066667,0.01,satisfies,4.3760332908608047e-07,0.0004655513330362737,0.0004655511293094605,2.0372681319713593e-10,edab76aee8d58df0f552e36f91c2ddb827f64b91004e749cef32fd4952626ba4
stackcube-170m,0,0,6921323754e8eb566bf1f790b8bbee7997f201d9c194b0d7e081f7b76c80d1c6,language,Q,path_gradient,128,512,2.340687631130495e-05,2.922527445482076e-07,0.012485764467728514,0.01,satisfies,4.3760332908608047e-07,0.0004655513330362737,0.0004655511293094605,2.0372681319713593e-10,edab76aee8d58df0f552e36f91c2ddb827f64b91004e749cef32fd4952626ba4
stackcube-170m,0,0,6921323754e8eb566bf1f790b8bbee7997f201d9c194b0d7e081f7b76c80d1c6,language,Q,IG,256,512,4.3515817016603e-06,1.8634285898935614e-08,0.00428218684066667,0.01,satisfies,4.3760332908608047e-07,0.0004655513330362737,0.0004655511293094605,2.0372681319713593e-10,edab76aee8d58df0f552e36f91c2ddb827f64b91004e749cef32fd4952626ba4
stackcube-170m,0,0,6921323754e8eb566bf1f790b8bbee7997f201d9c194b0d7e081f7b76c80d1c6,language,Q,path_gradient,256,512,4.7046240410971065e-06,5.874082768635158e-08,0.012485764467728514,0.01,satisfies,4.3760332908608047e-07,0.0004655513330362737,0.0004655511293094605,2.0372681319713593e-10,edab76aee8d58df0f552e36f91c2ddb827f64b91004e749cef32fd4952626ba4
stackcube-170m,0,0,6921323754e8eb566bf1f790b8bbee7997f201d9c194b0d7e081f7b76c80d1c6,language,L2,IG,128,256,0.00098967666715951,0.005703526954314864,5.763020533448228,0.01,satisfies,0.001275482345986262,0.690451443195343,0.6895707845687866,0.0008806586265563965,9c43cde116836d19413e5822b973ffba8a446929d7d1f7b8ed9c7a3b8fa01cd0
stackcube-170m,0,0,6921323754e8eb566bf1f790b8bbee7997f201d9c194b0d7e081f7b76c80d1c6,language,L2,path_gradient,128,256,0.0011773863125391578,0.02013922830121828,17.1050300880311,0.01,satisfies,0.001275482345986262,0.690451443195343,0.6895707845687866,0.0008806586265563965,9c43cde116836d19413e5822b973ffba8a446929d7d1f7b8ed9c7a3b8fa01cd0
stackcube-170m,0,0,6921323754e8eb566bf1f790b8bbee7997f201d9c194b0d7e081f7b76c80d1c6,language,L2,IG,128,512,0.0014822658390312273,0.008544317642411314,5.764362516777471,0.01,satisfies,0.0006357988140906139,0.690451443195343,0.6900124549865723,0.00043898820877075195,9c43cde116836d19413e5822b973ffba8a446929d7d1f7b8ed9c7a3b8fa01cd0
stackcube-170m,0,0,6921323754e8eb566bf1f790b8bbee7997f201d9c194b0d7e081f7b76c80d1c6,language,L2,path_gradient,128,512,0.0017636820505013073,0.0301767737131442,17.11009856031975,0.01,satisfies,0.0006357988140906139,0.690451443195343,0.6900124549865723,0.00043898820877075195,9c43cde116836d19413e5822b973ffba8a446929d7d1f7b8ed9c7a3b8fa01cd0
stackcube-170m,0,0,6921323754e8eb566bf1f790b8bbee7997f201d9c194b0d7e081f7b76c80d1c6,language,L2,IG,256,512,0.0004928915047456502,0.002841205314793871,5.764362516777471,0.01,satisfies,0.0006357988140906139,0.690451443195343,0.6900124549865723,0.00043898820877075195,9c43cde116836d19413e5822b973ffba8a446929d7d1f7b8ed9c7a3b8fa01cd0
stackcube-170m,0,0,6921323754e8eb566bf1f790b8bbee7997f201d9c194b0d7e081f7b76c80d1c6,language,L2,path_gradient,256,512,0.0005867134690439119,0.010038725282008443,17.11009856031975,0.01,satisfies,0.0006357988140906139,0.690451443195343,0.6900124549865723,0.00043898820877075195,9c43cde116836d19413e5822b973ffba8a446929d7d1f7b8ed9c7a3b8fa01cd0
stackcube-170m,0,0,6921323754e8eb566bf1f790b8bbee7997f201d9c194b0d7e081f7b76c80d1c6,state,Q,IG,256,512,0.002951322223374964,0.001919304660987109,0.6503202685853466,0.01,satisfies,0.0009132318359235625,0.13510437309741974,0.1352277547121048,0.0001233816146850586,c7ed7d959cccaf9b9db8537fbda234ab3c23f88290b6701601b45b7ccd977c24
stackcube-170m,0,0,6921323754e8eb566bf1f790b8bbee7997f201d9c194b0d7e081f7b76c80d1c6,state,Q,path_gradient,256,512,0.000704100828630723,0.009813071112148464,13.93702537068748,0.01,satisfies,0.0009132318359235625,0.13510437309741974,0.1352277547121048,0.0001233816146850586,c7ed7d959cccaf9b9db8537fbda234ab3c23f88290b6701601b45b7ccd977c24
stackcube-170m,0,0,6921323754e8eb566bf1f790b8bbee7997f201d9c194b0d7e081f7b76c80d1c6,state,Q,IG,256,1024,0.00317391678747193,0.00206363428151235,0.6501853765221313,0.01,satisfies,6.209535309480262e-05,0.13510437309741974,0.1350959837436676,8.38935375213623e-06,c7ed7d959cccaf9b9db8537fbda234ab3c23f88290b6701601b45b7ccd977c24
stackcube-170m,0,0,6921323754e8eb566bf1f790b8bbee7997f201d9c194b0d7e081f7b76c80d1c6,state,Q,path_gradient,256,1024,0.0007586934355356724,0.010573489096714184,13.936444684339222,0.01,satisfies,6.209535309480262e-05,0.13510437309741974,0.1350959837436676,8.38935375213623e-06,c7ed7d959cccaf9b9db8537fbda234ab3c23f88290b6701601b45b7ccd977c24
stackcube-170m,0,0,6921323754e8eb566bf1f790b8bbee7997f201d9c194b0d7e081f7b76c80d1c6,state,Q,IG,512,1024,0.00022225226842769079,0.00014450517483055592,0.6501853765221313,0.01,satisfies,6.209535309480262e-05,0.13510437309741974,0.1350959837436676,8.38935375213623e-06,c7ed7d959cccaf9b9db8537fbda234ab3c23f88290b6701601b45b7ccd977c24
stackcube-170m,0,0,6921323754e8eb566bf1f790b8bbee7997f201d9c194b0d7e081f7b76c80d1c6,state,Q,path_gradient,512,1024,5.5457406685837256e-05,0.0007728790806140751,13.936444684339222,0.01,satisfies,6.209535309480262e-05,0.13510437309741974,0.1350959837436676,8.38935375213623e-06,c7ed7d959cccaf9b9db8537fbda234ab3c23f88290b6701601b45b7ccd977c24
stackcube-170m,0,0,6921323754e8eb566bf1f790b8bbee7997f201d9c194b0d7e081f7b76c80d1c6,state,L2,IG,256,512,0.002075984037478729,0.06514498591423035,31.380292303860184,0.01,satisfies,0.00022507897020533347,11.762093544006348,11.764740943908691,0.00264739990234375,c6d286c283255a1e061e26430f1a6fdf3f057e4a2a5df12a20e036399f96fde1
stackcube-170m,0,0,6921323754e8eb566bf1f790b8bbee7997f201d9c194b0d7e081f7b76c80d1c6,state,L2,path_gradient,256,512,0.0006724674748525492,0.34204734745435417,508.64519139658665,0.01,satisfies,0.00022507897020533347,11.762093544006348,11.764740943908691,0.00264739990234375,c6d286c283255a1e061e26430f1a6fdf3f057e4a2a5df12a20e036399f96fde1
stackcube-170m,0,0,6921323754e8eb566bf1f790b8bbee7997f201d9c194b0d7e081f7b76c80d1c6,state,L2,IG,256,1024,0.002198852494373076,0.06899217516183853,31.37644536793232,0.01,satisfies,7.597226047636797e-05,11.762093544006348,11.761199951171875,0.0008935928344726562,c6d286c283255a1e061e26430f1a6fdf3f057e4a2a5df12a20e036399f96fde1
stackcube-170m,0,0,6921323754e8eb566bf1f790b8bbee7997f201d9c194b0d7e081f7b76c80d1c6,state,L2,path_gradient,256,1024,0.0007177301939083159,0.36505707260221243,508.62716338341124,0.01,satisfies,7.597226047636797e-05,11.762093544006348,11.761199951171875,0.0008935928344726562,c6d286c283255a1e061e26430f1a6fdf3f057e4a2a5df12a20e036399f96fde1
stackcube-170m,0,0,6921323754e8eb566bf1f790b8bbee7997f201d9c194b0d7e081f7b76c80d1c6,state,L2,IG,512,1024,0.00012261392909536302,0.003847189247608185,31.37644536793232,0.01,satisfies,7.597226047636797e-05,11.762093544006348,11.761199951171875,0.0008935928344726562,c6d286c283255a1e061e26430f1a6fdf3f057e4a2a5df12a20e036399f96fde1
stackcube-170m,0,0,6921323754e8eb566bf1f790b8bbee7997f201d9c194b0d7e081f7b76c80d1c6,state,L2,path_gradient,512,1024,4.5913941262478305e-05,0.0233530777040869,508.62716338341124,0.01,satisfies,7.597226047636797e-05,11.762093544006348,11.761199951171875,0.0008935928344726562,c6d286c283255a1e061e26430f1a6fdf3f057e4a2a5df12a20e036399f96fde1
stackcube-170m,0,12,5de0bac5da3bc54944e1a679d6a9b697b64afac147176398ab36425b0f05f92d,vision,Q,IG,128,256,2.4862417055132122e-05,4.029113813361451e-05,1.6205640040656295,0.01,satisfies,2.3055318283522655e-05,0.011512611992657185,0.01151234656572342,2.654269337654114e-07,f5c67e992bf1816955328decf9c2e1887ba15b8367d25debaf9558c0ee51dc7a
stackcube-170m,0,12,5de0bac5da3bc54944e1a679d6a9b697b64afac147176398ab36425b0f05f92d,vision,Q,path_gradient,128,256,2.0038042615203748e-05,7.098977373094139e-05,3.542749912961973,0.01,satisfies,2.3055318283522655e-05,0.011512611992657185,0.01151234656572342,2.654269337654114e-07,f5c67e992bf1816955328decf9c2e1887ba15b8367d25debaf9558c0ee51dc7a
stackcube-170m,0,12,5de0bac5da3bc54944e1a679d6a9b697b64afac147176398ab36425b0f05f92d,vision,Q,IG,128,512,3.110823685592286e-05,5.04131443921184e-05,1.6205722177571749,0.01,satisfies,7.604210240881156e-06,0.011512611992657185,0.01151252444833517,8.754432201385498e-08,f5c67e992bf1816955328decf9c2e1887ba15b8367d25debaf9558c0ee51dc7a
stackcube-170m,0,12,5de0bac5da3bc54944e1a679d6a9b697b64afac147176398ab36425b0f05f92d,vision,Q,path_gradient,128,512,2.5065284051046808e-05,8.880039897126425e-05,3.5427645180648035,0.01,satisfies,7.604210240881156e-06,0.011512611992657185,0.01151252444833517,8.754432201385498e-08,f5c67e992bf1816955328decf9c2e1887ba15b8367d25debaf9558c0ee51dc7a
stackcube-170m,0,12,5de0bac5da3bc54944e1a679d6a9b697b64afac147176398ab36425b0f05f92d,vision,Q,IG,256,512,6.254536361964447e-06,1.0135927863151616e-05,1.6205722177571749,0.01,satisfies,7.604210240881156e-06,0.011512611992657185,0.01151252444833517,8.754432201385498e-08,f5c67e992bf1816955328decf9c2e1887ba15b8367d25debaf9558c0ee51dc7a
stackcube-170m,0,12,5de0bac5da3bc54944e1a679d6a9b697b64afac147176398ab36425b0f05f92d,vision,Q,path_gradient,256,512,5.0386201831798085e-06,1.7850644804974606e-05,3.5427645180648035,0.01,satisfies,7.604210240881156e-06,0.011512611992657185,0.01151252444833517,8.754432201385498e-08,f5c67e992bf1816955328decf9c2e1887ba15b8367d25debaf9558c0ee51dc7a
stackcube-170m,0,12,5de0bac5da3bc54944e1a679d6a9b697b64afac147176398ab36425b0f05f92d,vision,L2,IG,128,256,0.0027711355146996853,1.215661874959256,438.6872704386672,0.01,satisfies,0.004596026951766437,3.433497905731201,3.417717456817627,0.01578044891357422,c92a4f9e3032c5a9699000f84aa9db3b84542687a8d31941bf0df79d73d48c5c
stackcube-170m,0,12,5de0bac5da3bc54944e1a679d6a9b697b64afac147176398ab36425b0f05f92d,vision,L2,path_gradient,128,256,0.0023688647898455163,2.138932609674784,902.9357094772272,0.01,satisfies,0.004596026951766437,3.433497905731201,3.417717456817627,0.01578044891357422,c92a4f9e3032c5a9699000f84aa9db3b84542687a8d31941bf0df79d73d48c5c
stackcube-170m,0,12,5de0bac5da3bc54944e1a679d6a9b697b64afac147176398ab36425b0f05f92d,vision,L2,IG,128,512,0.004150473086970981,1.8229579675724614,439.21691078904405,0.01,satisfies,0.0022962775014800916,3.433497905731201,3.4256136417388916,0.00788426399230957,c92a4f9e3032c5a9699000f84aa9db3b84542687a8d31941bf0df79d73d48c5c
stackcube-170m,0,12,5de0bac5da3bc54944e1a679d6a9b697b64afac147176398ab36425b0f05f92d,vision,L2,path_gradient,128,512,0.0035485950350234176,3.207494141778414,903.8771993201663,0.01,satisfies,0.0022962775014800916,3.433497905731201,3.4256136417388916,0.00788426399230957,c92a4f9e3032c5a9699000f84aa9db3b84542687a8d31941bf0df79d73d48c5c
stackcube-170m,0,12,5de0bac5da3bc54944e1a679d6a9b697b64afac147176398ab36425b0f05f92d,vision,L2,IG,256,512,0.0013826804244427156,0.6072966246322138,439.21691078904405,0.01,satisfies,0.0022962775014800916,3.433497905731201,3.4256136417388916,0.00788426399230957,c92a4f9e3032c5a9699000f84aa9db3b84542687a8d31941bf0df79d73d48c5c
stackcube-170m,0,12,5de0bac5da3bc54944e1a679d6a9b697b64afac147176398ab36425b0f05f92d,vision,L2,path_gradient,256,512,0.0011821986644373823,1.0685624178517021,903.8771993201663,0.01,satisfies,0.0022962775014800916,3.433497905731201,3.4256136417388916,0.00788426399230957,c92a4f9e3032c5a9699000f84aa9db3b84542687a8d31941bf0df79d73d48c5c
stackcube-170m,0,12,5de0bac5da3bc54944e1a679d6a9b697b64afac147176398ab36425b0f05f92d,language,Q,IG,128,256,4.25150542785064e-05,5.635728255294972e-06,0.13255841609366426,0.01,satisfies,2.969647655548023e-05,0.005488242022693157,0.0054880790412425995,1.6298145055770874e-07,6e9e2f8cf139d2449c575c56225e5239d899219dbca6f5034aa91a3c3ad3f91e
stackcube-170m,0,12,5de0bac5da3bc54944e1a679d6a9b697b64afac147176398ab36425b0f05f92d,language,Q,path_gradient,128,256,4.869662825416031e-05,1.8591889729524524e-05,0.3817900827237697,0.01,satisfies,2.969647655548023e-05,0.005488242022693157,0.0054880790412425995,1.6298145055770874e-07,6e9e2f8cf139d2449c575c56225e5239d899219dbca6f5034aa91a3c3ad3f91e
stackcube-170m,0,12,5de0bac5da3bc54944e1a679d6a9b697b64afac147176398ab36425b0f05f92d,language,Q,IG,128,512,5.2997190979973725e-05,7.025189240053228e-06,0.1325577659900478,0.01,satisfies,7.296848525060857e-06,0.005488242022693157,0.005488201975822449,4.0046870708465576e-08,6e9e2f8cf139d2449c575c56225e5239d899219dbca6f5034aa91a3c3ad3f91e
stackcube-170m,0,12,5de0bac5da3bc54944e1a679d6a9b697b64afac147176398ab36425b0f05f92d,language,Q,path_gradient,128,512,6.070838500167753e-05,2.3177727831336092e-05,0.38178791662297773,0.01,satisfies,7.296848525060857e-06,0.005488242022693157,0.005488201975822449,4.0046870708465576e-08,6e9e2f8cf139d2449c575c56225e5239d899219dbca6f5034aa91a3c3ad3f91e
stackcube-170m,0,12,5de0bac5da3bc54944e1a679d6a9b697b64afac147176398ab36425b0f05f92d,language,Q,IG,256,512,1.049400527967662e-05,1.3910618961616994e-06,0.1325577659900478,0.01,satisfies,7.296848525060857e-06,0.005488242022693157,0.005488201975822449,4.0046870708465576e-08,6e9e2f8cf139d2449c575c56225e5239d899219dbca6f5034aa91a3c3ad3f91e
stackcube-170m,0,12,5de0bac5da3bc54944e1a679d6a9b697b64afac147176398ab36425b0f05f92d,language,Q,path_gradient,256,512,1.202178042119423e-05,4.589770501106649e-06,0.38178791662297773,0.01,satisfies,7.296848525060857e-06,0.005488242022693157,0.005488201975822449,4.0046870708465576e-08,6e9e2f8cf139d2449c575c56225e5239d899219dbca6f5034aa91a3c3ad3f91e
stackcube-170m,0,12,5de0bac5da3bc54944e1a679d6a9b697b64afac147176398ab36425b0f05f92d,language,L2,IG,128,256,0.005387967588114525,0.2603806304154763,48.326317142266696,0.01,satisfies,0.003469404831682021,2.3706445693969727,2.362419843673706,0.008224725723266602,7d9ffd269e159600d0460a55e58dc7383f2ea1cee08846da3c2664cc62ea4bcd
stackcube-170m,0,12,5de0bac5da3bc54944e1a679d6a9b697b64afac147176398ab36425b0f05f92d,language,L2,path_gradient,128,256,0.006166692209331579,0.8645181559447792,140.1915527155013,0.01,satisfies,0.003469404831682021,2.3706445693969727,2.362419843673706,0.008224725723266602,7d9ffd269e159600d0460a55e58dc7383f2ea1cee08846da3c2664cc62ea4bcd
stackcube-170m,0,12,5de0bac5da3bc54944e1a679d6a9b697b64afac147176398ab36425b0f05f92d,language,L2,IG,128,512,0.00810438176118054,0.39091745232044683,48.23532057595262,0.01,satisfies,0.0017449103930684718,2.3706445693969727,2.3665080070495605,0.004136562347412109,7d9ffd269e159600d0460a55e58dc7383f2ea1cee08846da3c2664cc62ea4bcd
stackcube-170m,0,12,5de0bac5da3bc54944e1a679d6a9b697b64afac147176398ab36425b0f05f92d,language,L2,path_gradient,128,512,0.00927709016940636,1.2980280208107615,139.9175816024026,0.01,satisfies,0.0017449103930684718,2.3706445693969727,2.3665080070495605,0.004136562347412109,7d9ffd269e159600d0460a55e58dc7383f2ea1cee08846da3c2664cc62ea4bcd
stackcube-170m,0,12,5de0bac5da3bc54944e1a679d6a9b697b64afac147176398ab36425b0f05f92d,language,L2,IG,256,512,0.0027062932553816566,0.13053892274587264,48.23532057595263,0.01,satisfies,0.0017449103930684718,2.3706445693969727,2.3665080070495605,0.004136562347412109,7d9ffd269e159600d0460a55e58dc7383f2ea1cee08846da3c2664cc62ea4bcd
stackcube-170m,0,12,5de0bac5da3bc54944e1a679d6a9b697b64afac147176398ab36425b0f05f92d,language,L2,path_gradient,256,512,0.00309836655718584,0.43351595559920497,139.9175816024026,0.01,satisfies,0.0017449103930684718,2.3706445693969727,2.3665080070495605,0.004136562347412109,7d9ffd269e159600d0460a55e58dc7383f2ea1cee08846da3c2664cc62ea4bcd
stackcube-170m,0,12,5de0bac5da3bc54944e1a679d6a9b697b64afac147176398ab36425b0f05f92d,state,Q,IG,256,512,8.314776098508225e-05,6.201467476785183e-05,0.7458369778469205,0.01,satisfies,2.3247533506437566e-06,0.6409781575202942,0.6409766674041748,1.4901161193847656e-06,9e4f214c67eba298937d81ae152013d2c8d7a06a6a728c915bcec01383e42a98
stackcube-170m,0,12,5de0bac5da3bc54944e1a679d6a9b697b64afac147176398ab36425b0f05f92d,state,Q,path_gradient,256,512,9.100573170053642e-05,0.00021921664847468492,2.4088224376464495,0.01,satisfies,2.3247533506437566e-06,0.6409781575202942,0.6409766674041748,1.4901161193847656e-06,9e4f214c67eba298937d81ae152013d2c8d7a06a6a728c915bcec01383e42a98
stackcube-170m,0,12,5de0bac5da3bc54944e1a679d6a9b697b64afac147176398ab36425b0f05f92d,state,Q,IG,256,1024,8.702868974348931e-05,6.490945816040039e-05,0.7458397725131363,0.01,satisfies,1.0228914742832529e-06,0.6409781575202942,0.6409788131713867,6.556510925292969e-07,9e4f214c67eba298937d81ae152013d2c8d7a06a6a728c915bcec01383e42a98
stackcube-170m,0,12,5de0bac5da3bc54944e1a679d6a9b697b64afac147176398ab36425b0f05f92d,state,Q,path_gradient,256,1024,9.488962609801315e-05,0.00022857308795209974,2.4088311583818722,0.01,satisfies,1.0228914742832529e-06,0.6409781575202942,0.6409788131713867,6.556510925292969e-07,9e4f214c67eba298937d81ae152013d2c8d7a06a6a728c915bcec01383e42a98
stackcube-170m,0,12,5de0bac5da3bc54944e1a679d6a9b697b64afac147176398ab36425b0f05f92d,state,Q,IG,512,1024,3.881240313578981e-06,2.894783392548561e-06,0.7458397725131363,0.01,satisfies,1.0228914742832529e-06,0.6409781575202942,0.6409788131713867,6.556510925292969e-07,9e4f214c67eba298937d81ae152013d2c8d7a06a6a728c915bcec01383e42a98
stackcube-170m,0,12,5de0bac5da3bc54944e1a679d6a9b697b64afac147176398ab36425b0f05f92d,state,Q,path_gradient,512,1024,3.8899251260540785e-06,9.370172847411595e-06,2.408831158381872,0.01,satisfies,1.0228914742832529e-06,0.6409781575202942,0.6409788131713867,6.556510925292969e-07,9e4f214c67eba298937d81ae152013d2c8d7a06a6a728c915bcec01383e42a98
stackcube-170m,0,12,5de0bac5da3bc54944e1a679d6a9b697b64afac147176398ab36425b0f05f92d,state,L2,IG,256,512,0.001045724975143013,0.027623072266578674,26.415236245840788,0.01,satisfies,0.0002808958440741437,25.61955451965332,25.61235809326172,0.0071964263916015625,115433d00e04ff842226f5442acabca3d19b85a0e477e19f129233c8c6ad661c
stackcube-170m,0,12,5de0bac5da3bc54944e1a679d6a9b697b64afac147176398ab36425b0f05f92d,state,L2,path_gradient,256,512,0.001497757948145239,0.1462653730995953,97.6562155992724,0.01,satisfies,0.0002808958440741437,25.61955451965332,25.61235809326172,0.0071964263916015625,115433d00e04ff842226f5442acabca3d19b85a0e477e19f129233c8c6ad661c
stackcube-170m,0,12,5de0bac5da3bc54944e1a679d6a9b697b64afac147176398ab36425b0f05f92d,state,L2,IG,256,1024,0.0015590172825450188,0.04118720442056656,26.418696496635675,0.01,satisfies,0.00013884726986437265,25.61955451965332,25.615997314453125,0.0035572052001953125,115433d00e04ff842226f5442acabca3d19b85a0e477e19f129233c8c6ad661c
stackcube-170m,0,12,5de0bac5da3bc54944e1a679d6a9b697b64afac147176398ab36425b0f05f92d,state,L2,path_gradient,256,1024,0.002244393493996002,0.21928507648408413,97.70348963793367,0.01,satisfies,0.00013884726986437265,25.61955451965332,25.615997314453125,0.0035572052001953125,115433d00e04ff842226f5442acabca3d19b85a0e477e19f129233c8c6ad661c
stackcube-170m,0,12,5de0bac5da3bc54944e1a679d6a9b697b64afac147176398ab36425b0f05f92d,state,L2,IG,512,1024,0.0005134292736855971,0.013564132153987885,26.418696496635675,0.01,satisfies,0.00013884726986437265,25.61955451965332,25.615997314453125,0.0035572052001953125,115433d00e04ff842226f5442acabca3d19b85a0e477e19f129233c8c6ad661c
stackcube-170m,0,12,5de0bac5da3bc54944e1a679d6a9b697b64afac147176398ab36425b0f05f92d,state,L2,path_gradient,512,1024,0.0007473602391796116,0.07301970338448882,97.70348963793367,0.01,satisfies,0.00013884726986437265,25.61955451965332,25.615997314453125,0.0035572052001953125,115433d00e04ff842226f5442acabca3d19b85a0e477e19f129233c8c6ad661c
stackcube-170m,1,0,1b21022dbd36a895e9684dfddbdc62191456ecb667eb7fead5c15fb8bc5af65d,vision,Q,IG,128,256,0.0001525780640670626,0.00019071701800353136,1.2499635460029532,0.01,satisfies,2.0740524811989275e-05,0.05244731158018112,0.05244622379541397,1.087784767150879e-06,a9de47d21de105b795a48eb8cf7d3a9eacb41373a37d556baef3aa4d068c6bf8
stackcube-170m,1,0,1b21022dbd36a895e9684dfddbdc62191456ecb667eb7fead5c15fb8bc5af65d,vision,Q,path_gradient,128,256,0.00015483054224595035,0.00029875118392140966,1.929536508674364,0.01,satisfies,2.0740524811989275e-05,0.05244731158018112,0.05244622379541397,1.087784767150879e-06,a9de47d21de105b795a48eb8cf7d3a9eacb41373a37d556baef3aa4d068c6bf8
stackcube-170m,1,0,1b21022dbd36a895e9684dfddbdc62191456ecb667eb7fead5c15fb8bc5af65d,vision,Q,IG,128,512,0.00018967332810242764,0.00023708929870354788,1.2499875500445408,0.01,satisfies,4.6879268410660685e-06,0.05244731158018112,0.05244706571102142,2.4586915969848633e-07,a9de47d21de105b795a48eb8cf7d3a9eacb41373a37d556baef3aa4d068c6bf8
stackcube-170m,1,0,1b21022dbd36a895e9684dfddbdc62191456ecb667eb7fead5c15fb8bc5af65d,vision,Q,path_gradient,128,512,0.00019279352782833719,0.0003720086794966474,1.9295703734820542,0.01,satisfies,4.6879268410660685e-06,0.05244731158018112,0.05244706571102142,2.4586915969848633e-07,a9de47d21de105b795a48eb8cf7d3a9eacb41373a37d556baef3aa4d068c6bf8
stackcube-170m,1,0,1b21022dbd36a895e9684dfddbdc62191456ecb667eb7fead5c15fb8bc5af65d,vision,Q,IG,256,512,3.733216906328373e-05,4.666474654526263e-05,1.2499875500445408,0.01,satisfies,4.6879268410660685e-06,0.05244731158018112,0.05244706571102142,2.4586915969848633e-07,a9de47d21de105b795a48eb8cf7d3a9eacb41373a37d556baef3aa4d068c6bf8
stackcube-170m,1,0,1b21022dbd36a895e9684dfddbdc62191456ecb667eb7fead5c15fb8bc5af65d,vision,Q,path_gradient,256,512,3.8195868718700636e-05,7.37016166690147e-05,1.9295703734820542,0.01,satisfies,4.6879268410660685e-06,0.05244731158018112,0.05244706571102142,2.4586915969848633e-07,a9de47d21de105b795a48eb8cf7d3a9eacb41373a37d556baef3aa4d068c6bf8
stackcube-170m,1,0,1b21022dbd36a895e9684dfddbdc62191456ecb667eb7fead5c15fb8bc5af65d,vision,L2,IG,128,256,0.011283925710277818,2.2089033234894293,195.7566347213256,0.01,violates,0.005756903264023672,7.328440189361572,7.286251068115234,0.04218912124633789,85730f6a6d25f49674982c282bfc392edd03ba6dfcefa8d18de14c890ab06541
stackcube-170m,1,0,1b21022dbd36a895e9684dfddbdc62191456ecb667eb7fead5c15fb8bc5af65d,vision,L2,path_gradient,128,256,0.011808085609704934,3.483618425221537,295.0197466690443,0.01,violates,0.005756903264023672,7.328440189361572,7.286251068115234,0.04218912124633789,85730f6a6d25f49674982c282bfc392edd03ba6dfcefa8d18de14c890ab06541
stackcube-170m,1,0,1b21022dbd36a895e9684dfddbdc62191456ecb667eb7fead5c15fb8bc5af65d,vision,L2,IG,128,512,0.016915273636811418,3.325819725558218,196.61637150938492,0.01,violates,0.002884730565124151,7.328440189361572,7.307299613952637,0.021140575408935547,85730f6a6d25f49674982c282bfc392edd03ba6dfcefa8d18de14c890ab06541
stackcube-170m,1,0,1b21022dbd36a895e9684dfddbdc62191456ecb667eb7fead5c15fb8bc5af65d,vision,L2,path_gradient,128,512,0.017699978827082602,5.245344520473706,296.3475025432146,0.01,violates,0.002884730565124151,7.328440189361572,7.307299613952637,0.021140575408935547,85730f6a6d25f49674982c282bfc392edd03ba6dfcefa8d18de14c890ab06541
stackcube-170m,1,0,1b21022dbd36a895e9684dfddbdc62191456ecb667eb7fead5c15fb8bc5af65d,vision,L2,IG,256,512,0.005680827514473189,1.1169436930663963,196.61637150938492,0.01,satisfies,0.002884730565124151,7.328440189361572,7.307299613952637,0.021140575408935547,85730f6a6d25f49674982c282bfc392edd03ba6dfcefa8d18de14c890ab06541
stackcube-170m,1,0,1b21022dbd36a895e9684dfddbdc62191456ecb667eb7fead5c15fb8bc5af65d,vision,L2,path_gradient,256,512,0.005944930452241063,1.7617652923147424,296.3475025432146,0.01,satisfies,0.002884730565124151,7.328440189361572,7.307299613952637,0.021140575408935547,85730f6a6d25f49674982c282bfc392edd03ba6dfcefa8d18de14c890ab06541
stackcube-170m,1,0,1b21022dbd36a895e9684dfddbdc62191456ecb667eb7fead5c15fb8bc5af65d,language,Q,IG,128,256,7.915181854107052e-05,1.8399836290036026e-05,0.23246258429916763,0.01,satisfies,1.4008457482601085e-05,0.02260417863726616,0.02260386198759079,3.166496753692627e-07,f818c28049adb5d2fb501c6a945a2c3a748929a85b94e46c5e1b542f00a2e520
stackcube-170m,1,0,1b21022dbd36a895e9684dfddbdc62191456ecb667eb7fead5c15fb8bc5af65d,language,Q,path_gradient,128,256,8.837859731424033e-05,6.15529939334003e-05,0.6964694598460475,0.01,satisfies,1.4008457482601085e-05,0.02260417863726616,0.02260386198759079,3.166496753692627e-07,f818c28049adb5d2fb501c6a945a2c3a748929a85b94e46c5e1b542f00a2e520
stackcube-170m,1,0,1b21022dbd36a895e9684dfddbdc62191456ecb667eb7fead5c15fb8bc5af65d,language,Q,IG,128,512,9.891092600839206e-05,2.299308289320165e-05,0.2324625177531025,0.01,satisfies,3.1313022608167127e-06,0.02260417863726616,0.02260410785675049,7.078051567077637e-08,f818c28049adb5d2fb501c6a945a2c3a748929a85b94e46c5e1b542f00a2e520
stackcube-170m,1,0,1b21022dbd36a895e9684dfddbdc62191456ecb667eb7fead5c15fb8bc5af65d,language,Q,path_gradient,128,512,0.00011045201707370266,7.692648921375778e-05,0.6964697544855709,0.01,satisfies,3.1313022608167127e-06,0.02260417863726616,0.02260410785675049,7.078051567077637e-08,f818c28049adb5d2fb501c6a945a2c3a748929a85b94e46c5e1b542f00a2e520
stackcube-170m,1,0,1b21022dbd36a895e9684dfddbdc62191456ecb667eb7fead5c15fb8bc5af65d,language,Q,IG,256,512,1.977489490123739e-05,4.5969218570446335e-06,0.23246251775310253,0.01,satisfies,3.1313022608167127e-06,0.02260417863726616,0.02260410785675049,7.078051567077637e-08,f818c28049adb5d2fb501c6a945a2c3a748929a85b94e46c5e1b542f00a2e520
stackcube-170m,1,0,1b21022dbd36a895e9684dfddbdc62191456ecb667eb7fead5c15fb8bc5af65d,language,Q,path_gradient,256,512,2.2086511542600103e-05,1.5382587271517423e-05,0.6964697544855709,0.01,satisfies,3.1313022608167127e-06,0.02260417863726616,0.02260410785675049,7.078051567077637e-08,f818c28049adb5d2fb501c6a945a2c3a748929a85b94e46c5e1b542f00a2e520
stackcube-170m,1,0,1b21022dbd36a895e9684dfddbdc62191456ecb667eb7fead5c15fb8bc5af65d,language,L2,IG,128,256,0.007977046071855365,0.32317709201511935,40.513379151131346,0.01,satisfies,0.004275985036084168,4.811098575592041,4.790526390075684,0.020572185516357422,38de3e27d0c4bdd9165184302405f6d465528a315c2924ccc5d4de087900baa8
stackcube-170m,1,0,1b21022dbd36a895e9684dfddbdc62191456ecb667eb7fead5c15fb8bc5af65d,language,L2,path_gradient,128,256,0.008439840286039,1.100667159220393,130.41326872513127,0.01,satisfies,0.004275985036084168,4.811098575592041,4.790526390075684,0.020572185516357422,38de3e27d0c4bdd9165184302405f6d465528a315c2924ccc5d4de087900baa8
stackcube-170m,1,0,1b21022dbd36a895e9684dfddbdc62191456ecb667eb7fead5c15fb8bc5af65d,language,L2,IG,128,512,0.011981677798179779,0.48632885475068477,40.58937846121738,0.01,violates,0.002139528752612218,4.811098575592041,4.80080509185791,0.01029348373413086,38de3e27d0c4bdd9165184302405f6d465528a315c2924ccc5d4de087900baa8
stackcube-170m,1,0,1b21022dbd36a895e9684dfddbdc62191456ecb667eb7fead5c15fb8bc5af65d,language,L2,path_gradient,128,512,0.012671316777576018,1.6560849438174046,130.69556802084844,0.01,violates,0.002139528752612218,4.811098575592041,4.80080509185791,0.01029348373413086,38de3e27d0c4bdd9165184302405f6d465528a315c2924ccc5d4de087900baa8
stackcube-170m,1,0,1b21022dbd36a895e9684dfddbdc62191456ecb667eb7fead5c15fb8bc5af65d,language,L2,IG,256,512,0.004019784297220674,0.16316054617234865,40.58937846121738,0.01,satisfies,0.002139528752612218,4.811098575592041,4.80080509185791,0.01029348373413086,38de3e27d0c4bdd9165184302405f6d465528a315c2924ccc5d4de087900baa8
stackcube-170m,1,0,1b21022dbd36a895e9684dfddbdc62191456ecb667eb7fead5c15fb8bc5af65d,language,L2,path_gradient,256,512,0.004249991205999496,0.5554550147517148,130.69556802084844,0.01,satisfies,0.002139528752612218,4.811098575592041,4.80080509185791,0.01029348373413086,38de3e27d0c4bdd9165184302405f6d465528a315c2924ccc5d4de087900baa8
stackcube-170m,1,0,1b21022dbd36a895e9684dfddbdc62191456ecb667eb7fead5c15fb8bc5af65d,state,Q,IG,256,512,0.00026660175841402016,0.00011928140884265304,0.4474141864338889,0.01,satisfies,0.0003125704951358905,0.08488170802593231,0.08490823954343796,2.6531517505645752e-05,5c52693aacead9555a08d0057b52a771abf84d0e26b1ed19ca3093c98b98328d
stackcube-170m,1,0,1b21022dbd36a895e9684dfddbdc62191456ecb667eb7fead5c15fb8bc5af65d,state,Q,path_gradient,256,512,7.329585444530913e-05,0.0005024261754442705,6.854769335135643,0.01,satisfies,0.0003125704951358905,0.08488170802593231,0.08490823954343796,2.6531517505645752e-05,5c52693aacead9555a08d0057b52a771abf84d0e26b1ed19ca3093c98b98328d
stackcube-170m,1,0,1b21022dbd36a895e9684dfddbdc62191456ecb667eb7fead5c15fb8bc5af65d,state,Q,IG,256,1024,0.0003302177967814335,0.00014775135787203908,0.4474360840395093,0.01,satisfies,8.479165916912951e-05,0.08488170802593231,0.08488890528678894,7.197260856628418e-06,5c52693aacead9555a08d0057b52a771abf84d0e26b1ed19ca3093c98b98328d
stackcube-170m,1,0,1b21022dbd36a895e9684dfddbdc62191456ecb667eb7fead5c15fb8bc5af65d,state,Q,path_gradient,256,1024,9.100669448696681e-05,0.0006238363748707343,6.854840497037003,0.01,satisfies,8.479165916912951e-05,0.08488170802593231,0.08488890528678894,7.197260856628418e-06,5c52693aacead9555a08d0057b52a771abf84d0e26b1ed19ca3093c98b98328d
stackcube-170m,1,0,1b21022dbd36a895e9684dfddbdc62191456ecb667eb7fead5c15fb8bc5af65d,state,Q,IG,512,1024,6.362908590732281e-05,2.8469949029386044e-05,0.44743608403950924,0.01,satisfies,8.479165916912951e-05,0.08488170802593231,0.08488890528678894,7.197260856628418e-06,5c52693aacead9555a08d0057b52a771abf84d0e26b1ed19ca3093c98b98328d
stackcube-170m,1,0,1b21022dbd36a895e9684dfddbdc62191456ecb667eb7fead5c15fb8bc5af65d,state,Q,path_gradient,512,1024,1.771170284281224e-05,0.00012141089791839477,6.854840497037004,0.01,satisfies,8.479165916912951e-05,0.08488170802593231,0.08488890528678894,7.197260856628418e-06,5c52693aacead9555a08d0057b52a771abf84d0e26b1ed19ca3093c98b98328d
stackcube-170m,1,0,1b21022dbd36a895e9684dfddbdc62191456ecb667eb7fead5c15fb8bc5af65d,state,L2,IG,256,512,0.0015359988505844514,0.025898762978613377,16.861186431720853,0.01,satisfies,0.0025618093796552603,9.323027610778809,9.29914379119873,0.023883819580078125,5cddb3cfd2954b256cfd85a350d22aa941756336dd99879d0e3080d9eceb6bab
stackcube-170m,1,0,1b21022dbd36a895e9684dfddbdc62191456ecb667eb7fead5c15fb8bc5af65d,state,L2,path_gradient,256,512,0.001107500401181598,0.26124199433252215,235.88433381496,0.01,satisfies,0.0025618093796552603,9.323027610778809,9.29914379119873,0.023883819580078125,5cddb3cfd2954b256cfd85a350d22aa941756336dd99879d0e3080d9eceb6bab
stackcube-170m,1,0,1b21022dbd36a895e9684dfddbdc62191456ecb667eb7fead5c15fb8bc5af65d,state,L2,IG,256,1024,0.0023520093772242436,0.03968293033540249,16.871926923282444,0.01,satisfies,0.001306580067334956,9.323027610778809,9.310846328735352,0.012181282043457031,5cddb3cfd2954b256cfd85a350d22aa941756336dd99879d0e3080d9eceb6bab
stackcube-170m,1,0,1b21022dbd36a895e9684dfddbdc62191456ecb667eb7fead5c15fb8bc5af65d,state,L2,path_gradient,256,1024,0.0016610563101042376,0.3919413713738322,235.95911167468876,0.01,satisfies,0.001306580067334956,9.323027610778809,9.310846328735352,0.012181282043457031,5cddb3cfd2954b256cfd85a350d22aa941756336dd99879d0e3080d9eceb6bab
stackcube-170m,1,0,1b21022dbd36a895e9684dfddbdc62191456ecb667eb7fead5c15fb8bc5af65d,state,L2,IG,512,1024,0.0008169883273834969,0.013784167356789112,16.871926923282444,0.01,satisfies,0.001306580067334956,9.323027610778809,9.310846328735352,0.012181282043457031,5cddb3cfd2954b256cfd85a350d22aa941756336dd99879d0e3080d9eceb6bab
stackcube-170m,1,0,1b21022dbd36a895e9684dfddbdc62191456ecb667eb7fead5c15fb8bc5af65d,state,L2,path_gradient,512,1024,0.0005539068871453552,0.13069937704131007,235.95911167468873,0.01,satisfies,0.001306580067334956,9.323027610778809,9.310846328735352,0.012181282043457031,5cddb3cfd2954b256cfd85a350d22aa941756336dd99879d0e3080d9eceb6bab
stackcube-170m,1,12,5e24aac873631def1a65f99e70e9b6ff6c748740e693d135286787fc88830449,vision,Q,IG,128,256,1.7071955142326962e-05,1.4041618526540468e-06,0.08224962173035882,0.01,satisfies,3.2743145924039645e-06,0.0039820596575737,0.003982046619057655,1.30385160446167e-08,55de6d2b909b9b975e3e455beafcf316431a73c3859bd533384748b087c89fb5
stackcube-170m,1,12,5e24aac873631def1a65f99e70e9b6ff6c748740e693d135286787fc88830449,vision,Q,path_gradient,128,256,1.0259564354620688e-05,3.023345122610159e-06,0.2946855264130693,0.01,satisfies,3.2743145924039645e-06,0.0039820596575737,0.003982046619057655,1.30385160446167e-08,55de6d2b909b9b975e3e455beafcf316431a73c3859bd533384748b087c89fb5
stackcube-170m,1,12,5e24aac873631def1a65f99e70e9b6ff6c748740e693d135286787fc88830449,vision,Q,IG,128,512,2.130588107129795e-05,1.752404696699415e-06,0.08224981125329536,0.01,satisfies,2.338796137431403e-07,0.0039820596575737,0.003982060588896275,9.313225746154785e-10,55de6d2b909b9b975e3e455beafcf316431a73c3859bd533384748b087c89fb5
stackcube-170m,1,12,5e24aac873631def1a65f99e70e9b6ff6c748740e693d135286787fc88830449,vision,Q,path_gradient,128,512,1.2813648177522609e-05,3.7759986560983703e-06,0.294685682311938,0.01,satisfies,2.338796137431403e-07,0.0039820596575737,0.003982060588896275,9.313225746154785e-10,55de6d2b909b9b975e3e455beafcf316431a73c3859bd533384748b087c89fb5
stackcube-170m,1,12,5e24aac873631def1a65f99e70e9b6ff6c748740e693d135286787fc88830449,vision,Q,IG,256,512,4.259937076885908e-06,3.5037902052478073e-07,0.08224981125329536,0.01,satisfies,2.338796137431403e-07,0.0039820596575737,0.003982060588896275,9.313225746154785e-10,55de6d2b909b9b975e3e455beafcf316431a73c3859bd533384748b087c89fb5
stackcube-170m,1,12,5e24aac873631def1a65f99e70e9b6ff6c748740e693d135286787fc88830449,vision,Q,path_gradient,256,512,2.6229947028319936e-06,7.72958983704645e-07,0.294685682311938,0.01,satisfies,2.338796137431403e-07,0.0039820596575737,0.003982060588896275,9.313225746154785e-10,55de6d2b909b9b975e3e455beafcf316431a73c3859bd533384748b087c89fb5
stackcube-170m,1,12,5e24aac873631def1a65f99e70e9b6ff6c748740e693d135286787fc88830449,vision,L2,IG,128,256,0.0026095124053547108,0.13066285808106098,50.0717520303568,0.01,satisfies,0.0014082107411519274,2.019313097000122,2.0164694786071777,0.002843618392944336,1f88d505afc8ac5a6cdc05b355e32541190e22b310f4d2d601270c297f0c9ab5
stackcube-170m,1,12,5e24aac873631def1a65f99e70e9b6ff6c748740e693d135286787fc88830449,vision,L2,path_gradient,128,256,0.0019677837248632314,0.2877761696018149,146.24380005064654,0.01,satisfies,0.0014082107411519274,2.019313097000122,2.0164694786071777,0.002843618392944336,1f88d505afc8ac5a6cdc05b355e32541190e22b310f4d2d601270c297f0c9ab5
stackcube-170m,1,12,5e24aac873631def1a65f99e70e9b6ff6c748740e693d135286787fc88830449,vision,L2,IG,128,512,0.003908874181663571,0.19593772347293797,50.12638278102602,0.01,satisfies,0.0007023933679142128,2.019313097000122,2.017894744873047,0.0014183521270751953,1f88d505afc8ac5a6cdc05b355e32541190e22b310f4d2d601270c297f0c9ab5
stackcube-170m,1,12,5e24aac873631def1a65f99e70e9b6ff6c748740e693d135286787fc88830449,vision,L2,path_gradient,128,512,0.0029482681283433056,0.43153148719096196,146.36778895461202,0.01,satisfies,0.0007023933679142128,2.019313097000122,2.017894744873047,0.0014183521270751953,1f88d505afc8ac5a6cdc05b355e32541190e22b310f4d2d601270c297f0c9ab5
stackcube-170m,1,12,5e24aac873631def1a65f99e70e9b6ff6c748740e693d135286787fc88830449,vision,L2,IG,256,512,0.0013022091819731112,0.06527503591655093,50.12638278102601,0.01,satisfies,0.0007023933679142128,2.019313097000122,2.017894744873047,0.0014183521270751953,1f88d505afc8ac5a6cdc05b355e32541190e22b310f4d2d601270c297f0c9ab5
stackcube-170m,1,12,5e24aac873631def1a65f99e70e9b6ff6c748740e693d135286787fc88830449,vision,L2,path_gradient,256,512,0.0009821534702461408,0.14375563185402696,146.36778895461202,0.01,satisfies,0.0007023933679142128,2.019313097000122,2.017894744873047,0.0014183521270751953,1f88d505afc8ac5a6cdc05b355e32541190e22b310f4d2d601270c297f0c9ab5
stackcube-170m,1,12,5e24aac873631def1a65f99e70e9b6ff6c748740e693d135286787fc88830449,language,Q,IG,128,256,3.939810987536351e-05,2.94326858249201e-07,0.007470583212755847,0.01,satisfies,3.087985383313295e-05,0.0003487198264338076,0.0003487090580165386,1.076841726899147e-08,fe2faa214e327465a4edeca36265e4fb8b93ec1974d53de9d466b815113a1e81
stackcube-170m,1,12,5e24aac873631def1a65f99e70e9b6ff6c748740e693d135286787fc88830449,language,Q,path_gradient,128,256,4.3702687580292205e-05,9.550013371209184e-07,0.021852233580974954,0.01,satisfies,3.087985383313295e-05,0.0003487198264338076,0.0003487090580165386,1.076841726899147e-08,fe2faa214e327465a4edeca36265e4fb8b93ec1974d53de9d466b815113a1e81
stackcube-170m,1,12,5e24aac873631def1a65f99e70e9b6ff6c748740e693d135286787fc88830449,language,Q,IG,128,512,4.926733047631055e-05,3.680580692680497e-07,0.007470631465307925,0.01,satisfies,8.51282457021503e-06,0.0003487198264338076,0.000348716857843101,2.9685907065868378e-09,fe2faa214e327465a4edeca36265e4fb8b93ec1974d53de9d466b815113a1e81
stackcube-170m,1,12,5e24aac873631def1a65f99e70e9b6ff6c748740e693d135286787fc88830449,language,Q,path_gradient,128,512,5.463376801060909e-05,1.1938786228604756e-06,0.021852393974156087,0.01,satisfies,8.51282457021503e-06,0.0003487198264338076,0.000348716857843101,2.9685907065868378e-09,fe2faa214e327465a4edeca36265e4fb8b93ec1974d53de9d466b815113a1e81
stackcube-170m,1,12,5e24aac873631def1a65f99e70e9b6ff6c748740e693d135286787fc88830449,language,Q,IG,256,512,9.874811512513938e-06,7.377107759937157e-08,0.007470631465307925,0.01,satisfies,8.51282457021503e-06,0.0003487198264338076,0.000348716857843101,2.9685907065868378e-09,fe2faa214e327465a4edeca36265e4fb8b93ec1974d53de9d466b815113a1e81
stackcube-170m,1,12,5e24aac873631def1a65f99e70e9b6ff6c748740e693d135286787fc88830449,language,Q,path_gradient,256,512,1.0937180104626717e-05,2.390035686126047e-07,0.021852393974156087,0.01,satisfies,8.51282457021503e-06,0.0003487198264338076,0.000348716857843101,2.9685907065868378e-09,fe2faa214e327465a4edeca36265e4fb8b93ec1974d53de9d466b815113a1e81
stackcube-170m,1,12,5e24aac873631def1a65f99e70e9b6ff6c748740e693d135286787fc88830449,language,L2,IG,128,256,0.003239431621845908,0.0370020062003904,11.42237605845983,0.01,satisfies,0.0033925378331506164,0.5975683331489563,0.5955410599708557,0.002027273178100586,5ffc26d00e50c6b9df087e953400e9a2a9fe4dcbfcd0e50a7b9f7eeafe20eeca
stackcube-170m,1,12,5e24aac873631def1a65f99e70e9b6ff6c748740e693d135286787fc88830449,language,L2,path_gradient,128,256,0.0037130617281382018,0.12763194006086565,34.37377275299505,0.01,satisfies,0.0033925378331506164,0.5975683331489563,0.5955410599708557,0.002027273178100586,5ffc26d00e50c6b9df087e953400e9a2a9fe4dcbfcd0e50a7b9f7eeafe20eeca
stackcube-170m,1,12,5e24aac873631def1a65f99e70e9b6ff6c748740e693d135286787fc88830449,language,L2,IG,128,512,0.00484742012816099,0.055446520797099386,11.438356761152995,0.01,satisfies,0.001686593620508755,0.5975683331489563,0.5965604782104492,0.00100785493850708,5ffc26d00e50c6b9df087e953400e9a2a9fe4dcbfcd0e50a7b9f7eeafe20eeca
stackcube-170m,1,12,5e24aac873631def1a65f99e70e9b6ff6c748740e693d135286787fc88830449,language,L2,path_gradient,128,512,0.005555388862513017,0.19126832456387888,34.4293314649008,0.01,satisfies,0.001686593620508755,0.5975683331489563,0.5965604782104492,0.00100785493850708,5ffc26d00e50c6b9df087e953400e9a2a9fe4dcbfcd0e50a7b9f7eeafe20eeca
stackcube-170m,1,12,5e24aac873631def1a65f99e70e9b6ff6c748740e693d135286787fc88830449,language,L2,IG,256,512,0.0016125414717631213,0.0184448246461813,11.438356761152995,0.01,satisfies,0.001686593620508755,0.5975683331489563,0.5965604782104492,0.00100785493850708,5ffc26d00e50c6b9df087e953400e9a2a9fe4dcbfcd0e50a7b9f7eeafe20eeca
stackcube-170m,1,12,5e24aac873631def1a65f99e70e9b6ff6c748740e693d135286787fc88830449,language,L2,path_gradient,256,512,0.0018483489041620236,0.06363741708418047,34.4293314649008,0.01,satisfies,0.001686593620508755,0.5975683331489563,0.5965604782104492,0.00100785493850708,5ffc26d00e50c6b9df087e953400e9a2a9fe4dcbfcd0e50a7b9f7eeafe20eeca
stackcube-170m,1,12,5e24aac873631def1a65f99e70e9b6ff6c748740e693d135286787fc88830449,state,Q,IG,256,512,1.3050114256120541e-05,6.222779575182358e-06,0.47683717192467157,0.01,satisfies,0.0,0.4257165193557739,0.4257165193557739,0.0,64005fee939984cd4024cf7a4700d829436efb60a0364aeb811d5102ad642781
stackcube-170m,1,12,5e24aac873631def1a65f99e70e9b6ff6c748740e693d135286787fc88830449,state,Q,path_gradient,256,512,1.3125650566498929e-05,1.3086434137221659e-05,0.9970122296736008,0.01,satisfies,0.0,0.4257165193557739,0.4257165193557739,0.0,64005fee939984cd4024cf7a4700d829436efb60a0364aeb811d5102ad642781
stackcube-170m,1,12,5e24aac873631def1a65f99e70e9b6ff6c748740e693d135286787fc88830449,state,Q,IG,256,1024,1.2503134718128145e-05,5.9619562762236455e-06,0.47683692215036894,0.01,satisfies,7.700559676677301e-07,0.4257165193557739,0.42571619153022766,3.2782554626464844e-07,64005fee939984cd4024cf7a4700d829436efb60a0364aeb811d5102ad642781
stackcube-170m,1,12,5e24aac873631def1a65f99e70e9b6ff6c748740e693d135286787fc88830449,state,Q,path_gradient,256,1024,1.309357050302924e-05,1.3054449254923384e-05,0.9970121787562221,0.01,satisfies,7.700559676677301e-07,0.4257165193557739,0.42571619153022766,3.2782554626464844e-07,64005fee939984cd4024cf7a4700d829436efb60a0364aeb811d5102ad642781
stackcube-170m,1,12,5e24aac873631def1a65f99e70e9b6ff6c748740e693d135286787fc88830449,state,Q,IG,512,1024,6.016739009096123e-07,2.8690033104794566e-07,0.476836922150369,0.01,satisfies,7.700559676677301e-07,0.4257165193557739,0.42571619153022766,3.2782554626464844e-07,64005fee939984cd4024cf7a4700d829436efb60a0364aeb811d5102ad642781
stackcube-170m,1,12,5e24aac873631def1a65f99e70e9b6ff6c748740e693d135286787fc88830449,state,Q,path_gradient,512,1024,7.626309549394024e-07,7.603523499710718e-07,0.9970121787562222,0.01,satisfies,7.700559676677301e-07,0.4257165193557739,0.42571619153022766,3.2782554626464844e-07,64005fee939984cd4024cf7a4700d829436efb60a0364aeb811d5102ad642781
stackcube-170m,1,12,5e24aac873631def1a65f99e70e9b6ff6c748740e693d135286787fc88830449,state,L2,IG,256,512,0.0005451343136063707,0.012449756264686584,22.83796112984419,0.01,satisfies,0.000558163057059977,20.879024505615234,20.86737060546875,0.011653900146484375,15a0c836e636331352cc1c1206cd39c52a110e673707dcf18f9bb4ac6bd01aca
stackcube-170m,1,12,5e24aac873631def1a65f99e70e9b6ff6c748740e693d135286787fc88830449,state,L2,path_gradient,256,512,0.0006156521930219961,0.03124041442060843,50.74360941891791,0.01,satisfies,0.000558163057059977,20.879024505615234,20.86737060546875,0.011653900146484375,15a0c836e636331352cc1c1206cd39c52a110e673707dcf18f9bb4ac6bd01aca
stackcube-170m,1,12,5e24aac873631def1a65f99e70e9b6ff6c748740e693d135286787fc88830449,state,L2,IG,256,1024,0.0008149086290561638,0.01861586794257164,22.84411684796214,0.01,satisfies,0.00027899017614749097,20.879024505615234,20.873199462890625,0.005825042724609375,15a0c836e636331352cc1c1206cd39c52a110e673707dcf18f9bb4ac6bd01aca
stackcube-170m,1,12,5e24aac873631def1a65f99e70e9b6ff6c748740e693d135286787fc88830449,state,L2,path_gradient,256,1024,0.0009220037322716125,0.04679850074171554,50.75738752858888,0.01,satisfies,0.00027899017614749097,20.879024505615234,20.873199462890625,0.005825042724609375,15a0c836e636331352cc1c1206cd39c52a110e673707dcf18f9bb4ac6bd01aca
stackcube-170m,1,12,5e24aac873631def1a65f99e70e9b6ff6c748740e693d135286787fc88830449,state,L2,IG,512,1024,0.0002699212107398723,0.0061661116778850555,22.84411684796214,0.01,satisfies,0.00027899017614749097,20.879024505615234,20.873199462890625,0.005825042724609375,15a0c836e636331352cc1c1206cd39c52a110e673707dcf18f9bb4ac6bd01aca
stackcube-170m,1,12,5e24aac873631def1a65f99e70e9b6ff6c748740e693d135286787fc88830449,state,L2,path_gradient,512,1024,0.000306518658241504,0.015558086321107112,50.75738752858888,0.01,satisfies,0.00027899017614749097,20.879024505615234,20.873199462890625,0.005825042724609375,15a0c836e636331352cc1c1206cd39c52a110e673707dcf18f9bb4ac6bd01aca
peginsertionside-170m,1,0,75414ff0a13f7278db93091c06b796c7f6f2ddc846668110cf4729c49ab11f8a,vision,Q,IG,128,256,1.9482878093845453e-05,9.515436461377982e-09,0.0004883999384251069,0.01,satisfies,1.6350355415850851e-06,2.4475166355841793e-05,2.4475126338074915e-05,4.001776687800884e-11,5e0f45882aefc9683b459926e5a40546eea2b44e58ad872b9ae79c5983268c88
peginsertionside-170m,1,0,75414ff0a13f7278db93091c06b796c7f6f2ddc846668110cf4729c49ab11f8a,vision,Q,path_gradient,128,256,8.727561564183738e-06,2.1587900141732093e-08,0.002473531694158968,0.01,satisfies,1.6350355415850851e-06,2.4475166355841793e-05,2.4475126338074915e-05,4.001776687800884e-11,5e0f45882aefc9683b459926e5a40546eea2b44e58ad872b9ae79c5983268c88
peginsertionside-170m,1,0,75414ff0a13f7278db93091c06b796c7f6f2ddc846668110cf4729c49ab11f8a,vision,Q,IG,128,512,2.445399595727435e-05,1.1943345014128983e-08,0.000488400547501366,0.01,satisfies,5.202385814134362e-07,2.4475166355841793e-05,2.4475179088767618e-05,1.2732925824820995e-11,5e0f45882aefc9683b459926e5a40546eea2b44e58ad872b9ae79c5983268c88
peginsertionside-170m,1,0,75414ff0a13f7278db93091c06b796c7f6f2ddc846668110cf4729c49ab11f8a,vision,Q,path_gradient,128,512,1.0929277861038176e-05,2.7033914468507563e-08,0.002473531628734673,0.01,satisfies,5.202385814134362e-07,2.4475166355841793e-05,2.4475179088767618e-05,1.2732925824820995e-11,5e0f45882aefc9683b459926e5a40546eea2b44e58ad872b9ae79c5983268c88
peginsertionside-170m,1,0,75414ff0a13f7278db93091c06b796c7f6f2ddc846668110cf4729c49ab11f8a,vision,Q,IG,256,512,5.009212965833449e-06,2.4465023550639977e-09,0.000488400547501366,0.01,satisfies,5.202385814134362e-07,2.4475166355841793e-05,2.4475179088767618e-05,1.2732925824820995e-11,5e0f45882aefc9683b459926e5a40546eea2b44e58ad872b9ae79c5983268c88
peginsertionside-170m,1,0,75414ff0a13f7278db93091c06b796c7f6f2ddc846668110cf4729c49ab11f8a,vision,Q,path_gradient,256,512,2.286745393533264e-06,5.656337057767845e-09,0.002473531628734673,0.01,satisfies,5.202385814134362e-07,2.4475166355841793e-05,2.4475179088767618e-05,1.2732925824820995e-11,5e0f45882aefc9683b459926e5a40546eea2b44e58ad872b9ae79c5983268c88
peginsertionside-170m,1,0,75414ff0a13f7278db93091c06b796c7f6f2ddc846668110cf4729c49ab11f8a,vision,L2,IG,128,256,0.003888781215187042,0.012327194663952778,3.169937824172468,0.01,satisfies,0.001588566163964275,0.15831062197685242,0.15805913507938385,0.0002514868974685669,6c58c296f916c74eef84fc695a54637c083acb3aaa7b70804dd6552c696c0281
peginsertionside-170m,1,0,75414ff0a13f7278db93091c06b796c7f6f2ddc846668110cf4729c49ab11f8a,vision,L2,path_gradient,128,256,0.002489615225228435,0.03292598331736371,13.225330156929203,0.01,satisfies,0.001588566163964275,0.15831062197685242,0.15805913507938385,0.0002514868974685669,6c58c296f916c74eef84fc695a54637c083acb3aaa7b70804dd6552c696c0281
peginsertionside-170m,1,0,75414ff0a13f7278db93091c06b796c7f6f2ddc846668110cf4729c49ab11f8a,vision,L2,IG,128,512,0.00582943688469946,0.01849223277053004,3.172215968075177,0.01,satisfies,0.0007912239837816967,0.15831062197685242,0.15818536281585693,0.0001252591609954834,6c58c296f916c74eef84fc695a54637c083acb3aaa7b70804dd6552c696c0281
peginsertionside-170m,1,0,75414ff0a13f7278db93091c06b796c7f6f2ddc846668110cf4729c49ab11f8a,vision,L2,path_gradient,128,512,0.003732966925910782,0.04939166094968554,13.231207757790353,0.01,satisfies,0.0007912239837816967,0.15831062197685242,0.15818536281585693,0.0001252591609954834,6c58c296f916c74eef84fc695a54637c083acb3aaa7b70804dd6552c696c0281
peginsertionside-170m,1,0,75414ff0a13f7278db93091c06b796c7f6f2ddc846668110cf4729c49ab11f8a,vision,L2,IG,256,512,0.0019434573233353865,0.006165066354357155,3.172215968075177,0.01,satisfies,0.0007912239837816967,0.15831062197685242,0.15818536281585693,0.0001252591609954834,6c58c296f916c74eef84fc695a54637c083acb3aaa7b70804dd6552c696c0281
peginsertionside-170m,1,0,75414ff0a13f7278db93091c06b796c7f6f2ddc846668110cf4729c49ab11f8a,vision,L2,path_gradient,256,512,0.001244461642418691,0.01646573053744271,13.231207757790354,0.01,satisfies,0.0007912239837816967,0.15831062197685242,0.15818536281585693,0.0001252591609954834,6c58c296f916c74eef84fc695a54637c083acb3aaa7b70804dd6552c696c0281
peginsertionside-170m,1,0,75414ff0a13f7278db93091c06b796c7f6f2ddc846668110cf4729c49ab11f8a,language,Q,IG,128,256,0.00012566760318921327,2.6370001642966314e-07,0.0020983929806683696,0.01,satisfies,7.364213724236142e-05,0.00022882439952809364,0.0002288075484102592,1.6851117834448814e-08,0cfa3c9f44a430c51df8231f9c1981d00f8317c026de2b2d7efc5fe758f429de
peginsertionside-170m,1,0,75414ff0a13f7278db93091c06b796c7f6f2ddc846668110cf4729c49ab11f8a,language,Q,path_gradient,128,256,0.00012988935123102625,7.083401693027541e-07,0.005453412174204125,0.01,satisfies,7.364213724236142e-05,0.00022882439952809364,0.0002288075484102592,1.6851117834448814e-08,0cfa3c9f44a430c51df8231f9c1981d00f8317c026de2b2d7efc5fe758f429de
peginsertionside-170m,1,0,75414ff0a13f7278db93091c06b796c7f6f2ddc846668110cf4729c49ab11f8a,language,Q,IG,128,512,0.00015711336353356982,3.2968572067141027e-07,0.0020983938810588037,0.01,satisfies,1.7615606231549322e-05,0.00022882439952809364,0.00022882036864757538,4.030880518257618e-09,0cfa3c9f44a430c51df8231f9c1981d00f8317c026de2b2d7efc5fe758f429de
peginsertionside-170m,1,0,75414ff0a13f7278db93091c06b796c7f6f2ddc846668110cf4729c49ab11f8a,language,Q,path_gradient,128,512,0.0001623927796983302,8.855944936009968e-07,0.005453410522599133,0.01,satisfies,1.7615606231549322e-05,0.00022882439952809364,0.00022882036864757538,4.030880518257618e-09,0cfa3c9f44a430c51df8231f9c1981d00f8317c026de2b2d7efc5fe758f429de
peginsertionside-170m,1,0,75414ff0a13f7278db93091c06b796c7f6f2ddc846668110cf4729c49ab11f8a,language,Q,IG,256,512,3.145286078275272e-05,6.600049060832272e-08,0.0020983938810588037,0.01,satisfies,1.7615606231549322e-05,0.00022882439952809364,0.00022882036864757538,4.030880518257618e-09,0cfa3c9f44a430c51df8231f9c1981d00f8317c026de2b2d7efc5fe758f429de
peginsertionside-170m,1,0,75414ff0a13f7278db93091c06b796c7f6f2ddc846668110cf4729c49ab11f8a,language,Q,path_gradient,256,512,3.251256373057292e-05,1.7730435716498127e-07,0.005453410522599133,0.01,satisfies,1.7615606231549322e-05,0.00022882439952809364,0.00022882036864757538,4.030880518257618e-09,0cfa3c9f44a430c51df8231f9c1981d00f8317c026de2b2d7efc5fe758f429de
peginsertionside-170m,1,0,75414ff0a13f7278db93091c06b796c7f6f2ddc846668110cf4729c49ab11f8a,language,L2,IG,128,256,0.0010500762505706628,0.003562133789149824,3.3922620259376273,0.01,satisfies,0.0009097795109921276,0.4840611517429352,0.4836207628250122,0.00044038891792297363,84f9b8ff70fcc41d3206ab447fab9a8f5ac5c57a9a8681ce6e836ed7a29dd61a
peginsertionside-170m,1,0,75414ff0a13f7278db93091c06b796c7f6f2ddc846668110cf4729c49ab11f8a,language,L2,path_gradient,128,256,0.0012565902072499797,0.011183962251596569,8.900246227505168,0.01,satisfies,0.0009097795109921276,0.4840611517429352,0.4836207628250122,0.00044038891792297363,84f9b8ff70fcc41d3206ab447fab9a8f5ac5c57a9a8681ce6e836ed7a29dd61a
peginsertionside-170m,1,0,75414ff0a13f7278db93091c06b796c7f6f2ddc846668110cf4729c49ab11f8a,language,L2,IG,128,512,0.0015634411843271252,0.0053048296209751294,3.3930471284458488,0.01,satisfies,0.0004444541036646254,0.4840611517429352,0.4838460087776184,0.00021514296531677246,84f9b8ff70fcc41d3206ab447fab9a8f5ac5c57a9a8681ce6e836ed7a29dd61a
peginsertionside-170m,1,0,75414ff0a13f7278db93091c06b796c7f6f2ddc846668110cf4729c49ab11f8a,language,L2,path_gradient,128,512,0.001872123218973075,0.016667535504979014,8.903012011208183,0.01,satisfies,0.0004444541036646254,0.4840611517429352,0.4838460087776184,0.00021514296531677246,84f9b8ff70fcc41d3206ab447fab9a8f5ac5c57a9a8681ce6e836ed7a29dd61a
peginsertionside-170m,1,0,75414ff0a13f7278db93091c06b796c7f6f2ddc846668110cf4729c49ab11f8a,language,L2,IG,256,512,0.0005142854416372617,0.001744994740948816,3.3930471284458488,0.01,satisfies,0.0004444541036646254,0.4840611517429352,0.4838460087776184,0.00021514296531677246,84f9b8ff70fcc41d3206ab447fab9a8f5ac5c57a9a8681ce6e836ed7a29dd61a
peginsertionside-170m,1,0,75414ff0a13f7278db93091c06b796c7f6f2ddc846668110cf4729c49ab11f8a,language,L2,path_gradient,256,512,0.0006165874704253905,0.005489485655157722,8.903012011208183,0.01,satisfies,0.0004444541036646254,0.4840611517429352,0.4838460087776184,0.00021514296531677246,84f9b8ff70fcc41d3206ab447fab9a8f5ac5c57a9a8681ce6e836ed7a29dd61a
peginsertionside-170m,1,0,75414ff0a13f7278db93091c06b796c7f6f2ddc846668110cf4729c49ab11f8a,state,Q,IG,256,512,0.0021341333609165986,0.00025975427706725895,0.1217141729866853,0.01,satisfies,0.0003405813771066908,0.06029043719172478,0.0603109709918499,2.053380012512207e-05,43a6cd57cb624046d2427f61c664c9dd78eb0cf5471ca9ded9e7e531570c7abd
peginsertionside-170m,1,0,75414ff0a13f7278db93091c06b796c7f6f2ddc846668110cf4729c49ab11f8a,state,Q,path_gradient,256,512,0.002343186135264185,0.0015345557094406104,0.6549013270205251,0.01,satisfies,0.0003405813771066908,0.06029043719172478,0.0603109709918499,2.053380012512207e-05,43a6cd57cb624046d2427f61c664c9dd78eb0cf5471ca9ded9e7e531570c7abd
peginsertionside-170m,1,0,75414ff0a13f7278db93091c06b796c7f6f2ddc846668110cf4729c49ab11f8a,state,Q,IG,256,1024,0.0017873695988591262,0.00021747263963334262,0.12167189134925138,0.01,satisfies,1.0256986320702226e-05,0.06029043719172478,0.06028981879353523,6.183981895446777e-07,43a6cd57cb624046d2427f61c664c9dd78eb0cf5471ca9ded9e7e531570c7abd
peginsertionside-170m,1,0,75414ff0a13f7278db93091c06b796c7f6f2ddc846668110cf4729c49ab11f8a,state,Q,path_gradient,256,1024,0.0019920427978413475,0.001304132266795932,0.6546708073788068,0.01,satisfies,1.0256986320702226e-05,0.06029043719172478,0.06028981879353523,6.183981895446777e-07,43a6cd57cb624046d2427f61c664c9dd78eb0cf5471ca9ded9e7e531570c7abd
peginsertionside-170m,1,0,75414ff0a13f7278db93091c06b796c7f6f2ddc846668110cf4729c49ab11f8a,state,Q,IG,512,1024,0.0003475053848924695,4.228163743391633e-05,0.12167189134925138,0.01,satisfies,1.0256986320702226e-05,0.06029043719172478,0.06028981879353523,6.183981895446777e-07,43a6cd57cb624046d2427f61c664c9dd78eb0cf5471ca9ded9e7e531570c7abd
peginsertionside-170m,1,0,75414ff0a13f7278db93091c06b796c7f6f2ddc846668110cf4729c49ab11f8a,state,Q,path_gradient,512,1024,0.000352237327148238,0.00023059949535308988,0.6546708073788068,0.01,satisfies,1.0256986320702226e-05,0.06029043719172478,0.06028981879353523,6.183981895446777e-07,43a6cd57cb624046d2427f61c664c9dd78eb0cf5471ca9ded9e7e531570c7abd
peginsertionside-170m,1,0,75414ff0a13f7278db93091c06b796c7f6f2ddc846668110cf4729c49ab11f8a,state,L2,IG,256,512,0.006068526842302872,0.09494027588516474,15.64469901053235,0.01,satisfies,0.0006417654393744671,7.857314586639404,7.852272033691406,0.005042552947998047,d1c1ca0e739ccde51dfbd4edd7eeba23ff9906a451720f0457b687aced69b3fe
peginsertionside-170m,1,0,75414ff0a13f7278db93091c06b796c7f6f2ddc846668110cf4729c49ab11f8a,state,L2,path_gradient,256,512,0.0062900204628516775,0.5224385469919071,83.05832231824752,0.01,satisfies,0.0006417654393744671,7.857314586639404,7.852272033691406,0.005042552947998047,d1c1ca0e739ccde51dfbd4edd7eeba23ff9906a451720f0457b687aced69b3fe
peginsertionside-170m,1,0,75414ff0a13f7278db93091c06b796c7f6f2ddc846668110cf4729c49ab11f8a,state,L2,IG,256,1024,0.006600188279180678,0.10331322206184268,15.653071956709027,0.01,satisfies,2.8462221377458638e-05,7.857314586639404,7.857090950012207,0.00022363662719726562,d1c1ca0e739ccde51dfbd4edd7eeba23ff9906a451720f0457b687aced69b3fe
peginsertionside-170m,1,0,75414ff0a13f7278db93091c06b796c7f6f2ddc846668110cf4729c49ab11f8a,state,L2,path_gradient,256,1024,0.006785346453382521,0.5638601639075205,83.09968662343454,0.01,satisfies,2.8462221377458638e-05,7.857314586639404,7.857090950012207,0.00022363662719726562,d1c1ca0e739ccde51dfbd4edd7eeba23ff9906a451720f0457b687aced69b3fe
peginsertionside-170m,1,0,75414ff0a13f7278db93091c06b796c7f6f2ddc846668110cf4729c49ab11f8a,state,L2,IG,512,1024,0.0005385630794375211,0.008430166635662317,15.653071956709027,0.01,satisfies,2.8462221377458638e-05,7.857314586639404,7.857090950012207,0.00022363662719726562,d1c1ca0e739ccde51dfbd4edd7eeba23ff9906a451720f0457b687aced69b3fe
peginsertionside-170m,1,0,75414ff0a13f7278db93091c06b796c7f6f2ddc846668110cf4729c49ab11f8a,state,L2,path_gradient,512,1024,0.0005006218922161999,0.041601522359997034,83.09968662343454,0.01,satisfies,2.8462221377458638e-05,7.857314586639404,7.857090950012207,0.00022363662719726562,d1c1ca0e739ccde51dfbd4edd7eeba23ff9906a451720f0457b687aced69b3fe
peginsertionside-170m,1,12,e4ffaba57f120e0fd54f55d63ecac50153fa5f393953c722802d7e58a304f749,vision,Q,IG,128,256,3.56816145777761e-05,2.574109154091473e-08,0.0007214105035747817,0.01,satisfies,1.2030360117551656e-05,3.870717773679644e-05,3.870671207550913e-05,4.656612873077393e-10,67627a6971a7c069c8e711d454197673d9200e1ae9fa83661db4d8acc3326ed5
peginsertionside-170m,1,12,e4ffaba57f120e0fd54f55d63ecac50153fa5f393953c722802d7e58a304f749,vision,Q,path_gradient,128,256,2.02140369817509e-05,4.888458580750161e-08,0.002418348489796189,0.01,satisfies,1.2030360117551656e-05,3.870717773679644e-05,3.870671207550913e-05,4.656612873077393e-10,67627a6971a7c069c8e711d454197673d9200e1ae9fa83661db4d8acc3326ed5
peginsertionside-170m,1,12,e4ffaba57f120e0fd54f55d63ecac50153fa5f393953c722802d7e58a304f749,vision,Q,IG,128,512,4.4602156317767735e-05,3.217655840599414e-08,0.0007214126190839852,0.01,satisfies,2.725628464132797e-06,3.870717773679644e-05,3.870707223541103e-05,1.0550138540565968e-10,67627a6971a7c069c8e711d454197673d9200e1ae9fa83661db4d8acc3326ed5
peginsertionside-170m,1,12,e4ffaba57f120e0fd54f55d63ecac50153fa5f393953c722802d7e58a304f749,vision,Q,path_gradient,128,512,2.5272512289006878e-05,6.111778280178308e-08,0.002418350107138668,0.01,satisfies,2.725628464132797e-06,3.870717773679644e-05,3.870707223541103e-05,1.0550138540565968e-10,67627a6971a7c069c8e711d454197673d9200e1ae9fa83661db4d8acc3326ed5
peginsertionside-170m,1,12,e4ffaba57f120e0fd54f55d63ecac50153fa5f393953c722802d7e58a304f749,vision,Q,IG,256,512,8.935389090737768e-06,6.446102446483603e-09,0.0007214126190839853,0.01,satisfies,2.725628464132797e-06,3.870717773679644e-05,3.870707223541103e-05,1.0550138540565968e-10,67627a6971a7c069c8e711d454197673d9200e1ae9fa83661db4d8acc3326ed5
peginsertionside-170m,1,12,e4ffaba57f120e0fd54f55d63ecac50153fa5f393953c722802d7e58a304f749,vision,Q,path_gradient,256,512,5.0979949957460665e-06,1.2328736744154892e-08,0.002418350107138668,0.01,satisfies,2.725628464132797e-06,3.870717773679644e-05,3.870707223541103e-05,1.0550138540565968e-10,67627a6971a7c069c8e711d454197673d9200e1ae9fa83661db4d8acc3326ed5
peginsertionside-170m,1,12,e4ffaba57f120e0fd54f55d63ecac50153fa5f393953c722802d7e58a304f749,vision,L2,IG,128,256,0.004660382850047725,0.016782011135213968,3.6009940975218613,0.01,satisfies,0.0036503064775463114,0.19908729195594788,0.19836056232452393,0.0007267296314239502,31ea7b2e270112b5a61327ab75d9768b792113a6019dec9f16a22161eb49f9c0
peginsertionside-170m,1,12,e4ffaba57f120e0fd54f55d63ecac50153fa5f393953c722802d7e58a304f749,vision,L2,path_gradient,128,256,0.0035845243172298214,0.033477404908308646,9.3394274792312,0.01,satisfies,0.0036503064775463114,0.19908729195594788,0.19836056232452393,0.0007267296314239502,31ea7b2e270112b5a61327ab75d9768b792113a6019dec9f16a22161eb49f9c0
peginsertionside-170m,1,12,e4ffaba57f120e0fd54f55d63ecac50153fa5f393953c722802d7e58a304f749,vision,L2,IG,128,512,0.006982666457529439,0.025179520097298826,3.606003559019727,0.01,satisfies,0.0018232820543987727,0.19908729195594788,0.19872429966926575,0.0003629922866821289,31ea7b2e270112b5a61327ab75d9768b792113a6019dec9f16a22161eb49f9c0
peginsertionside-170m,1,12,e4ffaba57f120e0fd54f55d63ecac50153fa5f393953c722802d7e58a304f749,vision,L2,path_gradient,128,512,0.005375597951336143,0.0502327806643691,9.344594056161396,0.01,satisfies,0.0018232820543987727,0.19908729195594788,0.19872429966926575,0.0003629922866821289,31ea7b2e270112b5a61327ab75d9768b792113a6019dec9f16a22161eb49f9c0
peginsertionside-170m,1,12,e4ffaba57f120e0fd54f55d63ecac50153fa5f393953c722802d7e58a304f749,vision,L2,IG,256,512,0.0023287621772135536,0.008397524699142601,3.606003559019727,0.01,satisfies,0.0018232820543987727,0.19908729195594788,0.19872429966926575,0.0003629922866821289,31ea7b2e270112b5a61327ab75d9768b792113a6019dec9f16a22161eb49f9c0
peginsertionside-170m,1,12,e4ffaba57f120e0fd54f55d63ecac50153fa5f393953c722802d7e58a304f749,vision,L2,path_gradient,256,512,0.0017930583843863038,0.01675540272108661,9.344594056161396,0.01,satisfies,0.0018232820543987727,0.19908729195594788,0.19872429966926575,0.0003629922866821289,31ea7b2e270112b5a61327ab75d9768b792113a6019dec9f16a22161eb49f9c0
peginsertionside-170m,1,12,e4ffaba57f120e0fd54f55d63ecac50153fa5f393953c722802d7e58a304f749,language,Q,IG,128,256,3.6988985970464316e-05,7.856838703238818e-09,0.00021241022150519343,0.01,satisfies,1.2807103385746517e-05,1.3492824109562207e-05,1.349265130556887e-05,1.7280399333685637e-10,53d7ba26f287d6a7f0f9b48366961803fd8fd1d01dbbee91374b8e3f06711897
peginsertionside-170m,1,12,e4ffaba57f120e0fd54f55d63ecac50153fa5f393953c722802d7e58a304f749,language,Q,path_gradient,128,256,4.1190861002270223e-05,2.232582788086468e-08,0.0005420092549081263,0.01,satisfies,1.2807103385746517e-05,1.3492824109562207e-05,1.349265130556887e-05,1.7280399333685637e-10,53d7ba26f287d6a7f0f9b48366961803fd8fd1d01dbbee91374b8e3f06711897
peginsertionside-170m,1,12,e4ffaba57f120e0fd54f55d63ecac50153fa5f393953c722802d7e58a304f749,language,Q,IG,128,512,4.6211252597006525e-05,9.815770705794147e-09,0.00021241083403201222,0.01,satisfies,2.359203255269095e-06,1.3492824109562207e-05,1.3492792277247645e-05,3.183231456205249e-11,53d7ba26f287d6a7f0f9b48366961803fd8fd1d01dbbee91374b8e3f06711897
peginsertionside-170m,1,12,e4ffaba57f120e0fd54f55d63ecac50153fa5f393953c722802d7e58a304f749,language,Q,path_gradient,128,512,5.146917486513726e-05,2.789685541034967e-08,0.000542010931464255,0.01,satisfies,2.359203255269095e-06,1.3492824109562207e-05,1.3492792277247645e-05,3.183231456205249e-11,53d7ba26f287d6a7f0f9b48366961803fd8fd1d01dbbee91374b8e3f06711897
peginsertionside-170m,1,12,e4ffaba57f120e0fd54f55d63ecac50153fa5f393953c722802d7e58a304f749,language,Q,IG,256,512,9.234523462076336e-06,1.9615128304678196e-09,0.00021241083403201222,0.01,satisfies,2.359203255269095e-06,1.3492824109562207e-05,1.3492792277247645e-05,3.183231456205249e-11,53d7ba26f287d6a7f0f9b48366961803fd8fd1d01dbbee91374b8e3f06711897
peginsertionside-170m,1,12,e4ffaba57f120e0fd54f55d63ecac50153fa5f393953c722802d7e58a304f749,language,Q,path_gradient,256,512,1.0289672685293144e-05,5.577115076618039e-09,0.000542010931464255,0.01,satisfies,2.359203255269095e-06,1.3492824109562207e-05,1.3492792277247645e-05,3.183231456205249e-11,53d7ba26f287d6a7f0f9b48366961803fd8fd1d01dbbee91374b8e3f06711897
peginsertionside-170m,1,12,e4ffaba57f120e0fd54f55d63ecac50153fa5f393953c722802d7e58a304f749,language,L2,IG,128,256,0.0022657364507668283,0.003416337658882329,1.507826586682703,0.01,satisfies,0.003896011945445818,0.11754325777292252,0.11708530783653259,0.0004579499363899231,d02a4fdcc308d41e590ffc62f1e8243e0b595414da921921cfc694260d905f08
peginsertionside-170m,1,12,e4ffaba57f120e0fd54f55d63ecac50153fa5f393953c722802d7e58a304f749,language,L2,path_gradient,128,256,0.0026797473404064046,0.010618148986772269,3.9623694468008854,0.01,satisfies,0.003896011945445818,0.11754325777292252,0.11708530783653259,0.0004579499363899231,d02a4fdcc308d41e590ffc62f1e8243e0b595414da921921cfc694260d905f08
peginsertionside-170m,1,12,e4ffaba57f120e0fd54f55d63ecac50153fa5f393953c722802d7e58a304f749,language,L2,IG,128,512,0.0033935098716511808,0.005120734548169692,1.508978827775767,0.01,satisfies,0.0019422061664427772,0.11754325777292252,0.11731496453285217,0.00022829324007034302,d02a4fdcc308d41e590ffc62f1e8243e0b595414da921921cfc694260d905f08
peginsertionside-170m,1,12,e4ffaba57f120e0fd54f55d63ecac50153fa5f393953c722802d7e58a304f749,language,L2,path_gradient,128,512,0.004013332932172622,0.015917071112319547,3.9660480157829383,0.01,satisfies,0.0019422061664427772,0.11754325777292252,0.11731496453285217,0.00022829324007034302,d02a4fdcc308d41e590ffc62f1e8243e0b595414da921921cfc694260d905f08
peginsertionside-170m,1,12,e4ffaba57f120e0fd54f55d63ecac50153fa5f393953c722802d7e58a304f749,language,L2,IG,256,512,0.001129584474845584,0.0017045190567261947,1.5089788277757672,0.01,satisfies,0.0019422061664427772,0.11754325777292252,0.11731496453285217,0.00022829324007034302,d02a4fdcc308d41e590ffc62f1e8243e0b595414da921921cfc694260d905f08
peginsertionside-170m,1,12,e4ffaba57f120e0fd54f55d63ecac50153fa5f393953c722802d7e58a304f749,language,L2,path_gradient,256,512,0.0013361701506503286,0.005299314974735125,3.9660480157829383,0.01,satisfies,0.0019422061664427772,0.11754325777292252,0.11731496453285217,0.00022829324007034302,d02a4fdcc308d41e590ffc62f1e8243e0b595414da921921cfc694260d905f08
peginsertionside-170m,1,12,e4ffaba57f120e0fd54f55d63ecac50153fa5f393953c722802d7e58a304f749,state,Q,IG,256,512,3.3301881090157373e-06,7.00963176392122e-11,2.1048756209729458e-05,0.01,satisfies,7.935806730304783e-07,2.0629162463592365e-05,2.0629178834496997e-05,1.6370904631912708e-11,85d0cd8c7b0cddaf95415c5b38d622fcd4754b565303e6709ea6b47152356195
peginsertionside-170m,1,12,e4ffaba57f120e0fd54f55d63ecac50153fa5f393953c722802d7e58a304f749,state,Q,path_gradient,256,512,2.888230953707908e-06,8.342802004790428e-10,0.00028885508598541776,0.01,satisfies,7.935806730304783e-07,2.0629162463592365e-05,2.0629178834496997e-05,1.6370904631912708e-11,85d0cd8c7b0cddaf95415c5b38d622fcd4754b565303e6709ea6b47152356195
peginsertionside-170m,1,12,e4ffaba57f120e0fd54f55d63ecac50153fa5f393953c722802d7e58a304f749,state,Q,IG,256,1024,3.686052675184308e-06,7.758679809732882e-11,2.104874914557464e-05,0.01,satisfies,4.4087815168359903e-07,2.0629162463592365e-05,2.0629171558539383e-05,9.094947017729282e-12,85d0cd8c7b0cddaf95415c5b38d622fcd4754b565303e6709ea6b47152356195
peginsertionside-170m,1,12,e4ffaba57f120e0fd54f55d63ecac50153fa5f393953c722802d7e58a304f749,state,Q,path_gradient,256,1024,3.503466249055287e-06,1.0119940441200015e-09,0.0002888550858433092,0.01,satisfies,4.4087815168359903e-07,2.0629162463592365e-05,2.0629171558539383e-05,9.094947017729282e-12,85d0cd8c7b0cddaf95415c5b38d622fcd4754b565303e6709ea6b47152356195
peginsertionside-170m,1,12,e4ffaba57f120e0fd54f55d63ecac50153fa5f393953c722802d7e58a304f749,state,Q,IG,512,1024,3.565385886319822e-07,7.504691312831824e-12,2.104874914557464e-05,0.01,satisfies,4.4087815168359903e-07,2.0629162463592365e-05,2.0629171558539383e-05,9.094947017729282e-12,85d0cd8c7b0cddaf95415c5b38d622fcd4754b565303e6709ea6b47152356195
peginsertionside-170m,1,12,e4ffaba57f120e0fd54f55d63ecac50153fa5f393953c722802d7e58a304f749,state,Q,path_gradient,512,1024,7.229771110228431e-07,2.0883561546725105e-10,0.0002888550858433092,0.01,satisfies,4.4087815168359903e-07,2.0629162463592365e-05,2.0629171558539383e-05,9.094947017729282e-12,85d0cd8c7b0cddaf95415c5b38d622fcd4754b565303e6709ea6b47152356195
peginsertionside-170m,1,12,e4ffaba57f120e0fd54f55d63ecac50153fa5f393953c722802d7e58a304f749,state,L2,IG,256,512,0.0007723655878555506,0.00011482405489005032,0.14866542048935116,0.01,satisfies,0.0007570489934959813,0.14534088969230652,0.14523085951805115,0.0001100301742553711,345cd60d8e6f2ddc37fbeed4321f6538936ce517de853bf0a199a781bc357790
peginsertionside-170m,1,12,e4ffaba57f120e0fd54f55d63ecac50153fa5f393953c722802d7e58a304f749,state,L2,path_gradient,256,512,0.0010150230810701455,0.0022810448899690527,2.247283763797895,0.01,satisfies,0.0007570489934959813,0.14534088969230652,0.14523085951805115,0.0001100301742553711,345cd60d8e6f2ddc37fbeed4321f6538936ce517de853bf0a199a781bc357790
peginsertionside-170m,1,12,e4ffaba57f120e0fd54f55d63ecac50153fa5f393953c722802d7e58a304f749,state,L2,IG,256,1024,0.001158059408190721,0.00017222986821252562,0.14872282630267364,0.01,satisfies,0.00037483357532791273,0.14534088969230652,0.1452864110469818,5.447864532470703e-05,345cd60d8e6f2ddc37fbeed4321f6538936ce517de853bf0a199a781bc357790
peginsertionside-170m,1,12,e4ffaba57f120e0fd54f55d63ecac50153fa5f393953c722802d7e58a304f749,state,L2,path_gradient,256,1024,0.0015215970466539034,0.0034211645852337824,2.2484038022794266,0.01,satisfies,0.00037483357532791273,0.14534088969230652,0.1452864110469818,5.447864532470703e-05,345cd60d8e6f2ddc37fbeed4321f6538936ce517de853bf0a199a781bc357790
peginsertionside-170m,1,12,e4ffaba57f120e0fd54f55d63ecac50153fa5f393953c722802d7e58a304f749,state,L2,IG,512,1024,0.000385991947232402,5.7405813322475296e-05,0.14872282630267364,0.01,satisfies,0.00037483357532791273,0.14534088969230652,0.1452864110469818,5.447864532470703e-05,345cd60d8e6f2ddc37fbeed4321f6538936ce517de853bf0a199a781bc357790
peginsertionside-170m,1,12,e4ffaba57f120e0fd54f55d63ecac50153fa5f393953c722802d7e58a304f749,state,L2,path_gradient,512,1024,0.0005070797788024131,0.001140120102718356,2.248403802279426,0.01,satisfies,0.00037483357532791273,0.14534088969230652,0.1452864110469818,5.447864532470703e-05,345cd60d8e6f2ddc37fbeed4321f6538936ce517de853bf0a199a781bc357790
picksingleycb-170m,1,0,52f0eb9bb6495c5553e26b22f8073f9e80ce870b7043d4756e553a25a7d61a8e,vision,Q,IG,128,256,0.05129694090195111,0.633713948379814,12.353835087185683,0.01,violates,0.0217323001932487,0.4645954966545105,0.4746922254562378,0.010096728801727295,35647961d2d9dd7d70fe8236e33299ea7c7885261091edc6c510c9d003f56b40
picksingleycb-170m,1,0,52f0eb9bb6495c5553e26b22f8073f9e80ce870b7043d4756e553a25a7d61a8e,vision,Q,path_gradient,128,256,0.05082769962552533,0.9935651707972705,19.54771075845244,0.01,violates,0.0217323001932487,0.4645954966545105,0.4746922254562378,0.010096728801727295,35647961d2d9dd7d70fe8236e33299ea7c7885261091edc6c510c9d003f56b40
picksingleycb-170m,1,0,52f0eb9bb6495c5553e26b22f8073f9e80ce870b7043d4756e553a25a7d61a8e,vision,Q,IG,128,512,0.0728267321665085,0.881798301577448,12.108167912317349,0.01,violates,0.0012366864884608216,0.4645954966545105,0.4651700556278229,0.0005745589733123779,35647961d2d9dd7d70fe8236e33299ea7c7885261091edc6c510c9d003f56b40
picksingleycb-170m,1,0,52f0eb9bb6495c5553e26b22f8073f9e80ce870b7043d4756e553a25a7d61a8e,vision,Q,path_gradient,128,512,0.0720776070478141,1.381436070534014,19.16595357581185,0.01,violates,0.0012366864884608216,0.4645954966545105,0.4651700556278229,0.0005745589733123779,35647961d2d9dd7d70fe8236e33299ea7c7885261091edc6c510c9d003f56b40
picksingleycb-170m,1,0,52f0eb9bb6495c5553e26b22f8073f9e80ce870b7043d4756e553a25a7d61a8e,vision,Q,IG,256,512,0.020494816185393415,0.24815467570482277,12.108167912317349,0.01,violates,0.0012366864884608216,0.4645954966545105,0.4651700556278229,0.0005745589733123779,35647961d2d9dd7d70fe8236e33299ea7c7885261091edc6c510c9d003f56b40
picksingleycb-170m,1,0,52f0eb9bb6495c5553e26b22f8073f9e80ce870b7043d4756e553a25a7d61a8e,vision,Q,path_gradient,256,512,0.02024387638897467,0.3879931950655622,19.16595357581185,0.01,violates,0.0012366864884608216,0.4645954966545105,0.4651700556278229,0.0005745589733123779,35647961d2d9dd7d70fe8236e33299ea7c7885261091edc6c510c9d003f56b40
picksingleycb-170m,1,0,52f0eb9bb6495c5553e26b22f8073f9e80ce870b7043d4756e553a25a7d61a8e,vision,L2,IG,128,256,0.03233941831556543,18.342174615627297,567.1770109358752,0.01,violates,0.012527679016625161,21.811595916748047,22.0848445892334,0.27324867248535156,09e951b9de48f3ee12467ee3cb2c41c280da1535ca51c80fd2727d4a8e3ef286
picksingleycb-170m,1,0,52f0eb9bb6495c5553e26b22f8073f9e80ce870b7043d4756e553a25a7d61a8e,vision,L2,path_gradient,128,256,0.03138621453980727,28.637096040314486,912.410001021115,0.01,violates,0.012527679016625161,21.811595916748047,22.0848445892334,0.27324867248535156,09e951b9de48f3ee12467ee3cb2c41c280da1535ca51c80fd2727d4a8e3ef286
picksingleycb-170m,1,0,52f0eb9bb6495c5553e26b22f8073f9e80ce870b7043d4756e553a25a7d61a8e,vision,L2,IG,128,512,0.04506091420942809,25.253857599597758,560.4381988839874,0.01,violates,0.0004496501176418326,21.811595916748047,21.82140350341797,0.009807586669921875,09e951b9de48f3ee12467ee3cb2c41c280da1535ca51c80fd2727d4a8e3ef286
picksingleycb-170m,1,0,52f0eb9bb6495c5553e26b22f8073f9e80ce870b7043d4756e553a25a7d61a8e,vision,L2,path_gradient,128,512,0.04366877459436505,39.3874086092521,901.9581835102509,0.01,violates,0.0004496501176418326,21.811595916748047,21.82140350341797,0.009807586669921875,09e951b9de48f3ee12467ee3cb2c41c280da1535ca51c80fd2727d4a8e3ef286
picksingleycb-170m,1,0,52f0eb9bb6495c5553e26b22f8073f9e80ce870b7043d4756e553a25a7d61a8e,vision,L2,IG,256,512,0.012336702647851708,6.91395941212933,560.4381988839874,0.01,violates,0.0004496501176418326,21.811595916748047,21.82140350341797,0.009807586669921875,09e951b9de48f3ee12467ee3cb2c41c280da1535ca51c80fd2727d4a8e3ef286
picksingleycb-170m,1,0,52f0eb9bb6495c5553e26b22f8073f9e80ce870b7043d4756e553a25a7d61a8e,vision,L2,path_gradient,256,512,0.011923415275192271,10.7544219828508,901.9581835102509,0.01,violates,0.0004496501176418326,21.811595916748047,21.82140350341797,0.009807586669921875,09e951b9de48f3ee12467ee3cb2c41c280da1535ca51c80fd2727d4a8e3ef286
picksingleycb-170m,1,0,52f0eb9bb6495c5553e26b22f8073f9e80ce870b7043d4756e553a25a7d61a8e,language,Q,IG,128,256,5.749894413540943e-05,1.195699741296432e-06,0.020795159968165174,0.01,satisfies,2.3499483858183368e-05,0.0010997774079442024,0.0010997515637427568,2.584420144557953e-08,b9febefbe10d137b933327d0cf1adc3e61f11552555d01f6610cb14bb2754aa9
picksingleycb-170m,1,0,52f0eb9bb6495c5553e26b22f8073f9e80ce870b7043d4756e553a25a7d61a8e,language,Q,path_gradient,128,256,6.419700908359146e-05,4.1651139109366575e-06,0.06488018632633225,0.01,satisfies,2.3499483858183368e-05,0.0010997774079442024,0.0010997515637427568,2.584420144557953e-08,b9febefbe10d137b933327d0cf1adc3e61f11552555d01f6610cb14bb2754aa9
picksingleycb-170m,1,0,52f0eb9bb6495c5553e26b22f8073f9e80ce870b7043d4756e553a25a7d61a8e,language,Q,IG,128,512,7.195368808371557e-05,1.4962907293239978e-06,0.02079519159022282,0.01,satisfies,5.398530075528611e-06,0.0010997774079442024,0.0010997714707627892,5.9371814131736755e-09,b9febefbe10d137b933327d0cf1adc3e61f11552555d01f6610cb14bb2754aa9
picksingleycb-170m,1,0,52f0eb9bb6495c5553e26b22f8073f9e80ce870b7043d4756e553a25a7d61a8e,language,Q,path_gradient,128,512,8.032875235704454e-05,5.211748335509636e-06,0.06488023506632473,0.01,satisfies,5.398530075528611e-06,0.0010997774079442024,0.0010997714707627892,5.9371814131736755e-09,b9febefbe10d137b933327d0cf1adc3e61f11552555d01f6610cb14bb2754aa9
picksingleycb-170m,1,0,52f0eb9bb6495c5553e26b22f8073f9e80ce870b7043d4756e553a25a7d61a8e,language,Q,IG,256,512,1.4470623782958237e-05,3.0091939399665146e-07,0.02079519159022282,0.01,satisfies,5.398530075528611e-06,0.0010997774079442024,0.0010997714707627892,5.9371814131736755e-09,b9febefbe10d137b933327d0cf1adc3e61f11552555d01f6610cb14bb2754aa9
picksingleycb-170m,1,0,52f0eb9bb6495c5553e26b22f8073f9e80ce870b7043d4756e553a25a7d61a8e,language,Q,path_gradient,256,512,1.6149030860384026e-05,1.047752918315048e-06,0.06488023506632473,0.01,satisfies,5.398530075528611e-06,0.0010997774079442024,0.0010997714707627892,5.9371814131736755e-09,b9febefbe10d137b933327d0cf1adc3e61f11552555d01f6610cb14bb2754aa9
picksingleycb-170m,1,0,52f0eb9bb6495c5553e26b22f8073f9e80ce870b7043d4756e553a25a7d61a8e,language,L2,IG,128,256,0.004748534955586887,0.06807110672958072,14.335180717052886,0.01,satisfies,0.006276842017288529,1.0612115859985352,1.0545505285263062,0.006661057472229004,3518e5abfa0fb915a56ddf6204a60aa4cd3054ee84f2fd090547feb697b5d737
picksingleycb-170m,1,0,52f0eb9bb6495c5553e26b22f8073f9e80ce870b7043d4756e553a25a7d61a8e,language,L2,path_gradient,128,256,0.005533439457772244,0.2531040024118738,45.74080991459391,0.01,satisfies,0.006276842017288529,1.0612115859985352,1.0545505285263062,0.006661057472229004,3518e5abfa0fb915a56ddf6204a60aa4cd3054ee84f2fd090547feb697b5d737
picksingleycb-170m,1,0,52f0eb9bb6495c5553e26b22f8073f9e80ce870b7043d4756e553a25a7d61a8e,language,L2,IG,128,512,0.007132326339455328,0.10223191354253713,14.333600101414351,0.01,satisfies,0.0031517324924220025,1.0612115859985352,1.0578669309616089,0.0033446550369262695,3518e5abfa0fb915a56ddf6204a60aa4cd3054ee84f2fd090547feb697b5d737
picksingleycb-170m,1,0,52f0eb9bb6495c5553e26b22f8073f9e80ce870b7043d4756e553a25a7d61a8e,language,L2,path_gradient,128,512,0.00830802069339357,0.3801087592026988,45.752023644447156,0.01,satisfies,0.0031517324924220025,1.0612115859985352,1.0578669309616089,0.0033446550369262695,3518e5abfa0fb915a56ddf6204a60aa4cd3054ee84f2fd090547feb697b5d737
picksingleycb-170m,1,0,52f0eb9bb6495c5553e26b22f8073f9e80ce870b7043d4756e553a25a7d61a8e,language,L2,IG,256,512,0.002383330649199651,0.03416170843507205,14.333600101414351,0.01,satisfies,0.0031517324924220025,1.0612115859985352,1.0578669309616089,0.0033446550369262695,3518e5abfa0fb915a56ddf6204a60aa4cd3054ee84f2fd090547feb697b5d737
picksingleycb-170m,1,0,52f0eb9bb6495c5553e26b22f8073f9e80ce870b7043d4756e553a25a7d61a8e,language,L2,path_gradient,256,512,0.002776011285472881,0.12700813397020738,45.75202364444715,0.01,satisfies,0.0031517324924220025,1.0612115859985352,1.0578669309616089,0.0033446550369262695,3518e5abfa0fb915a56ddf6204a60aa4cd3054ee84f2fd090547feb697b5d737
picksingleycb-170m,1,0,52f0eb9bb6495c5553e26b22f8073f9e80ce870b7043d4756e553a25a7d61a8e,state,Q,IG,256,512,0.25708142165604303,0.4481883886619471,1.7433713637292385,0.01,violates,0.3540598916409039,0.4735737442970276,0.6412472128868103,0.16767346858978271,16ffc1c8cdf79d9056920305aee0757b4cf63ba5351f4e59144590ab7dd83e3a
picksingleycb-170m,1,0,52f0eb9bb6495c5553e26b22f8073f9e80ce870b7043d4756e553a25a7d61a8e,state,Q,path_gradient,256,512,0.27904146234145155,2.940313547558617,10.537192297109868,0.01,violates,0.3540598916409039,0.4735737442970276,0.6412472128868103,0.16767346858978271,16ffc1c8cdf79d9056920305aee0757b4cf63ba5351f4e59144590ab7dd83e3a
picksingleycb-170m,1,0,52f0eb9bb6495c5553e26b22f8073f9e80ce870b7043d4756e553a25a7d61a8e,state,Q,IG,256,1024,0.4347380244166435,0.6802566215046681,1.5647506850073114,0.01,violates,0.09300023196252251,0.4735737442970276,0.4295312762260437,0.04404246807098389,16ffc1c8cdf79d9056920305aee0757b4cf63ba5351f4e59144590ab7dd83e3a
picksingleycb-170m,1,0,52f0eb9bb6495c5553e26b22f8073f9e80ce870b7043d4756e553a25a7d61a8e,state,Q,path_gradient,256,1024,0.4472391182140502,4.46294261532239,9.97887356800129,0.01,violates,0.09300023196252251,0.4735737442970276,0.4295312762260437,0.04404246807098389,16ffc1c8cdf79d9056920305aee0757b4cf63ba5351f4e59144590ab7dd83e3a
picksingleycb-170m,1,0,52f0eb9bb6495c5553e26b22f8073f9e80ce870b7043d4756e553a25a7d61a8e,state,Q,IG,512,1024,0.14831003754546157,0.23206823284272105,1.5647506850073112,0.01,violates,0.09300023196252251,0.4735737442970276,0.4295312762260437,0.04404246807098389,16ffc1c8cdf79d9056920305aee0757b4cf63ba5351f4e59144590ab7dd83e3a
picksingleycb-170m,1,0,52f0eb9bb6495c5553e26b22f8073f9e80ce870b7043d4756e553a25a7d61a8e,state,Q,path_gradient,512,1024,0.15258526499887773,1.5226290677637735,9.97887356800129,0.01,violates,0.09300023196252251,0.4735737442970276,0.4295312762260437,0.04404246807098389,16ffc1c8cdf79d9056920305aee0757b4cf63ba5351f4e59144590ab7dd83e3a
picksingleycb-170m,1,0,52f0eb9bb6495c5553e26b22f8073f9e80ce870b7043d4756e553a25a7d61a8e,state,L2,IG,256,512,0.27250411393399093,13.847565438598394,50.81598673388362,0.01,violates,0.2729920270400893,22.021339416503906,28.032989501953125,6.011650085449219,31e395014a6ad840d5d0ed2c7d80f72c7bed7a32ee6bc2b7b5bb0d8c11467bdf
picksingleycb-170m,1,0,52f0eb9bb6495c5553e26b22f8073f9e80ce870b7043d4756e553a25a7d61a8e,state,L2,path_gradient,256,512,0.29796712916702606,90.98977716267109,305.36850630817935,0.01,violates,0.2729920270400893,22.021339416503906,28.032989501953125,6.011650085449219,31e395014a6ad840d5d0ed2c7d80f72c7bed7a32ee6bc2b7b5bb0d8c11467bdf
picksingleycb-170m,1,0,52f0eb9bb6495c5553e26b22f8073f9e80ce870b7043d4756e553a25a7d61a8e,state,L2,IG,256,1024,0.4660117671588322,21.04840013757348,45.167100105434656,0.01,violates,0.025278540844053506,22.021339416503906,21.464672088623047,0.5566673278808594,31e395014a6ad840d5d0ed2c7d80f72c7bed7a32ee6bc2b7b5bb0d8c11467bdf
picksingleycb-170m,1,0,52f0eb9bb6495c5553e26b22f8073f9e80ce870b7043d4756e553a25a7d61a8e,state,L2,path_gradient,256,1024,0.5210181404890337,138.26976023823954,265.38377360231243,0.01,violates,0.025278540844053506,22.021339416503906,21.464672088623047,0.5566673278808594,31e395014a6ad840d5d0ed2c7d80f72c7bed7a32ee6bc2b7b5bb0d8c11467bdf
picksingleycb-170m,1,0,52f0eb9bb6495c5553e26b22f8073f9e80ce870b7043d4756e553a25a7d61a8e,state,L2,IG,512,1024,0.15942654459033243,7.200834698975086,45.167100105434656,0.01,violates,0.025278540844053506,22.021339416503906,21.464672088623047,0.5566673278808594,31e395014a6ad840d5d0ed2c7d80f72c7bed7a32ee6bc2b7b5bb0d8c11467bdf
picksingleycb-170m,1,0,52f0eb9bb6495c5553e26b22f8073f9e80ce870b7043d4756e553a25a7d61a8e,state,L2,path_gradient,512,1024,0.17815702306810696,47.27998307556845,265.38377360231243,0.01,violates,0.025278540844053506,22.021339416503906,21.464672088623047,0.5566673278808594,31e395014a6ad840d5d0ed2c7d80f72c7bed7a32ee6bc2b7b5bb0d8c11467bdf
picksingleycb-170m,1,12,cfc3c69614dd1fbe029638dd57aa73420012fa8873d366fa091571468a054c9f,vision,Q,IG,128,256,1.3918086635434938e-05,2.236968350700024e-06,0.16072384152321517,0.01,satisfies,4.843597805075218e-06,0.005768372677266598,0.005768344737589359,2.7939677238464355e-08,593e60e206b28045c6851dd89d2b5df5c3b6096d8bc3410136ec7fe28672227e
picksingleycb-170m,1,12,cfc3c69614dd1fbe029638dd57aa73420012fa8873d366fa091571468a054c9f,vision,Q,path_gradient,128,256,1.079378279117985e-05,3.794763471115753e-06,0.3515693751236728,0.01,satisfies,4.843597805075218e-06,0.005768372677266598,0.005768344737589359,2.7939677238464355e-08,593e60e206b28045c6851dd89d2b5df5c3b6096d8bc3410136ec7fe28672227e
picksingleycb-170m,1,12,cfc3c69614dd1fbe029638dd57aa73420012fa8873d366fa091571468a054c9f,vision,Q,IG,128,512,1.739008821003116e-05,2.7950081574219954e-06,0.1607242081618508,0.01,satisfies,1.3723527114379786e-06,0.005768372677266598,0.0057683647610247135,7.916241884231567e-09,593e60e206b28045c6851dd89d2b5df5c3b6096d8bc3410136ec7fe28672227e
picksingleycb-170m,1,12,cfc3c69614dd1fbe029638dd57aa73420012fa8873d366fa091571468a054c9f,vision,Q,path_gradient,128,512,1.3486225295200806e-05,4.7413515626306926e-06,0.3515699507346911,0.01,satisfies,1.3723527114379786e-06,0.005768372677266598,0.0057683647610247135,7.916241884231567e-09,593e60e206b28045c6851dd89d2b5df5c3b6096d8bc3410136ec7fe28672227e
picksingleycb-170m,1,12,cfc3c69614dd1fbe029638dd57aa73420012fa8873d366fa091571468a054c9f,vision,Q,IG,256,512,3.499733202378099e-06,5.624918477299583e-07,0.1607242081618508,0.01,satisfies,1.3723527114379786e-06,0.005768372677266598,0.0057683647610247135,7.916241884231567e-09,593e60e206b28045c6851dd89d2b5df5c3b6096d8bc3410136ec7fe28672227e
picksingleycb-170m,1,12,cfc3c69614dd1fbe029638dd57aa73420012fa8873d366fa091571468a054c9f,vision,Q,path_gradient,256,512,2.740800954865778e-06,9.63583256675756e-07,0.3515699507346911,0.01,satisfies,1.3723527114379786e-06,0.005768372677266598,0.0057683647610247135,7.916241884231567e-09,593e60e206b28045c6851dd89d2b5df5c3b6096d8bc3410136ec7fe28672227e
picksingleycb-170m,1,12,cfc3c69614dd1fbe029638dd57aa73420012fa8873d366fa091571468a054c9f,vision,L2,IG,128,256,0.0029958335938898577,0.2073661370757781,69.21817603578216,0.01,satisfies,0.0017902047576734343,2.4303927421569824,2.426041841506958,0.004350900650024414,5509c00e1abbcf88370deb6eaacb4dc53d46768978d998ea333fbe5faad25c79
picksingleycb-170m,1,12,cfc3c69614dd1fbe029638dd57aa73420012fa8873d366fa091571468a054c9f,vision,L2,path_gradient,128,256,0.0026664867475748298,0.3574303055784388,134.04540858998146,0.01,satisfies,0.0017902047576734343,2.4303927421569824,2.426041841506958,0.004350900650024414,5509c00e1abbcf88370deb6eaacb4dc53d46768978d998ea333fbe5faad25c79
picksingleycb-170m,1,12,cfc3c69614dd1fbe029638dd57aa73420012fa8873d366fa091571468a054c9f,vision,L2,IG,128,512,0.004489521636302052,0.31114484066170545,69.30467561305497,0.01,satisfies,0.0008942685391501467,2.4303927421569824,2.4282193183898926,0.0021734237670898438,5509c00e1abbcf88370deb6eaacb4dc53d46768978d998ea333fbe5faad25c79
picksingleycb-170m,1,12,cfc3c69614dd1fbe029638dd57aa73420012fa8873d366fa091571468a054c9f,vision,L2,path_gradient,128,512,0.003996789732218503,0.5363235574810066,134.18858469277262,0.01,satisfies,0.0008942685391501467,2.4303927421569824,2.4282193183898926,0.0021734237670898438,5509c00e1abbcf88370deb6eaacb4dc53d46768978d998ea333fbe5faad25c79
picksingleycb-170m,1,12,cfc3c69614dd1fbe029638dd57aa73420012fa8873d366fa091571468a054c9f,vision,L2,IG,256,512,0.0014974299778489786,0.10377889886808755,69.30467561305497,0.01,satisfies,0.0008942685391501467,2.4303927421569824,2.4282193183898926,0.0021734237670898438,5509c00e1abbcf88370deb6eaacb4dc53d46768978d998ea333fbe5faad25c79
picksingleycb-170m,1,12,cfc3c69614dd1fbe029638dd57aa73420012fa8873d366fa091571468a054c9f,vision,L2,path_gradient,256,512,0.0013331499816546253,0.17889350922142994,134.18858469277262,0.01,satisfies,0.0008942685391501467,2.4303927421569824,2.4282193183898926,0.0021734237670898438,5509c00e1abbcf88370deb6eaacb4dc53d46768978d998ea333fbe5faad25c79
picksingleycb-170m,1,12,cfc3c69614dd1fbe029638dd57aa73420012fa8873d366fa091571468a054c9f,language,Q,IG,128,256,6.523306317087343e-05,2.0981423727536343e-06,0.03216378736129097,0.01,satisfies,3.473365757728949e-05,0.001474729273468256,0.0014747804962098598,5.122274160385132e-08,29d32fb4388b6adece1c7ec6b96e0ebd32e0c0f95e71a5fa2b545bcddd858669
picksingleycb-170m,1,12,cfc3c69614dd1fbe029638dd57aa73420012fa8873d366fa091571468a054c9f,language,Q,path_gradient,128,256,6.695895453794114e-05,6.512734845198764e-06,0.09726458380571691,0.01,satisfies,3.473365757728949e-05,0.001474729273468256,0.0014747804962098598,5.122274160385132e-08,29d32fb4388b6adece1c7ec6b96e0ebd32e0c0f95e71a5fa2b545bcddd858669
picksingleycb-170m,1,12,cfc3c69614dd1fbe029638dd57aa73420012fa8873d366fa091571468a054c9f,language,Q,IG,128,512,8.144784072072209e-05,2.619702755099918e-06,0.03216417687588136,0.01,satisfies,8.920234786894802e-06,0.001474729273468256,0.0014747424283996224,1.3154931366443634e-08,29d32fb4388b6adece1c7ec6b96e0ebd32e0c0f95e71a5fa2b545bcddd858669
picksingleycb-170m,1,12,cfc3c69614dd1fbe029638dd57aa73420012fa8873d366fa091571468a054c9f,language,Q,path_gradient,128,512,8.359795471089322e-05,8.13122014707568e-06,0.09726577851331263,0.01,satisfies,8.920234786894802e-06,0.001474729273468256,0.0014747424283996224,1.3154931366443634e-08,29d32fb4388b6adece1c7ec6b96e0ebd32e0c0f95e71a5fa2b545bcddd858669
picksingleycb-170m,1,12,cfc3c69614dd1fbe029638dd57aa73420012fa8873d366fa091571468a054c9f,language,Q,IG,256,512,1.6219801906160922e-05,5.216965774015175e-07,0.03216417687588136,0.01,satisfies,8.920234786894802e-06,0.001474729273468256,0.0014747424283996224,1.3154931366443634e-08,29d32fb4388b6adece1c7ec6b96e0ebd32e0c0f95e71a5fa2b545bcddd858669
picksingleycb-170m,1,12,cfc3c69614dd1fbe029638dd57aa73420012fa8873d366fa091571468a054c9f,language,Q,path_gradient,256,512,1.6644662589519925e-05,1.6189560648610657e-06,0.09726577851331263,0.01,satisfies,8.920234786894802e-06,0.001474729273468256,0.0014747424283996224,1.3154931366443634e-08,29d32fb4388b6adece1c7ec6b96e0ebd32e0c0f95e71a5fa2b545bcddd858669
picksingleycb-170m,1,12,cfc3c69614dd1fbe029638dd57aa73420012fa8873d366fa091571468a054c9f,language,L2,IG,128,256,0.0037546637356509517,0.08108245284748428,21.59513036483063,0.01,satisfies,0.004615994268810075,1.2288695573806763,1.223197102546692,0.005672454833984375,2770011c76f65815cbc364a16256d11cc2ad420b04940faf65ae28792badc46e
picksingleycb-170m,1,12,cfc3c69614dd1fbe029638dd57aa73420012fa8873d366fa091571468a054c9f,language,L2,path_gradient,128,256,0.0039906077779674805,0.2643735599435786,66.2489461889013,0.01,satisfies,0.004615994268810075,1.2288695573806763,1.223197102546692,0.005672454833984375,2770011c76f65815cbc364a16256d11cc2ad420b04940faf65ae28792badc46e
picksingleycb-170m,1,12,cfc3c69614dd1fbe029638dd57aa73420012fa8873d366fa091571468a054c9f,language,L2,IG,128,512,0.005625403712058112,0.12166636324464442,21.628023422363675,0.01,satisfies,0.002313526549194088,1.2288695573806763,1.2260265350341797,0.002843022346496582,2770011c76f65815cbc364a16256d11cc2ad420b04940faf65ae28792badc46e
picksingleycb-170m,1,12,cfc3c69614dd1fbe029638dd57aa73420012fa8873d366fa091571468a054c9f,language,L2,path_gradient,128,512,0.005978450942394074,0.3967090357867846,66.3564926114326,0.01,satisfies,0.002313526549194088,1.2288695573806763,1.2260265350341797,0.002843022346496582,2770011c76f65815cbc364a16256d11cc2ad420b04940faf65ae28792badc46e
picksingleycb-170m,1,12,cfc3c69614dd1fbe029638dd57aa73420012fa8873d366fa091571468a054c9f,language,L2,IG,256,512,0.0018764799029506154,0.04058455129261063,21.628023422363675,0.01,satisfies,0.002313526549194088,1.2288695573806763,1.2260265350341797,0.002843022346496582,2770011c76f65815cbc364a16256d11cc2ad420b04940faf65ae28792badc46e
picksingleycb-170m,1,12,cfc3c69614dd1fbe029638dd57aa73420012fa8873d366fa091571468a054c9f,language,L2,path_gradient,256,512,0.00199434548319875,0.13233777132052182,66.3564926114326,0.01,satisfies,0.002313526549194088,1.2288695573806763,1.2260265350341797,0.002843022346496582,2770011c76f65815cbc364a16256d11cc2ad420b04940faf65ae28792badc46e
picksingleycb-170m,1,12,cfc3c69614dd1fbe029638dd57aa73420012fa8873d366fa091571468a054c9f,state,Q,IG,256,512,0.510864261224043,0.5356269265030278,1.0484721033717506,0.01,violates,0.47906041336856053,0.6821948885917664,1.009007453918457,0.3268125653266907,a64cb9eaa81694f7c73710f2c40d89abf65fc14c74ef1a7de893a7169b509f06
picksingleycb-170m,1,12,cfc3c69614dd1fbe029638dd57aa73420012fa8873d366fa091571468a054c9f,state,Q,path_gradient,256,512,0.542725051814791,1.265234298104133,2.3312620154042634,0.01,violates,0.47906041336856053,0.6821948885917664,1.009007453918457,0.3268125653266907,a64cb9eaa81694f7c73710f2c40d89abf65fc14c74ef1a7de893a7169b509f06
picksingleycb-170m,1,12,cfc3c69614dd1fbe029638dd57aa73420012fa8873d366fa091571468a054c9f,state,Q,IG,256,1024,0.9961414653922662,0.7905184859409928,0.7935805439337855,0.01,violates,0.1143573741991385,0.6821948885917664,0.7602089047431946,0.07801401615142822,a64cb9eaa81694f7c73710f2c40d89abf65fc14c74ef1a7de893a7169b509f06
picksingleycb-170m,1,12,cfc3c69614dd1fbe029638dd57aa73420012fa8873d366fa091571468a054c9f,state,Q,path_gradient,256,1024,1.0720386314362085,1.863172353581831,1.7379712810216008,0.01,violates,0.1143573741991385,0.6821948885917664,0.7602089047431946,0.07801401615142822,a64cb9eaa81694f7c73710f2c40d89abf65fc14c74ef1a7de893a7169b509f06
picksingleycb-170m,1,12,cfc3c69614dd1fbe029638dd57aa73420012fa8873d366fa091571468a054c9f,state,Q,IG,512,1024,0.3211917950690492,0.25489155943796504,0.7935805439337855,0.01,violates,0.1143573741991385,0.6821948885917664,0.7602089047431946,0.07801401615142822,a64cb9eaa81694f7c73710f2c40d89abf65fc14c74ef1a7de893a7169b509f06
picksingleycb-170m,1,12,cfc3c69614dd1fbe029638dd57aa73420012fa8873d366fa091571468a054c9f,state,Q,path_gradient,512,1024,0.3440436916346643,0.5979380554776981,1.7379712810216006,0.01,violates,0.1143573741991385,0.6821948885917664,0.7602089047431946,0.07801401615142822,a64cb9eaa81694f7c73710f2c40d89abf65fc14c74ef1a7de893a7169b509f06
picksingleycb-170m,1,12,cfc3c69614dd1fbe029638dd57aa73420012fa8873d366fa091571468a054c9f,state,L2,IG,256,512,0.22277657468988107,8.01738661620766,35.98846345208585,0.01,violates,0.2952063179486469,26.43042755126953,34.23285675048828,7.80242919921875,62ad8a914fe1f873f50774ac387eb495cd270a3913a4ff919b0860834c003dc0
picksingleycb-170m,1,12,cfc3c69614dd1fbe029638dd57aa73420012fa8873d366fa091571468a054c9f,state,L2,path_gradient,256,512,0.244185706944523,19.41724150403752,79.51833769062068,0.01,violates,0.2952063179486469,26.43042755126953,34.23285675048828,7.80242919921875,62ad8a914fe1f873f50774ac387eb495cd270a3913a4ff919b0860834c003dc0
picksingleycb-170m,1,12,cfc3c69614dd1fbe029638dd57aa73420012fa8873d366fa091571468a054c9f,state,L2,IG,256,1024,0.4761994911102688,14.18937902059406,29.797131843864918,0.01,violates,0.0665498750248608,26.43042755126953,28.189369201660156,1.758941650390625,62ad8a914fe1f873f50774ac387eb495cd270a3913a4ff919b0860834c003dc0
picksingleycb-170m,1,12,cfc3c69614dd1fbe029638dd57aa73420012fa8873d366fa091571468a054c9f,state,L2,path_gradient,256,1024,0.5137410686407187,33.816168968885904,65.82337101909798,0.01,violates,0.0665498750248608,26.43042755126953,28.189369201660156,1.758941650390625,62ad8a914fe1f873f50774ac387eb495cd270a3913a4ff919b0860834c003dc0
picksingleycb-170m,1,12,cfc3c69614dd1fbe029638dd57aa73420012fa8873d366fa091571468a054c9f,state,L2,IG,512,1024,0.20778280408541064,6.191331608220935,29.797131843864918,0.01,violates,0.0665498750248608,26.43042755126953,28.189369201660156,1.758941650390625,62ad8a914fe1f873f50774ac387eb495cd270a3913a4ff919b0860834c003dc0
picksingleycb-170m,1,12,cfc3c69614dd1fbe029638dd57aa73420012fa8873d366fa091571468a054c9f,state,L2,path_gradient,512,1024,0.21984925162041158,14.471218857681379,65.82337101909798,0.01,violates,0.0665498750248608,26.43042755126953,28.189369201660156,1.758941650390625,62ad8a914fe1f873f50774ac387eb495cd270a3913a4ff919b0860834c003dc0
