case,ranking,modality,direction,episode_id,n_defined_calls,n_raw_calls,mean_delta,record_ids,mean_contribution_in_range,mean_contribution_high_distance_overshoot,mean_contribution_low_distance_undershoot
Q:vision:insertion,Q,vision,insertion,191aee1de1b4b546af03843b6964f4c298808fffed0a3a498e29165a12014545,25,25,0.09610775841407293,"[""data/metrics_faithfulness_metrics_PickCube-v1_170m_seed142_logpi_20260615_004405.jsonl:10:65dc5a1980858c78d730ab30c72c1092ef0476bceed6c4b46741e74330e2d0d2"",""data/metrics_faithfulness_metrics_PickCube-v1_170m_seed142_logpi_20260615_004405.jsonl:11:75d3a511d53f70fc4f632d70ab97f71cb85514746f6a87767467c0fc0ab8f1eb"",""data/metrics_faithfulness_metrics_PickCube-v1_170m_seed142_logpi_20260615_004405.jsonl:12:4249878ff96bc0d91e3023eea9fa95ea4fa7671dd02a1680ef889441075b864d"",""data/metrics_faithfulness_metrics_PickCube-v1_170m_seed142_logpi_20260615_004405.jsonl:13:3db36f6867d33c87980c809d84b05cb6a61f6f01a9a8ce5477e603c35aceebdb"",""data/metrics_faithfulness_metrics_PickCube-v1_170m_seed142_logpi_20260615_004405.jsonl:14:9900d6cdbeb526c3344228989ea5f972d38a17eb69a2dc302dbd13c760fe224e"",""data/metrics_faithfulness_metrics_PickCube-v1_170m_seed142_logpi_20260615_004405.jsonl:15:ff2375ceed5bf269fac36d3f677e29171102886e0649c02d2bf54bfc05957416"",""data/metrics_faithfulness_metrics_PickCube-v1_170m_seed142_logpi_20260615_004405.jsonl:16:9616481f4f1b4a92f0f29a5e3151708959aacf452522322cf717a71a95755c9d"",""data/metrics_faithfulness_metrics_PickCube-v1_170m_seed142_logpi_20260615_004405.jsonl:17:b7e6a67549c4df29e85ce17d80b08b0ef71bd1df201c6d204e328258659eb251"",""data/metrics_faithfulness_metrics_PickCube-v1_170m_seed142_logpi_20260615_004405.jsonl:18:fad087f24a6bda96293c7524878c57ef7a19e595c0352e3c0a4ff6a54f61d18b"",""data/metrics_faithfulness_metrics_PickCube-v1_170m_seed142_logpi_20260615_004405.jsonl:19:ae1d066e80f891c601515ea3592a33938dab851c0ca9b357b5da7e769834618f"",""data/metrics_faithfulness_metrics_PickCube-v1_170m_seed142_logpi_20260615_004405.jsonl:1:ae1c4cca55ab96cae6998e8419338121de263e18ee0c1111e13245b28617c11c"",""data/metrics_faithfulness_metrics_PickCube-v1_170m_seed142_logpi_20260615_004405.jsonl:20:c45de81ba2730062d732209fcbe4d511c7cc6215b43e773b3abbee60007ff1e3"",""data/metrics_faithfulness_metrics_PickCube-v1_170m_seed142_logpi_20260615_004405.jsonl:21:99f7f95581ede46ed76ed95094fe95ca075315ffd1d9de76f550eb892932280d"",""data/metrics_faithfulness_metrics_PickCube-v1_170m_seed142_logpi_20260615_004405.jsonl:22:51b59e5fdcbc905153c13a1cae194ba79f58c4cfcf9d6a292f5ba709b5f31dfe"",""data/metrics_faithfulness_metrics_PickCube-v1_170m_seed142_logpi_20260615_004405.jsonl:23:85478123998e76c6c15bb9d9da0a22cc9aed74b1bbe6748e7904b1f96d074b9e"",""data/metrics_faithfulness_metrics_PickCube-v1_170m_seed142_logpi_20260615_004405.jsonl:24:51ab94b058496e8724db6c4c2dc09e39017ac92c63a9713a5b977d7b69d4179d"",""data/metrics_faithfulness_metrics_PickCube-v1_170m_seed142_logpi_20260615_004405.jsonl:25:862c2854a96c1fd5fdcdb6af91675eb6ba0a2687beab195362b49b869a90001b"",""data/metrics_faithfulness_metrics_PickCube-v1_170m_seed142_logpi_20260615_004405.jsonl:2:eef15b2877877d91b1a80c880172faa8f8a52b268bad96f84346b46e65670ce4"",""data/metrics_faithfulness_metrics_PickCube-v1_170m_seed142_logpi_20260615_004405.jsonl:3:e91c5b885eb6f19ddde72716bf6d4bd114b64abba74f092fbeb4bc76021e6edf"",""data/metrics_faithfulness_metrics_PickCube-v1_170m_seed142_logpi_20260615_004405.jsonl:4:092f6295920eb17fabd834786f355ed6e0abc8e91b116bfaca8d3e4e10f2ec9a"",""data/metrics_faithfulness_metrics_PickCube-v1_170m_seed142_logpi_20260615_004405.jsonl:5:1b5a443c682ffa84417f118f8896144d2501e5706537ecb1de8c214e7bfd916d"",""data/metrics_faithfulness_metrics_PickCube-v1_170m_seed142_logpi_20260615_004405.jsonl:6:634edf10a3526aeaee3c588a72c72c817017e4a777f9f33ef4f322e66c481228"",""data/metrics_faithfulness_metrics_PickCube-v1_170m_seed142_logpi_20260615_004405.jsonl:7:da8ae6c7536113713dc78dbc77193bfc51809cfb58c5d8d57edb69da8e7f624d"",""data/metrics_faithfulness_metrics_PickCube-v1_170m_seed142_logpi_20260615_004405.jsonl:8:cad3e350e53871742671fc2c21911af438eaa8a550b2be42e220fc6620b32dfa"",""data/metrics_faithfulness_metrics_PickCube-v1_170m_seed142_logpi_20260615_004405.jsonl:9:0bfb2f0266d759fe52a98ff937737faacd296d5752eb0a47eb97d8382f64fe15""]",0.11243153319069928,-0.01632377477662633,0.0
Q:vision:insertion,Q,vision,insertion,1f0b52cbb142d1064d714d4fd72127415ca7d7d39233449337d33eb733a5ab92,25,25,-177.46363643968982,"[""data/metrics_faithfulness_metrics_PickCube-v1_170m_seed142_logpi_20260615_004405.jsonl:151:2b3a2c52ae0f0daf20fe08c08fd643a8de2582ca85313d332d5e7375efbc5837"",""data/metrics_faithfulness_metrics_PickCube-v1_170m_seed142_logpi_20260615_004405.jsonl:152:0d3cbdd478726e827755d4cf9af0c9f6f712c00d53ca3bcda730e459185c9f48"",""data/metrics_faithfulness_metrics_PickCube-v1_170m_seed142_logpi_20260615_004405.jsonl:153:8d52d8acb1a10e8cb98268386ce46bc2792d0ad12fa106accc366362fa7ad471"",""data/metrics_faithfulness_metrics_PickCube-v1_170m_seed142_logpi_20260615_004405.jsonl:154:8994a3dc39147be3fbb82097c7f2a4584dfdb8eee0797bd69adc2f4678411194"",""data/metrics_faithfulness_metrics_PickCube-v1_170m_seed142_logpi_20260615_004405.jsonl:155:6839a558ba4b9f73ef13849dfdbcc47bdf2efbc9add7dcaea56275b5d5c299ba"",""data/metrics_faithfulness_metrics_PickCube-v1_170m_seed142_logpi_20260615_004405.jsonl:156:98618f1a8f0e712e30d0cec59472670e4318b98547763b0f0625a27f2dee3dd1"",""data/metrics_faithfulness_metrics_PickCube-v1_170m_seed142_logpi_20260615_004405.jsonl:157:4540fb07d1f60d7ded2d7053188a7915b927f50f7625d120ac869c1d49606d38"",""data/metrics_faithfulness_metrics_PickCube-v1_170m_seed142_logpi_20260615_004405.jsonl:158:43a036e7d060f9180a14ac2f0d9c70397a78ed1308d1b269529529548e601cba"",""data/metrics_faithfulness_metrics_PickCube-v1_170m_seed142_logpi_20260615_004405.jsonl:159:bddcfbe33f13e8199271011ad4eeb64c5ddce80a18d30660091b27dfd02c5bc6"",""data/metrics_faithfulness_metrics_PickCube-v1_170m_seed142_logpi_20260615_004405.jsonl:160:84dce18aa212b91bfb1892a9fbd99a6fcb664e4554d69da7067b5676fdfb584b"",""data/metrics_faithfulness_metrics_PickCube-v1_170m_seed142_logpi_20260615_004405.jsonl:161:1b5714aa59b32c9ccb5c61a67ff94e83c62516edce7cf4b33871611bd173a5ce"",""data/metrics_faithfulness_metrics_PickCube-v1_170m_seed142_logpi_20260615_004405.jsonl:162:a726b757d282ead630e36111cecb43ff701195d59df7c30c59fee1499ee4bd7d"",""data/metrics_faithfulness_metrics_PickCube-v1_170m_seed142_logpi_20260615_004405.jsonl:163:545e49b77a668dab7b42e948552c38f84080c2218ec7b0b2cc62112476f6722d"",""data/metrics_faithfulness_metrics_PickCube-v1_170m_seed142_logpi_20260615_004405.jsonl:164:18fa442eb88f07a0ad829a3cb7758ab9a7604779d549a527607532819644b790"",""data/metrics_faithfulness_metrics_PickCube-v1_170m_seed142_logpi_20260615_004405.jsonl:165:c219fc56e2357207b7682256d1453d3b313ffdce5fdca22e1b6a238c6f94cd1f"",""data/metrics_faithfulness_metrics_PickCube-v1_170m_seed142_logpi_20260615_004405.jsonl:166:8ba125293089b1122debc19c3de12dda080c52a3a7a516f8ea3851295cf302d7"",""data/metrics_faithfulness_metrics_PickCube-v1_170m_seed142_logpi_20260615_004405.jsonl:167:477c21588751dedc9faac7d09417d7927c73cd3a9d63287f2cc6425ebb34e4db"",""data/metrics_faithfulness_metrics_PickCube-v1_170m_seed142_logpi_20260615_004405.jsonl:168:83c97030d0d1f247ee5d4d42415418d4c8370f4b82c22cda6c32cac4d55acc88"",""data/metrics_faithfulness_metrics_PickCube-v1_170m_seed142_logpi_20260615_004405.jsonl:169:6d022970ce43b33713257520d24e5d7851af281ccf5ad1f92a90d5909e57ad52"",""data/metrics_faithfulness_metrics_PickCube-v1_170m_seed142_logpi_20260615_004405.jsonl:170:7a4ab3201cedb446513aa36c78a0893aeab4def500a137efa598339153066ded"",""data/metrics_faithfulness_metrics_PickCube-v1_170m_seed142_logpi_20260615_004405.jsonl:171:64deb465b9753de7d6c178c74ec3e4646095508771d4e48e313c6b26488a0be7"",""data/metrics_faithfulness_metrics_PickCube-v1_170m_seed142_logpi_20260615_004405.jsonl:172:a32b0c7b9fef1968ef6c386312ccb65b2e1484b2719ab8976af2d5a4f19fac5c"",""data/metrics_faithfulness_metrics_PickCube-v1_170m_seed142_logpi_20260615_004405.jsonl:173:dc3dc8b9ef1a8560a1d9cd7e1a963c33e8dfd4e366efc11dbe6e4cf54ee35b69"",""data/metrics_faithfulness_metrics_PickCube-v1_170m_seed142_logpi_20260615_004405.jsonl:174:66d1eeffa17112e8d1a512901c9c32c2d98919f92a64f71d93046d1061aff1a2"",""data/metrics_faithfulness_metrics_PickCube-v1_170m_seed142_logpi_20260615_004405.jsonl:175:e57a9909ed2d290616d98543a428df546daea12261d78985db8a3797622348ea""]",0.127233503251963,-177.59086994294182,0.0
Q:vision:insertion,Q,vision,insertion,24a3c0882d8b1b1f86b9b4272a3aab3acb0d6578637578c1bf93b1d2fb3cd5e0,25,25,0.06295915372257083,"[""data/metrics_faithfulness_metrics_PickCube-v1_170m_seed142_logpi_20260615_004405.jsonl:201:cf94138d35396970db62a6d05fe50b36c55763c5df36cd26fe6554102d366602"",""data/metrics_faithfulness_metrics_PickCube-v1_170m_seed142_logpi_20260615_004405.jsonl:202:4a5789dcaf56328b13f037e22c11ba8d43d064a16964b6b05fd1c17b2f4dbb4b"",""data/metrics_faithfulness_metrics_PickCube-v1_170m_seed142_logpi_20260615_004405.jsonl:203:eeb863d3e2bf67eca73a55eeef7cac1478a4e7e375de00737e76aea813c6ce6e"",""data/metrics_faithfulness_metrics_PickCube-v1_170m_seed142_logpi_20260615_004405.jsonl:204:712684886857f62781b10318a46aa41d4e5c733b9ae1768683fc593d67b1fe97"",""data/metrics_faithfulness_metrics_PickCube-v1_170m_seed142_logpi_20260615_004405.jsonl:205:3379dfcc0d96b9b3e9bef9d5f2f3c161eaaacb7a536734000f3c4e8ca10dc9c9"",""data/metrics_faithfulness_metrics_PickCube-v1_170m_seed142_logpi_20260615_004405.jsonl:206:3239d5e81fdbea2e6462503d51911e1fb0b3997e9478866be9501b22c6939b67"",""data/metrics_faithfulness_metrics_PickCube-v1_170m_seed142_logpi_20260615_004405.jsonl:207:52d5f7ee286db53a436c015b4ac4b06dc33b49771bbc4083e3c2d2332868fdfa"",""data/metrics_faithfulness_metrics_PickCube-v1_170m_seed142_logpi_20260615_004405.jsonl:208:45b412168ea40a993f757a4901a9fb98b39d4fe9a2920929605dabd69b427568"",""data/metrics_faithfulness_metrics_PickCube-v1_170m_seed142_logpi_20260615_004405.jsonl:209:c7c1d8b63603054e0c57f5c913e9714261d6c68630bc3202400e636a6f38e69d"",""data/metrics_faithfulness_metrics_PickCube-v1_170m_seed142_logpi_20260615_004405.jsonl:210:ac820d20f4b0c5b047666010e9c25c1f4bb65c4128076d32b5421ab37e0bb902"",""data/metrics_faithfulness_metrics_PickCube-v1_170m_seed142_logpi_20260615_004405.jsonl:211:72640da3cc12356212dcc146172a4d7042ed39cabb764d68e54eb7931f397fde"",""data/metrics_faithfulness_metrics_PickCube-v1_170m_seed142_logpi_20260615_004405.jsonl:212:7e0490ec01bab8bc45b07f24cf13c8badc8089a3e400073ad34122aba5f359e5"",""data/metrics_faithfulness_metrics_PickCube-v1_170m_seed142_logpi_20260615_004405.jsonl:213:f77d757f1376be14f891eb244868a2a9c555ac8fb49d65508469442e53842eb7"",""data/metrics_faithfulness_metrics_PickCube-v1_170m_seed142_logpi_20260615_004405.jsonl:214:66bc24cb87973fb2b7de6aa9c80b2a37d6c6df723b6c412975e8cee75991255b"",""data/metrics_faithfulness_metrics_PickCube-v1_170m_seed142_logpi_20260615_004405.jsonl:215:ce1edec3f0fbd26878ada95396cf6c7acb1f0e6c13f9e363f1b4c78cc846edb8"",""data/metrics_faithfulness_metrics_PickCube-v1_170m_seed142_logpi_20260615_004405.jsonl:216:4550779c0fe5a59a4f34f1793af68e8572e9180e70fb050c38bee1b6f71f1e2a"",""data/metrics_faithfulness_metrics_PickCube-v1_170m_seed142_logpi_20260615_004405.jsonl:217:88ba162c8f5d2f3eb65782cffed9e7c2d2bef6d79b481bd014788db2c0c7870e"",""data/metrics_faithfulness_metrics_PickCube-v1_170m_seed142_logpi_20260615_004405.jsonl:218:a0d4878f47274d52c3370ae15cfecda39eee02b5acc38a92b5764c992d497c2f"",""data/metrics_faithfulness_metrics_PickCube-v1_170m_seed142_logpi_20260615_004405.jsonl:219:9f1b7f25af0f9d2b3c7f62dec0a7f7c2eddfcfbaff0d6e291869dcbdc51ed3c0"",""data/metrics_faithfulness_metrics_PickCube-v1_170m_seed142_logpi_20260615_004405.jsonl:220:f10eae67d45344f21ab6e9e19fdc177f49d68fc95dcb316586ac472f4c8ee0b7"",""data/metrics_faithfulness_metrics_PickCube-v1_170m_seed142_logpi_20260615_004405.jsonl:221:96ee65f393e6bd3a27b7733d31f8e6f6e852854b62f96cf7dfee0d8fa8edd08c"",""data/metrics_faithfulness_metrics_PickCube-v1_170m_seed142_logpi_20260615_004405.jsonl:222:673e1c0e5cac47a748ab52c3a66379d8c26cf608abdba7f7b32562010daa0a67"",""data/metrics_faithfulness_metrics_PickCube-v1_170m_seed142_logpi_20260615_004405.jsonl:223:d6f1cc9d326a3a5fddcf4e5b1b9f2f3f846d8db3c044f58735b5b2ee86c98e6f"",""data/metrics_faithfulness_metrics_PickCube-v1_170m_seed142_logpi_20260615_004405.jsonl:224:786c75596004111213116f41939bb438c82337cfa97638751b2ab2a81e7bc143"",""data/metrics_faithfulness_metrics_PickCube-v1_170m_seed142_logpi_20260615_004405.jsonl:225:2eb252264eeb5b7fc016c4e982eb28d90815cf5311bce1b413203e7b924271c7""]",0.10354938400390676,-0.04059023028133591,0.0
Q:vision:insertion,Q,vision,insertion,27f61b5d31498775570b8dbcc9b9c83721ad9ab1c57e3253db1e70db64a744ea,25,25,-0.360867456902433,"[""data/metrics_faithfulness_metrics_PickCube-v1_170m_seed42_logpi_20260615_004816.jsonl:226:4299c2eeb2d20233b3f7159e678dde4b30ccdb09bd0507caa29bcbf50d883943"",""data/metrics_faithfulness_metrics_PickCube-v1_170m_seed42_logpi_20260615_004816.jsonl:227:d82f6dee9314a6c74f0b4c26af9a901434f360fa0ee5358b7fa6e6fb76563ca0"",""data/metrics_faithfulness_metrics_PickCube-v1_170m_seed42_logpi_20260615_004816.jsonl:228:88d523ad9367df2a44db9a40fd5b2eac5192c9c95d629d78e4feb8e6a9e9f03c"",""data/metrics_faithfulness_metrics_PickCube-v1_170m_seed42_logpi_20260615_004816.jsonl:229:e440120877eef6ba6e8cbf3ffa5d6911838c75d9ef0395398123591c68363739"",""data/metrics_faithfulness_metrics_PickCube-v1_170m_seed42_logpi_20260615_004816.jsonl:230:a17e34955e26dc55fe04161909b38917ba6b4cfdccc4f79ac01dfc2a15db5c98"",""data/metrics_faithfulness_metrics_PickCube-v1_170m_seed42_logpi_20260615_004816.jsonl:231:59fd73694799c24498335fad94433e3b9a40c2111644d302f6a8f88927448404"",""data/metrics_faithfulness_metrics_PickCube-v1_170m_seed42_logpi_20260615_004816.jsonl:232:3889539172b78e89c83ed503c60c198ed9c5b5670898ea508d363f4021f9dd5a"",""data/metrics_faithfulness_metrics_PickCube-v1_170m_seed42_logpi_20260615_004816.jsonl:233:b6410476d562c997386cba32394c583e14238bc7b5216c5999eab84920045c13"",""data/metrics_faithfulness_metrics_PickCube-v1_170m_seed42_logpi_20260615_004816.jsonl:234:57f2e6471d637e9f59bca95fc84389fb9f1cfccdbd78a587da852b259ef44bdd"",""data/metrics_faithfulness_metrics_PickCube-v1_170m_seed42_logpi_20260615_004816.jsonl:235:eb95660d8ab06bca59fe2ef4f8a70fa20504a2a594a389ee58ef173c92f94bf7"",""data/metrics_faithfulness_metrics_PickCube-v1_170m_seed42_logpi_20260615_004816.jsonl:236:a94631c8e75cd593b98174eb45eea9c280c9d1e09861141f981133e78979b7cd"",""data/metrics_faithfulness_metrics_PickCube-v1_170m_seed42_logpi_20260615_004816.jsonl:237:0e4348cb2123a8ea64644bac3292c6fb99970512420723052956791aeff6e05d"",""data/metrics_faithfulness_metrics_PickCube-v1_170m_seed42_logpi_20260615_004816.jsonl:238:dc5f1f87c21066ff9d459e00c7e9d329e1a6788bfe4a262e93682af9d4d494b1"",""data/metrics_faithfulness_metrics_PickCube-v1_170m_seed42_logpi_20260615_004816.jsonl:239:f63c47da519e8053a072f95416737ea86f341d624496bc4312bef08b65bea775"",""data/metrics_faithfulness_metrics_PickCube-v1_170m_seed42_logpi_20260615_004816.jsonl:240:c4a8a64ef880958f69e4d5253c4e4b7def787981e47ab0f7057653abd40e5638"",""data/metrics_faithfulness_metrics_PickCube-v1_170m_seed42_logpi_20260615_004816.jsonl:241:e67c51621bf022b39ee93e4bfefb35addcdefbeb06ccdf5a3022b569bbabb44c"",""data/metrics_faithfulness_metrics_PickCube-v1_170m_seed42_logpi_20260615_004816.jsonl:242:88378eb773530f46f72d5c8d556e5cde2811c462c61d39665265e7e140bd1587"",""data/metrics_faithfulness_metrics_PickCube-v1_170m_seed42_logpi_20260615_004816.jsonl:243:04960c4dffda9c5d3a23b2d2763b3f51c2ddf1d860c5520cebcf0a2df4f0b36b"",""data/metrics_faithfulness_metrics_PickCube-v1_170m_seed42_logpi_20260615_004816.jsonl:244:728ec656d942e8d08879bbb5dc190ea734fbabbde96b16713bce1e699902d2cf"",""data/metrics_faithfulness_metrics_PickCube-v1_170m_seed42_logpi_20260615_004816.jsonl:245:8543158934e04ec4df7297431316f4290283a7f0d4a22e99ec22a989773aab63"",""data/metrics_faithfulness_metrics_PickCube-v1_170m_seed42_logpi_20260615_004816.jsonl:246:c646ad07be01606f96f8f81b8e51637860bc42e48b0f59addae61ac31e6803cb"",""data/metrics_faithfulness_metrics_PickCube-v1_170m_seed42_logpi_20260615_004816.jsonl:247:a1a6758f0cf0fe2ec0045fdabe92f9d85ff0d62e13f9d1b07e214f66b27dccfb"",""data/metrics_faithfulness_metrics_PickCube-v1_170m_seed42_logpi_20260615_004816.jsonl:248:ee5adc02a02ffabe906fc189f348e472bb1259a7120b0a0bd7dc39b05c12801d"",""data/metrics_faithfulness_metrics_PickCube-v1_170m_seed42_logpi_20260615_004816.jsonl:249:59ec52817d4206dd2848aa21b11a64b5ad84ca369a175de83d6f806c4108eb19"",""data/metrics_faithfulness_metrics_PickCube-v1_170m_seed42_logpi_20260615_004816.jsonl:250:d997c7736db7d3ff94310587f72351c87794d0483f9197e3a634c88dff0a5c92""]",0.1253731459527988,-0.48624060285523163,0.0
Q:vision:insertion,Q,vision,insertion,32e0dcd619d7a7fd1c86028b4a03fbef981d32a29df06654ff6aecacd14c516e,25,25,0.09247649265671613,"[""data/metrics_faithfulness_metrics_PickCube-v1_170m_seed42_logpi_20260615_004816.jsonl:126:eb55f9cdbe440cc41370d05c43a11e1c7132ca3c5aa8d01bfc920ee746589154"",""data/metrics_faithfulness_metrics_PickCube-v1_170m_seed42_logpi_20260615_004816.jsonl:127:786cb26dbac15aea6647bfe79c0c9fbaa4f8b1c4a8f42b217df59b50e207190a"",""data/metrics_faithfulness_metrics_PickCube-v1_170m_seed42_logpi_20260615_004816.jsonl:128:45b4b543a598082b8513ad947b4122b0f6ade0a3050c8526ae37f8c74e58823c"",""data/metrics_faithfulness_metrics_PickCube-v1_170m_seed42_logpi_20260615_004816.jsonl:129:cb46dde989894ba93606813c3633561a2e4d0c488932a0a9e9e8e455f1120102"",""data/metrics_faithfulness_metrics_PickCube-v1_170m_seed42_logpi_20260615_004816.jsonl:130:f94d0205a6614e3a1e87366ab7c626f819aeae2b8c03a81e3f7a201ccfa63837"",""data/metrics_faithfulness_metrics_PickCube-v1_170m_seed42_logpi_20260615_004816.jsonl:131:92a8fd0549b6dbbf08b371591ba35e19e5755f5e92a9d34871cc701cdafedb31"",""data/metrics_faithfulness_metrics_PickCube-v1_170m_seed42_logpi_20260615_004816.jsonl:132:fa08e685f77f60d0b3a6f196bd659e87ffa187d8bc2a8d34ddf7803fdfeef50d"",""data/metrics_faithfulness_metrics_PickCube-v1_170m_seed42_logpi_20260615_004816.jsonl:133:0fb5550a14f8b2eb01cd05da2ce35740fc2c3051a32b1c146ff9c2cc4a580057"",""data/metrics_faithfulness_metrics_PickCube-v1_170m_seed42_logpi_20260615_004816.jsonl:134:1d566977981b00129e963087e783e0a55ff7fcf611d28bc7d6ecd58428fa0de7"",""data/metrics_faithfulness_metrics_PickCube-v1_170m_seed42_logpi_20260615_004816.jsonl:135:d01f091fefc4af8817257238bcab921138b3ac501bfb67e1180d2ad2696b27d0"",""data/metrics_faithfulness_metrics_PickCube-v1_170m_seed42_logpi_20260615_004816.jsonl:136:8c6c1acebe76541460c1b64e58af224b55d29f4de8a450711c3628b76521b1c3"",""data/metrics_faithfulness_metrics_PickCube-v1_170m_seed42_logpi_20260615_004816.jsonl:137:52318e9b9e4e29398931a34c60926a016a805e57ad106e5625210bb67c13e236"",""data/metrics_faithfulness_metrics_PickCube-v1_170m_seed42_logpi_20260615_004816.jsonl:138:c3881083fe606fa3315bc86b9a92c61c8d98193ee1607453b7786622991b89b4"",""data/metrics_faithfulness_metrics_PickCube-v1_170m_seed42_logpi_20260615_004816.jsonl:139:93a4432e22952ec48b9ffca0f383855695da27f2f87867e584026216f9627992"",""data/metrics_faithfulness_metrics_PickCube-v1_170m_seed42_logpi_20260615_004816.jsonl:140:95c846b96d2880ecc3d1c6a1d47d7a4f5af62c5db262aec59268e6c284070cc3"",""data/metrics_faithfulness_metrics_PickCube-v1_170m_seed42_logpi_20260615_004816.jsonl:141:2e81da58a654b302019a7214c75a3685264248c173226b36b280d49169d0d576"",""data/metrics_faithfulness_metrics_PickCube-v1_170m_seed42_logpi_20260615_004816.jsonl:142:0c650504d075034ea5438d08a793014fc37bba016eacab6925bbd64989b772d0"",""data/metrics_faithfulness_metrics_PickCube-v1_170m_seed42_logpi_20260615_004816.jsonl:143:de1458ef888897da958183fed20575406dbb0a29082c4f300a72a5daae427e96"",""data/metrics_faithfulness_metrics_PickCube-v1_170m_seed42_logpi_20260615_004816.jsonl:144:744ce0a12a06c2a8436aa2743ac6a09a61a01f12cfa02999b4632329d294920f"",""data/metrics_faithfulness_metrics_PickCube-v1_170m_seed42_logpi_20260615_004816.jsonl:145:db1ec5b01fd69ab0a2994d4cbe16eb62a9c8b7c352dfa7dbd866c32a7665c72f"",""data/metrics_faithfulness_metrics_PickCube-v1_170m_seed42_logpi_20260615_004816.jsonl:146:a046b11b85557a4ec3de3a45c359dbba76115a0e0e3c9af35751eb1a18d734e2"",""data/metrics_faithfulness_metrics_PickCube-v1_170m_seed42_logpi_20260615_004816.jsonl:147:01972884008b452be2911143dd506ceb077cca7e7b1fcac5693d17184111e8ba"",""data/metrics_faithfulness_metrics_PickCube-v1_170m_seed42_logpi_20260615_004816.jsonl:148:60064b3ef0dcb309fc03ebe26757733d4e4f1c210885628ede633656940fe7e3"",""data/metrics_faithfulness_metrics_PickCube-v1_170m_seed42_logpi_20260615_004816.jsonl:149:efb1a8ce2beaa8a51444ef4b3340d57367f69153ff23015e57401ad73c6b34b5"",""data/metrics_faithfulness_metrics_PickCube-v1_170m_seed42_logpi_20260615_004816.jsonl:150:c68f8af7dc5ca1890f157bfbe63b73a8df538af4d66cc3861e041a7debf02f72""]",0.10564362998308818,-0.013167137326372013,0.0
Q:vision:insertion,Q,vision,insertion,36ab2b8951bf4cca61cf9c49471c43a1175d275c5098156c66b51afc30b30151,25,25,0.08284901053032023,"[""data/metrics_faithfulness_metrics_PickCube-v1_170m_seed142_logpi_20260615_004405.jsonl:26:fdf56ea123f0806aff6ef92a38c89efb6ec7d485b4649e0f98beb834d423f5b0"",""data/metrics_faithfulness_metrics_PickCube-v1_170m_seed142_logpi_20260615_004405.jsonl:27:b30abfb4b2174d710c05b2e343590de9b803fef87919cd8874d36b1ba0a70b0c"",""data/metrics_faithfulness_metrics_PickCube-v1_170m_seed142_logpi_20260615_004405.jsonl:28:73f7f16084ec7e86a42699abb8f894be4fde2150b9ad465ae0491298276dbc5e"",""data/metrics_faithfulness_metrics_PickCube-v1_170m_seed142_logpi_20260615_004405.jsonl:29:d7a6e21b6a639a0938a517f28ac41df209bab235f4ea351a016bd47ed168c303"",""data/metrics_faithfulness_metrics_PickCube-v1_170m_seed142_logpi_20260615_004405.jsonl:30:9a566e20aabca5ce7308920b46ea9a657fb681c418d4534a57cb73fc09a5f25d"",""data/metrics_faithfulness_metrics_PickCube-v1_170m_seed142_logpi_20260615_004405.jsonl:31:0ddf87bfab11580c39b74d72c3ff28dfd1e140b2ebdbfa0a8aa33327e80eab38"",""data/metrics_faithfulness_metrics_PickCube-v1_170m_seed142_logpi_20260615_004405.jsonl:32:494168156df3248b420fbd07dcc67d050170dbca4efc36c327e7bce7bc7d006f"",""data/metrics_faithfulness_metrics_PickCube-v1_170m_seed142_logpi_20260615_004405.jsonl:33:acc43605e774e25c6bb62cb7cb163f4e2b0fb7806763026f6da8f405d99db495"",""data/metrics_faithfulness_metrics_PickCube-v1_170m_seed142_logpi_20260615_004405.jsonl:34:281cfb915952edbabc8071121994ec9ac67238f5869a440e8726cb9bb7cf6a77"",""data/metrics_faithfulness_metrics_PickCube-v1_170m_seed142_logpi_20260615_004405.jsonl:35:8a58fd8cfb306f7bd3abf10bbab707339561b4d68ed1bfcaac6d4afe061a743f"",""data/metrics_faithfulness_metrics_PickCube-v1_170m_seed142_logpi_20260615_004405.jsonl:36:096c7a491f782ec119987d2ee30a7550401011d00fb29497a91802646bb6167c"",""data/metrics_faithfulness_metrics_PickCube-v1_170m_seed142_logpi_20260615_004405.jsonl:37:299ca626ead74d08cc2776e21a3846659bf9a28c7983987f1956bbaeb238aba7"",""data/metrics_faithfulness_metrics_PickCube-v1_170m_seed142_logpi_20260615_004405.jsonl:38:47bd730c9ac4247a91b28caa16fda399e9cb6cef64f46e65a5ecf47138bd89a3"",""data/metrics_faithfulness_metrics_PickCube-v1_170m_seed142_logpi_20260615_004405.jsonl:39:a7336f6b3e75a19bf6c07f366d147266ac92865fb58d79d753b2e2d2cfb958c7"",""data/metrics_faithfulness_metrics_PickCube-v1_170m_seed142_logpi_20260615_004405.jsonl:40:76d6ca089a758d229e3b1f86674fdc6c5e69098feb963bb855cafc73a1e68632"",""data/metrics_faithfulness_metrics_PickCube-v1_170m_seed142_logpi_20260615_004405.jsonl:41:8221ce21f272795b587e3f646a9c7e1823309c7e18e30da13edf50fdcc82fb0b"",""data/metrics_faithfulness_metrics_PickCube-v1_170m_seed142_logpi_20260615_004405.jsonl:42:91da55750e7dcd400faed36b55f490f14fe6f8b995cb3bb31e0c9d275517745e"",""data/metrics_faithfulness_metrics_PickCube-v1_170m_seed142_logpi_20260615_004405.jsonl:43:6e32a065f18a013810fb4c1f62a16e1e24db4ac4ab1548793a4246eb02c26761"",""data/metrics_faithfulness_metrics_PickCube-v1_170m_seed142_logpi_20260615_004405.jsonl:44:304c1b225f238977658d0e79f2d5b7dcdd56f4f28a0719b34490b56a5346a591"",""data/metrics_faithfulness_metrics_PickCube-v1_170m_seed142_logpi_20260615_004405.jsonl:45:eedce1fe1d48fd494f414d0a5d4964d39f4d1190b400a49e9417c3be695938a9"",""data/metrics_faithfulness_metrics_PickCube-v1_170m_seed142_logpi_20260615_004405.jsonl:46:ddf1c8a06116316864d20810c82794b34af3bf3fcdee80015ccbca2c734f7961"",""data/metrics_faithfulness_metrics_PickCube-v1_170m_seed142_logpi_20260615_004405.jsonl:47:867408f732405ff329f106632faca7306fe79df0357433cb5bf3d8e5bd0b39c6"",""data/metrics_faithfulness_metrics_PickCube-v1_170m_seed142_logpi_20260615_004405.jsonl:48:23a3566647e4fcbdbd4f5e73235a2820906ad51575631aa239c1077623b199e4"",""data/metrics_faithfulness_metrics_PickCube-v1_170m_seed142_logpi_20260615_004405.jsonl:49:7392bb4b28c8948283f128653a980872420467e3ba89e927dc24da8d517c36df"",""data/metrics_faithfulness_metrics_PickCube-v1_170m_seed142_logpi_20260615_004405.jsonl:50:48a46e9654d23c3756e86d4559eb8d0c5c7ef2e7307836ed6eb4425575cadf59""]",0.08900501656767931,-0.006156006037359083,0.0
Q:vision:insertion,Q,vision,insertion,39760a0d919116dd9438dbb5b4b1a1479cc2b12fbda1f3757fa314a6c1509204,25,25,0.0037902383949310714,"[""data/metrics_faithfulness_metrics_PickCube-v1_170m_seed42_logpi_20260615_004816.jsonl:276:ebd7447934cb34037b91ace41b733652b95123c0d0780e349d8543bad96eb5dc"",""data/metrics_faithfulness_metrics_PickCube-v1_170m_seed42_logpi_20260615_004816.jsonl:277:31364473099e306247124d3804b17745ca49a160f27faaffdc0581b2966b0ddb"",""data/metrics_faithfulness_metrics_PickCube-v1_170m_seed42_logpi_20260615_004816.jsonl:278:52e88572dc9cb8d85d8e333a3a97137e718395d58a6af3b3fc4a22c8833899c3"",""data/metrics_faithfulness_metrics_PickCube-v1_170m_seed42_logpi_20260615_004816.jsonl:279:2501413ce1f3dd821a63b037ba0e6c7e963b0d8087ca9d75e98a93f7ee364d5e"",""data/metrics_faithfulness_metrics_PickCube-v1_170m_seed42_logpi_20260615_004816.jsonl:280:e681feabd2906bacc84656bd3dc800cc32dfb17f1c55f40c898307eb1d851461"",""data/metrics_faithfulness_metrics_PickCube-v1_170m_seed42_logpi_20260615_004816.jsonl:281:cf460c1a2f724531a07ee6fa2d13cbd871fb24177d6e3829475dc1d62c53c68f"",""data/metrics_faithfulness_metrics_PickCube-v1_170m_seed42_logpi_20260615_004816.jsonl:282:77c7662ae9d4e300a87fca596ded61acd729800dd59b6cc0a5cd541a76daff8e"",""data/metrics_faithfulness_metrics_PickCube-v1_170m_seed42_logpi_20260615_004816.jsonl:283:2929dbbf61fc3c5d17e0777a9799d6b0f1e1ebfd74382e763257ba24dadc7728"",""data/metrics_faithfulness_metrics_PickCube-v1_170m_seed42_logpi_20260615_004816.jsonl:284:79652fc832b0e099f7478e07e1329cec9dfe222b1203564b006ebff29a2e9311"",""data/metrics_faithfulness_metrics_PickCube-v1_170m_seed42_logpi_20260615_004816.jsonl:285:64010be7d52d0f2adc166fd8c1b5b2af6cb25444de7181cb403ce80c6a1e616f"",""data/metrics_faithfulness_metrics_PickCube-v1_170m_seed42_logpi_20260615_004816.jsonl:286:01b8e0bc3e970deeebfff8e54090306a4868e7b6c14d00d3428f26fce9d6cfd3"",""data/metrics_faithfulness_metrics_PickCube-v1_170m_seed42_logpi_20260615_004816.jsonl:287:5c59f13bf39dcba135e5f31ad97ad237fe85a90a34121a40c6bd9a537c215bac"",""data/metrics_faithfulness_metrics_PickCube-v1_170m_seed42_logpi_20260615_004816.jsonl:288:4836da1dc41f7c9676265c636fc4f60db5c64b7c1c7304d632fc1506e591b702"",""data/metrics_faithfulness_metrics_PickCube-v1_170m_seed42_logpi_20260615_004816.jsonl:289:2a74ed047c2fe6a240d80e5bf52623517e3310822b64d74ba9a76d70e6679385"",""data/metrics_faithfulness_metrics_PickCube-v1_170m_seed42_logpi_20260615_004816.jsonl:290:74f5e763808f2a2fa8ab4c55136dfc7ddd117d48a7206705d242e4e205d1db08"",""data/metrics_faithfulness_metrics_PickCube-v1_170m_seed42_logpi_20260615_004816.jsonl:291:5c6c428ad595a44aa87a105fe3dc2518ceef0288ae509857eb278cca6b8d6b6f"",""data/metrics_faithfulness_metrics_PickCube-v1_170m_seed42_logpi_20260615_004816.jsonl:292:3844d932749021d8c0365e292d76bc4774153d1241eb97f9c8ca9b2424538813"",""data/metrics_faithfulness_metrics_PickCube-v1_170m_seed42_logpi_20260615_004816.jsonl:293:f6f0e93f29ef9de454b48c36c3eb3bd0b0a57f3c25368b3d00869f5f949846eb"",""data/metrics_faithfulness_metrics_PickCube-v1_170m_seed42_logpi_20260615_004816.jsonl:294:5f46231d7821830f70d932b24c1430e9f2edd6abec8baa3c258aec4c4e913969"",""data/metrics_faithfulness_metrics_PickCube-v1_170m_seed42_logpi_20260615_004816.jsonl:295:61b6e19688eb10c7dc2c00383af338d4873b40695fe1065a6d056589c980168a"",""data/metrics_faithfulness_metrics_PickCube-v1_170m_seed42_logpi_20260615_004816.jsonl:296:e62e6d8656c4c0c544c243475b3ef5cdeebfdd59a7e1e440dceba121a004fb29"",""data/metrics_faithfulness_metrics_PickCube-v1_170m_seed42_logpi_20260615_004816.jsonl:297:f1d5141f887b76c7364c7f619f27f58a372d9c1b90dca9aecffada009bf7aeca"",""data/metrics_faithfulness_metrics_PickCube-v1_170m_seed42_logpi_20260615_004816.jsonl:298:31ee4b6054da138f3d5414fc378309940a5db2f02c09ed41f1acc3c34ef1292f"",""data/metrics_faithfulness_metrics_PickCube-v1_170m_seed42_logpi_20260615_004816.jsonl:299:af212b1fecaf2a5b9976e0d50a01c29899304af5221d3f2eaf6a1ed6684c2892"",""data/metrics_faithfulness_metrics_PickCube-v1_170m_seed42_logpi_20260615_004816.jsonl:300:7f342b2481e820fcf604b4f7f8166c56181155e77baa0adcf2f8edcb4a50fa0d""]",0.10366932889495749,-0.09987909050002643,0.0
Q:vision:insertion,Q,vision,insertion,42c97e1a5389d67a9f6c43513d978f766f6c46c1fb9b7c886874ed00357904db,25,25,0.09387613648477605,"[""data/metrics_faithfulness_metrics_PickCube-v1_170m_seed142_logpi_20260615_004405.jsonl:176:b5b9b7282dcc352715d66e0b1225979c48fa4246919ff414c5bf33a829453682"",""data/metrics_faithfulness_metrics_PickCube-v1_170m_seed142_logpi_20260615_004405.jsonl:177:597fe3e626e3eef6a0b8538eafffbbb0c5463c6bbf8d1683a16bf9c7dcdc88ee"",""data/metrics_faithfulness_metrics_PickCube-v1_170m_seed142_logpi_20260615_004405.jsonl:178:16f38d156cb9a7075ab07e87bdae69b2eb1dcb3bc7dec5fa5b7b303b101e2a29"",""data/metrics_faithfulness_metrics_PickCube-v1_170m_seed142_logpi_20260615_004405.jsonl:179:823c2b5a029f2e3c77d20d4efb97d1e85a8f2e6c0d3d3eff8a0eecf37aac4c71"",""data/metrics_faithfulness_metrics_PickCube-v1_170m_seed142_logpi_20260615_004405.jsonl:180:84d9780112425275ccf5c67c38ac2f5e59ade8af949d87aa186c5ef749258925"",""data/metrics_faithfulness_metrics_PickCube-v1_170m_seed142_logpi_20260615_004405.jsonl:181:a1fa5ced419fad39966b9ce2cad79410584d8b5467db8b696afe93691d8d6af1"",""data/metrics_faithfulness_metrics_PickCube-v1_170m_seed142_logpi_20260615_004405.jsonl:182:674d58f6c84509a76a7bdf17a7e3b8c35e62ca57c1268dee711e60c89d4cbdf8"",""data/metrics_faithfulness_metrics_PickCube-v1_170m_seed142_logpi_20260615_004405.jsonl:183:e477cdc65fc2ce7b18513b7f9d9ef81c7660b2bb0e3443f50bb6aea512fd38d7"",""data/metrics_faithfulness_metrics_PickCube-v1_170m_seed142_logpi_20260615_004405.jsonl:184:60acbd54fd7c0b0dbd9b17eeb755703713aea3982464b8bdd303e9d0008d367b"",""data/metrics_faithfulness_metrics_PickCube-v1_170m_seed142_logpi_20260615_004405.jsonl:185:fa3a31b1d3dfa5e6627b8cb5685a42582e7420bfd0e9dec8c767553210cdfdbe"",""data/metrics_faithfulness_metrics_PickCube-v1_170m_seed142_logpi_20260615_004405.jsonl:186:5854d8ed0538dad065d7f9d32e4cd6dc8d7ee0270481adb75c1e712d1080bb9a"",""data/metrics_faithfulness_metrics_PickCube-v1_170m_seed142_logpi_20260615_004405.jsonl:187:f22018621b42b97924fbfb80683bc3ceed75481f447e59c8972aa97e9596b357"",""data/metrics_faithfulness_metrics_PickCube-v1_170m_seed142_logpi_20260615_004405.jsonl:188:a7676033b00b05d2b3d605ba379eeff9e312f1c62526862784c7e1f32504485f"",""data/metrics_faithfulness_metrics_PickCube-v1_170m_seed142_logpi_20260615_004405.jsonl:189:e87d3a550aa52b3797887c9eb45c779a7b5e6d56edf5e015358e76a52df81abe"",""data/metrics_faithfulness_metrics_PickCube-v1_170m_seed142_logpi_20260615_004405.jsonl:190:19276c8ff79ae433066f0758d77a2817cd3d6897223950b7a79a07a7182c56f0"",""data/metrics_faithfulness_metrics_PickCube-v1_170m_seed142_logpi_20260615_004405.jsonl:191:844f291670247a9376023cc14fb7b12c6a2ecd2869b087bba81ba0282315718c"",""data/metrics_faithfulness_metrics_PickCube-v1_170m_seed142_logpi_20260615_004405.jsonl:192:40e05888149f1ff1e22de4f940b60dff91c7aa29a66e56faa6163230e6d71ebf"",""data/metrics_faithfulness_metrics_PickCube-v1_170m_seed142_logpi_20260615_004405.jsonl:193:24289282dd8f3deda4ffe4a882f18ab62629eda9c0ec86b77fadef1fd728c079"",""data/metrics_faithfulness_metrics_PickCube-v1_170m_seed142_logpi_20260615_004405.jsonl:194:061a92adee3de792c66049c850a0940c5d5d4df2eef1002617de270358bd187c"",""data/metrics_faithfulness_metrics_PickCube-v1_170m_seed142_logpi_20260615_004405.jsonl:195:533ceb6239cfa89895ce0fa9a38965dc711161edb632bdc032ecdcc23c4b3235"",""data/metrics_faithfulness_metrics_PickCube-v1_170m_seed142_logpi_20260615_004405.jsonl:196:c30725e3c9ecb2493be0398655d0914c7ce548fc9729a677b526cb215ed36c81"",""data/metrics_faithfulness_metrics_PickCube-v1_170m_seed142_logpi_20260615_004405.jsonl:197:d3f22a7c395ce66a34e381a9dc34bb9d5da1e3181680ba36ac9e48b868848498"",""data/metrics_faithfulness_metrics_PickCube-v1_170m_seed142_logpi_20260615_004405.jsonl:198:dde578ab69ba9f784dedbb32f5fcefd8d935bdbb69136c6d821cec6fc59f7cf4"",""data/metrics_faithfulness_metrics_PickCube-v1_170m_seed142_logpi_20260615_004405.jsonl:199:d97bb648b5f6f5187f1d4697ec61ff7722867d363db44ffb1b1bfc43d9ffdeb3"",""data/metrics_faithfulness_metrics_PickCube-v1_170m_seed142_logpi_20260615_004405.jsonl:200:346a5eec2187ed2648ca0c6c2554b706289c9fa8cffa4ec0fb3a2dcba62a7a0b""]",0.1243783627811631,-0.030502226296387023,0.0
Q:vision:insertion,Q,vision,insertion,44bc3e69557215144d2ce3ef13d6bdb6ccb161861a7c733f9d2808057b24ed0a,25,25,-0.4590753764400066,"[""data/metrics_faithfulness_metrics_PickCube-v1_170m_seed142_logpi_20260615_004405.jsonl:100:8adfe73ec5605e101ce71447bc5e3249ad060faa0c2fb6d80bc0420f7c01fee7"",""data/metrics_faithfulness_metrics_PickCube-v1_170m_seed142_logpi_20260615_004405.jsonl:76:2f826e184f1ccf1a07273a470e98ea722d7be9a72f74e1dbfe875756d36d450c"",""data/metrics_faithfulness_metrics_PickCube-v1_170m_seed142_logpi_20260615_004405.jsonl:77:23bc23c144e180250dadc7cbcd8f2361b126076ad73eb7b629ab54202c400b41"",""data/metrics_faithfulness_metrics_PickCube-v1_170m_seed142_logpi_20260615_004405.jsonl:78:42661f7d56bb6d5aaef47da4320710a954a444246408463282fbf2a9e03fe237"",""data/metrics_faithfulness_metrics_PickCube-v1_170m_seed142_logpi_20260615_004405.jsonl:79:3dc6a2f99a8bad7352bfbdfc8877c82fae54a8b152ded99dd5df7f4cc7318b08"",""data/metrics_faithfulness_metrics_PickCube-v1_170m_seed142_logpi_20260615_004405.jsonl:80:fadae2f534519b41ac168e9dad7690d155e275dfd2cea64011069b8f910b9bf8"",""data/metrics_faithfulness_metrics_PickCube-v1_170m_seed142_logpi_20260615_004405.jsonl:81:eca63296ee57af67bdb5fb67940a05b9ae2f8cccd7d1deed9f0aacfcdc07ba13"",""data/metrics_faithfulness_metrics_PickCube-v1_170m_seed142_logpi_20260615_004405.jsonl:82:94fa44b90c6d4f3261c5f4d1aa45eac6316f79db0113b7930a527b5d94218e30"",""data/metrics_faithfulness_metrics_PickCube-v1_170m_seed142_logpi_20260615_004405.jsonl:83:391058a40dabb86280df1050af07e61ce930e938fe5b8034d4dab5240039e3a1"",""data/metrics_faithfulness_metrics_PickCube-v1_170m_seed142_logpi_20260615_004405.jsonl:84:66ab9bbe269015ffba83002740d7a6f27c3629d15a7d6af7c3df31f9d42708c2"",""data/metrics_faithfulness_metrics_PickCube-v1_170m_seed142_logpi_20260615_004405.jsonl:85:f7047f1ab32ac68a933f145d814435167013b2b45e4c6c1071f9b63b040a827e"",""data/metrics_faithfulness_metrics_PickCube-v1_170m_seed142_logpi_20260615_004405.jsonl:86:d98b23c0be0bdd855a305a54c40cdfc72e2e59f5f095d7affddb1292c241030c"",""data/metrics_faithfulness_metrics_PickCube-v1_170m_seed142_logpi_20260615_004405.jsonl:87:28acfad15fa27c98b8d8069aa2507859e9a0002b4d2736c7437211e465cdf8f1"",""data/metrics_faithfulness_metrics_PickCube-v1_170m_seed142_logpi_20260615_004405.jsonl:88:47a9b09555b9febe8759507a91cb9cd268845a73a1fd33aeb668e0bb721d4a2b"",""data/metrics_faithfulness_metrics_PickCube-v1_170m_seed142_logpi_20260615_004405.jsonl:89:1bce6c3a68c35891c8c84a5a1fa6a4a106d801478e6d82ecadad6f0bab062c89"",""data/metrics_faithfulness_metrics_PickCube-v1_170m_seed142_logpi_20260615_004405.jsonl:90:4390e8a43f12fd462707ec6d2b461020d16d102b6448c7947c4327d63a79bdf6"",""data/metrics_faithfulness_metrics_PickCube-v1_170m_seed142_logpi_20260615_004405.jsonl:91:31822b232126ad8516c5edf78f23cdc91756a8a9d9d44cba0d2de865a98ec9a0"",""data/metrics_faithfulness_metrics_PickCube-v1_170m_seed142_logpi_20260615_004405.jsonl:92:869ed396f797f432576820f0a52f1b022bad66643347c3c4e41b30f83768c454"",""data/metrics_faithfulness_metrics_PickCube-v1_170m_seed142_logpi_20260615_004405.jsonl:93:f82f0eb09c7d7744dbb7376f656f80d3ba3beb468c5e0024657e937833b66a35"",""data/metrics_faithfulness_metrics_PickCube-v1_170m_seed142_logpi_20260615_004405.jsonl:94:c78ecb691294785627fd7318ebc89d84886ef19de13ccad6f6c1d666da3ffc74"",""data/metrics_faithfulness_metrics_PickCube-v1_170m_seed142_logpi_20260615_004405.jsonl:95:03ba843d6b635bcf839580bbddc61d2dd5985d913070b16a628c9a94ef1cddb0"",""data/metrics_faithfulness_metrics_PickCube-v1_170m_seed142_logpi_20260615_004405.jsonl:96:8a0e09d3e4637a151834ce613817b6f88805d12043efd8fcaa83b0031b4faa42"",""data/metrics_faithfulness_metrics_PickCube-v1_170m_seed142_logpi_20260615_004405.jsonl:97:1d983def08c15e958ad0bb21bef566bca92181b93eb6880902311cca8bfc8213"",""data/metrics_faithfulness_metrics_PickCube-v1_170m_seed142_logpi_20260615_004405.jsonl:98:446855dfda8567dd90f0329e2e44df656c4a745c6a7d314343be87f0f202af0f"",""data/metrics_faithfulness_metrics_PickCube-v1_170m_seed142_logpi_20260615_004405.jsonl:99:5e59624be2e5ebbd520095d6c076305301235a3b8dfdd02f4cb3e99ea1ab46a2""]",0.10790478026819125,-0.566980156708198,0.0
Q:vision:insertion,Q,vision,insertion,486d7f23e06ac2ffe1565f59d050b4d4737f3cf15d8326ad2e00145c7aa4a575,25,25,-0.7293529250463737,"[""data/metrics_faithfulness_metrics_PickCube-v1_170m_seed42_logpi_20260615_004816.jsonl:251:ecf714031533bf4b907ab29069473936eb8f4e1a50100b65cb5b30e57653a824"",""data/metrics_faithfulness_metrics_PickCube-v1_170m_seed42_logpi_20260615_004816.jsonl:252:4b3f14ed5c6bec5605e1ad3a88969cd64692429df130db0662ee2d838f58f678"",""data/metrics_faithfulness_metrics_PickCube-v1_170m_seed42_logpi_20260615_004816.jsonl:253:a6d62b0a3864a612fa8781a9c071c7f27a30addd2312a513a5cb2b539bfd7054"",""data/metrics_faithfulness_metrics_PickCube-v1_170m_seed42_logpi_20260615_004816.jsonl:254:0a3de90a99d09f135c43b5238bc2bc3b20395282bf3c96e0113267c989cadd80"",""data/metrics_faithfulness_metrics_PickCube-v1_170m_seed42_logpi_20260615_004816.jsonl:255:ef205669367cdcbe7ea44dfe18518503399ed8acac99d2eb4ed9c49f35ab1fa7"",""data/metrics_faithfulness_metrics_PickCube-v1_170m_seed42_logpi_20260615_004816.jsonl:256:c52598752c67c3cbc7a94a46f020922b5ecb338727faeb6bdee2a32b3b836fe2"",""data/metrics_faithfulness_metrics_PickCube-v1_170m_seed42_logpi_20260615_004816.jsonl:257:3b498df1ec1c596dd640816c877ac2212f0423be1a78e32b263b03f146c2caab"",""data/metrics_faithfulness_metrics_PickCube-v1_170m_seed42_logpi_20260615_004816.jsonl:258:9fc23a4ffd8db0d5d20dd030ca3b701649d433f9530ed28003f58b07e29c3469"",""data/metrics_faithfulness_metrics_PickCube-v1_170m_seed42_logpi_20260615_004816.jsonl:259:c43a959e8e55b6c90a8d881ea2d89dc5f7999c087de3028c87342c4bb4e683f2"",""data/metrics_faithfulness_metrics_PickCube-v1_170m_seed42_logpi_20260615_004816.jsonl:260:0242be9bbd2ab027d4fb400a307f2738f87e6139de94002f579e52ce37b16875"",""data/metrics_faithfulness_metrics_PickCube-v1_170m_seed42_logpi_20260615_004816.jsonl:261:6b1b4ba5128523ba2590f4dc144fecc5a4140aeb2839b5dd85c2b978759622d6"",""data/metrics_faithfulness_metrics_PickCube-v1_170m_seed42_logpi_20260615_004816.jsonl:262:b28e6b2295e59b6b91031dd47bf7cffb1a1326bccda090448ff89fb331c08198"",""data/metrics_faithfulness_metrics_PickCube-v1_170m_seed42_logpi_20260615_004816.jsonl:263:f851807bd09d536881ca23b79c20cccce7930f96828ec4f8fe1c36bfcb5354e9"",""data/metrics_faithfulness_metrics_PickCube-v1_170m_seed42_logpi_20260615_004816.jsonl:264:75e1b59b0f8d65d0c76d1054d12cb766b2d7dfd6e49ce9b7364c296fda2f6386"",""data/metrics_faithfulness_metrics_PickCube-v1_170m_seed42_logpi_20260615_004816.jsonl:265:dcc86c3c77d0d48efa76db278315f3b83bda60b214b82bc5bc4e3872dd124b5e"",""data/metrics_faithfulness_metrics_PickCube-v1_170m_seed42_logpi_20260615_004816.jsonl:266:45b83ad10c81e1880bad7943c5e66956371ce22a947d5ca75ace74a3fc781216"",""data/metrics_faithfulness_metrics_PickCube-v1_170m_seed42_logpi_20260615_004816.jsonl:267:90d862e57e4500dc0974d5f5d73c0184bcc589850cafe671fdfe65915631a2be"",""data/metrics_faithfulness_metrics_PickCube-v1_170m_seed42_logpi_20260615_004816.jsonl:268:fe09f89cd1ea1ad6402efc02ee26f39725d914e59a133504e79498725fc9ac3e"",""data/metrics_faithfulness_metrics_PickCube-v1_170m_seed42_logpi_20260615_004816.jsonl:269:0f423ae07b07662f80631d5a2f36f45f83bb04f3c7a95d91e1b0a68413eeedfb"",""data/metrics_faithfulness_metrics_PickCube-v1_170m_seed42_logpi_20260615_004816.jsonl:270:dc6989a59091e798087fbb62b4155a10d07eb0bac0e4627f4cca3ada55cf2623"",""data/metrics_faithfulness_metrics_PickCube-v1_170m_seed42_logpi_20260615_004816.jsonl:271:6d85c6fddb23579567223c23b9945e71f4aa5b2d84030d98478cae8ccb1aa048"",""data/metrics_faithfulness_metrics_PickCube-v1_170m_seed42_logpi_20260615_004816.jsonl:272:37d5f4e5156258b3123eaa889986ebf0449ac552c8a4db4eb3000c40994ffce3"",""data/metrics_faithfulness_metrics_PickCube-v1_170m_seed42_logpi_20260615_004816.jsonl:273:1e28e5eec2cba7348f43695071010669716df0c2cad29b483e1139cc73534093"",""data/metrics_faithfulness_metrics_PickCube-v1_170m_seed42_logpi_20260615_004816.jsonl:274:6f5dd5575942a95a5ad5c5e16e5e61c6b49523077f343e27265efdec547bf7da"",""data/metrics_faithfulness_metrics_PickCube-v1_170m_seed42_logpi_20260615_004816.jsonl:275:a775cd55cd71b3853350f9f27ab4f109ff0e36fbafa350fb06cbb6b87ac1fd7c""]",0.09132322907092603,-0.8206761541172995,0.0
Q:vision:insertion,Q,vision,insertion,5469e355ab5dea5c81da2b63fdef765c019bbd4d14791f63705c8d2905da2bcb,25,25,0.09156761416835152,"[""data/metrics_faithfulness_metrics_PickCube-v1_170m_seed42_logpi_20260615_004816.jsonl:26:c25dc6977225c99804c6ed2a0cda8ddc655c20b352b647774de2ed785c051e8d"",""data/metrics_faithfulness_metrics_PickCube-v1_170m_seed42_logpi_20260615_004816.jsonl:27:d522e831fb599e4af50c4c407805ffc5d1f7f1f7f151cf5108cb5971b5da247c"",""data/metrics_faithfulness_metrics_PickCube-v1_170m_seed42_logpi_20260615_004816.jsonl:28:42899b8dc2a7152844a13a6352c3628a256a07f6a81e17997919cdd628ffd8bd"",""data/metrics_faithfulness_metrics_PickCube-v1_170m_seed42_logpi_20260615_004816.jsonl:29:4ea7d084a8d0a16853c16617c033b24a1d238fc960b5a2caeab68a5de3f2ccc8"",""data/metrics_faithfulness_metrics_PickCube-v1_170m_seed42_logpi_20260615_004816.jsonl:30:f183f4bd29036ec8fda50400e09a96807c85e79f2b1272ceac19d1fa7e8e70be"",""data/metrics_faithfulness_metrics_PickCube-v1_170m_seed42_logpi_20260615_004816.jsonl:31:eea32a7651540e087bc9a885bd4f44b8a256ae1ba2fae7d8377e55b97a0b051f"",""data/metrics_faithfulness_metrics_PickCube-v1_170m_seed42_logpi_20260615_004816.jsonl:32:6b01538c021407dde55de2a8beeb747ad454b2bb21903b0b7a9cf923ef5fb400"",""data/metrics_faithfulness_metrics_PickCube-v1_170m_seed42_logpi_20260615_004816.jsonl:33:d835bde11d555ef751850ea79b6a9bf2aaa689f329892eba8b51746d2d499b6b"",""data/metrics_faithfulness_metrics_PickCube-v1_170m_seed42_logpi_20260615_004816.jsonl:34:b31101a92c7f5c23f2d51c02b17a82bcb03586b8184c8bcf6805931a55f08075"",""data/metrics_faithfulness_metrics_PickCube-v1_170m_seed42_logpi_20260615_004816.jsonl:35:02b836e812631c37d2575a78422fe04c1c48f8644cd56d9cb0e9b5b233de0366"",""data/metrics_faithfulness_metrics_PickCube-v1_170m_seed42_logpi_20260615_004816.jsonl:36:c6d0b7ad8451472cc5c88abb18dcf0e1e2f75a6df2d5d99f2c388fe0622e6f25"",""data/metrics_faithfulness_metrics_PickCube-v1_170m_seed42_logpi_20260615_004816.jsonl:37:6cf35df9255ca6a6bf8dc4e15a4c68eef0a82d71efb97d13b0939cd1a44ba732"",""data/metrics_faithfulness_metrics_PickCube-v1_170m_seed42_logpi_20260615_004816.jsonl:38:fb64a0952d68efcfeb13a13f5aa370f510bf5ad8b361d870852343cbd3f6ed6b"",""data/metrics_faithfulness_metrics_PickCube-v1_170m_seed42_logpi_20260615_004816.jsonl:39:e3459a1cbf2e1c0a6b6c935c455519df3135d04aa4f502a39dac17e0c663cc0e"",""data/metrics_faithfulness_metrics_PickCube-v1_170m_seed42_logpi_20260615_004816.jsonl:40:9c35bf9ecf4f609ecb1a64bd3e0a76071612a7520c59a744191cf2f60cd17900"",""data/metrics_faithfulness_metrics_PickCube-v1_170m_seed42_logpi_20260615_004816.jsonl:41:e695c3bb33ffe5aa84c42d9e560b1019bc2edd632281e3b0994b79233110070c"",""data/metrics_faithfulness_metrics_PickCube-v1_170m_seed42_logpi_20260615_004816.jsonl:42:fb82b2b1e30191700ca36c38017cb43c8be82cb40994c07cc1cfdef3ea314de8"",""data/metrics_faithfulness_metrics_PickCube-v1_170m_seed42_logpi_20260615_004816.jsonl:43:105dae72c068ab95c34a920aa1e2f353f2b2072955b23b05eaaad1762aa33e3b"",""data/metrics_faithfulness_metrics_PickCube-v1_170m_seed42_logpi_20260615_004816.jsonl:44:048425d1790f01882510a065d0b3dd2a15cf3fc81ba9c9ae4f67057e01f36f17"",""data/metrics_faithfulness_metrics_PickCube-v1_170m_seed42_logpi_20260615_004816.jsonl:45:a8788eb2125737ebb54970442b920338b2aa27aa426b6bcf01cacc1003b8020c"",""data/metrics_faithfulness_metrics_PickCube-v1_170m_seed42_logpi_20260615_004816.jsonl:46:4d7597ee96e888da9b2b6f9f897c2c248f0fff6c89e5ab3e751a87170c26f84f"",""data/metrics_faithfulness_metrics_PickCube-v1_170m_seed42_logpi_20260615_004816.jsonl:47:622fdf6a41d18959ad206bff3e41ee4af3d195de82c8aad7c2f3222e3f72adba"",""data/metrics_faithfulness_metrics_PickCube-v1_170m_seed42_logpi_20260615_004816.jsonl:48:811eb572be0a32c238003129c6eade0dcab45dd7bb475ce5305c71566a2599da"",""data/metrics_faithfulness_metrics_PickCube-v1_170m_seed42_logpi_20260615_004816.jsonl:49:07f6cb510bc387aa9ed7b3e686f8667faddc2f2c2e6a6278688cdb2625e8799b"",""data/metrics_faithfulness_metrics_PickCube-v1_170m_seed42_logpi_20260615_004816.jsonl:50:0a84b39c3dc9a1151c507f63f1979cbcc848fb2f066fc0d43500d4fd15cd8e74""]",0.12189443989924097,-0.030326825730889427,0.0
Q:vision:insertion,Q,vision,insertion,57180f2d5963a743c6d02f3de4b34a4ef7f915b70d21c40ba6475db6c65a2e80,25,25,-0.011582801486767345,"[""data/metrics_faithfulness_metrics_PickCube-v1_170m_seed42_logpi_20260615_004816.jsonl:176:de71ba923646fd9144a4408621483b7d421aec2eacc47a1f31b2ecb1f669fc6c"",""data/metrics_faithfulness_metrics_PickCube-v1_170m_seed42_logpi_20260615_004816.jsonl:177:1c8f1de08b050dce4d308fff7a8fa974f316d2482ffd86e6cb08dffde201b557"",""data/metrics_faithfulness_metrics_PickCube-v1_170m_seed42_logpi_20260615_004816.jsonl:178:a7aab14fbf069148f3565aef9f774f050e8abc592e2fdc6be5d961e2dc0338d9"",""data/metrics_faithfulness_metrics_PickCube-v1_170m_seed42_logpi_20260615_004816.jsonl:179:9f47757c3e0ea9d10c83946fec1f545d6d984b92e9fe0b338a08f403321ccb30"",""data/metrics_faithfulness_metrics_PickCube-v1_170m_seed42_logpi_20260615_004816.jsonl:180:9b3b8eaaf0b4a698bc471e350007a7968033216df2a1fc9ffb268a7aacc872ac"",""data/metrics_faithfulness_metrics_PickCube-v1_170m_seed42_logpi_20260615_004816.jsonl:181:a87414bd912b042d9e9660837734ace2e838ca0eeeb8e66a8dd645f0b8166487"",""data/metrics_faithfulness_metrics_PickCube-v1_170m_seed42_logpi_20260615_004816.jsonl:182:ec22cb0e482dc7f31d3f5eb427d0d47f08171e96baff649ae2c241f27fbbc57a"",""data/metrics_faithfulness_metrics_PickCube-v1_170m_seed42_logpi_20260615_004816.jsonl:183:a84e5f380dd838a5dd0b33fbfb82403140d6d9cdf9ed782952b91a59414cb853"",""data/metrics_faithfulness_metrics_PickCube-v1_170m_seed42_logpi_20260615_004816.jsonl:184:990b7ced42acaa6eebb5fe95920a39e921fabdf51b90ec45164e960933782ddf"",""data/metrics_faithfulness_metrics_PickCube-v1_170m_seed42_logpi_20260615_004816.jsonl:185:1a9c987eae43351fe503741be4aee11a69c92b3253ed205c87a597ae44b0521e"",""data/metrics_faithfulness_metrics_PickCube-v1_170m_seed42_logpi_20260615_004816.jsonl:186:6b258b0248fb9310536bd6fa6fcdb6a559958c1fdc48d7976b6c1130a32e3fc2"",""data/metrics_faithfulness_metrics_PickCube-v1_170m_seed42_logpi_20260615_004816.jsonl:187:79582e871ca95bb9e44224907f7619f25fdb591a3b723259bc25da1d7a29ba5a"",""data/metrics_faithfulness_metrics_PickCube-v1_170m_seed42_logpi_20260615_004816.jsonl:188:523f759cfe7abaa87e8b3a7483185e8550df5f990ac392214ff6dd5950e189f4"",""data/metrics_faithfulness_metrics_PickCube-v1_170m_seed42_logpi_20260615_004816.jsonl:189:049bc7fac573b397dc104c3365b24db21472c363417d505d7126f9dfe28c6594"",""data/metrics_faithfulness_metrics_PickCube-v1_170m_seed42_logpi_20260615_004816.jsonl:190:f8525ae2a8ccac96ac0889a2dcc1264a1372dd05f5e4f21c8ac458f972003359"",""data/metrics_faithfulness_metrics_PickCube-v1_170m_seed42_logpi_20260615_004816.jsonl:191:4a0522ecf0914e619666a24f81dd63f19b813e3cb9f5eb9512fdef6346aea7ae"",""data/metrics_faithfulness_metrics_PickCube-v1_170m_seed42_logpi_20260615_004816.jsonl:192:306599d4dd5ad38b045e51f039841587f2a641b17a74528d56a15a4c8371b383"",""data/metrics_faithfulness_metrics_PickCube-v1_170m_seed42_logpi_20260615_004816.jsonl:193:b1fab6a0918f3820aa0dd698e7714714eb559e0f0eb463828778514c7f479838"",""data/metrics_faithfulness_metrics_PickCube-v1_170m_seed42_logpi_20260615_004816.jsonl:194:298af5ab29ee53f933bf61c976e505b91b953ac238c3ab72190cdc80b96cac21"",""data/metrics_faithfulness_metrics_PickCube-v1_170m_seed42_logpi_20260615_004816.jsonl:195:a46d26d68ba18c94bf5460ffd841966eb68dd7479f0b695979f8ebb58871e66c"",""data/metrics_faithfulness_metrics_PickCube-v1_170m_seed42_logpi_20260615_004816.jsonl:196:c495b552757d032740854bb33e82445847681dccfa605f0f0da9c8128600eec3"",""data/metrics_faithfulness_metrics_PickCube-v1_170m_seed42_logpi_20260615_004816.jsonl:197:23e1446c9473081b069fe2dd93d79dee0a3a33a7f90c4b0ad826f6b997b3ec59"",""data/metrics_faithfulness_metrics_PickCube-v1_170m_seed42_logpi_20260615_004816.jsonl:198:ed116e3b76575fe1cdb80365caefb3c8f742a88634a3762878ebe5e4043aa031"",""data/metrics_faithfulness_metrics_PickCube-v1_170m_seed42_logpi_20260615_004816.jsonl:199:416b5d6aaf16436ede9f060552f258d6c4f4fcb4067d96752bf4d4bdd40b7b07"",""data/metrics_faithfulness_metrics_PickCube-v1_170m_seed42_logpi_20260615_004816.jsonl:200:a45a638a040ef50808991303019651d714b79d2944a1b85c70496c35aa55d409""]",0.12705399179445828,-0.1386367932812256,0.0
Q:vision:insertion,Q,vision,insertion,6c42961992ab88301c39acdc8d3f1f01c00d844d7c33a373beb53f7e28644052,25,25,0.07738978342270876,"[""data/metrics_faithfulness_metrics_PickCube-v1_170m_seed142_logpi_20260615_004405.jsonl:276:be38388f73b3943d0b5b4f7e0ff7c27e4d9263fb07c7d8abe7c3189b6844bc2c"",""data/metrics_faithfulness_metrics_PickCube-v1_170m_seed142_logpi_20260615_004405.jsonl:277:49a48c583e72aedff1767b3ba53dc1280ec38f419f4c77920df76a620bc9d2fa"",""data/metrics_faithfulness_metrics_PickCube-v1_170m_seed142_logpi_20260615_004405.jsonl:278:5352f185e22958dc0d44024a6363b7fedf7f3c038293317f986c21282485e06d"",""data/metrics_faithfulness_metrics_PickCube-v1_170m_seed142_logpi_20260615_004405.jsonl:279:ef03fcf08413b6b9ffdb3922b1dfb74df5ffe83774cec0927a7f6cfb3c05e8dc"",""data/metrics_faithfulness_metrics_PickCube-v1_170m_seed142_logpi_20260615_004405.jsonl:280:dee0cf43fc013f1bcd4bbc6392b916dd1fae351d5e6d5447ade5cd0bfed82a04"",""data/metrics_faithfulness_metrics_PickCube-v1_170m_seed142_logpi_20260615_004405.jsonl:281:ecfbf7a1e67919ba08320ce93c19f9a81343ab9bfafb4da2707b005aaf136a76"",""data/metrics_faithfulness_metrics_PickCube-v1_170m_seed142_logpi_20260615_004405.jsonl:282:76c1f1b0826071d647046d4d10bdc454231eb45e7658029b0676a019007095ca"",""data/metrics_faithfulness_metrics_PickCube-v1_170m_seed142_logpi_20260615_004405.jsonl:283:17fe76d85483781660c3b96dccfa2ff92b311e2aa9bab8c26310abece52e9288"",""data/metrics_faithfulness_metrics_PickCube-v1_170m_seed142_logpi_20260615_004405.jsonl:284:127fd0c03e7d88618a71f1784d269e0ccbfac7c8dea83b4fa892841ff7283821"",""data/metrics_faithfulness_metrics_PickCube-v1_170m_seed142_logpi_20260615_004405.jsonl:285:f1e7729977fdc75ce45afbe6818632947af8a3930fa71d6f177dc304877b6fc7"",""data/metrics_faithfulness_metrics_PickCube-v1_170m_seed142_logpi_20260615_004405.jsonl:286:0ff48c5419772614615c971ae02fbc67e2af255dc6160a23943263e1d21ec26d"",""data/metrics_faithfulness_metrics_PickCube-v1_170m_seed142_logpi_20260615_004405.jsonl:287:9315c9848ea53be645fa74d1a82a842d46eda74624b81647f83740fd8bbdb330"",""data/metrics_faithfulness_metrics_PickCube-v1_170m_seed142_logpi_20260615_004405.jsonl:288:60f84196cdca89e9ff5b18a7bb26ee726744a41e3e2d29e3201645b8bce29c8a"",""data/metrics_faithfulness_metrics_PickCube-v1_170m_seed142_logpi_20260615_004405.jsonl:289:6dfb2a2f3f42bb43413513eed4b8490e159b702900ab5829a12497d6adbbbfc2"",""data/metrics_faithfulness_metrics_PickCube-v1_170m_seed142_logpi_20260615_004405.jsonl:290:691629bcf648c77b91593f4861a44f9104b496bbe74ae8f6739619b85d75fffd"",""data/metrics_faithfulness_metrics_PickCube-v1_170m_seed142_logpi_20260615_004405.jsonl:291:5585630e01e4a5182bd5ccdb833fb3784e987025c7760f7362b5bb82899cd73f"",""data/metrics_faithfulness_metrics_PickCube-v1_170m_seed142_logpi_20260615_004405.jsonl:292:dd86108115957fb11de0ae7ae3b5bdb57838b4649d3bbee7b1c7ca47852b1e52"",""data/metrics_faithfulness_metrics_PickCube-v1_170m_seed142_logpi_20260615_004405.jsonl:293:34efb0092adb93d38b0da71a6f810c73a7b4a1a9d75fbd6a54c43af9a1cd6ba4"",""data/metrics_faithfulness_metrics_PickCube-v1_170m_seed142_logpi_20260615_004405.jsonl:294:aaa5a7f47865cc12e5d1b57ef9310574a01f9e70a93fea0a56cc6862eeb37370"",""data/metrics_faithfulness_metrics_PickCube-v1_170m_seed142_logpi_20260615_004405.jsonl:295:3ab7f6a0a1a3f3a13629b41e4b2b7d163779a7fb172367b124e2510b8629ae5d"",""data/metrics_faithfulness_metrics_PickCube-v1_170m_seed142_logpi_20260615_004405.jsonl:296:e2de12258dd3cb7002013f0dc723a9ff1433ec1150cf701ff7f58d049102f316"",""data/metrics_faithfulness_metrics_PickCube-v1_170m_seed142_logpi_20260615_004405.jsonl:297:0d336b089371c898abef21709f5d501bda6cb6d8e10926d3a6681b6c2b6e9bb8"",""data/metrics_faithfulness_metrics_PickCube-v1_170m_seed142_logpi_20260615_004405.jsonl:298:0558094f64dd14b1bc18070326910f51ee0deb9a0289e7d389c9d7ec65dcd650"",""data/metrics_faithfulness_metrics_PickCube-v1_170m_seed142_logpi_20260615_004405.jsonl:299:d9c4f164896df1f489221c106aec7e0f88de46595dc6519df007a5b37fdc286d"",""data/metrics_faithfulness_metrics_PickCube-v1_170m_seed142_logpi_20260615_004405.jsonl:300:20dd4cf9d7fd6d02f68768da2b3c7282d3ec0517abd64c8f37e3db8329e05ab5""]",0.1169219586551978,-0.03953217523248906,0.0
Q:vision:insertion,Q,vision,insertion,720fde762f6c62dae4e5af8dd651c00e581445d595da3e14a0d7c45688473c5c,25,25,0.07206076490417422,"[""data/metrics_faithfulness_metrics_PickCube-v1_170m_seed142_logpi_20260615_004405.jsonl:101:d84ac3a68f7a21cd0eb07bf13047db88c4f7a31e7eccf57f25ae3ae0d17f7a89"",""data/metrics_faithfulness_metrics_PickCube-v1_170m_seed142_logpi_20260615_004405.jsonl:102:d8d66d2c8914cc13a32fd39a381b42c17dc6347eb61843779d2ff39d63d032da"",""data/metrics_faithfulness_metrics_PickCube-v1_170m_seed142_logpi_20260615_004405.jsonl:103:34fa0726f054731e776c74e549c0cb14b448d94d2a70d4538a00d80e9bce65d2"",""data/metrics_faithfulness_metrics_PickCube-v1_170m_seed142_logpi_20260615_004405.jsonl:104:6328c894a18b0b314feca629c4344f96f16c89053f4eca2bf5e835cc9e378e68"",""data/metrics_faithfulness_metrics_PickCube-v1_170m_seed142_logpi_20260615_004405.jsonl:105:2a2f9b12031a739237e1d0dd3870f3423fe58b75b7054de9332c1a3d896a6b85"",""data/metrics_faithfulness_metrics_PickCube-v1_170m_seed142_logpi_20260615_004405.jsonl:106:ab22d9c8febfd4d94cadf3d39da4365a8a688c0b58d2ff04e37bc868aef7509e"",""data/metrics_faithfulness_metrics_PickCube-v1_170m_seed142_logpi_20260615_004405.jsonl:107:40436ae9e520d79b92d5d548491c9acbae095709f599ffa7479576e44140f8d2"",""data/metrics_faithfulness_metrics_PickCube-v1_170m_seed142_logpi_20260615_004405.jsonl:108:64a89141e050fbfbf6b9c5c98850f3f68eadda27862b48dc7c77e495ed018fba"",""data/metrics_faithfulness_metrics_PickCube-v1_170m_seed142_logpi_20260615_004405.jsonl:109:27c6971bf107ca4e83ea3731afb66e7d5429e717b14be10b8fcaba7369ed42b9"",""data/metrics_faithfulness_metrics_PickCube-v1_170m_seed142_logpi_20260615_004405.jsonl:110:eb5d280cfa34428276c92d25e620df8eaecd026e3d50f6583d8f4b6770918f2f"",""data/metrics_faithfulness_metrics_PickCube-v1_170m_seed142_logpi_20260615_004405.jsonl:111:e826e8718fc54c874c617870bc82fd3592067c823eefd92cfc6d4d6425415cac"",""data/metrics_faithfulness_metrics_PickCube-v1_170m_seed142_logpi_20260615_004405.jsonl:112:01942531ff447c9af48f99f1b9a6d476df3648a55e96da6dbef91417de42a0ee"",""data/metrics_faithfulness_metrics_PickCube-v1_170m_seed142_logpi_20260615_004405.jsonl:113:241f0c469ede0af7300d3edc80309fe44d346a6a0608c6ed582648e8da66ce5b"",""data/metrics_faithfulness_metrics_PickCube-v1_170m_seed142_logpi_20260615_004405.jsonl:114:ac9e86e26e242a5c93038740a0d8747698e36fcf26932b21d9be5e1ffeac0612"",""data/metrics_faithfulness_metrics_PickCube-v1_170m_seed142_logpi_20260615_004405.jsonl:115:6601c834b5c1a620ac650ac32612de3753bd24b6ca09ce2a17a0663c74d7b0fe"",""data/metrics_faithfulness_metrics_PickCube-v1_170m_seed142_logpi_20260615_004405.jsonl:116:e46a6a1cffe7d8b2951afa657608ff689669a4ebafa0f25b60f4e01426871ff2"",""data/metrics_faithfulness_metrics_PickCube-v1_170m_seed142_logpi_20260615_004405.jsonl:117:f4323bf97a7c9c47e04ff453ae3c735af238812026bcf1a048845d2e35514750"",""data/metrics_faithfulness_metrics_PickCube-v1_170m_seed142_logpi_20260615_004405.jsonl:118:4400ad84a0d300dde33ff17b6f166ad4d89760ee2f8d8d04a5d7abd9a6ad4f43"",""data/metrics_faithfulness_metrics_PickCube-v1_170m_seed142_logpi_20260615_004405.jsonl:119:e036717c54a44bec2d11a2b5b1daadf68ded3b1a963acd1d41a5c65ac2a348fa"",""data/metrics_faithfulness_metrics_PickCube-v1_170m_seed142_logpi_20260615_004405.jsonl:120:4f004856e120c8bf7e32b5c8b56cfe21c46c48d43395dd2f941b63c9ce7b712b"",""data/metrics_faithfulness_metrics_PickCube-v1_170m_seed142_logpi_20260615_004405.jsonl:121:f293b3a325432ca14c0b8aa3ae7c02ba4f06e904eceeda6556fbdd02fd114792"",""data/metrics_faithfulness_metrics_PickCube-v1_170m_seed142_logpi_20260615_004405.jsonl:122:69ab1da11fd92b048f15447e7fd3e1a1b7f9cf853a6f97c080e0a4fb4523d665"",""data/metrics_faithfulness_metrics_PickCube-v1_170m_seed142_logpi_20260615_004405.jsonl:123:101e2dd66633575fdca169da803384e7171624f1384e34a0aebfa413ff2a1e0e"",""data/metrics_faithfulness_metrics_PickCube-v1_170m_seed142_logpi_20260615_004405.jsonl:124:f57b38dd0fa793d5494eac20f21ed4c2d35625de470aeaaed41785a21a485e8f"",""data/metrics_faithfulness_metrics_PickCube-v1_170m_seed142_logpi_20260615_004405.jsonl:125:b7a060aaf82fe6f8c29197194d314a0d449708e86ff18dce7419aaa91c94bccf""]",0.09191063452490608,-0.01984986962073186,0.0
Q:vision:insertion,Q,vision,insertion,7ce98adc11b35cf9a2f02a619d8a242f5e50d863c2ab6433dab3216f92d50e31,25,25,-6.890436986826329,"[""data/metrics_faithfulness_metrics_PickCube-v1_170m_seed42_logpi_20260615_004816.jsonl:201:d086f255afa235a02534cbcc8c27f170bf0cda99c6777603b67bd87b2b33b33f"",""data/metrics_faithfulness_metrics_PickCube-v1_170m_seed42_logpi_20260615_004816.jsonl:202:357fe1267bcab3c3ecad05f5b5e3206d54ac4d475342904f00a2edb12aee2b72"",""data/metrics_faithfulness_metrics_PickCube-v1_170m_seed42_logpi_20260615_004816.jsonl:203:7cf199c5b1c189f95634ff465275073cd28de0b291ce67f099b3a7962058ec25"",""data/metrics_faithfulness_metrics_PickCube-v1_170m_seed42_logpi_20260615_004816.jsonl:204:3255ccd05e6cbe1aab2f60d7402fa0a7b63eba9c39b28a961785dc204e036d0b"",""data/metrics_faithfulness_metrics_PickCube-v1_170m_seed42_logpi_20260615_004816.jsonl:205:0d3122462ed9e4fd102d758acdfcae2b4c5ed972b31ef1ac0e03e74308976502"",""data/metrics_faithfulness_metrics_PickCube-v1_170m_seed42_logpi_20260615_004816.jsonl:206:dff7f3ad807846c049ced4ffedd3d458081eee24256945bbdf1c98ae155ade24"",""data/metrics_faithfulness_metrics_PickCube-v1_170m_seed42_logpi_20260615_004816.jsonl:207:14f5edd57a2177a0a8951904576b4dc5f05fe2bc331a0cdc34258bb2a01895dc"",""data/metrics_faithfulness_metrics_PickCube-v1_170m_seed42_logpi_20260615_004816.jsonl:208:5d0f7421e4eba6467e9d84c676c8d0321f3f5b745eda7a2c9ea6d3e3d41a59ea"",""data/metrics_faithfulness_metrics_PickCube-v1_170m_seed42_logpi_20260615_004816.jsonl:209:aa00ba13417c0ff4f0292b268f9b2062046bb5ae8acdb2f59a0a55f48017ad5d"",""data/metrics_faithfulness_metrics_PickCube-v1_170m_seed42_logpi_20260615_004816.jsonl:210:1c12c6176dd395cf327d1d20b04cadd0de4de51eac5bfc3572c9e3e579c23671"",""data/metrics_faithfulness_metrics_PickCube-v1_170m_seed42_logpi_20260615_004816.jsonl:211:75319b8c60756f2c710a0b8697a4b9fad3da00cdb4b045bd8d23509b5a00155f"",""data/metrics_faithfulness_metrics_PickCube-v1_170m_seed42_logpi_20260615_004816.jsonl:212:cbf08a786f2f78c73737f8248df5e3ac375fea3ed9aadedcfc60ca176e3ce207"",""data/metrics_faithfulness_metrics_PickCube-v1_170m_seed42_logpi_20260615_004816.jsonl:213:e597b84f0189fa2d2e56e9d1bbf1f10cba252ef9bff10c27b1b4f9a73ec34a28"",""data/metrics_faithfulness_metrics_PickCube-v1_170m_seed42_logpi_20260615_004816.jsonl:214:abcec5cda06a69d623615a12435e2dea5db7617dc3f3664b65e91f944c1987ee"",""data/metrics_faithfulness_metrics_PickCube-v1_170m_seed42_logpi_20260615_004816.jsonl:215:77c7502d799375a0e991e54c33fc1b3f4fb8aad645916adc0cde42ac49d6650a"",""data/metrics_faithfulness_metrics_PickCube-v1_170m_seed42_logpi_20260615_004816.jsonl:216:96886d6d7c2f6db8514d662e3df7d7f986f6cb0a9d0838af1b8b4a26348ffc18"",""data/metrics_faithfulness_metrics_PickCube-v1_170m_seed42_logpi_20260615_004816.jsonl:217:7af572e7d959ddfdf62217db686587d8a60638982e00c71b7a166a6ba6c0f3b8"",""data/metrics_faithfulness_metrics_PickCube-v1_170m_seed42_logpi_20260615_004816.jsonl:218:8f758cfa6196153dd377bb120fcefb62a2170a559538b1595a6b5801f1029313"",""data/metrics_faithfulness_metrics_PickCube-v1_170m_seed42_logpi_20260615_004816.jsonl:219:930941323bb26e3444004bfc77c245a06602c64f5a2dd8af28b5b96852a68b95"",""data/metrics_faithfulness_metrics_PickCube-v1_170m_seed42_logpi_20260615_004816.jsonl:220:3d0fbbff9313b9477a659fc87b7dd5265413a5ac0d40715af167334b495cf8dd"",""data/metrics_faithfulness_metrics_PickCube-v1_170m_seed42_logpi_20260615_004816.jsonl:221:9812ff9dbf6609ac4c2d98fb69db4e24dbc3fca523815f7e71b7e1e464231e1b"",""data/metrics_faithfulness_metrics_PickCube-v1_170m_seed42_logpi_20260615_004816.jsonl:222:3e04b4574af4041c43355bd40de8ad52c3e2514ec7c0656235acb2f990a74fa1"",""data/metrics_faithfulness_metrics_PickCube-v1_170m_seed42_logpi_20260615_004816.jsonl:223:ba33a41e469677070d7ffbf1c7a532fce286c7899576165e81cb0f975a2b9ba5"",""data/metrics_faithfulness_metrics_PickCube-v1_170m_seed42_logpi_20260615_004816.jsonl:224:bfb98e3fe18a5d62e5944a1e46e43015a2fe821c899b9c69314fa149cb61d175"",""data/metrics_faithfulness_metrics_PickCube-v1_170m_seed42_logpi_20260615_004816.jsonl:225:d44f2bd606f98b97c2f00ebc915f4dbae3e4e0169e8d73eecb6d4990fe0370b9""]",0.1033553197412155,-6.9937923065675465,0.0
Q:vision:insertion,Q,vision,insertion,860a3dc5f4499c9f3e5253392dca557647000224ab7d5834c454c0dd2935d52b,25,25,-18.306729080536954,"[""data/metrics_faithfulness_metrics_PickCube-v1_170m_seed42_logpi_20260615_004816.jsonl:101:95ccfd435d277fea30b9ec542a2176a8e45733f42da53700b60a2d307881e803"",""data/metrics_faithfulness_metrics_PickCube-v1_170m_seed42_logpi_20260615_004816.jsonl:102:fce851d8a88d547d407bd04f36fbe5eb9aa8daed80550de150c516e51590ad32"",""data/metrics_faithfulness_metrics_PickCube-v1_170m_seed42_logpi_20260615_004816.jsonl:103:a26fde6dd33ba767bc7b953491020d74f26cd0bce33f07628d6f73f3c6340c78"",""data/metrics_faithfulness_metrics_PickCube-v1_170m_seed42_logpi_20260615_004816.jsonl:104:672a1eaaa02cafaf0340fd2cca6053b1006ce80271c4c5562c9f38f56e719102"",""data/metrics_faithfulness_metrics_PickCube-v1_170m_seed42_logpi_20260615_004816.jsonl:105:592d3973a85c22910aca2ade4e756f70ae71a6525907e583a2411181d65c553c"",""data/metrics_faithfulness_metrics_PickCube-v1_170m_seed42_logpi_20260615_004816.jsonl:106:d2a18ff48b114455ed8ca8812354ed7945cd0e211cba54a504d38bbfdeaa89ae"",""data/metrics_faithfulness_metrics_PickCube-v1_170m_seed42_logpi_20260615_004816.jsonl:107:f67ea7b8ceafbf908e2ef9aa5f86f5345d256f8859bd3e315f5215b6113dfecc"",""data/metrics_faithfulness_metrics_PickCube-v1_170m_seed42_logpi_20260615_004816.jsonl:108:4b50f5af05ae15c48bd21715247952152832d4c9752a9ae7e43324aa8623b5b0"",""data/metrics_faithfulness_metrics_PickCube-v1_170m_seed42_logpi_20260615_004816.jsonl:109:5d5de8f028b86031852ff712892129157038188f89433c5888200ced81285daf"",""data/metrics_faithfulness_metrics_PickCube-v1_170m_seed42_logpi_20260615_004816.jsonl:110:648829af48fca7d5a9df14d55ef60f16475219ee4b4717dd8d39a8a1f651bdc5"",""data/metrics_faithfulness_metrics_PickCube-v1_170m_seed42_logpi_20260615_004816.jsonl:111:f8aee473bff6b5a2dfdcb3ec216cdf12bde0462b04f2291873f2b55f8c35fced"",""data/metrics_faithfulness_metrics_PickCube-v1_170m_seed42_logpi_20260615_004816.jsonl:112:6da3427f4c59a6ba12daba36e74c686958690824be682249fc5a560eedd9179b"",""data/metrics_faithfulness_metrics_PickCube-v1_170m_seed42_logpi_20260615_004816.jsonl:113:984d5dbd940ec155640149ed59ab643bb345bd3e3295d6f77918241ae9964c87"",""data/metrics_faithfulness_metrics_PickCube-v1_170m_seed42_logpi_20260615_004816.jsonl:114:ec1cd7c7fc1213053f36bfa5bf6841fc9b78fec5e5f8dd8e3c8a381cda342144"",""data/metrics_faithfulness_metrics_PickCube-v1_170m_seed42_logpi_20260615_004816.jsonl:115:7c7e84970ab4d02d2e704816feb83fb5126dc7e68670c79df75a35019ed0bdb5"",""data/metrics_faithfulness_metrics_PickCube-v1_170m_seed42_logpi_20260615_004816.jsonl:116:c765ebed5528fc96694064586b7909171526693a9d4d8cd0895bebb272e1b84f"",""data/metrics_faithfulness_metrics_PickCube-v1_170m_seed42_logpi_20260615_004816.jsonl:117:0c147b34a581466a772166c57fa018c1c038df2d35f2f1a1aca7e98ad0c692bf"",""data/metrics_faithfulness_metrics_PickCube-v1_170m_seed42_logpi_20260615_004816.jsonl:118:7765696d5493cd391cab5168684641381fd25876ab3e921d5971ad5c4d065f3d"",""data/metrics_faithfulness_metrics_PickCube-v1_170m_seed42_logpi_20260615_004816.jsonl:119:1e6a2790d3ea04843290cd33069985f1b15f45a832713d3f557801d82a8e4e48"",""data/metrics_faithfulness_metrics_PickCube-v1_170m_seed42_logpi_20260615_004816.jsonl:120:fbe41dc70fd2fb3f52809d7ad1fde492f708d194642670fdfe3c79240e0bfe26"",""data/metrics_faithfulness_metrics_PickCube-v1_170m_seed42_logpi_20260615_004816.jsonl:121:4ddf7711fab166713f741c238cfe65bb3a471a4968a7caea3916851b9052cc52"",""data/metrics_faithfulness_metrics_PickCube-v1_170m_seed42_logpi_20260615_004816.jsonl:122:80e29d8d50d3930a4a0dfeab91c9cd3331d7102d250047545a3adcca384d4dcd"",""data/metrics_faithfulness_metrics_PickCube-v1_170m_seed42_logpi_20260615_004816.jsonl:123:334837cd1501a889ca7279c0fc23a8762d9a85af8a355a69acd4427127861896"",""data/metrics_faithfulness_metrics_PickCube-v1_170m_seed42_logpi_20260615_004816.jsonl:124:e9cd986193c63320474f2a269ca4d90fdd13f86d380fec31b2be879e00f26ffa"",""data/metrics_faithfulness_metrics_PickCube-v1_170m_seed42_logpi_20260615_004816.jsonl:125:bdf12bd7819d0760468e91e737bba6a97220bbf4361e9ed269af9f446fe00b3f""]",0.1362784995087761,-18.443007580045727,0.0
Q:vision:insertion,Q,vision,insertion,89eb57f93f61eb027f51494b520be3e00cd1717cb71c4f147fb40fb27e1e90d4,25,25,-0.07027388590765993,"[""data/metrics_faithfulness_metrics_PickCube-v1_170m_seed142_logpi_20260615_004405.jsonl:51:82a72577a13b55ad26117d9fe525352083ec50cb6dac39c33df002d3c1c72a06"",""data/metrics_faithfulness_metrics_PickCube-v1_170m_seed142_logpi_20260615_004405.jsonl:52:35ad33490cbd78c5c78979e636b99c397199432bd093702b81238e154d1a9aac"",""data/metrics_faithfulness_metrics_PickCube-v1_170m_seed142_logpi_20260615_004405.jsonl:53:c6df5f8903995bb19cc540ab6b4785a2e751e5841084ee269bd4bd9cb9466fee"",""data/metrics_faithfulness_metrics_PickCube-v1_170m_seed142_logpi_20260615_004405.jsonl:54:78fcfa0c493b02f62d081e9244b373ffbb213661359a2b24792936265c9398f0"",""data/metrics_faithfulness_metrics_PickCube-v1_170m_seed142_logpi_20260615_004405.jsonl:55:563b420b26180a0ea522bc94d0fe65eb1d18e5f83d2353d17a37767a16b696c7"",""data/metrics_faithfulness_metrics_PickCube-v1_170m_seed142_logpi_20260615_004405.jsonl:56:d4434d30515dd02103413bd9d6081d10189f8aa09e8a128742d0b14a52b5915e"",""data/metrics_faithfulness_metrics_PickCube-v1_170m_seed142_logpi_20260615_004405.jsonl:57:f2cd077289d9a7630d6eb8267bbcde228de9f329d1627328d2bee704d0688680"",""data/metrics_faithfulness_metrics_PickCube-v1_170m_seed142_logpi_20260615_004405.jsonl:58:76ab2ffd739b130db2a337932e89fdb663acbaefa1f5720947f49195b6f1dcce"",""data/metrics_faithfulness_metrics_PickCube-v1_170m_seed142_logpi_20260615_004405.jsonl:59:0fd1b06d3c23c0ecaa6600d96c06382ab9a8a9a4dfbe3d2e7218ada40345ab6a"",""data/metrics_faithfulness_metrics_PickCube-v1_170m_seed142_logpi_20260615_004405.jsonl:60:14b2891dffeb2497149983bfa7c80b0794542326826d921f9b9198e44c8fa80b"",""data/metrics_faithfulness_metrics_PickCube-v1_170m_seed142_logpi_20260615_004405.jsonl:61:f494eeb28285d246c7315bad22361e67bede8f5c80d0da1752c228eeb80f8801"",""data/metrics_faithfulness_metrics_PickCube-v1_170m_seed142_logpi_20260615_004405.jsonl:62:9ca9d71f9aeafd53f1d09d86a0ee0024eabd4377789d83fac5380393d8da2bff"",""data/metrics_faithfulness_metrics_PickCube-v1_170m_seed142_logpi_20260615_004405.jsonl:63:3137b623bceb20bc605201c0f9aac6c7845c32579f7b5d3a2cfecd3a5e98028e"",""data/metrics_faithfulness_metrics_PickCube-v1_170m_seed142_logpi_20260615_004405.jsonl:64:3014e53b1032bdb0ae005e7c91c66908dbba0d9b00d19b410aac98bff326b89f"",""data/metrics_faithfulness_metrics_PickCube-v1_170m_seed142_logpi_20260615_004405.jsonl:65:3dc6861469df7b9e6e8b9f50c6f4229089b4025a3cdebd5aa119634dd2628cc5"",""data/metrics_faithfulness_metrics_PickCube-v1_170m_seed142_logpi_20260615_004405.jsonl:66:669bcf40dfa98e6751eef344d67988044261ed85099241b44b5af87440cc4d10"",""data/metrics_faithfulness_metrics_PickCube-v1_170m_seed142_logpi_20260615_004405.jsonl:67:8d406e59f06162c596a122a953bbdff17709e68281bc726bd34fc6d321097b23"",""data/metrics_faithfulness_metrics_PickCube-v1_170m_seed142_logpi_20260615_004405.jsonl:68:2568c9d2249ee55a74002ff408bdaa61a5715508fa8d24258839149601e42c0b"",""data/metrics_faithfulness_metrics_PickCube-v1_170m_seed142_logpi_20260615_004405.jsonl:69:a7f50818ccbc7f752bac0be0a1b50f3570b21c6d67fa90ef2a253d5a320fa6d0"",""data/metrics_faithfulness_metrics_PickCube-v1_170m_seed142_logpi_20260615_004405.jsonl:70:ef3ca9f7711cf4a636de55f4f8163ae2ff1e9e0af3b3c6309d4db948f5e9bee3"",""data/metrics_faithfulness_metrics_PickCube-v1_170m_seed142_logpi_20260615_004405.jsonl:71:89509e214b4d0ffab395be6c28034f122f44a9a76e73df8f6cc0737dea076121"",""data/metrics_faithfulness_metrics_PickCube-v1_170m_seed142_logpi_20260615_004405.jsonl:72:9042e8e9b5d4f5b5cdc9f883176f6a510b606d109bcf4e476b444e101d4c2bb6"",""data/metrics_faithfulness_metrics_PickCube-v1_170m_seed142_logpi_20260615_004405.jsonl:73:6cd2fd53cfa297725ada245b8af9fbf809a951be97a77e1722724f6790bf2e40"",""data/metrics_faithfulness_metrics_PickCube-v1_170m_seed142_logpi_20260615_004405.jsonl:74:84fbcf0477ffad03e922245731fc065d95b050a5bcc92a7ec2d3bf29e99c1634"",""data/metrics_faithfulness_metrics_PickCube-v1_170m_seed142_logpi_20260615_004405.jsonl:75:f1db0f9113a63af82ae08b66cf8420d1a4f20f8c1bb252edf276a8fd4f72a7f3""]",0.09568111222466459,-0.1659549981323245,0.0
Q:vision:insertion,Q,vision,insertion,8e4d58f7db69b72d935648c23043aa22e63d11af2add7ba9e0eb7c2b8f463ad0,25,25,-0.041810130547997024,"[""data/metrics_faithfulness_metrics_PickCube-v1_170m_seed142_logpi_20260615_004405.jsonl:226:8c3b30c95197d3d7106ad6f31be6787e56c36b9ec1138ef513a50e858ec58633"",""data/metrics_faithfulness_metrics_PickCube-v1_170m_seed142_logpi_20260615_004405.jsonl:227:54e4c3fad92dafa10a52f10f82c700767dd86f8604b538115be4678def6e2076"",""data/metrics_faithfulness_metrics_PickCube-v1_170m_seed142_logpi_20260615_004405.jsonl:228:426b7b842f77413a440c0ba9051d2bbee7931fea742fe1b15aa67df0a7e0ae5c"",""data/metrics_faithfulness_metrics_PickCube-v1_170m_seed142_logpi_20260615_004405.jsonl:229:4bd640502b42806887cb4f897bfe9d17a5a9a55478dbad9adb2a354bee2688be"",""data/metrics_faithfulness_metrics_PickCube-v1_170m_seed142_logpi_20260615_004405.jsonl:230:566f8b54b28af3287a50e43019bdaa4b57e2b191970909ffe1c4dcd8337ddc6d"",""data/metrics_faithfulness_metrics_PickCube-v1_170m_seed142_logpi_20260615_004405.jsonl:231:a47624cbf1a60ce5ecae7e06eb6385692e52332c32e172deea4e43a55e0c8910"",""data/metrics_faithfulness_metrics_PickCube-v1_170m_seed142_logpi_20260615_004405.jsonl:232:ad7fe92a8e16cfd87d0437cc1a26bf61434ac65440a9507cdffe2afb95e52315"",""data/metrics_faithfulness_metrics_PickCube-v1_170m_seed142_logpi_20260615_004405.jsonl:233:6b7d416d11bc1ffb9311a7324d5f5d79c0f6012b28a18f8fca376fd37e8c2ee9"",""data/metrics_faithfulness_metrics_PickCube-v1_170m_seed142_logpi_20260615_004405.jsonl:234:bf3646b236d13a746a40d732cb33c53e2880bda5ddc79487ea860fcce8f3803f"",""data/metrics_faithfulness_metrics_PickCube-v1_170m_seed142_logpi_20260615_004405.jsonl:235:9b346eec671f8f1619447369dcbd6594589c693e62e8f50b1afb0982149f1c6f"",""data/metrics_faithfulness_metrics_PickCube-v1_170m_seed142_logpi_20260615_004405.jsonl:236:b1fa9a054939df889df18b1a42b73bd5ef809c2aa6363a28ecd856a8efe14e6b"",""data/metrics_faithfulness_metrics_PickCube-v1_170m_seed142_logpi_20260615_004405.jsonl:237:be36bb5a9aa1592de586737304aba8761f9f9c1dbd46e5dcac263e6b8b701a10"",""data/metrics_faithfulness_metrics_PickCube-v1_170m_seed142_logpi_20260615_004405.jsonl:238:673469faa6341f7ddf530fea8cd0e60739086bf5d7842152cf9190e186e63946"",""data/metrics_faithfulness_metrics_PickCube-v1_170m_seed142_logpi_20260615_004405.jsonl:239:533ad1d36664632f365e3a2288ddbb9546fefb273875536c971c6609373a3ebc"",""data/metrics_faithfulness_metrics_PickCube-v1_170m_seed142_logpi_20260615_004405.jsonl:240:870902afa2a8cb88d7c63f548e2776cc540fac7caba38790b9fe9038d52680bf"",""data/metrics_faithfulness_metrics_PickCube-v1_170m_seed142_logpi_20260615_004405.jsonl:241:0fdf5c726554ee05f757968379fca457a9af57766f7a0edd4ee882098a48252f"",""data/metrics_faithfulness_metrics_PickCube-v1_170m_seed142_logpi_20260615_004405.jsonl:242:7187540af38f8ec7c4b059dbe70ab0515de59090dec1a6ad979f3aca0db07550"",""data/metrics_faithfulness_metrics_PickCube-v1_170m_seed142_logpi_20260615_004405.jsonl:243:4f3a19428409fa40732c4deeacd33018d1e8fa6276e6904c63f835a653776cd1"",""data/metrics_faithfulness_metrics_PickCube-v1_170m_seed142_logpi_20260615_004405.jsonl:244:9dbf5c320a95cfce244eb3d805e4bef1a1f3652ccdd1c4e9b190bdc8fd2ddca4"",""data/metrics_faithfulness_metrics_PickCube-v1_170m_seed142_logpi_20260615_004405.jsonl:245:e9c4fc9a77e6b859bf80fb2d5c3b6557f0cf4523e5f59b2e5b5e18d19bbe583a"",""data/metrics_faithfulness_metrics_PickCube-v1_170m_seed142_logpi_20260615_004405.jsonl:246:6d60b9bab3cce5a0c8cc62d54c63b65e6cc16984413a146a02efdc9c54b1ead3"",""data/metrics_faithfulness_metrics_PickCube-v1_170m_seed142_logpi_20260615_004405.jsonl:247:1c90e8b8fb2e7fa1efaf8e14ef2301ac484f3382b1ee17adc4fa81e9bfd33680"",""data/metrics_faithfulness_metrics_PickCube-v1_170m_seed142_logpi_20260615_004405.jsonl:248:2877bdeadbf1976d73f8ceb402431f9fc81c7836328e1148f55bfb81a6f82cca"",""data/metrics_faithfulness_metrics_PickCube-v1_170m_seed142_logpi_20260615_004405.jsonl:249:169118ef418ddc36a9d46a8cae6b5e8573707ccd709d8840e0de68362e182d52"",""data/metrics_faithfulness_metrics_PickCube-v1_170m_seed142_logpi_20260615_004405.jsonl:250:6706dc9dddb30129b3d7f5531aa08346d57fe0548e12b7d52b9ffc3aeea3be80""]",0.11014630040875054,-0.15195643095674755,0.0
Q:vision:insertion,Q,vision,insertion,908849fece084ea1c651025791f44fc1febdc739c4abb18f8eff39fe117fcb99,25,25,0.10670476324472178,"[""data/metrics_faithfulness_metrics_PickCube-v1_170m_seed42_logpi_20260615_004816.jsonl:351:17a6377f6126d7a97eb8aff1d7d6fbf02328ccc6d4dc948bb903347c98f0647c"",""data/metrics_faithfulness_metrics_PickCube-v1_170m_seed42_logpi_20260615_004816.jsonl:352:fe23a88af265da53df62d140376a2661a045f84dc7feafabc8544c26ee1301b8"",""data/metrics_faithfulness_metrics_PickCube-v1_170m_seed42_logpi_20260615_004816.jsonl:353:eff4b391914ccb23ee427fadb10de02bece0101ecb6bba51d36df2e7a5593222"",""data/metrics_faithfulness_metrics_PickCube-v1_170m_seed42_logpi_20260615_004816.jsonl:354:89cea3ff0336d2c4d41e25911e6cc08c83bc14381e77f17b46edd15e5316131e"",""data/metrics_faithfulness_metrics_PickCube-v1_170m_seed42_logpi_20260615_004816.jsonl:355:5f52733bc2f53acab2f722767491a12fab13a758e2d1f3a863aa0037aa447596"",""data/metrics_faithfulness_metrics_PickCube-v1_170m_seed42_logpi_20260615_004816.jsonl:356:f2971a27f80157bcc1f322a325e6d386b728d209749ab7d84641856f926b259e"",""data/metrics_faithfulness_metrics_PickCube-v1_170m_seed42_logpi_20260615_004816.jsonl:357:11c4530cb17a2f41ba79c13f169d41e5212713064b3e44c0ea65fa31281aca1f"",""data/metrics_faithfulness_metrics_PickCube-v1_170m_seed42_logpi_20260615_004816.jsonl:358:54006e330131ed13649ab795aa2d5ad31ede1fa5b27ff5a62bb9ef38f888de13"",""data/metrics_faithfulness_metrics_PickCube-v1_170m_seed42_logpi_20260615_004816.jsonl:359:51d5651290cca5fe984a0094bd09c61849cf25a2e89bb4b0e2f45dabb4411345"",""data/metrics_faithfulness_metrics_PickCube-v1_170m_seed42_logpi_20260615_004816.jsonl:360:340ccc51edd457369f8c6d26347a6785cf68c097ac477ab899f67adef61d04af"",""data/metrics_faithfulness_metrics_PickCube-v1_170m_seed42_logpi_20260615_004816.jsonl:361:b8dbbc65ea0d9d57d997f4f2529666ecd3309fc6b7478fff3994c80bbcd45dcb"",""data/metrics_faithfulness_metrics_PickCube-v1_170m_seed42_logpi_20260615_004816.jsonl:362:bec3c931e45bc571594bb98fe0aa64284e43a5685e68f39ed997347bb9edfebe"",""data/metrics_faithfulness_metrics_PickCube-v1_170m_seed42_logpi_20260615_004816.jsonl:363:1189798ed0e2d73030c017d50deebea316a3bc9e4a1aa8ab1dcfdee7254c4e1e"",""data/metrics_faithfulness_metrics_PickCube-v1_170m_seed42_logpi_20260615_004816.jsonl:364:ab1f71661425499239ae80734c9f32fa9d5f2a367e52d97d417a44ba34e952ac"",""data/metrics_faithfulness_metrics_PickCube-v1_170m_seed42_logpi_20260615_004816.jsonl:365:14ea1193d65da1be8903ae8d3dfa5744d08f7d21fc6e2bedd7b2dacbbde59d1f"",""data/metrics_faithfulness_metrics_PickCube-v1_170m_seed42_logpi_20260615_004816.jsonl:366:76a7b2984bc0b1f099375ef13a8b734df35cda8659d38b1554a01a825a2d231a"",""data/metrics_faithfulness_metrics_PickCube-v1_170m_seed42_logpi_20260615_004816.jsonl:367:a04bb318804a523cf6be5ee1be9d561dff4c3459a33258e00eef56b092396444"",""data/metrics_faithfulness_metrics_PickCube-v1_170m_seed42_logpi_20260615_004816.jsonl:368:53117526ce126ee29dc4660089fbeb5d35f74d2f6c96ab8c30c84a2401575f66"",""data/metrics_faithfulness_metrics_PickCube-v1_170m_seed42_logpi_20260615_004816.jsonl:369:5a29f918f61dff1d30cb85528202290cf2d73565d145ebe3d06c115c8797badb"",""data/metrics_faithfulness_metrics_PickCube-v1_170m_seed42_logpi_20260615_004816.jsonl:370:ec15cd8014a754d909ed1f27f6edebc69cea12608719b55d0a815876d7c40629"",""data/metrics_faithfulness_metrics_PickCube-v1_170m_seed42_logpi_20260615_004816.jsonl:371:09e806de5a4406d7be070707f4e1666d16d31b030efe02a00974f860b0229c42"",""data/metrics_faithfulness_metrics_PickCube-v1_170m_seed42_logpi_20260615_004816.jsonl:372:70b05e479da75958c94177d7fcc3ba680e608c55dbd947ba423f8368258541a6"",""data/metrics_faithfulness_metrics_PickCube-v1_170m_seed42_logpi_20260615_004816.jsonl:373:f8f4c0b7534d637a2b98f0a9da9623c32c4f1d3e3e842c8947cb45a2b8c33e9a"",""data/metrics_faithfulness_metrics_PickCube-v1_170m_seed42_logpi_20260615_004816.jsonl:374:abde868e32d1a4e0aa917c3822a899346f8cd77239eaa273fbab1a4443355e63"",""data/metrics_faithfulness_metrics_PickCube-v1_170m_seed42_logpi_20260615_004816.jsonl:375:efe0709de5be1b4d78e91bfb7301c113d8bb76073268e9200013558c4bd59004""]",0.10787496422306947,-0.0011702009783476966,0.0
Q:vision:insertion,Q,vision,insertion,a0990515c1e2815dbe9b8ca5036b78a86c65a3bf848fbdcdf0be9a6ff56b3e52,25,25,0.08943979043923726,"[""data/metrics_faithfulness_metrics_PickCube-v1_170m_seed42_logpi_20260615_004816.jsonl:151:0267a7673ec971b251be4b25f4d9cf85a9739124a54079d2a29d6d7e7a5e47af"",""data/metrics_faithfulness_metrics_PickCube-v1_170m_seed42_logpi_20260615_004816.jsonl:152:56648af2d6dc693da50d6923e07d40d6b6b3a9f427cee368b0e2a35d67439b37"",""data/metrics_faithfulness_metrics_PickCube-v1_170m_seed42_logpi_20260615_004816.jsonl:153:c69311daadecb0eaeb9bc0d0d3f8a40f5c5ca7dc6ad985ea621e66023ac73a20"",""data/metrics_faithfulness_metrics_PickCube-v1_170m_seed42_logpi_20260615_004816.jsonl:154:ce41718aef4eab593939ed2ee002058a61577f689c3b5829edaa70d77d879617"",""data/metrics_faithfulness_metrics_PickCube-v1_170m_seed42_logpi_20260615_004816.jsonl:155:eca386e5a3318e56c6d105d2112418c6c058a9426dbd7b553fb60eeb18ab1724"",""data/metrics_faithfulness_metrics_PickCube-v1_170m_seed42_logpi_20260615_004816.jsonl:156:1fd3d65be8e07facf558b550af804c22ebaef3a42cc3bd9fa768e0730f3aacc7"",""data/metrics_faithfulness_metrics_PickCube-v1_170m_seed42_logpi_20260615_004816.jsonl:157:b82567c8e245f0c8b744498e9b816e071c500a241753896b3023d6d2f42c8428"",""data/metrics_faithfulness_metrics_PickCube-v1_170m_seed42_logpi_20260615_004816.jsonl:158:6f578eaa0b55eb6882d8bbb07a55fc2a5fd65a8fdfb5f006f2e49084ec9caee0"",""data/metrics_faithfulness_metrics_PickCube-v1_170m_seed42_logpi_20260615_004816.jsonl:159:23a570c1d4f5346218dfa9c17098061b12e4eb5f31410fb3f4bf0cc897a97603"",""data/metrics_faithfulness_metrics_PickCube-v1_170m_seed42_logpi_20260615_004816.jsonl:160:2bb1135a6ba43b4ae4c4032d669647e0e08d2da9ea0a54bc6d36150931b5b7a0"",""data/metrics_faithfulness_metrics_PickCube-v1_170m_seed42_logpi_20260615_004816.jsonl:161:d1f5406335460a5e73a34117ab7163f8761b5660016dc25b5a02abd4d46f57e8"",""data/metrics_faithfulness_metrics_PickCube-v1_170m_seed42_logpi_20260615_004816.jsonl:162:46db0c0cfb060d0e64d068be8fae6250bf57db8df9a8f5cfebe6211ab3964a10"",""data/metrics_faithfulness_metrics_PickCube-v1_170m_seed42_logpi_20260615_004816.jsonl:163:2e4b534c7e08678b4c2ab5b80b5e07b01e4d07ce953db0f0a767c0a14156f1f0"",""data/metrics_faithfulness_metrics_PickCube-v1_170m_seed42_logpi_20260615_004816.jsonl:164:13be42729a0974a4495ff91dd59c1b2afc685e67d2860674305730585bc7effc"",""data/metrics_faithfulness_metrics_PickCube-v1_170m_seed42_logpi_20260615_004816.jsonl:165:78c15d8966ce85ba473a4b15c89d7edbfbfce40358b1a2880374856a04bdc1af"",""data/metrics_faithfulness_metrics_PickCube-v1_170m_seed42_logpi_20260615_004816.jsonl:166:0f7c6a3848836b627cf1dcb2bbdbe97b616ab1d33bc4329030c6cb658387609a"",""data/metrics_faithfulness_metrics_PickCube-v1_170m_seed42_logpi_20260615_004816.jsonl:167:e386e57edb13d256e0e57d3bfda9e8cb5f5829a70ba09dab80afd2eca36d2f8b"",""data/metrics_faithfulness_metrics_PickCube-v1_170m_seed42_logpi_20260615_004816.jsonl:168:7f26aec087fc4c900a1b21f70ba033c012de1c117ec270aa4cec77fcd36496c7"",""data/metrics_faithfulness_metrics_PickCube-v1_170m_seed42_logpi_20260615_004816.jsonl:169:be3869957189c71db65e73f0339c980efd34f5fdd9556eab7ae40927f7ae1862"",""data/metrics_faithfulness_metrics_PickCube-v1_170m_seed42_logpi_20260615_004816.jsonl:170:cd9da702ff204a8e2c205508901a30f11ca8ce5899b7cd33d43e148f2482f9fa"",""data/metrics_faithfulness_metrics_PickCube-v1_170m_seed42_logpi_20260615_004816.jsonl:171:bb48b34804700f2d1a9d8028a17de84bf5d8c5fb183cdb5e77eb7f8adf0f6f60"",""data/metrics_faithfulness_metrics_PickCube-v1_170m_seed42_logpi_20260615_004816.jsonl:172:b1fd3d7c286797f7bc9bb33122b34f368419060b67a537f50a3879a2ad7fb750"",""data/metrics_faithfulness_metrics_PickCube-v1_170m_seed42_logpi_20260615_004816.jsonl:173:9078637c1e35be8190f780a76c33a137fdbc8f7c7d607f2a9078038a9f957a37"",""data/metrics_faithfulness_metrics_PickCube-v1_170m_seed42_logpi_20260615_004816.jsonl:174:f9f710fb7b3a29c6e5e65cffe4a37840ac672251e8e40bfe6d040731e34513a3"",""data/metrics_faithfulness_metrics_PickCube-v1_170m_seed42_logpi_20260615_004816.jsonl:175:ddf037e43cbdd8f07490fdd62da72e55903abb569a47892fc5af236606743713""]",0.12082640252627717,-0.031386612087039946,0.0
Q:vision:insertion,Q,vision,insertion,b17c407676aa2a563999504b2144d16b3b51a39b0d34995b1114c6968b39e43c,25,25,-1.402617677300608,"[""data/metrics_faithfulness_metrics_PickCube-v1_170m_seed42_logpi_20260615_004816.jsonl:10:7a54c9d4d3f84d2c617ac7c16ae1f7b6d72f093870f4db3c918522cf49e39aed"",""data/metrics_faithfulness_metrics_PickCube-v1_170m_seed42_logpi_20260615_004816.jsonl:11:c655593cb5b0951daaa752856c04a639087563d4125eb87dd589b13b5ed955c6"",""data/metrics_faithfulness_metrics_PickCube-v1_170m_seed42_logpi_20260615_004816.jsonl:12:8730f813fc819d8c233a414549ec53b04faae3beac0eebd6d97fd948e08c3c68"",""data/metrics_faithfulness_metrics_PickCube-v1_170m_seed42_logpi_20260615_004816.jsonl:13:439a24a613af7b83f9e6f1531b8a6493af3764570ad8f8c6e5a8349f39841859"",""data/metrics_faithfulness_metrics_PickCube-v1_170m_seed42_logpi_20260615_004816.jsonl:14:68c704bd9b2b703056c1e35d3904301a9c769efadab2ae9446d2154b42811ee5"",""data/metrics_faithfulness_metrics_PickCube-v1_170m_seed42_logpi_20260615_004816.jsonl:15:51ab82c6e317d6d0a1c6982c8c3ce070c8b359d4a4f1007c5b16f7bcc088b5de"",""data/metrics_faithfulness_metrics_PickCube-v1_170m_seed42_logpi_20260615_004816.jsonl:16:6591e3c33949249f70c01a161f29cd1397d3df82fbe9160f447df330552de173"",""data/metrics_faithfulness_metrics_PickCube-v1_170m_seed42_logpi_20260615_004816.jsonl:17:ca829978d4bed6cf5a64008b84653b629cf2f25b4db1e4a25075211e19177aac"",""data/metrics_faithfulness_metrics_PickCube-v1_170m_seed42_logpi_20260615_004816.jsonl:18:b87edc8653499c0a70575eb3e73b2558a24b4939016a397fc0834ace79116d8f"",""data/metrics_faithfulness_metrics_PickCube-v1_170m_seed42_logpi_20260615_004816.jsonl:19:2f434997689de1a20068b0e46ed2a1cdb43be8e214559d7a8a02553e78ecf7f6"",""data/metrics_faithfulness_metrics_PickCube-v1_170m_seed42_logpi_20260615_004816.jsonl:1:96d035b5087fb896807a50dd28a22b957a7984d2d71575fa3e2c0cee208bd3cb"",""data/metrics_faithfulness_metrics_PickCube-v1_170m_seed42_logpi_20260615_004816.jsonl:20:f0e086311edb87f565dcd4b04beea727a87f8bed5a95302203869b20c9280a9a"",""data/metrics_faithfulness_metrics_PickCube-v1_170m_seed42_logpi_20260615_004816.jsonl:21:7b70785e50769931eef3d86069451aca643178a4532c71f18fa00f46315a19a3"",""data/metrics_faithfulness_metrics_PickCube-v1_170m_seed42_logpi_20260615_004816.jsonl:22:d6923ace7a26527b0b1b8a3ceb18f864d087561d5f07dc5fa66f79c5ef05bf68"",""data/metrics_faithfulness_metrics_PickCube-v1_170m_seed42_logpi_20260615_004816.jsonl:23:17af34b65acda84eaf9d67b386896f0e160814217df6e0ad8d27c72a295ff664"",""data/metrics_faithfulness_metrics_PickCube-v1_170m_seed42_logpi_20260615_004816.jsonl:24:89991784543b1eb2cbc3c1d653fd30f22ec7864fefcfb86df031e15368b92779"",""data/metrics_faithfulness_metrics_PickCube-v1_170m_seed42_logpi_20260615_004816.jsonl:25:4f8db56ced49eede3df0492171a35601c3b5448e252f41e25c60704bd9096107"",""data/metrics_faithfulness_metrics_PickCube-v1_170m_seed42_logpi_20260615_004816.jsonl:2:97ca44bd53cb96d4a6a0fc2a3cb5b22221df6deda79321809508dd1e8c161b9e"",""data/metrics_faithfulness_metrics_PickCube-v1_170m_seed42_logpi_20260615_004816.jsonl:3:6e7980c80f889a4f774abb49902d3db86758c8a0e20e7825d13535b376cafe61"",""data/metrics_faithfulness_metrics_PickCube-v1_170m_seed42_logpi_20260615_004816.jsonl:4:285ccb73c9814fe3b67dddff6c80f92e428b9c56cbcc293ef5e0d9d528cfbcb5"",""data/metrics_faithfulness_metrics_PickCube-v1_170m_seed42_logpi_20260615_004816.jsonl:5:71f238a2a3b09f7db886f2d19e63e5549a02489865e2f061e7eeffc0ac87d15f"",""data/metrics_faithfulness_metrics_PickCube-v1_170m_seed42_logpi_20260615_004816.jsonl:6:993d4b4c129e47872a06b44957433b8bc7c39437d025337ef29d60bf162c551a"",""data/metrics_faithfulness_metrics_PickCube-v1_170m_seed42_logpi_20260615_004816.jsonl:7:f2cabf2064144d4c6f516f99adb4051a4cf5328f4558cf3c3af3b7c1cdf5c2de"",""data/metrics_faithfulness_metrics_PickCube-v1_170m_seed42_logpi_20260615_004816.jsonl:8:9fbb14da26a7105156cbb4ec942f53c0d0f66fbc736a028c3a906722fc1d3b71"",""data/metrics_faithfulness_metrics_PickCube-v1_170m_seed42_logpi_20260615_004816.jsonl:9:87108c4b8129d0039c1b877cfd7208a6b4a95d705e632cbcb4190ba0062484b3""]",0.1228260514542651,-1.5254437287548732,0.0
Q:vision:insertion,Q,vision,insertion,bbf812e58d7871b288cdf7af8f765a9e55ce5c9a8c620b81684af28e3684ebad,25,25,-114.1310329167145,"[""data/metrics_faithfulness_metrics_PickCube-v1_170m_seed42_logpi_20260615_004816.jsonl:51:70f85d3cc635c98265444291a8a20cc91193456db0683ea738d2d238097cd6fe"",""data/metrics_faithfulness_metrics_PickCube-v1_170m_seed42_logpi_20260615_004816.jsonl:52:6e4c6c11116a2e638d469e62a2a9a3879b255b004965f911a7da9740f93cf042"",""data/metrics_faithfulness_metrics_PickCube-v1_170m_seed42_logpi_20260615_004816.jsonl:53:eb1e5fa84ad1f42ddbc0a33f3af899ef26addf9f2e6467831650ba95639d39d1"",""data/metrics_faithfulness_metrics_PickCube-v1_170m_seed42_logpi_20260615_004816.jsonl:54:8977be2a2a59326e6cbc752e6ba7f3b89a11b2db62bd9df6f47e08ea1587f961"",""data/metrics_faithfulness_metrics_PickCube-v1_170m_seed42_logpi_20260615_004816.jsonl:55:4b95e85dfab7c3222699c2f9dbe51a17e6b9a540e101be2d3f657c41241e2519"",""data/metrics_faithfulness_metrics_PickCube-v1_170m_seed42_logpi_20260615_004816.jsonl:56:b7bfef178ad3a3440a09d18e904966d061613bb0a9a14547a78fdfbe599aee2a"",""data/metrics_faithfulness_metrics_PickCube-v1_170m_seed42_logpi_20260615_004816.jsonl:57:83470f282edfa97e8052840d121775dc31d07aa6cb2267e6980c5b79b7efb10e"",""data/metrics_faithfulness_metrics_PickCube-v1_170m_seed42_logpi_20260615_004816.jsonl:58:5e445d9d22954fb0f1e595d5a30253615c5e3ed7517f7cce7670b9bba39b04ee"",""data/metrics_faithfulness_metrics_PickCube-v1_170m_seed42_logpi_20260615_004816.jsonl:59:794cc9d02d440bca90d7338d1752f1fb7fde1d486ee448de7cad636e374f6230"",""data/metrics_faithfulness_metrics_PickCube-v1_170m_seed42_logpi_20260615_004816.jsonl:60:19adace2f97502593d7fae745b8f2842d1d4eada08aa6d2b6765a88ee6ca5b68"",""data/metrics_faithfulness_metrics_PickCube-v1_170m_seed42_logpi_20260615_004816.jsonl:61:6c374aa7d8289a313b3ac1195170323b9d16a6af46c059ade6faf5c8058d2b5e"",""data/metrics_faithfulness_metrics_PickCube-v1_170m_seed42_logpi_20260615_004816.jsonl:62:a10eab88d0252774bd8386d671e4913a15341c53f551a30ee33cea7275071844"",""data/metrics_faithfulness_metrics_PickCube-v1_170m_seed42_logpi_20260615_004816.jsonl:63:63b21088d2dbfb25f10f33c2fcc6c5e8b117d1716340f69fea15f87405391467"",""data/metrics_faithfulness_metrics_PickCube-v1_170m_seed42_logpi_20260615_004816.jsonl:64:72cf55c2328eca49c4bcad0874ec5bc78e70b70c2c9cc1edad16f9d62f4ac7c0"",""data/metrics_faithfulness_metrics_PickCube-v1_170m_seed42_logpi_20260615_004816.jsonl:65:06337ac4a568c4498c18a13ea63d00dcb770341057e6aee24cc64911dbc83fb8"",""data/metrics_faithfulness_metrics_PickCube-v1_170m_seed42_logpi_20260615_004816.jsonl:66:18519515cbf0cbcb4e431013c4e8dac3dd5c71f6e750edba6231a0e43c112ec4"",""data/metrics_faithfulness_metrics_PickCube-v1_170m_seed42_logpi_20260615_004816.jsonl:67:b6ab398466ad88740262395cbf0ea8fbb2cecc55443609a8689597ad0035eafd"",""data/metrics_faithfulness_metrics_PickCube-v1_170m_seed42_logpi_20260615_004816.jsonl:68:e34db0f7ce35dcd589844e15dd1012a88c3e49d681aaa90acdec936ba07fd3dc"",""data/metrics_faithfulness_metrics_PickCube-v1_170m_seed42_logpi_20260615_004816.jsonl:69:c237d1e56487ca65cf53898d38542819c9f1b038f92e187888070973ccab196f"",""data/metrics_faithfulness_metrics_PickCube-v1_170m_seed42_logpi_20260615_004816.jsonl:70:565efd9f3aadc541908d3d99d1e8fd0cef5d3cd6d60754730c9d836496015792"",""data/metrics_faithfulness_metrics_PickCube-v1_170m_seed42_logpi_20260615_004816.jsonl:71:f92b1d47a51bb7ba98bb1e20387961be66d3b0759a705668bcfcb9a475385ff1"",""data/metrics_faithfulness_metrics_PickCube-v1_170m_seed42_logpi_20260615_004816.jsonl:72:da24a1b84bfe5553dc7c9e2fdd17a98609ad2d203662d8854ccfbd086b28640c"",""data/metrics_faithfulness_metrics_PickCube-v1_170m_seed42_logpi_20260615_004816.jsonl:73:e70465e20f44131591faa7d572b9c67d97e3e778c24906918753b60ad30a97d8"",""data/metrics_faithfulness_metrics_PickCube-v1_170m_seed42_logpi_20260615_004816.jsonl:74:15e8b9dd6889221275f38730cd4727bd5dc7a5b5c1622f41cba18b723a6a98b6"",""data/metrics_faithfulness_metrics_PickCube-v1_170m_seed42_logpi_20260615_004816.jsonl:75:f319cd934ebf4ac6248db3c82bcab39878b9de8bc902a530af1ff2c9cdfccfc7""]",0.12368375980300772,-114.2547166765175,0.0
Q:vision:insertion,Q,vision,insertion,be748ae9c5de0101536372b21383147fac8bded07ae760aae2a15044db61cba0,25,25,0.06972950824406507,"[""data/metrics_faithfulness_metrics_PickCube-v1_170m_seed142_logpi_20260615_004405.jsonl:251:95b121016c0ffbeaf1483548dfd54f796ae26e576edf3b2cd123b3b7ae495f15"",""data/metrics_faithfulness_metrics_PickCube-v1_170m_seed142_logpi_20260615_004405.jsonl:252:702a54bc68388b2aa1162987e44850043f75ec26376797ad401967843385bc50"",""data/metrics_faithfulness_metrics_PickCube-v1_170m_seed142_logpi_20260615_004405.jsonl:253:3a9f609cb0bb9669fea745db85bc3b1026c85bc812156d87856e467345fc222c"",""data/metrics_faithfulness_metrics_PickCube-v1_170m_seed142_logpi_20260615_004405.jsonl:254:f43787284a45ac7f60695f267199ee4dacf053b8079f643e42ed110688b2d1cd"",""data/metrics_faithfulness_metrics_PickCube-v1_170m_seed142_logpi_20260615_004405.jsonl:255:32af9d24836ac8f5cc92a22976c7f703b7b417ede6d10b2bc98f1b92c3b360a3"",""data/metrics_faithfulness_metrics_PickCube-v1_170m_seed142_logpi_20260615_004405.jsonl:256:cdbe241075ffc5b4dae4ed2749010bb6b12df687c849221e9d0861e75b50fe67"",""data/metrics_faithfulness_metrics_PickCube-v1_170m_seed142_logpi_20260615_004405.jsonl:257:953872159fb9b19118718d231479b84209bbae2fc2f529e3dccc07d48cf180d6"",""data/metrics_faithfulness_metrics_PickCube-v1_170m_seed142_logpi_20260615_004405.jsonl:258:d9325c44b0f773b90637aa98878ac402f8f588ae6df0e0e5b0567baf62701270"",""data/metrics_faithfulness_metrics_PickCube-v1_170m_seed142_logpi_20260615_004405.jsonl:259:30d33e2f3578db1de4e908c36ab747dc5eba6be59565ba959022e3384ed72437"",""data/metrics_faithfulness_metrics_PickCube-v1_170m_seed142_logpi_20260615_004405.jsonl:260:606f08826016a3cb6056874778615577e080a25b3de647da806a74f896d1c125"",""data/metrics_faithfulness_metrics_PickCube-v1_170m_seed142_logpi_20260615_004405.jsonl:261:4481546bc465b20ede5d34a30b3dede4b2479550e96ed548ee8a91f5e8a2119f"",""data/metrics_faithfulness_metrics_PickCube-v1_170m_seed142_logpi_20260615_004405.jsonl:262:b94ecb8447da5ccdfd86b647d12e81d87aa831d4e2eac9bd3a26ddf6463e4701"",""data/metrics_faithfulness_metrics_PickCube-v1_170m_seed142_logpi_20260615_004405.jsonl:263:ee1374a3a0ab35cd1d6d2cd6b5bb737bb62a0dde733caa168b45245a3b645d8e"",""data/metrics_faithfulness_metrics_PickCube-v1_170m_seed142_logpi_20260615_004405.jsonl:264:119c4cf930891d4e96197b79e7a60f73126011ad6cb264ed23b924e043469778"",""data/metrics_faithfulness_metrics_PickCube-v1_170m_seed142_logpi_20260615_004405.jsonl:265:c2a2643baca9ca79ad6771a92c763587950428a7b092935f099898b351cb7234"",""data/metrics_faithfulness_metrics_PickCube-v1_170m_seed142_logpi_20260615_004405.jsonl:266:a0c9383f609b1e85b5c3326ca381f9a4512ba8c06d719af79b0a1e88fcb32e45"",""data/metrics_faithfulness_metrics_PickCube-v1_170m_seed142_logpi_20260615_004405.jsonl:267:95322cbacd152f9b054be0cca66c7f120a1130af640b2023312f96532aa44a3f"",""data/metrics_faithfulness_metrics_PickCube-v1_170m_seed142_logpi_20260615_004405.jsonl:268:cc90bbbed2af3395fad6ae9386d6a6cc200e4c728df00c6c31fff8a53a250592"",""data/metrics_faithfulness_metrics_PickCube-v1_170m_seed142_logpi_20260615_004405.jsonl:269:e4b12edee0affd130c679e7cee9921de4703adc07d239048391ebfecf15d6eab"",""data/metrics_faithfulness_metrics_PickCube-v1_170m_seed142_logpi_20260615_004405.jsonl:270:0eea57360368da37693f0183c9fa184ec6c9377b891f8314a7b0e02b6a0248c4"",""data/metrics_faithfulness_metrics_PickCube-v1_170m_seed142_logpi_20260615_004405.jsonl:271:1b509c7e8e668f19aaf5e5246be4736e791e0da1308510268e9c6bdad51e0183"",""data/metrics_faithfulness_metrics_PickCube-v1_170m_seed142_logpi_20260615_004405.jsonl:272:853c83ce2d726df81fb9bf85d57a50e599e0fd8597b882122260803a2715d91a"",""data/metrics_faithfulness_metrics_PickCube-v1_170m_seed142_logpi_20260615_004405.jsonl:273:37bf5a2ea443f54bf678d7d601674fcd9f74d770e6e82f7e54d78e00b93425fc"",""data/metrics_faithfulness_metrics_PickCube-v1_170m_seed142_logpi_20260615_004405.jsonl:274:0e562f0adaf04d870b823da15aefadd592b0da85eab2a7cc5d4db33681c72a91"",""data/metrics_faithfulness_metrics_PickCube-v1_170m_seed142_logpi_20260615_004405.jsonl:275:a3393de214ec33feb9f93d0ca75d609e34d241ea01ef97e2eea91b905fe9946c""]",0.1028065164465537,-0.0330770082024886,0.0
Q:vision:insertion,Q,vision,insertion,c083035c868b831868bd070af2e6045826b317b74e5423c8d612fb0ced90012c,25,25,0.06230561253124959,"[""data/metrics_faithfulness_metrics_PickCube-v1_170m_seed142_logpi_20260615_004405.jsonl:326:b8f4cd477167469c682bd17c87a34f3a160897e00c91764d1d77ad83e3a59a93"",""data/metrics_faithfulness_metrics_PickCube-v1_170m_seed142_logpi_20260615_004405.jsonl:327:47ac1a5a4fded47358dfb227c44ca55c520db3ca8715c07f8665cd9d06771c1b"",""data/metrics_faithfulness_metrics_PickCube-v1_170m_seed142_logpi_20260615_004405.jsonl:328:7be1da6d9d160bf3359becee6ccf8e1faa161fec7d9d4863662a9ebe4fef2ded"",""data/metrics_faithfulness_metrics_PickCube-v1_170m_seed142_logpi_20260615_004405.jsonl:329:b5eba947a49f1f95d8972278f446ce4ea929e23e32de4950f3af33003264f29a"",""data/metrics_faithfulness_metrics_PickCube-v1_170m_seed142_logpi_20260615_004405.jsonl:330:9be010d0530e66e74025b28d90c9b09cf219a0d86d6abad55e85065753717d1e"",""data/metrics_faithfulness_metrics_PickCube-v1_170m_seed142_logpi_20260615_004405.jsonl:331:9833cd6890904688498e3d87d232add9d5286d0b2b9be4c9e981cca260da5310"",""data/metrics_faithfulness_metrics_PickCube-v1_170m_seed142_logpi_20260615_004405.jsonl:332:9fc86afc3d3d2e171c536d1b764912701c069c61e9bdd5b05fa36d08b6a68f30"",""data/metrics_faithfulness_metrics_PickCube-v1_170m_seed142_logpi_20260615_004405.jsonl:333:e074cc43b179e4a7e2cb1f5ee500833bfd9c68c96fef20ade8195b2e4f0e48a3"",""data/metrics_faithfulness_metrics_PickCube-v1_170m_seed142_logpi_20260615_004405.jsonl:334:2c6a80f9373c78fbba79063594f66597beb2612c5c5da28d00e2a1d88f708de0"",""data/metrics_faithfulness_metrics_PickCube-v1_170m_seed142_logpi_20260615_004405.jsonl:335:b629ca297c6527b521c0bdf5776c4ebcb2850e0bd245c1afa08a94da92dfeed7"",""data/metrics_faithfulness_metrics_PickCube-v1_170m_seed142_logpi_20260615_004405.jsonl:336:a5c8dba25852e43ff4dcaac09786f8d3dfa0fbab0717a5d2eb10f1447ba3de10"",""data/metrics_faithfulness_metrics_PickCube-v1_170m_seed142_logpi_20260615_004405.jsonl:337:e24d55992f94d896c49192eb7c86e394719ad193d365eb37b96fa2ea17db7484"",""data/metrics_faithfulness_metrics_PickCube-v1_170m_seed142_logpi_20260615_004405.jsonl:338:ac8dbf0bd71267a4a3ad689854f379622142e96b2edd1ef83aa74f4f6f80721a"",""data/metrics_faithfulness_metrics_PickCube-v1_170m_seed142_logpi_20260615_004405.jsonl:339:1f82ad3372f7f08e9cb1894525cfae527c5c8126cb93dbb5ac985427bf813833"",""data/metrics_faithfulness_metrics_PickCube-v1_170m_seed142_logpi_20260615_004405.jsonl:340:e6ca3983388d9b8107874e4a53cf485837ee2f40d2d7c800f8836e6f977d0a89"",""data/metrics_faithfulness_metrics_PickCube-v1_170m_seed142_logpi_20260615_004405.jsonl:341:ca470d883780c90c361201b6464b8cc7f636811c632650fa77409d5b827e125e"",""data/metrics_faithfulness_metrics_PickCube-v1_170m_seed142_logpi_20260615_004405.jsonl:342:d8ddd7e721e8631b45d0027c81f89528ffeebca78659a3007dba022789529dc5"",""data/metrics_faithfulness_metrics_PickCube-v1_170m_seed142_logpi_20260615_004405.jsonl:343:3289c7f4f2bac3eb4b752544d23d7cbd593981b5b7a67d5b60c82121656349c7"",""data/metrics_faithfulness_metrics_PickCube-v1_170m_seed142_logpi_20260615_004405.jsonl:344:a09e7957fd283433220bb4c4aa8315658a73e7191d2c6b23c13c40c57f8d5bf8"",""data/metrics_faithfulness_metrics_PickCube-v1_170m_seed142_logpi_20260615_004405.jsonl:345:a77714b0ab2b81dd8a707e1dcfba7a541b2af9fd60621965e834004069a57258"",""data/metrics_faithfulness_metrics_PickCube-v1_170m_seed142_logpi_20260615_004405.jsonl:346:d2dcae161d282aec2fbcdcf0366b2bf213c2971e19371b3f950c6f2d3b7590e0"",""data/metrics_faithfulness_metrics_PickCube-v1_170m_seed142_logpi_20260615_004405.jsonl:347:a433687dea472282d3ff488894a4d56d5a03437840c6bd7e33c73a58bf1e87ae"",""data/metrics_faithfulness_metrics_PickCube-v1_170m_seed142_logpi_20260615_004405.jsonl:348:381eea21d172aaadcceac83cd1f92d43fc953eb29e24cf945646b85564cd7d8d"",""data/metrics_faithfulness_metrics_PickCube-v1_170m_seed142_logpi_20260615_004405.jsonl:349:b5ec1da6e11823ee89db8ae6cf30d5ccd81d2cf1d7c7a10f519b21c214929f64"",""data/metrics_faithfulness_metrics_PickCube-v1_170m_seed142_logpi_20260615_004405.jsonl:350:789c09629d448fa9e5512c21271381a4d359187fdd1bfe8f1bfd3476a9cc6a47""]",0.1286991313003683,-0.06639351876911873,0.0
Q:vision:insertion,Q,vision,insertion,d6ad43c8e38c7a38642440cff446e83cdd661245e297bb0e5ed52b4ebe72b725,25,25,-0.234377965054009,"[""data/metrics_faithfulness_metrics_PickCube-v1_170m_seed42_logpi_20260615_004816.jsonl:100:4f9bd9ae29d39c56a374b3d66da8018f102a5ce89e30165ca0f9d1dda24474d3"",""data/metrics_faithfulness_metrics_PickCube-v1_170m_seed42_logpi_20260615_004816.jsonl:76:0fc8857668d369fe73a376545e71ea657a904226d32e7d554cd22bac032696f0"",""data/metrics_faithfulness_metrics_PickCube-v1_170m_seed42_logpi_20260615_004816.jsonl:77:d3be9cc0d02a168e93add4b20241d5838b45fc30ffafe20611b0dd757e7e6041"",""data/metrics_faithfulness_metrics_PickCube-v1_170m_seed42_logpi_20260615_004816.jsonl:78:8f1681d51d9f80c0ab48c3375fec7e691f3df88a74599f8285a3bdf4fb6b2b7c"",""data/metrics_faithfulness_metrics_PickCube-v1_170m_seed42_logpi_20260615_004816.jsonl:79:bfc26d8d09e00f2fb2d2466fc06d2b8983fdcbadcf21d9ead49516e24168bf51"",""data/metrics_faithfulness_metrics_PickCube-v1_170m_seed42_logpi_20260615_004816.jsonl:80:f932215db687e8fab0ec0260367aae4484660827778c1fbfe917191270bba272"",""data/metrics_faithfulness_metrics_PickCube-v1_170m_seed42_logpi_20260615_004816.jsonl:81:8e9bba5ee49faedaacfb74ca3ad6308f1ab53a2456f0fd29de15815a5d5dc538"",""data/metrics_faithfulness_metrics_PickCube-v1_170m_seed42_logpi_20260615_004816.jsonl:82:25402e0bfbc6f5ac6ecede4ab725a9b7c1554dd5d1b41b163441ab82e74854ea"",""data/metrics_faithfulness_metrics_PickCube-v1_170m_seed42_logpi_20260615_004816.jsonl:83:226985f3fdd72ca3a56869197a9bc630ccf8ad2513d6932990cbbcd100852a20"",""data/metrics_faithfulness_metrics_PickCube-v1_170m_seed42_logpi_20260615_004816.jsonl:84:05566bde9e7a15c8a4e9da4866431749cfd6fd8a197e53d4a277656d57784df2"",""data/metrics_faithfulness_metrics_PickCube-v1_170m_seed42_logpi_20260615_004816.jsonl:85:cc07f54e980b2b8500da43f87042e29b655f1a18980d16bd6fe18e4c4c2c689d"",""data/metrics_faithfulness_metrics_PickCube-v1_170m_seed42_logpi_20260615_004816.jsonl:86:bb757448b68e1a442a9aa909efe8aef03b314462b9af48e5ce4496196f217edd"",""data/metrics_faithfulness_metrics_PickCube-v1_170m_seed42_logpi_20260615_004816.jsonl:87:1b549adae12cc1dfc9aa8a8047936ef9e936fb7eeb2dc621b09ff61b5ced12e8"",""data/metrics_faithfulness_metrics_PickCube-v1_170m_seed42_logpi_20260615_004816.jsonl:88:05d6f83ae46d640d9d15a492855ee5d39049434cd4e299d802c957bc73c1765a"",""data/metrics_faithfulness_metrics_PickCube-v1_170m_seed42_logpi_20260615_004816.jsonl:89:e5b7c4823cc8f2320617b55d0c969205fad42b485ac623645898488b9cbaa15d"",""data/metrics_faithfulness_metrics_PickCube-v1_170m_seed42_logpi_20260615_004816.jsonl:90:e391b82f425d97bf9dbbd45fb7b60582341cf94d068fbc20d896ce9d39b1c304"",""data/metrics_faithfulness_metrics_PickCube-v1_170m_seed42_logpi_20260615_004816.jsonl:91:fef841642cb62406f3db9250270eae3ba0d4ba59c27eab7e3d0c75c99bb94b14"",""data/metrics_faithfulness_metrics_PickCube-v1_170m_seed42_logpi_20260615_004816.jsonl:92:055b3bc6f1c6fcadb0210b7d9e8fecdfb4275fe102d8bda8964a4eea5c1a86f2"",""data/metrics_faithfulness_metrics_PickCube-v1_170m_seed42_logpi_20260615_004816.jsonl:93:ada71572f0149b1f849f68a65576d4c286a3e6afdf4916e6b4696c4e2e565b9b"",""data/metrics_faithfulness_metrics_PickCube-v1_170m_seed42_logpi_20260615_004816.jsonl:94:896146eb409b3b003652620366428a2288adeb446cd96fe964731e9b5c202e49"",""data/metrics_faithfulness_metrics_PickCube-v1_170m_seed42_logpi_20260615_004816.jsonl:95:8e49530ff9daad303be5d243402d617742a6013b8690b4357d559f8b00c3b670"",""data/metrics_faithfulness_metrics_PickCube-v1_170m_seed42_logpi_20260615_004816.jsonl:96:8a86ff2683ec8d63c0270b7e39e920dab85147735f6c158214d1d52ce997a2b7"",""data/metrics_faithfulness_metrics_PickCube-v1_170m_seed42_logpi_20260615_004816.jsonl:97:0b671699b65fb6497cb6d01be6bee1b4c23e2fdc5bbe1e107ee6ebcdba5c3686"",""data/metrics_faithfulness_metrics_PickCube-v1_170m_seed42_logpi_20260615_004816.jsonl:98:698fb730051783207540786ba725399ca4244064b938f692f500c94cc401017f"",""data/metrics_faithfulness_metrics_PickCube-v1_170m_seed42_logpi_20260615_004816.jsonl:99:a330749b021ce40e0a0e95ca273d1c40e1814e56c2b08f8e1832c115ca1055a2""]",0.10391461510150765,-0.3382925801555167,0.0
Q:vision:insertion,Q,vision,insertion,d81e3412d4f362157588d48d3c2fdb86dbff5c1222902cdf91365f6e1bc2f6cb,25,25,-19.138608916010398,"[""data/metrics_faithfulness_metrics_PickCube-v1_170m_seed42_logpi_20260615_004816.jsonl:301:34e082bc6e86537cd93f5287a5721692535b1f375568ee3073fdf235a649932c"",""data/metrics_faithfulness_metrics_PickCube-v1_170m_seed42_logpi_20260615_004816.jsonl:302:7a699f1ed8c43e9859219024c9f7382f5af4a8315606571c6e3d7bd22cd55bac"",""data/metrics_faithfulness_metrics_PickCube-v1_170m_seed42_logpi_20260615_004816.jsonl:303:e0fabeea087a5d501a3e81920ec5c418ce143b4368154d838f56df30f91456cc"",""data/metrics_faithfulness_metrics_PickCube-v1_170m_seed42_logpi_20260615_004816.jsonl:304:8b1d59816fe298cdd8ddf3006e5c42d181a3a10c7f875648e59b5d1d388c36cd"",""data/metrics_faithfulness_metrics_PickCube-v1_170m_seed42_logpi_20260615_004816.jsonl:305:65f483a1cfc3aa995389890b3c97e9de5a40e55c75cf5aa4292c6cfd1279f22d"",""data/metrics_faithfulness_metrics_PickCube-v1_170m_seed42_logpi_20260615_004816.jsonl:306:f7f53bfddc15ca67e47395bc0e2b04d0a31a318b8a080ba52fae912cbc4e5a71"",""data/metrics_faithfulness_metrics_PickCube-v1_170m_seed42_logpi_20260615_004816.jsonl:307:dede9e84bd9e0339f39ea59713369a6edc9c79ea01f0893a95e190c394922b86"",""data/metrics_faithfulness_metrics_PickCube-v1_170m_seed42_logpi_20260615_004816.jsonl:308:c091331aa0539dc9648683e7a8164ed9b54a9e64035b21477ce7e50a7bb2074c"",""data/metrics_faithfulness_metrics_PickCube-v1_170m_seed42_logpi_20260615_004816.jsonl:309:add10dded82f89d7b45385affa063443f405bffe5cf681cc692c896892520e79"",""data/metrics_faithfulness_metrics_PickCube-v1_170m_seed42_logpi_20260615_004816.jsonl:310:696d90bbf323ad16fc61b7c90f14c7ad09e7619cd0de6bce27a88955f1b8f502"",""data/metrics_faithfulness_metrics_PickCube-v1_170m_seed42_logpi_20260615_004816.jsonl:311:5bf2b2edbf3b8d41f2c7362d210058645853f8ae54b9c329c0d3bdc4538b3895"",""data/metrics_faithfulness_metrics_PickCube-v1_170m_seed42_logpi_20260615_004816.jsonl:312:6efe9cc96c4c47a09890ee798ebea9ffd87955eda97556283c02d4c0d7de4924"",""data/metrics_faithfulness_metrics_PickCube-v1_170m_seed42_logpi_20260615_004816.jsonl:313:a7c8f26ab277af4c0b378e2b545b4a759c7e85f8399cf0ae7858fbca49edf025"",""data/metrics_faithfulness_metrics_PickCube-v1_170m_seed42_logpi_20260615_004816.jsonl:314:5df475fe0ddb4a4429c50158971db45d8bd5e67e60bb5f0db98565321bac0193"",""data/metrics_faithfulness_metrics_PickCube-v1_170m_seed42_logpi_20260615_004816.jsonl:315:34ffe073379e8d1357ad8f02b0d50a26ed4f6252a8b5bbebbb670a0609563913"",""data/metrics_faithfulness_metrics_PickCube-v1_170m_seed42_logpi_20260615_004816.jsonl:316:2bec25f2b43eec8046a8b84ed7a71bac1b68f072830758281eb0016e9b4c7808"",""data/metrics_faithfulness_metrics_PickCube-v1_170m_seed42_logpi_20260615_004816.jsonl:317:505b05dc6664e9d41de3dea1f3468f620b03aba88337f8fdcc91d545e9841b16"",""data/metrics_faithfulness_metrics_PickCube-v1_170m_seed42_logpi_20260615_004816.jsonl:318:e369ea5e72a160ac84c77d9727a8f6bc9ddeb0413a21e3e6a15eb26fd31d6c0a"",""data/metrics_faithfulness_metrics_PickCube-v1_170m_seed42_logpi_20260615_004816.jsonl:319:a09bb095628d8856376040e3fc7035a590a87393b23a2a28aa610715aa754dad"",""data/metrics_faithfulness_metrics_PickCube-v1_170m_seed42_logpi_20260615_004816.jsonl:320:0eafc40a89d7e1c8052bc170a927ee6bfd8d44cbd9ad0fe3d2713e063f7f690f"",""data/metrics_faithfulness_metrics_PickCube-v1_170m_seed42_logpi_20260615_004816.jsonl:321:4ec0b45adb00fe8e01d2ff7bffc857d8bd3ae9de9c0ca99f2a7a71ad33e84775"",""data/metrics_faithfulness_metrics_PickCube-v1_170m_seed42_logpi_20260615_004816.jsonl:322:c975762ff09ccc002a78c70aabaa053587c8e04f235bcde187e98b09c3aef22d"",""data/metrics_faithfulness_metrics_PickCube-v1_170m_seed42_logpi_20260615_004816.jsonl:323:008a7614bbc78104504a471f7ca45a3629fd21c5c8ced8b3dfcda4cdfe132114"",""data/metrics_faithfulness_metrics_PickCube-v1_170m_seed42_logpi_20260615_004816.jsonl:324:73f0616673972ac2d6b35f2aeeefd635554318ab0854faa6ff4ea6c882386eac"",""data/metrics_faithfulness_metrics_PickCube-v1_170m_seed42_logpi_20260615_004816.jsonl:325:d941317401bdbb5374090ac3b9e44ff2226eadd0dd5252ca2d814c2275f713e0""]",0.12975522415107738,-19.268364140161477,0.0
Q:vision:insertion,Q,vision,insertion,de3cff0cb7342bf6d9929bf9a0c84c6e235c358972351add982e1fa1df7ffc39,25,25,-118.98319492800019,"[""data/metrics_faithfulness_metrics_PickCube-v1_170m_seed142_logpi_20260615_004405.jsonl:126:ba6a8e89fe0a7a082d03ab4e5f3210a690bd806f485a7319fdae6ea7f28abe4b"",""data/metrics_faithfulness_metrics_PickCube-v1_170m_seed142_logpi_20260615_004405.jsonl:127:f65487f4a7a8a0ffcc25b740d7d64fb06a17c9678cf08a8a8749cbcbe6cc1bf6"",""data/metrics_faithfulness_metrics_PickCube-v1_170m_seed142_logpi_20260615_004405.jsonl:128:42e72e28606702dca2b8db6d62a712790e87de81ed0e6996a2eb894091a7b709"",""data/metrics_faithfulness_metrics_PickCube-v1_170m_seed142_logpi_20260615_004405.jsonl:129:83f8371523c29d2e229e8a75a6438977f447365c609934c3b994fbb42f0f400d"",""data/metrics_faithfulness_metrics_PickCube-v1_170m_seed142_logpi_20260615_004405.jsonl:130:b840e7f6ccb579827488ff01705b5c7a76ee192370a43ad6ea1da50d78ec8a44"",""data/metrics_faithfulness_metrics_PickCube-v1_170m_seed142_logpi_20260615_004405.jsonl:131:d711f35d24824e5b5bf97bbf8094b604ab1953d76f36fc5b121c4cf41805a3b3"",""data/metrics_faithfulness_metrics_PickCube-v1_170m_seed142_logpi_20260615_004405.jsonl:132:6e4548b6a7cf617ae9a1a2891518be19b5b37b5547e93f6ede6472a68680828b"",""data/metrics_faithfulness_metrics_PickCube-v1_170m_seed142_logpi_20260615_004405.jsonl:133:02fedcdc2abaf465d3ed6c5056d3fa57a7c61c4e49ffbe57b5143376d3066061"",""data/metrics_faithfulness_metrics_PickCube-v1_170m_seed142_logpi_20260615_004405.jsonl:134:2981fb8e06f89b73fcc18ba4d05b14558c6df349e92ce13c0270738ba61c6b19"",""data/metrics_faithfulness_metrics_PickCube-v1_170m_seed142_logpi_20260615_004405.jsonl:135:90e153fb7beffb18860b966e39576eaee8f323b1b42577776ad501f3b7b65740"",""data/metrics_faithfulness_metrics_PickCube-v1_170m_seed142_logpi_20260615_004405.jsonl:136:8e8794628f3ba99200912530167d16f23c7f8b95a284e75606dae62a3b57b786"",""data/metrics_faithfulness_metrics_PickCube-v1_170m_seed142_logpi_20260615_004405.jsonl:137:2e39b1b4f93c3c97d73cb430bf314c0601b136027a7262d624be4aa38c708eaa"",""data/metrics_faithfulness_metrics_PickCube-v1_170m_seed142_logpi_20260615_004405.jsonl:138:a849af6fc4d109cd968b5dd325a907cb7809f7b3c19dd8d6f123bf8c83d6e7cb"",""data/metrics_faithfulness_metrics_PickCube-v1_170m_seed142_logpi_20260615_004405.jsonl:139:edb4bdec09cfe64565aa8f4bc4da9745022b852f1be8793a81795f988bd5dc94"",""data/metrics_faithfulness_metrics_PickCube-v1_170m_seed142_logpi_20260615_004405.jsonl:140:54a09126ab47cf88857e989d27c14828d7ab26897e4fa95a57f1b49bf523a294"",""data/metrics_faithfulness_metrics_PickCube-v1_170m_seed142_logpi_20260615_004405.jsonl:141:3bded5c33feff0cc40f44d51b5ff81dbd62e6725c1f31e5c45430a00b528d098"",""data/metrics_faithfulness_metrics_PickCube-v1_170m_seed142_logpi_20260615_004405.jsonl:142:4e822e1d1372522f45015c79c63589632b285505898d004e4bf44220e1f3628d"",""data/metrics_faithfulness_metrics_PickCube-v1_170m_seed142_logpi_20260615_004405.jsonl:143:19d1e45864942762765755a35a759f924ee755b2b6dedbb50586c5a9b9840386"",""data/metrics_faithfulness_metrics_PickCube-v1_170m_seed142_logpi_20260615_004405.jsonl:144:d7687a21c6cabb70c6db2451a6d7daca47fa51f999f73ca3b4e3d39e2903f34a"",""data/metrics_faithfulness_metrics_PickCube-v1_170m_seed142_logpi_20260615_004405.jsonl:145:66ab273fc47b789f4b94b1ebb9ed73e6bd5cb1951ebaf66529e145d25c585103"",""data/metrics_faithfulness_metrics_PickCube-v1_170m_seed142_logpi_20260615_004405.jsonl:146:223505f163498fa9ee8d11c3d41a2b3548879527d4dcdae55d3326b33ae8c5b4"",""data/metrics_faithfulness_metrics_PickCube-v1_170m_seed142_logpi_20260615_004405.jsonl:147:64c01b7429fdfd6964961fe2cf75965f7d341beaa77c6a7d7ca71b855148e4e1"",""data/metrics_faithfulness_metrics_PickCube-v1_170m_seed142_logpi_20260615_004405.jsonl:148:a9284cf88b99260b68f53edb16416cb679a9274ba451cdb091f93f626ce41079"",""data/metrics_faithfulness_metrics_PickCube-v1_170m_seed142_logpi_20260615_004405.jsonl:149:db3d82278489531c338c53ccff7a330871398d3355b272a30eb485db5350d19a"",""data/metrics_faithfulness_metrics_PickCube-v1_170m_seed142_logpi_20260615_004405.jsonl:150:8a900472bb8769dab7ac60fad6036b294baefb09d82914f647c88e1e21054780""]",0.11194687369641994,-119.09514180169663,0.0
Q:vision:insertion,Q,vision,insertion,e39e8b1014dc4360addea56b6daea50b5a39d6bb2a9ddadcac919c6a926e4088,25,25,0.07210311017966198,"[""data/metrics_faithfulness_metrics_PickCube-v1_170m_seed142_logpi_20260615_004405.jsonl:351:8ba266c75706d9c800ce04872a953b47a64935e254348300759f213a48d75def"",""data/metrics_faithfulness_metrics_PickCube-v1_170m_seed142_logpi_20260615_004405.jsonl:352:ab9a3f9940b4c4dff27a7b17b24b7078dd714abecae041adc937a98ceef838f4"",""data/metrics_faithfulness_metrics_PickCube-v1_170m_seed142_logpi_20260615_004405.jsonl:353:da0bc7552a4eb9507b77220d5d0d49f2f56a5ed91fca54fc71c840ff64cad10c"",""data/metrics_faithfulness_metrics_PickCube-v1_170m_seed142_logpi_20260615_004405.jsonl:354:0b3c51847a81d759d21a61efa99b68a083d87212e15812ada65d9649ae536639"",""data/metrics_faithfulness_metrics_PickCube-v1_170m_seed142_logpi_20260615_004405.jsonl:355:6698df729868ecf7c6f96127691dffa75db9b5f70546de55701eff80cfdccbdb"",""data/metrics_faithfulness_metrics_PickCube-v1_170m_seed142_logpi_20260615_004405.jsonl:356:33ad658f705096eb13f2b824c5ee9abecd627ca190163b94d7bc0214e767397a"",""data/metrics_faithfulness_metrics_PickCube-v1_170m_seed142_logpi_20260615_004405.jsonl:357:4ab81b232c659c8004e4f337f0c202a3bc4860a0f98db387eba41974904f5b1e"",""data/metrics_faithfulness_metrics_PickCube-v1_170m_seed142_logpi_20260615_004405.jsonl:358:31d6624d2a7a029b739accd1529d78c9aa9e1e86812d46f037837c1f43a4ce92"",""data/metrics_faithfulness_metrics_PickCube-v1_170m_seed142_logpi_20260615_004405.jsonl:359:ee6ad11b0ad434df125fd3e95833206fa856e3588fa4d97943fa18e5122658d2"",""data/metrics_faithfulness_metrics_PickCube-v1_170m_seed142_logpi_20260615_004405.jsonl:360:ec3e25b770e1b54ce6cf76b6c3a177ba04985da8658c96d8c5c35c6b6a39fc01"",""data/metrics_faithfulness_metrics_PickCube-v1_170m_seed142_logpi_20260615_004405.jsonl:361:0bcd31f690f8ca1daf2881b440e5a9643cd3b77f1ff1122aee549a54e07da25f"",""data/metrics_faithfulness_metrics_PickCube-v1_170m_seed142_logpi_20260615_004405.jsonl:362:2e49a5d04e16362183bbceea31fd6f381f921a1266d2e161e3f6ad5e4309a338"",""data/metrics_faithfulness_metrics_PickCube-v1_170m_seed142_logpi_20260615_004405.jsonl:363:bb9c77cbdc4985e9302841a008978a1efd6c2b67ec71f141980788713edc0c03"",""data/metrics_faithfulness_metrics_PickCube-v1_170m_seed142_logpi_20260615_004405.jsonl:364:3a4e2335ce97b74cc9d908ed4729d131dc36d5a142db99a610a1f2affe51f142"",""data/metrics_faithfulness_metrics_PickCube-v1_170m_seed142_logpi_20260615_004405.jsonl:365:ad6c7920bdb72e4f23d3d52c9d5b6a0e0ef9a435c9e813af671ac3761e2506be"",""data/metrics_faithfulness_metrics_PickCube-v1_170m_seed142_logpi_20260615_004405.jsonl:366:bf4179c2026338b98313ec23d784e8058f06d6b296323362a20e546efca5f34f"",""data/metrics_faithfulness_metrics_PickCube-v1_170m_seed142_logpi_20260615_004405.jsonl:367:024760f3b621bb99e7d2a486c170ad4fbf0ac26ce413df0d01baef7a18dae328"",""data/metrics_faithfulness_metrics_PickCube-v1_170m_seed142_logpi_20260615_004405.jsonl:368:c37a53b4130cad4c18804339e27202f5c2624ff3609768fee3c5b264d5e0a73b"",""data/metrics_faithfulness_metrics_PickCube-v1_170m_seed142_logpi_20260615_004405.jsonl:369:6bee4e75c0deb0cd5e09f6e6d78c3398860a96ba39d745e6d5603f0998f30bfa"",""data/metrics_faithfulness_metrics_PickCube-v1_170m_seed142_logpi_20260615_004405.jsonl:370:161a9dd87a898c6a7c22faea3d59cfbf2df3970e1e5245a087227945465212ae"",""data/metrics_faithfulness_metrics_PickCube-v1_170m_seed142_logpi_20260615_004405.jsonl:371:693ca7f03f274fb329619217e5a801e797ec02155f78afc89afaee13c3c79d32"",""data/metrics_faithfulness_metrics_PickCube-v1_170m_seed142_logpi_20260615_004405.jsonl:372:72917f6bfed9227c29aae2675e2635e6009e3f329ffdf712607e322807663884"",""data/metrics_faithfulness_metrics_PickCube-v1_170m_seed142_logpi_20260615_004405.jsonl:373:b974ea97343d7b69f3aaa046339bb0f31d56a7fcbd8632201040544e0411576c"",""data/metrics_faithfulness_metrics_PickCube-v1_170m_seed142_logpi_20260615_004405.jsonl:374:75f76c464a253e15e4ec07827bbb317ddc7bc728cdcd55cf1dd10cd4650a4360"",""data/metrics_faithfulness_metrics_PickCube-v1_170m_seed142_logpi_20260615_004405.jsonl:375:954ce3f16bf85ff22c9155b08a09aa57cf9d5dff9741924dfc7b1bad5fbe2db8""]",0.12365797625804395,-0.051554866078381965,0.0
Q:vision:insertion,Q,vision,insertion,e3a99e407e411281daa72c3b8f5ebf0c6b5fc6286cd0fc22f96769f6596aaee7,25,25,-55.887365536206865,"[""data/metrics_faithfulness_metrics_PickCube-v1_170m_seed42_logpi_20260615_004816.jsonl:326:781a4a55728374ddf103362eebfb6f6ba60ca4d0b5db9a211898d8864ca97da2"",""data/metrics_faithfulness_metrics_PickCube-v1_170m_seed42_logpi_20260615_004816.jsonl:327:86ef20a587cefa412efe078adffac8690e2efddbfb6640c7fef27ed435dbe2df"",""data/metrics_faithfulness_metrics_PickCube-v1_170m_seed42_logpi_20260615_004816.jsonl:328:00c07ed47c0daf01514e882aad42d75b02eb8754de1b2ca0e8bf5869ff7af090"",""data/metrics_faithfulness_metrics_PickCube-v1_170m_seed42_logpi_20260615_004816.jsonl:329:78d7930e3e33c13c5696ce0bc427939874d6f142777824795bdab9922137673b"",""data/metrics_faithfulness_metrics_PickCube-v1_170m_seed42_logpi_20260615_004816.jsonl:330:7cf052266208d2c27d729e3b972210dbdb8e78ebd66372ce583e62039c6718d9"",""data/metrics_faithfulness_metrics_PickCube-v1_170m_seed42_logpi_20260615_004816.jsonl:331:7176b9e869108ee78ce8dc226cb6b08bed2404c3c802741724cbdc54863d7d8e"",""data/metrics_faithfulness_metrics_PickCube-v1_170m_seed42_logpi_20260615_004816.jsonl:332:97a49d92d5bb3e1047f84654ad13a24548260d70d5a7ce809bc42702e6700807"",""data/metrics_faithfulness_metrics_PickCube-v1_170m_seed42_logpi_20260615_004816.jsonl:333:dde1e9bcfb4bf2641bf3e0842ba7d76b9ed79532cbad02d3e27be135d770b60b"",""data/metrics_faithfulness_metrics_PickCube-v1_170m_seed42_logpi_20260615_004816.jsonl:334:64a4308505461393fdc12bffa8de8d5cdac9cd1a2f09e6b680ba5096329bc393"",""data/metrics_faithfulness_metrics_PickCube-v1_170m_seed42_logpi_20260615_004816.jsonl:335:c3cb94c6a1d490120dc1244e4b5e9ada60797164217d6a27a5a12551bb36e954"",""data/metrics_faithfulness_metrics_PickCube-v1_170m_seed42_logpi_20260615_004816.jsonl:336:6b5762632c607f6d539959aa87341abe8e53f84c14e43ef3d6a5178d2eb87456"",""data/metrics_faithfulness_metrics_PickCube-v1_170m_seed42_logpi_20260615_004816.jsonl:337:7df5348b3f46675ebd9b29d8c4c124207b72a1201b19aa0477ee3122ccdf6ef3"",""data/metrics_faithfulness_metrics_PickCube-v1_170m_seed42_logpi_20260615_004816.jsonl:338:dd59265baf1498f5979a8421e1a7e8094dca198194dd25f3d780b7e0a6acb879"",""data/metrics_faithfulness_metrics_PickCube-v1_170m_seed42_logpi_20260615_004816.jsonl:339:cb73bb700ccaac15b6c4bf852c02983143c6eab0048c55e3733c9b75d91b87c3"",""data/metrics_faithfulness_metrics_PickCube-v1_170m_seed42_logpi_20260615_004816.jsonl:340:a4a64f6166129a57a994be4534423b233e4372ed10d3942280812601fb476acf"",""data/metrics_faithfulness_metrics_PickCube-v1_170m_seed42_logpi_20260615_004816.jsonl:341:d5d92bae3a75b21cc7fdf797c286bbcf7fc01dc13c346fe144676f593b18cbb1"",""data/metrics_faithfulness_metrics_PickCube-v1_170m_seed42_logpi_20260615_004816.jsonl:342:2791f0e992a04f343238d24a192073c16ef413da5a67ea204a7cdce15d6b8bee"",""data/metrics_faithfulness_metrics_PickCube-v1_170m_seed42_logpi_20260615_004816.jsonl:343:02da77da04d4b538b7fd3e4e20056c6e8af9da8df6b07502e1f15f41bdc96f5d"",""data/metrics_faithfulness_metrics_PickCube-v1_170m_seed42_logpi_20260615_004816.jsonl:344:48817ea4c07a563fdf3c255210e63fc34c12c6f645f2ed67da5fdbb254370079"",""data/metrics_faithfulness_metrics_PickCube-v1_170m_seed42_logpi_20260615_004816.jsonl:345:d8a78eff5db0a3e0e358a23c17ba6f96903a63cad8a32d6139a2d78dcf1704b5"",""data/metrics_faithfulness_metrics_PickCube-v1_170m_seed42_logpi_20260615_004816.jsonl:346:10ddd873706f71ec390be108989d9f92011f70ac56015fcf726cab68a767d591"",""data/metrics_faithfulness_metrics_PickCube-v1_170m_seed42_logpi_20260615_004816.jsonl:347:333841d609da92908024a42a5069d16e993ba616cf7fed5165846e7d2fbbcefb"",""data/metrics_faithfulness_metrics_PickCube-v1_170m_seed42_logpi_20260615_004816.jsonl:348:4c2cbdd2665fa64f48d06f6829a11fd6b7facb75b648f3d420a324d90dad647b"",""data/metrics_faithfulness_metrics_PickCube-v1_170m_seed42_logpi_20260615_004816.jsonl:349:31ec33916d4e900332093e11b2af2373e97429e21d9fdb92da777c81a3c0a2a9"",""data/metrics_faithfulness_metrics_PickCube-v1_170m_seed42_logpi_20260615_004816.jsonl:350:962fc286eb88e0ee0852c1f5a787962e14468ba2765ff400e8264ca74e51ebf0""]",0.1240583668850037,-56.01142390309189,0.0
Q:vision:insertion,Q,vision,insertion,f2908d38a9826fba0ee8384967e769698dfa1ed3e3d485e8ac232f37b331a773,25,25,0.13896785931706612,"[""data/metrics_faithfulness_metrics_PickCube-v1_170m_seed142_logpi_20260615_004405.jsonl:301:5b8a2a3bd8b13bcaf7c903c61d2c99054267e31c802e166a856063519c258b35"",""data/metrics_faithfulness_metrics_PickCube-v1_170m_seed142_logpi_20260615_004405.jsonl:302:631fa796026b8f738dd70a81676bce624d8042b30c9a933dc3c640a968f1d933"",""data/metrics_faithfulness_metrics_PickCube-v1_170m_seed142_logpi_20260615_004405.jsonl:303:ea9fb08caa95d4b0bd60d820a4a6cf91b7900bd43a32f8761c0cc0956e37f38c"",""data/metrics_faithfulness_metrics_PickCube-v1_170m_seed142_logpi_20260615_004405.jsonl:304:7e35b6a952d0f76237efe7879399f9b098058e97edf56e409a21e5425c21e5ad"",""data/metrics_faithfulness_metrics_PickCube-v1_170m_seed142_logpi_20260615_004405.jsonl:305:8ace1952a12979ddbe9cd299e5facc39071c60b0095807ddd94a0d97f2c98943"",""data/metrics_faithfulness_metrics_PickCube-v1_170m_seed142_logpi_20260615_004405.jsonl:306:23dd2039be8590a2fbcf8109f05b9954d4aba2238f9270b4b57955c02c3a92fa"",""data/metrics_faithfulness_metrics_PickCube-v1_170m_seed142_logpi_20260615_004405.jsonl:307:746f4441407aa19e2ee952e37bd5d6abde460013b6901737b8145867800d1817"",""data/metrics_faithfulness_metrics_PickCube-v1_170m_seed142_logpi_20260615_004405.jsonl:308:d5d1b65a7cc20c91d66df94aa043ba2b7312cd9c3d27a5dba8eea40e063526a3"",""data/metrics_faithfulness_metrics_PickCube-v1_170m_seed142_logpi_20260615_004405.jsonl:309:ec0fc6d6668ecdf8854c72d58817728bc7de5148e712f56105926a5df5731216"",""data/metrics_faithfulness_metrics_PickCube-v1_170m_seed142_logpi_20260615_004405.jsonl:310:640d8d642cb6c3c919af0d0cef0bf1272c055c1966354aa91e2dc7e0d5cb7771"",""data/metrics_faithfulness_metrics_PickCube-v1_170m_seed142_logpi_20260615_004405.jsonl:311:4cd0a9b85c930a3b4614107e6346245c027db157fccf6d8809dd5915052aa1aa"",""data/metrics_faithfulness_metrics_PickCube-v1_170m_seed142_logpi_20260615_004405.jsonl:312:7ddcd4e1e7870e1287a107940582d30cdfddf55abba084e6952ca1cdad413573"",""data/metrics_faithfulness_metrics_PickCube-v1_170m_seed142_logpi_20260615_004405.jsonl:313:f2083e4b55e0cf6243d56cfbba9464961c265899c78792d8fa32ffef4786402d"",""data/metrics_faithfulness_metrics_PickCube-v1_170m_seed142_logpi_20260615_004405.jsonl:314:f81124cd1183747706f27cbe4ae9de49286033f751cd4a0702f0cc4848f533e1"",""data/metrics_faithfulness_metrics_PickCube-v1_170m_seed142_logpi_20260615_004405.jsonl:315:83f1e48b13816bc3d2ec8168e061d2ec12baefac506679bcbb1d40a985d4c3c3"",""data/metrics_faithfulness_metrics_PickCube-v1_170m_seed142_logpi_20260615_004405.jsonl:316:862462ff018d123ba7f4dd4fc14c45e182ee19596f03a204d6f345de14de0a3b"",""data/metrics_faithfulness_metrics_PickCube-v1_170m_seed142_logpi_20260615_004405.jsonl:317:70840c33350283187594f34066f3e3794aff7b667636e4c9188e92656873f06e"",""data/metrics_faithfulness_metrics_PickCube-v1_170m_seed142_logpi_20260615_004405.jsonl:318:40d48cf36a76a7c207d5f771fc99ebe4a9f67dd12c60b6a43cd7d20afa09aaa3"",""data/metrics_faithfulness_metrics_PickCube-v1_170m_seed142_logpi_20260615_004405.jsonl:319:212291f08ae87b94badf45701f1471da6d817ed4335161c82a53e9af22f5e791"",""data/metrics_faithfulness_metrics_PickCube-v1_170m_seed142_logpi_20260615_004405.jsonl:320:dbaa952792a150bddb55cabd51c2160d4d3652cee8ae0a9ee9280b3056f48d4d"",""data/metrics_faithfulness_metrics_PickCube-v1_170m_seed142_logpi_20260615_004405.jsonl:321:d9e07af7cf1c9c5894efc350d142ebd63e7ca548b55eae5e231f61529c5fe05e"",""data/metrics_faithfulness_metrics_PickCube-v1_170m_seed142_logpi_20260615_004405.jsonl:322:5b706233387d9171ae77e4dd66f015679be64107405ea9e2abce700dd5dbfb6b"",""data/metrics_faithfulness_metrics_PickCube-v1_170m_seed142_logpi_20260615_004405.jsonl:323:09b7369045a6f0fadeb074e9a5c90d278dfe0450a94f6ccfc04aea955ffce145"",""data/metrics_faithfulness_metrics_PickCube-v1_170m_seed142_logpi_20260615_004405.jsonl:324:2c38d0e6dd568ef1cefb72f3e2af307cf1dccea964926ec30f96cdbf5194470d"",""data/metrics_faithfulness_metrics_PickCube-v1_170m_seed142_logpi_20260615_004405.jsonl:325:87989c9e975701c033b60d7365b82c66126228659f7ee20d30535373fd277334""]",0.13945627116586115,-0.0004884118487949917,0.0
Q:vision:deletion,Q,vision,deletion,191aee1de1b4b546af03843b6964f4c298808fffed0a3a498e29165a12014545,25,25,0.14833283942291556,"[""data/metrics_faithfulness_metrics_PickCube-v1_170m_seed142_logpi_20260615_004405.jsonl:10:65dc5a1980858c78d730ab30c72c1092ef0476bceed6c4b46741e74330e2d0d2"",""data/metrics_faithfulness_metrics_PickCube-v1_170m_seed142_logpi_20260615_004405.jsonl:11:75d3a511d53f70fc4f632d70ab97f71cb85514746f6a87767467c0fc0ab8f1eb"",""data/metrics_faithfulness_metrics_PickCube-v1_170m_seed142_logpi_20260615_004405.jsonl:12:4249878ff96bc0d91e3023eea9fa95ea4fa7671dd02a1680ef889441075b864d"",""data/metrics_faithfulness_metrics_PickCube-v1_170m_seed142_logpi_20260615_004405.jsonl:13:3db36f6867d33c87980c809d84b05cb6a61f6f01a9a8ce5477e603c35aceebdb"",""data/metrics_faithfulness_metrics_PickCube-v1_170m_seed142_logpi_20260615_004405.jsonl:14:9900d6cdbeb526c3344228989ea5f972d38a17eb69a2dc302dbd13c760fe224e"",""data/metrics_faithfulness_metrics_PickCube-v1_170m_seed142_logpi_20260615_004405.jsonl:15:ff2375ceed5bf269fac36d3f677e29171102886e0649c02d2bf54bfc05957416"",""data/metrics_faithfulness_metrics_PickCube-v1_170m_seed142_logpi_20260615_004405.jsonl:16:9616481f4f1b4a92f0f29a5e3151708959aacf452522322cf717a71a95755c9d"",""data/metrics_faithfulness_metrics_PickCube-v1_170m_seed142_logpi_20260615_004405.jsonl:17:b7e6a67549c4df29e85ce17d80b08b0ef71bd1df201c6d204e328258659eb251"",""data/metrics_faithfulness_metrics_PickCube-v1_170m_seed142_logpi_20260615_004405.jsonl:18:fad087f24a6bda96293c7524878c57ef7a19e595c0352e3c0a4ff6a54f61d18b"",""data/metrics_faithfulness_metrics_PickCube-v1_170m_seed142_logpi_20260615_004405.jsonl:19:ae1d066e80f891c601515ea3592a33938dab851c0ca9b357b5da7e769834618f"",""data/metrics_faithfulness_metrics_PickCube-v1_170m_seed142_logpi_20260615_004405.jsonl:1:ae1c4cca55ab96cae6998e8419338121de263e18ee0c1111e13245b28617c11c"",""data/metrics_faithfulness_metrics_PickCube-v1_170m_seed142_logpi_20260615_004405.jsonl:20:c45de81ba2730062d732209fcbe4d511c7cc6215b43e773b3abbee60007ff1e3"",""data/metrics_faithfulness_metrics_PickCube-v1_170m_seed142_logpi_20260615_004405.jsonl:21:99f7f95581ede46ed76ed95094fe95ca075315ffd1d9de76f550eb892932280d"",""data/metrics_faithfulness_metrics_PickCube-v1_170m_seed142_logpi_20260615_004405.jsonl:22:51b59e5fdcbc905153c13a1cae194ba79f58c4cfcf9d6a292f5ba709b5f31dfe"",""data/metrics_faithfulness_metrics_PickCube-v1_170m_seed142_logpi_20260615_004405.jsonl:23:85478123998e76c6c15bb9d9da0a22cc9aed74b1bbe6748e7904b1f96d074b9e"",""data/metrics_faithfulness_metrics_PickCube-v1_170m_seed142_logpi_20260615_004405.jsonl:24:51ab94b058496e8724db6c4c2dc09e39017ac92c63a9713a5b977d7b69d4179d"",""data/metrics_faithfulness_metrics_PickCube-v1_170m_seed142_logpi_20260615_004405.jsonl:25:862c2854a96c1fd5fdcdb6af91675eb6ba0a2687beab195362b49b869a90001b"",""data/metrics_faithfulness_metrics_PickCube-v1_170m_seed142_logpi_20260615_004405.jsonl:2:eef15b2877877d91b1a80c880172faa8f8a52b268bad96f84346b46e65670ce4"",""data/metrics_faithfulness_metrics_PickCube-v1_170m_seed142_logpi_20260615_004405.jsonl:3:e91c5b885eb6f19ddde72716bf6d4bd114b64abba74f092fbeb4bc76021e6edf"",""data/metrics_faithfulness_metrics_PickCube-v1_170m_seed142_logpi_20260615_004405.jsonl:4:092f6295920eb17fabd834786f355ed6e0abc8e91b116bfaca8d3e4e10f2ec9a"",""data/metrics_faithfulness_metrics_PickCube-v1_170m_seed142_logpi_20260615_004405.jsonl:5:1b5a443c682ffa84417f118f8896144d2501e5706537ecb1de8c214e7bfd916d"",""data/metrics_faithfulness_metrics_PickCube-v1_170m_seed142_logpi_20260615_004405.jsonl:6:634edf10a3526aeaee3c588a72c72c817017e4a777f9f33ef4f322e66c481228"",""data/metrics_faithfulness_metrics_PickCube-v1_170m_seed142_logpi_20260615_004405.jsonl:7:da8ae6c7536113713dc78dbc77193bfc51809cfb58c5d8d57edb69da8e7f624d"",""data/metrics_faithfulness_metrics_PickCube-v1_170m_seed142_logpi_20260615_004405.jsonl:8:cad3e350e53871742671fc2c21911af438eaa8a550b2be42e220fc6620b32dfa"",""data/metrics_faithfulness_metrics_PickCube-v1_170m_seed142_logpi_20260615_004405.jsonl:9:0bfb2f0266d759fe52a98ff937737faacd296d5752eb0a47eb97d8382f64fe15""]",0.14893519550359918,-0.0006023560806836164,0.0
Q:vision:deletion,Q,vision,deletion,1f0b52cbb142d1064d714d4fd72127415ca7d7d39233449337d33eb733a5ab92,25,25,0.04997079018873613,"[""data/metrics_faithfulness_metrics_PickCube-v1_170m_seed142_logpi_20260615_004405.jsonl:151:2b3a2c52ae0f0daf20fe08c08fd643a8de2582ca85313d332d5e7375efbc5837"",""data/metrics_faithfulness_metrics_PickCube-v1_170m_seed142_logpi_20260615_004405.jsonl:152:0d3cbdd478726e827755d4cf9af0c9f6f712c00d53ca3bcda730e459185c9f48"",""data/metrics_faithfulness_metrics_PickCube-v1_170m_seed142_logpi_20260615_004405.jsonl:153:8d52d8acb1a10e8cb98268386ce46bc2792d0ad12fa106accc366362fa7ad471"",""data/metrics_faithfulness_metrics_PickCube-v1_170m_seed142_logpi_20260615_004405.jsonl:154:8994a3dc39147be3fbb82097c7f2a4584dfdb8eee0797bd69adc2f4678411194"",""data/metrics_faithfulness_metrics_PickCube-v1_170m_seed142_logpi_20260615_004405.jsonl:155:6839a558ba4b9f73ef13849dfdbcc47bdf2efbc9add7dcaea56275b5d5c299ba"",""data/metrics_faithfulness_metrics_PickCube-v1_170m_seed142_logpi_20260615_004405.jsonl:156:98618f1a8f0e712e30d0cec59472670e4318b98547763b0f0625a27f2dee3dd1"",""data/metrics_faithfulness_metrics_PickCube-v1_170m_seed142_logpi_20260615_004405.jsonl:157:4540fb07d1f60d7ded2d7053188a7915b927f50f7625d120ac869c1d49606d38"",""data/metrics_faithfulness_metrics_PickCube-v1_170m_seed142_logpi_20260615_004405.jsonl:158:43a036e7d060f9180a14ac2f0d9c70397a78ed1308d1b269529529548e601cba"",""data/metrics_faithfulness_metrics_PickCube-v1_170m_seed142_logpi_20260615_004405.jsonl:159:bddcfbe33f13e8199271011ad4eeb64c5ddce80a18d30660091b27dfd02c5bc6"",""data/metrics_faithfulness_metrics_PickCube-v1_170m_seed142_logpi_20260615_004405.jsonl:160:84dce18aa212b91bfb1892a9fbd99a6fcb664e4554d69da7067b5676fdfb584b"",""data/metrics_faithfulness_metrics_PickCube-v1_170m_seed142_logpi_20260615_004405.jsonl:161:1b5714aa59b32c9ccb5c61a67ff94e83c62516edce7cf4b33871611bd173a5ce"",""data/metrics_faithfulness_metrics_PickCube-v1_170m_seed142_logpi_20260615_004405.jsonl:162:a726b757d282ead630e36111cecb43ff701195d59df7c30c59fee1499ee4bd7d"",""data/metrics_faithfulness_metrics_PickCube-v1_170m_seed142_logpi_20260615_004405.jsonl:163:545e49b77a668dab7b42e948552c38f84080c2218ec7b0b2cc62112476f6722d"",""data/metrics_faithfulness_metrics_PickCube-v1_170m_seed142_logpi_20260615_004405.jsonl:164:18fa442eb88f07a0ad829a3cb7758ab9a7604779d549a527607532819644b790"",""data/metrics_faithfulness_metrics_PickCube-v1_170m_seed142_logpi_20260615_004405.jsonl:165:c219fc56e2357207b7682256d1453d3b313ffdce5fdca22e1b6a238c6f94cd1f"",""data/metrics_faithfulness_metrics_PickCube-v1_170m_seed142_logpi_20260615_004405.jsonl:166:8ba125293089b1122debc19c3de12dda080c52a3a7a516f8ea3851295cf302d7"",""data/metrics_faithfulness_metrics_PickCube-v1_170m_seed142_logpi_20260615_004405.jsonl:167:477c21588751dedc9faac7d09417d7927c73cd3a9d63287f2cc6425ebb34e4db"",""data/metrics_faithfulness_metrics_PickCube-v1_170m_seed142_logpi_20260615_004405.jsonl:168:83c97030d0d1f247ee5d4d42415418d4c8370f4b82c22cda6c32cac4d55acc88"",""data/metrics_faithfulness_metrics_PickCube-v1_170m_seed142_logpi_20260615_004405.jsonl:169:6d022970ce43b33713257520d24e5d7851af281ccf5ad1f92a90d5909e57ad52"",""data/metrics_faithfulness_metrics_PickCube-v1_170m_seed142_logpi_20260615_004405.jsonl:170:7a4ab3201cedb446513aa36c78a0893aeab4def500a137efa598339153066ded"",""data/metrics_faithfulness_metrics_PickCube-v1_170m_seed142_logpi_20260615_004405.jsonl:171:64deb465b9753de7d6c178c74ec3e4646095508771d4e48e313c6b26488a0be7"",""data/metrics_faithfulness_metrics_PickCube-v1_170m_seed142_logpi_20260615_004405.jsonl:172:a32b0c7b9fef1968ef6c386312ccb65b2e1484b2719ab8976af2d5a4f19fac5c"",""data/metrics_faithfulness_metrics_PickCube-v1_170m_seed142_logpi_20260615_004405.jsonl:173:dc3dc8b9ef1a8560a1d9cd7e1a963c33e8dfd4e366efc11dbe6e4cf54ee35b69"",""data/metrics_faithfulness_metrics_PickCube-v1_170m_seed142_logpi_20260615_004405.jsonl:174:66d1eeffa17112e8d1a512901c9c32c2d98919f92a64f71d93046d1061aff1a2"",""data/metrics_faithfulness_metrics_PickCube-v1_170m_seed142_logpi_20260615_004405.jsonl:175:e57a9909ed2d290616d98543a428df546daea12261d78985db8a3797622348ea""]",0.1385883717470205,-0.08861758155828435,0.0
Q:vision:deletion,Q,vision,deletion,24a3c0882d8b1b1f86b9b4272a3aab3acb0d6578637578c1bf93b1d2fb3cd5e0,25,25,0.15246112429160863,"[""data/metrics_faithfulness_metrics_PickCube-v1_170m_seed142_logpi_20260615_004405.jsonl:201:cf94138d35396970db62a6d05fe50b36c55763c5df36cd26fe6554102d366602"",""data/metrics_faithfulness_metrics_PickCube-v1_170m_seed142_logpi_20260615_004405.jsonl:202:4a5789dcaf56328b13f037e22c11ba8d43d064a16964b6b05fd1c17b2f4dbb4b"",""data/metrics_faithfulness_metrics_PickCube-v1_170m_seed142_logpi_20260615_004405.jsonl:203:eeb863d3e2bf67eca73a55eeef7cac1478a4e7e375de00737e76aea813c6ce6e"",""data/metrics_faithfulness_metrics_PickCube-v1_170m_seed142_logpi_20260615_004405.jsonl:204:712684886857f62781b10318a46aa41d4e5c733b9ae1768683fc593d67b1fe97"",""data/metrics_faithfulness_metrics_PickCube-v1_170m_seed142_logpi_20260615_004405.jsonl:205:3379dfcc0d96b9b3e9bef9d5f2f3c161eaaacb7a536734000f3c4e8ca10dc9c9"",""data/metrics_faithfulness_metrics_PickCube-v1_170m_seed142_logpi_20260615_004405.jsonl:206:3239d5e81fdbea2e6462503d51911e1fb0b3997e9478866be9501b22c6939b67"",""data/metrics_faithfulness_metrics_PickCube-v1_170m_seed142_logpi_20260615_004405.jsonl:207:52d5f7ee286db53a436c015b4ac4b06dc33b49771bbc4083e3c2d2332868fdfa"",""data/metrics_faithfulness_metrics_PickCube-v1_170m_seed142_logpi_20260615_004405.jsonl:208:45b412168ea40a993f757a4901a9fb98b39d4fe9a2920929605dabd69b427568"",""data/metrics_faithfulness_metrics_PickCube-v1_170m_seed142_logpi_20260615_004405.jsonl:209:c7c1d8b63603054e0c57f5c913e9714261d6c68630bc3202400e636a6f38e69d"",""data/metrics_faithfulness_metrics_PickCube-v1_170m_seed142_logpi_20260615_004405.jsonl:210:ac820d20f4b0c5b047666010e9c25c1f4bb65c4128076d32b5421ab37e0bb902"",""data/metrics_faithfulness_metrics_PickCube-v1_170m_seed142_logpi_20260615_004405.jsonl:211:72640da3cc12356212dcc146172a4d7042ed39cabb764d68e54eb7931f397fde"",""data/metrics_faithfulness_metrics_PickCube-v1_170m_seed142_logpi_20260615_004405.jsonl:212:7e0490ec01bab8bc45b07f24cf13c8badc8089a3e400073ad34122aba5f359e5"",""data/metrics_faithfulness_metrics_PickCube-v1_170m_seed142_logpi_20260615_004405.jsonl:213:f77d757f1376be14f891eb244868a2a9c555ac8fb49d65508469442e53842eb7"",""data/metrics_faithfulness_metrics_PickCube-v1_170m_seed142_logpi_20260615_004405.jsonl:214:66bc24cb87973fb2b7de6aa9c80b2a37d6c6df723b6c412975e8cee75991255b"",""data/metrics_faithfulness_metrics_PickCube-v1_170m_seed142_logpi_20260615_004405.jsonl:215:ce1edec3f0fbd26878ada95396cf6c7acb1f0e6c13f9e363f1b4c78cc846edb8"",""data/metrics_faithfulness_metrics_PickCube-v1_170m_seed142_logpi_20260615_004405.jsonl:216:4550779c0fe5a59a4f34f1793af68e8572e9180e70fb050c38bee1b6f71f1e2a"",""data/metrics_faithfulness_metrics_PickCube-v1_170m_seed142_logpi_20260615_004405.jsonl:217:88ba162c8f5d2f3eb65782cffed9e7c2d2bef6d79b481bd014788db2c0c7870e"",""data/metrics_faithfulness_metrics_PickCube-v1_170m_seed142_logpi_20260615_004405.jsonl:218:a0d4878f47274d52c3370ae15cfecda39eee02b5acc38a92b5764c992d497c2f"",""data/metrics_faithfulness_metrics_PickCube-v1_170m_seed142_logpi_20260615_004405.jsonl:219:9f1b7f25af0f9d2b3c7f62dec0a7f7c2eddfcfbaff0d6e291869dcbdc51ed3c0"",""data/metrics_faithfulness_metrics_PickCube-v1_170m_seed142_logpi_20260615_004405.jsonl:220:f10eae67d45344f21ab6e9e19fdc177f49d68fc95dcb316586ac472f4c8ee0b7"",""data/metrics_faithfulness_metrics_PickCube-v1_170m_seed142_logpi_20260615_004405.jsonl:221:96ee65f393e6bd3a27b7733d31f8e6f6e852854b62f96cf7dfee0d8fa8edd08c"",""data/metrics_faithfulness_metrics_PickCube-v1_170m_seed142_logpi_20260615_004405.jsonl:222:673e1c0e5cac47a748ab52c3a66379d8c26cf608abdba7f7b32562010daa0a67"",""data/metrics_faithfulness_metrics_PickCube-v1_170m_seed142_logpi_20260615_004405.jsonl:223:d6f1cc9d326a3a5fddcf4e5b1b9f2f3f846d8db3c044f58735b5b2ee86c98e6f"",""data/metrics_faithfulness_metrics_PickCube-v1_170m_seed142_logpi_20260615_004405.jsonl:224:786c75596004111213116f41939bb438c82337cfa97638751b2ab2a81e7bc143"",""data/metrics_faithfulness_metrics_PickCube-v1_170m_seed142_logpi_20260615_004405.jsonl:225:2eb252264eeb5b7fc016c4e982eb28d90815cf5311bce1b413203e7b924271c7""]",0.15637129291963545,-0.003910168628026806,0.0
Q:vision:deletion,Q,vision,deletion,27f61b5d31498775570b8dbcc9b9c83721ad9ab1c57e3253db1e70db64a744ea,25,25,0.17749232459813138,"[""data/metrics_faithfulness_metrics_PickCube-v1_170m_seed42_logpi_20260615_004816.jsonl:226:4299c2eeb2d20233b3f7159e678dde4b30ccdb09bd0507caa29bcbf50d883943"",""data/metrics_faithfulness_metrics_PickCube-v1_170m_seed42_logpi_20260615_004816.jsonl:227:d82f6dee9314a6c74f0b4c26af9a901434f360fa0ee5358b7fa6e6fb76563ca0"",""data/metrics_faithfulness_metrics_PickCube-v1_170m_seed42_logpi_20260615_004816.jsonl:228:88d523ad9367df2a44db9a40fd5b2eac5192c9c95d629d78e4feb8e6a9e9f03c"",""data/metrics_faithfulness_metrics_PickCube-v1_170m_seed42_logpi_20260615_004816.jsonl:229:e440120877eef6ba6e8cbf3ffa5d6911838c75d9ef0395398123591c68363739"",""data/metrics_faithfulness_metrics_PickCube-v1_170m_seed42_logpi_20260615_004816.jsonl:230:a17e34955e26dc55fe04161909b38917ba6b4cfdccc4f79ac01dfc2a15db5c98"",""data/metrics_faithfulness_metrics_PickCube-v1_170m_seed42_logpi_20260615_004816.jsonl:231:59fd73694799c24498335fad94433e3b9a40c2111644d302f6a8f88927448404"",""data/metrics_faithfulness_metrics_PickCube-v1_170m_seed42_logpi_20260615_004816.jsonl:232:3889539172b78e89c83ed503c60c198ed9c5b5670898ea508d363f4021f9dd5a"",""data/metrics_faithfulness_metrics_PickCube-v1_170m_seed42_logpi_20260615_004816.jsonl:233:b6410476d562c997386cba32394c583e14238bc7b5216c5999eab84920045c13"",""data/metrics_faithfulness_metrics_PickCube-v1_170m_seed42_logpi_20260615_004816.jsonl:234:57f2e6471d637e9f59bca95fc84389fb9f1cfccdbd78a587da852b259ef44bdd"",""data/metrics_faithfulness_metrics_PickCube-v1_170m_seed42_logpi_20260615_004816.jsonl:235:eb95660d8ab06bca59fe2ef4f8a70fa20504a2a594a389ee58ef173c92f94bf7"",""data/metrics_faithfulness_metrics_PickCube-v1_170m_seed42_logpi_20260615_004816.jsonl:236:a94631c8e75cd593b98174eb45eea9c280c9d1e09861141f981133e78979b7cd"",""data/metrics_faithfulness_metrics_PickCube-v1_170m_seed42_logpi_20260615_004816.jsonl:237:0e4348cb2123a8ea64644bac3292c6fb99970512420723052956791aeff6e05d"",""data/metrics_faithfulness_metrics_PickCube-v1_170m_seed42_logpi_20260615_004816.jsonl:238:dc5f1f87c21066ff9d459e00c7e9d329e1a6788bfe4a262e93682af9d4d494b1"",""data/metrics_faithfulness_metrics_PickCube-v1_170m_seed42_logpi_20260615_004816.jsonl:239:f63c47da519e8053a072f95416737ea86f341d624496bc4312bef08b65bea775"",""data/metrics_faithfulness_metrics_PickCube-v1_170m_seed42_logpi_20260615_004816.jsonl:240:c4a8a64ef880958f69e4d5253c4e4b7def787981e47ab0f7057653abd40e5638"",""data/metrics_faithfulness_metrics_PickCube-v1_170m_seed42_logpi_20260615_004816.jsonl:241:e67c51621bf022b39ee93e4bfefb35addcdefbeb06ccdf5a3022b569bbabb44c"",""data/metrics_faithfulness_metrics_PickCube-v1_170m_seed42_logpi_20260615_004816.jsonl:242:88378eb773530f46f72d5c8d556e5cde2811c462c61d39665265e7e140bd1587"",""data/metrics_faithfulness_metrics_PickCube-v1_170m_seed42_logpi_20260615_004816.jsonl:243:04960c4dffda9c5d3a23b2d2763b3f51c2ddf1d860c5520cebcf0a2df4f0b36b"",""data/metrics_faithfulness_metrics_PickCube-v1_170m_seed42_logpi_20260615_004816.jsonl:244:728ec656d942e8d08879bbb5dc190ea734fbabbde96b16713bce1e699902d2cf"",""data/metrics_faithfulness_metrics_PickCube-v1_170m_seed42_logpi_20260615_004816.jsonl:245:8543158934e04ec4df7297431316f4290283a7f0d4a22e99ec22a989773aab63"",""data/metrics_faithfulness_metrics_PickCube-v1_170m_seed42_logpi_20260615_004816.jsonl:246:c646ad07be01606f96f8f81b8e51637860bc42e48b0f59addae61ac31e6803cb"",""data/metrics_faithfulness_metrics_PickCube-v1_170m_seed42_logpi_20260615_004816.jsonl:247:a1a6758f0cf0fe2ec0045fdabe92f9d85ff0d62e13f9d1b07e214f66b27dccfb"",""data/metrics_faithfulness_metrics_PickCube-v1_170m_seed42_logpi_20260615_004816.jsonl:248:ee5adc02a02ffabe906fc189f348e472bb1259a7120b0a0bd7dc39b05c12801d"",""data/metrics_faithfulness_metrics_PickCube-v1_170m_seed42_logpi_20260615_004816.jsonl:249:59ec52817d4206dd2848aa21b11a64b5ad84ca369a175de83d6f806c4108eb19"",""data/metrics_faithfulness_metrics_PickCube-v1_170m_seed42_logpi_20260615_004816.jsonl:250:d997c7736db7d3ff94310587f72351c87794d0483f9197e3a634c88dff0a5c92""]",0.17806476202894647,-0.0005724374308150828,0.0
Q:vision:deletion,Q,vision,deletion,32e0dcd619d7a7fd1c86028b4a03fbef981d32a29df06654ff6aecacd14c516e,25,25,0.15982091610557606,"[""data/metrics_faithfulness_metrics_PickCube-v1_170m_seed42_logpi_20260615_004816.jsonl:126:eb55f9cdbe440cc41370d05c43a11e1c7132ca3c5aa8d01bfc920ee746589154"",""data/metrics_faithfulness_metrics_PickCube-v1_170m_seed42_logpi_20260615_004816.jsonl:127:786cb26dbac15aea6647bfe79c0c9fbaa4f8b1c4a8f42b217df59b50e207190a"",""data/metrics_faithfulness_metrics_PickCube-v1_170m_seed42_logpi_20260615_004816.jsonl:128:45b4b543a598082b8513ad947b4122b0f6ade0a3050c8526ae37f8c74e58823c"",""data/metrics_faithfulness_metrics_PickCube-v1_170m_seed42_logpi_20260615_004816.jsonl:129:cb46dde989894ba93606813c3633561a2e4d0c488932a0a9e9e8e455f1120102"",""data/metrics_faithfulness_metrics_PickCube-v1_170m_seed42_logpi_20260615_004816.jsonl:130:f94d0205a6614e3a1e87366ab7c626f819aeae2b8c03a81e3f7a201ccfa63837"",""data/metrics_faithfulness_metrics_PickCube-v1_170m_seed42_logpi_20260615_004816.jsonl:131:92a8fd0549b6dbbf08b371591ba35e19e5755f5e92a9d34871cc701cdafedb31"",""data/metrics_faithfulness_metrics_PickCube-v1_170m_seed42_logpi_20260615_004816.jsonl:132:fa08e685f77f60d0b3a6f196bd659e87ffa187d8bc2a8d34ddf7803fdfeef50d"",""data/metrics_faithfulness_metrics_PickCube-v1_170m_seed42_logpi_20260615_004816.jsonl:133:0fb5550a14f8b2eb01cd05da2ce35740fc2c3051a32b1c146ff9c2cc4a580057"",""data/metrics_faithfulness_metrics_PickCube-v1_170m_seed42_logpi_20260615_004816.jsonl:134:1d566977981b00129e963087e783e0a55ff7fcf611d28bc7d6ecd58428fa0de7"",""data/metrics_faithfulness_metrics_PickCube-v1_170m_seed42_logpi_20260615_004816.jsonl:135:d01f091fefc4af8817257238bcab921138b3ac501bfb67e1180d2ad2696b27d0"",""data/metrics_faithfulness_metrics_PickCube-v1_170m_seed42_logpi_20260615_004816.jsonl:136:8c6c1acebe76541460c1b64e58af224b55d29f4de8a450711c3628b76521b1c3"",""data/metrics_faithfulness_metrics_PickCube-v1_170m_seed42_logpi_20260615_004816.jsonl:137:52318e9b9e4e29398931a34c60926a016a805e57ad106e5625210bb67c13e236"",""data/metrics_faithfulness_metrics_PickCube-v1_170m_seed42_logpi_20260615_004816.jsonl:138:c3881083fe606fa3315bc86b9a92c61c8d98193ee1607453b7786622991b89b4"",""data/metrics_faithfulness_metrics_PickCube-v1_170m_seed42_logpi_20260615_004816.jsonl:139:93a4432e22952ec48b9ffca0f383855695da27f2f87867e584026216f9627992"",""data/metrics_faithfulness_metrics_PickCube-v1_170m_seed42_logpi_20260615_004816.jsonl:140:95c846b96d2880ecc3d1c6a1d47d7a4f5af62c5db262aec59268e6c284070cc3"",""data/metrics_faithfulness_metrics_PickCube-v1_170m_seed42_logpi_20260615_004816.jsonl:141:2e81da58a654b302019a7214c75a3685264248c173226b36b280d49169d0d576"",""data/metrics_faithfulness_metrics_PickCube-v1_170m_seed42_logpi_20260615_004816.jsonl:142:0c650504d075034ea5438d08a793014fc37bba016eacab6925bbd64989b772d0"",""data/metrics_faithfulness_metrics_PickCube-v1_170m_seed42_logpi_20260615_004816.jsonl:143:de1458ef888897da958183fed20575406dbb0a29082c4f300a72a5daae427e96"",""data/metrics_faithfulness_metrics_PickCube-v1_170m_seed42_logpi_20260615_004816.jsonl:144:744ce0a12a06c2a8436aa2743ac6a09a61a01f12cfa02999b4632329d294920f"",""data/metrics_faithfulness_metrics_PickCube-v1_170m_seed42_logpi_20260615_004816.jsonl:145:db1ec5b01fd69ab0a2994d4cbe16eb62a9c8b7c352dfa7dbd866c32a7665c72f"",""data/metrics_faithfulness_metrics_PickCube-v1_170m_seed42_logpi_20260615_004816.jsonl:146:a046b11b85557a4ec3de3a45c359dbba76115a0e0e3c9af35751eb1a18d734e2"",""data/metrics_faithfulness_metrics_PickCube-v1_170m_seed42_logpi_20260615_004816.jsonl:147:01972884008b452be2911143dd506ceb077cca7e7b1fcac5693d17184111e8ba"",""data/metrics_faithfulness_metrics_PickCube-v1_170m_seed42_logpi_20260615_004816.jsonl:148:60064b3ef0dcb309fc03ebe26757733d4e4f1c210885628ede633656940fe7e3"",""data/metrics_faithfulness_metrics_PickCube-v1_170m_seed42_logpi_20260615_004816.jsonl:149:efb1a8ce2beaa8a51444ef4b3340d57367f69153ff23015e57401ad73c6b34b5"",""data/metrics_faithfulness_metrics_PickCube-v1_170m_seed42_logpi_20260615_004816.jsonl:150:c68f8af7dc5ca1890f157bfbe63b73a8df538af4d66cc3861e041a7debf02f72""]",0.17335190041383655,-0.013530984308260491,0.0
Q:vision:deletion,Q,vision,deletion,36ab2b8951bf4cca61cf9c49471c43a1175d275c5098156c66b51afc30b30151,25,25,0.16210969102908412,"[""data/metrics_faithfulness_metrics_PickCube-v1_170m_seed142_logpi_20260615_004405.jsonl:26:fdf56ea123f0806aff6ef92a38c89efb6ec7d485b4649e0f98beb834d423f5b0"",""data/metrics_faithfulness_metrics_PickCube-v1_170m_seed142_logpi_20260615_004405.jsonl:27:b30abfb4b2174d710c05b2e343590de9b803fef87919cd8874d36b1ba0a70b0c"",""data/metrics_faithfulness_metrics_PickCube-v1_170m_seed142_logpi_20260615_004405.jsonl:28:73f7f16084ec7e86a42699abb8f894be4fde2150b9ad465ae0491298276dbc5e"",""data/metrics_faithfulness_metrics_PickCube-v1_170m_seed142_logpi_20260615_004405.jsonl:29:d7a6e21b6a639a0938a517f28ac41df209bab235f4ea351a016bd47ed168c303"",""data/metrics_faithfulness_metrics_PickCube-v1_170m_seed142_logpi_20260615_004405.jsonl:30:9a566e20aabca5ce7308920b46ea9a657fb681c418d4534a57cb73fc09a5f25d"",""data/metrics_faithfulness_metrics_PickCube-v1_170m_seed142_logpi_20260615_004405.jsonl:31:0ddf87bfab11580c39b74d72c3ff28dfd1e140b2ebdbfa0a8aa33327e80eab38"",""data/metrics_faithfulness_metrics_PickCube-v1_170m_seed142_logpi_20260615_004405.jsonl:32:494168156df3248b420fbd07dcc67d050170dbca4efc36c327e7bce7bc7d006f"",""data/metrics_faithfulness_metrics_PickCube-v1_170m_seed142_logpi_20260615_004405.jsonl:33:acc43605e774e25c6bb62cb7cb163f4e2b0fb7806763026f6da8f405d99db495"",""data/metrics_faithfulness_metrics_PickCube-v1_170m_seed142_logpi_20260615_004405.jsonl:34:281cfb915952edbabc8071121994ec9ac67238f5869a440e8726cb9bb7cf6a77"",""data/metrics_faithfulness_metrics_PickCube-v1_170m_seed142_logpi_20260615_004405.jsonl:35:8a58fd8cfb306f7bd3abf10bbab707339561b4d68ed1bfcaac6d4afe061a743f"",""data/metrics_faithfulness_metrics_PickCube-v1_170m_seed142_logpi_20260615_004405.jsonl:36:096c7a491f782ec119987d2ee30a7550401011d00fb29497a91802646bb6167c"",""data/metrics_faithfulness_metrics_PickCube-v1_170m_seed142_logpi_20260615_004405.jsonl:37:299ca626ead74d08cc2776e21a3846659bf9a28c7983987f1956bbaeb238aba7"",""data/metrics_faithfulness_metrics_PickCube-v1_170m_seed142_logpi_20260615_004405.jsonl:38:47bd730c9ac4247a91b28caa16fda399e9cb6cef64f46e65a5ecf47138bd89a3"",""data/metrics_faithfulness_metrics_PickCube-v1_170m_seed142_logpi_20260615_004405.jsonl:39:a7336f6b3e75a19bf6c07f366d147266ac92865fb58d79d753b2e2d2cfb958c7"",""data/metrics_faithfulness_metrics_PickCube-v1_170m_seed142_logpi_20260615_004405.jsonl:40:76d6ca089a758d229e3b1f86674fdc6c5e69098feb963bb855cafc73a1e68632"",""data/metrics_faithfulness_metrics_PickCube-v1_170m_seed142_logpi_20260615_004405.jsonl:41:8221ce21f272795b587e3f646a9c7e1823309c7e18e30da13edf50fdcc82fb0b"",""data/metrics_faithfulness_metrics_PickCube-v1_170m_seed142_logpi_20260615_004405.jsonl:42:91da55750e7dcd400faed36b55f490f14fe6f8b995cb3bb31e0c9d275517745e"",""data/metrics_faithfulness_metrics_PickCube-v1_170m_seed142_logpi_20260615_004405.jsonl:43:6e32a065f18a013810fb4c1f62a16e1e24db4ac4ab1548793a4246eb02c26761"",""data/metrics_faithfulness_metrics_PickCube-v1_170m_seed142_logpi_20260615_004405.jsonl:44:304c1b225f238977658d0e79f2d5b7dcdd56f4f28a0719b34490b56a5346a591"",""data/metrics_faithfulness_metrics_PickCube-v1_170m_seed142_logpi_20260615_004405.jsonl:45:eedce1fe1d48fd494f414d0a5d4964d39f4d1190b400a49e9417c3be695938a9"",""data/metrics_faithfulness_metrics_PickCube-v1_170m_seed142_logpi_20260615_004405.jsonl:46:ddf1c8a06116316864d20810c82794b34af3bf3fcdee80015ccbca2c734f7961"",""data/metrics_faithfulness_metrics_PickCube-v1_170m_seed142_logpi_20260615_004405.jsonl:47:867408f732405ff329f106632faca7306fe79df0357433cb5bf3d8e5bd0b39c6"",""data/metrics_faithfulness_metrics_PickCube-v1_170m_seed142_logpi_20260615_004405.jsonl:48:23a3566647e4fcbdbd4f5e73235a2820906ad51575631aa239c1077623b199e4"",""data/metrics_faithfulness_metrics_PickCube-v1_170m_seed142_logpi_20260615_004405.jsonl:49:7392bb4b28c8948283f128653a980872420467e3ba89e927dc24da8d517c36df"",""data/metrics_faithfulness_metrics_PickCube-v1_170m_seed142_logpi_20260615_004405.jsonl:50:48a46e9654d23c3756e86d4559eb8d0c5c7ef2e7307836ed6eb4425575cadf59""]",0.16212506700024876,-1.5375971164633847e-05,0.0
Q:vision:deletion,Q,vision,deletion,39760a0d919116dd9438dbb5b4b1a1479cc2b12fbda1f3757fa314a6c1509204,25,25,0.11717818855563378,"[""data/metrics_faithfulness_metrics_PickCube-v1_170m_seed42_logpi_20260615_004816.jsonl:276:ebd7447934cb34037b91ace41b733652b95123c0d0780e349d8543bad96eb5dc"",""data/metrics_faithfulness_metrics_PickCube-v1_170m_seed42_logpi_20260615_004816.jsonl:277:31364473099e306247124d3804b17745ca49a160f27faaffdc0581b2966b0ddb"",""data/metrics_faithfulness_metrics_PickCube-v1_170m_seed42_logpi_20260615_004816.jsonl:278:52e88572dc9cb8d85d8e333a3a97137e718395d58a6af3b3fc4a22c8833899c3"",""data/metrics_faithfulness_metrics_PickCube-v1_170m_seed42_logpi_20260615_004816.jsonl:279:2501413ce1f3dd821a63b037ba0e6c7e963b0d8087ca9d75e98a93f7ee364d5e"",""data/metrics_faithfulness_metrics_PickCube-v1_170m_seed42_logpi_20260615_004816.jsonl:280:e681feabd2906bacc84656bd3dc800cc32dfb17f1c55f40c898307eb1d851461"",""data/metrics_faithfulness_metrics_PickCube-v1_170m_seed42_logpi_20260615_004816.jsonl:281:cf460c1a2f724531a07ee6fa2d13cbd871fb24177d6e3829475dc1d62c53c68f"",""data/metrics_faithfulness_metrics_PickCube-v1_170m_seed42_logpi_20260615_004816.jsonl:282:77c7662ae9d4e300a87fca596ded61acd729800dd59b6cc0a5cd541a76daff8e"",""data/metrics_faithfulness_metrics_PickCube-v1_170m_seed42_logpi_20260615_004816.jsonl:283:2929dbbf61fc3c5d17e0777a9799d6b0f1e1ebfd74382e763257ba24dadc7728"",""data/metrics_faithfulness_metrics_PickCube-v1_170m_seed42_logpi_20260615_004816.jsonl:284:79652fc832b0e099f7478e07e1329cec9dfe222b1203564b006ebff29a2e9311"",""data/metrics_faithfulness_metrics_PickCube-v1_170m_seed42_logpi_20260615_004816.jsonl:285:64010be7d52d0f2adc166fd8c1b5b2af6cb25444de7181cb403ce80c6a1e616f"",""data/metrics_faithfulness_metrics_PickCube-v1_170m_seed42_logpi_20260615_004816.jsonl:286:01b8e0bc3e970deeebfff8e54090306a4868e7b6c14d00d3428f26fce9d6cfd3"",""data/metrics_faithfulness_metrics_PickCube-v1_170m_seed42_logpi_20260615_004816.jsonl:287:5c59f13bf39dcba135e5f31ad97ad237fe85a90a34121a40c6bd9a537c215bac"",""data/metrics_faithfulness_metrics_PickCube-v1_170m_seed42_logpi_20260615_004816.jsonl:288:4836da1dc41f7c9676265c636fc4f60db5c64b7c1c7304d632fc1506e591b702"",""data/metrics_faithfulness_metrics_PickCube-v1_170m_seed42_logpi_20260615_004816.jsonl:289:2a74ed047c2fe6a240d80e5bf52623517e3310822b64d74ba9a76d70e6679385"",""data/metrics_faithfulness_metrics_PickCube-v1_170m_seed42_logpi_20260615_004816.jsonl:290:74f5e763808f2a2fa8ab4c55136dfc7ddd117d48a7206705d242e4e205d1db08"",""data/metrics_faithfulness_metrics_PickCube-v1_170m_seed42_logpi_20260615_004816.jsonl:291:5c6c428ad595a44aa87a105fe3dc2518ceef0288ae509857eb278cca6b8d6b6f"",""data/metrics_faithfulness_metrics_PickCube-v1_170m_seed42_logpi_20260615_004816.jsonl:292:3844d932749021d8c0365e292d76bc4774153d1241eb97f9c8ca9b2424538813"",""data/metrics_faithfulness_metrics_PickCube-v1_170m_seed42_logpi_20260615_004816.jsonl:293:f6f0e93f29ef9de454b48c36c3eb3bd0b0a57f3c25368b3d00869f5f949846eb"",""data/metrics_faithfulness_metrics_PickCube-v1_170m_seed42_logpi_20260615_004816.jsonl:294:5f46231d7821830f70d932b24c1430e9f2edd6abec8baa3c258aec4c4e913969"",""data/metrics_faithfulness_metrics_PickCube-v1_170m_seed42_logpi_20260615_004816.jsonl:295:61b6e19688eb10c7dc2c00383af338d4873b40695fe1065a6d056589c980168a"",""data/metrics_faithfulness_metrics_PickCube-v1_170m_seed42_logpi_20260615_004816.jsonl:296:e62e6d8656c4c0c544c243475b3ef5cdeebfdd59a7e1e440dceba121a004fb29"",""data/metrics_faithfulness_metrics_PickCube-v1_170m_seed42_logpi_20260615_004816.jsonl:297:f1d5141f887b76c7364c7f619f27f58a372d9c1b90dca9aecffada009bf7aeca"",""data/metrics_faithfulness_metrics_PickCube-v1_170m_seed42_logpi_20260615_004816.jsonl:298:31ee4b6054da138f3d5414fc378309940a5db2f02c09ed41f1acc3c34ef1292f"",""data/metrics_faithfulness_metrics_PickCube-v1_170m_seed42_logpi_20260615_004816.jsonl:299:af212b1fecaf2a5b9976e0d50a01c29899304af5221d3f2eaf6a1ed6684c2892"",""data/metrics_faithfulness_metrics_PickCube-v1_170m_seed42_logpi_20260615_004816.jsonl:300:7f342b2481e820fcf604b4f7f8166c56181155e77baa0adcf2f8edcb4a50fa0d""]",0.1263398997988948,-0.009161711243261015,0.0
Q:vision:deletion,Q,vision,deletion,42c97e1a5389d67a9f6c43513d978f766f6c46c1fb9b7c886874ed00357904db,25,25,0.10227486935510463,"[""data/metrics_faithfulness_metrics_PickCube-v1_170m_seed142_logpi_20260615_004405.jsonl:176:b5b9b7282dcc352715d66e0b1225979c48fa4246919ff414c5bf33a829453682"",""data/metrics_faithfulness_metrics_PickCube-v1_170m_seed142_logpi_20260615_004405.jsonl:177:597fe3e626e3eef6a0b8538eafffbbb0c5463c6bbf8d1683a16bf9c7dcdc88ee"",""data/metrics_faithfulness_metrics_PickCube-v1_170m_seed142_logpi_20260615_004405.jsonl:178:16f38d156cb9a7075ab07e87bdae69b2eb1dcb3bc7dec5fa5b7b303b101e2a29"",""data/metrics_faithfulness_metrics_PickCube-v1_170m_seed142_logpi_20260615_004405.jsonl:179:823c2b5a029f2e3c77d20d4efb97d1e85a8f2e6c0d3d3eff8a0eecf37aac4c71"",""data/metrics_faithfulness_metrics_PickCube-v1_170m_seed142_logpi_20260615_004405.jsonl:180:84d9780112425275ccf5c67c38ac2f5e59ade8af949d87aa186c5ef749258925"",""data/metrics_faithfulness_metrics_PickCube-v1_170m_seed142_logpi_20260615_004405.jsonl:181:a1fa5ced419fad39966b9ce2cad79410584d8b5467db8b696afe93691d8d6af1"",""data/metrics_faithfulness_metrics_PickCube-v1_170m_seed142_logpi_20260615_004405.jsonl:182:674d58f6c84509a76a7bdf17a7e3b8c35e62ca57c1268dee711e60c89d4cbdf8"",""data/metrics_faithfulness_metrics_PickCube-v1_170m_seed142_logpi_20260615_004405.jsonl:183:e477cdc65fc2ce7b18513b7f9d9ef81c7660b2bb0e3443f50bb6aea512fd38d7"",""data/metrics_faithfulness_metrics_PickCube-v1_170m_seed142_logpi_20260615_004405.jsonl:184:60acbd54fd7c0b0dbd9b17eeb755703713aea3982464b8bdd303e9d0008d367b"",""data/metrics_faithfulness_metrics_PickCube-v1_170m_seed142_logpi_20260615_004405.jsonl:185:fa3a31b1d3dfa5e6627b8cb5685a42582e7420bfd0e9dec8c767553210cdfdbe"",""data/metrics_faithfulness_metrics_PickCube-v1_170m_seed142_logpi_20260615_004405.jsonl:186:5854d8ed0538dad065d7f9d32e4cd6dc8d7ee0270481adb75c1e712d1080bb9a"",""data/metrics_faithfulness_metrics_PickCube-v1_170m_seed142_logpi_20260615_004405.jsonl:187:f22018621b42b97924fbfb80683bc3ceed75481f447e59c8972aa97e9596b357"",""data/metrics_faithfulness_metrics_PickCube-v1_170m_seed142_logpi_20260615_004405.jsonl:188:a7676033b00b05d2b3d605ba379eeff9e312f1c62526862784c7e1f32504485f"",""data/metrics_faithfulness_metrics_PickCube-v1_170m_seed142_logpi_20260615_004405.jsonl:189:e87d3a550aa52b3797887c9eb45c779a7b5e6d56edf5e015358e76a52df81abe"",""data/metrics_faithfulness_metrics_PickCube-v1_170m_seed142_logpi_20260615_004405.jsonl:190:19276c8ff79ae433066f0758d77a2817cd3d6897223950b7a79a07a7182c56f0"",""data/metrics_faithfulness_metrics_PickCube-v1_170m_seed142_logpi_20260615_004405.jsonl:191:844f291670247a9376023cc14fb7b12c6a2ecd2869b087bba81ba0282315718c"",""data/metrics_faithfulness_metrics_PickCube-v1_170m_seed142_logpi_20260615_004405.jsonl:192:40e05888149f1ff1e22de4f940b60dff91c7aa29a66e56faa6163230e6d71ebf"",""data/metrics_faithfulness_metrics_PickCube-v1_170m_seed142_logpi_20260615_004405.jsonl:193:24289282dd8f3deda4ffe4a882f18ab62629eda9c0ec86b77fadef1fd728c079"",""data/metrics_faithfulness_metrics_PickCube-v1_170m_seed142_logpi_20260615_004405.jsonl:194:061a92adee3de792c66049c850a0940c5d5d4df2eef1002617de270358bd187c"",""data/metrics_faithfulness_metrics_PickCube-v1_170m_seed142_logpi_20260615_004405.jsonl:195:533ceb6239cfa89895ce0fa9a38965dc711161edb632bdc032ecdcc23c4b3235"",""data/metrics_faithfulness_metrics_PickCube-v1_170m_seed142_logpi_20260615_004405.jsonl:196:c30725e3c9ecb2493be0398655d0914c7ce548fc9729a677b526cb215ed36c81"",""data/metrics_faithfulness_metrics_PickCube-v1_170m_seed142_logpi_20260615_004405.jsonl:197:d3f22a7c395ce66a34e381a9dc34bb9d5da1e3181680ba36ac9e48b868848498"",""data/metrics_faithfulness_metrics_PickCube-v1_170m_seed142_logpi_20260615_004405.jsonl:198:dde578ab69ba9f784dedbb32f5fcefd8d935bdbb69136c6d821cec6fc59f7cf4"",""data/metrics_faithfulness_metrics_PickCube-v1_170m_seed142_logpi_20260615_004405.jsonl:199:d97bb648b5f6f5187f1d4697ec61ff7722867d363db44ffb1b1bfc43d9ffdeb3"",""data/metrics_faithfulness_metrics_PickCube-v1_170m_seed142_logpi_20260615_004405.jsonl:200:346a5eec2187ed2648ca0c6c2554b706289c9fa8cffa4ec0fb3a2dcba62a7a0b""]",0.11955938428722082,-0.017284514932116198,0.0
Q:vision:deletion,Q,vision,deletion,44bc3e69557215144d2ce3ef13d6bdb6ccb161861a7c733f9d2808057b24ed0a,25,25,0.06716797187102493,"[""data/metrics_faithfulness_metrics_PickCube-v1_170m_seed142_logpi_20260615_004405.jsonl:100:8adfe73ec5605e101ce71447bc5e3249ad060faa0c2fb6d80bc0420f7c01fee7"",""data/metrics_faithfulness_metrics_PickCube-v1_170m_seed142_logpi_20260615_004405.jsonl:76:2f826e184f1ccf1a07273a470e98ea722d7be9a72f74e1dbfe875756d36d450c"",""data/metrics_faithfulness_metrics_PickCube-v1_170m_seed142_logpi_20260615_004405.jsonl:77:23bc23c144e180250dadc7cbcd8f2361b126076ad73eb7b629ab54202c400b41"",""data/metrics_faithfulness_metrics_PickCube-v1_170m_seed142_logpi_20260615_004405.jsonl:78:42661f7d56bb6d5aaef47da4320710a954a444246408463282fbf2a9e03fe237"",""data/metrics_faithfulness_metrics_PickCube-v1_170m_seed142_logpi_20260615_004405.jsonl:79:3dc6a2f99a8bad7352bfbdfc8877c82fae54a8b152ded99dd5df7f4cc7318b08"",""data/metrics_faithfulness_metrics_PickCube-v1_170m_seed142_logpi_20260615_004405.jsonl:80:fadae2f534519b41ac168e9dad7690d155e275dfd2cea64011069b8f910b9bf8"",""data/metrics_faithfulness_metrics_PickCube-v1_170m_seed142_logpi_20260615_004405.jsonl:81:eca63296ee57af67bdb5fb67940a05b9ae2f8cccd7d1deed9f0aacfcdc07ba13"",""data/metrics_faithfulness_metrics_PickCube-v1_170m_seed142_logpi_20260615_004405.jsonl:82:94fa44b90c6d4f3261c5f4d1aa45eac6316f79db0113b7930a527b5d94218e30"",""data/metrics_faithfulness_metrics_PickCube-v1_170m_seed142_logpi_20260615_004405.jsonl:83:391058a40dabb86280df1050af07e61ce930e938fe5b8034d4dab5240039e3a1"",""data/metrics_faithfulness_metrics_PickCube-v1_170m_seed142_logpi_20260615_004405.jsonl:84:66ab9bbe269015ffba83002740d7a6f27c3629d15a7d6af7c3df31f9d42708c2"",""data/metrics_faithfulness_metrics_PickCube-v1_170m_seed142_logpi_20260615_004405.jsonl:85:f7047f1ab32ac68a933f145d814435167013b2b45e4c6c1071f9b63b040a827e"",""data/metrics_faithfulness_metrics_PickCube-v1_170m_seed142_logpi_20260615_004405.jsonl:86:d98b23c0be0bdd855a305a54c40cdfc72e2e59f5f095d7affddb1292c241030c"",""data/metrics_faithfulness_metrics_PickCube-v1_170m_seed142_logpi_20260615_004405.jsonl:87:28acfad15fa27c98b8d8069aa2507859e9a0002b4d2736c7437211e465cdf8f1"",""data/metrics_faithfulness_metrics_PickCube-v1_170m_seed142_logpi_20260615_004405.jsonl:88:47a9b09555b9febe8759507a91cb9cd268845a73a1fd33aeb668e0bb721d4a2b"",""data/metrics_faithfulness_metrics_PickCube-v1_170m_seed142_logpi_20260615_004405.jsonl:89:1bce6c3a68c35891c8c84a5a1fa6a4a106d801478e6d82ecadad6f0bab062c89"",""data/metrics_faithfulness_metrics_PickCube-v1_170m_seed142_logpi_20260615_004405.jsonl:90:4390e8a43f12fd462707ec6d2b461020d16d102b6448c7947c4327d63a79bdf6"",""data/metrics_faithfulness_metrics_PickCube-v1_170m_seed142_logpi_20260615_004405.jsonl:91:31822b232126ad8516c5edf78f23cdc91756a8a9d9d44cba0d2de865a98ec9a0"",""data/metrics_faithfulness_metrics_PickCube-v1_170m_seed142_logpi_20260615_004405.jsonl:92:869ed396f797f432576820f0a52f1b022bad66643347c3c4e41b30f83768c454"",""data/metrics_faithfulness_metrics_PickCube-v1_170m_seed142_logpi_20260615_004405.jsonl:93:f82f0eb09c7d7744dbb7376f656f80d3ba3beb468c5e0024657e937833b66a35"",""data/metrics_faithfulness_metrics_PickCube-v1_170m_seed142_logpi_20260615_004405.jsonl:94:c78ecb691294785627fd7318ebc89d84886ef19de13ccad6f6c1d666da3ffc74"",""data/metrics_faithfulness_metrics_PickCube-v1_170m_seed142_logpi_20260615_004405.jsonl:95:03ba843d6b635bcf839580bbddc61d2dd5985d913070b16a628c9a94ef1cddb0"",""data/metrics_faithfulness_metrics_PickCube-v1_170m_seed142_logpi_20260615_004405.jsonl:96:8a0e09d3e4637a151834ce613817b6f88805d12043efd8fcaa83b0031b4faa42"",""data/metrics_faithfulness_metrics_PickCube-v1_170m_seed142_logpi_20260615_004405.jsonl:97:1d983def08c15e958ad0bb21bef566bca92181b93eb6880902311cca8bfc8213"",""data/metrics_faithfulness_metrics_PickCube-v1_170m_seed142_logpi_20260615_004405.jsonl:98:446855dfda8567dd90f0329e2e44df656c4a745c6a7d314343be87f0f202af0f"",""data/metrics_faithfulness_metrics_PickCube-v1_170m_seed142_logpi_20260615_004405.jsonl:99:5e59624be2e5ebbd520095d6c076305301235a3b8dfdd02f4cb3e99ea1ab46a2""]",0.11535680190324475,-0.048188830032219826,0.0
Q:vision:deletion,Q,vision,deletion,486d7f23e06ac2ffe1565f59d050b4d4737f3cf15d8326ad2e00145c7aa4a575,25,25,0.13973180014107314,"[""data/metrics_faithfulness_metrics_PickCube-v1_170m_seed42_logpi_20260615_004816.jsonl:251:ecf714031533bf4b907ab29069473936eb8f4e1a50100b65cb5b30e57653a824"",""data/metrics_faithfulness_metrics_PickCube-v1_170m_seed42_logpi_20260615_004816.jsonl:252:4b3f14ed5c6bec5605e1ad3a88969cd64692429df130db0662ee2d838f58f678"",""data/metrics_faithfulness_metrics_PickCube-v1_170m_seed42_logpi_20260615_004816.jsonl:253:a6d62b0a3864a612fa8781a9c071c7f27a30addd2312a513a5cb2b539bfd7054"",""data/metrics_faithfulness_metrics_PickCube-v1_170m_seed42_logpi_20260615_004816.jsonl:254:0a3de90a99d09f135c43b5238bc2bc3b20395282bf3c96e0113267c989cadd80"",""data/metrics_faithfulness_metrics_PickCube-v1_170m_seed42_logpi_20260615_004816.jsonl:255:ef205669367cdcbe7ea44dfe18518503399ed8acac99d2eb4ed9c49f35ab1fa7"",""data/metrics_faithfulness_metrics_PickCube-v1_170m_seed42_logpi_20260615_004816.jsonl:256:c52598752c67c3cbc7a94a46f020922b5ecb338727faeb6bdee2a32b3b836fe2"",""data/metrics_faithfulness_metrics_PickCube-v1_170m_seed42_logpi_20260615_004816.jsonl:257:3b498df1ec1c596dd640816c877ac2212f0423be1a78e32b263b03f146c2caab"",""data/metrics_faithfulness_metrics_PickCube-v1_170m_seed42_logpi_20260615_004816.jsonl:258:9fc23a4ffd8db0d5d20dd030ca3b701649d433f9530ed28003f58b07e29c3469"",""data/metrics_faithfulness_metrics_PickCube-v1_170m_seed42_logpi_20260615_004816.jsonl:259:c43a959e8e55b6c90a8d881ea2d89dc5f7999c087de3028c87342c4bb4e683f2"",""data/metrics_faithfulness_metrics_PickCube-v1_170m_seed42_logpi_20260615_004816.jsonl:260:0242be9bbd2ab027d4fb400a307f2738f87e6139de94002f579e52ce37b16875"",""data/metrics_faithfulness_metrics_PickCube-v1_170m_seed42_logpi_20260615_004816.jsonl:261:6b1b4ba5128523ba2590f4dc144fecc5a4140aeb2839b5dd85c2b978759622d6"",""data/metrics_faithfulness_metrics_PickCube-v1_170m_seed42_logpi_20260615_004816.jsonl:262:b28e6b2295e59b6b91031dd47bf7cffb1a1326bccda090448ff89fb331c08198"",""data/metrics_faithfulness_metrics_PickCube-v1_170m_seed42_logpi_20260615_004816.jsonl:263:f851807bd09d536881ca23b79c20cccce7930f96828ec4f8fe1c36bfcb5354e9"",""data/metrics_faithfulness_metrics_PickCube-v1_170m_seed42_logpi_20260615_004816.jsonl:264:75e1b59b0f8d65d0c76d1054d12cb766b2d7dfd6e49ce9b7364c296fda2f6386"",""data/metrics_faithfulness_metrics_PickCube-v1_170m_seed42_logpi_20260615_004816.jsonl:265:dcc86c3c77d0d48efa76db278315f3b83bda60b214b82bc5bc4e3872dd124b5e"",""data/metrics_faithfulness_metrics_PickCube-v1_170m_seed42_logpi_20260615_004816.jsonl:266:45b83ad10c81e1880bad7943c5e66956371ce22a947d5ca75ace74a3fc781216"",""data/metrics_faithfulness_metrics_PickCube-v1_170m_seed42_logpi_20260615_004816.jsonl:267:90d862e57e4500dc0974d5f5d73c0184bcc589850cafe671fdfe65915631a2be"",""data/metrics_faithfulness_metrics_PickCube-v1_170m_seed42_logpi_20260615_004816.jsonl:268:fe09f89cd1ea1ad6402efc02ee26f39725d914e59a133504e79498725fc9ac3e"",""data/metrics_faithfulness_metrics_PickCube-v1_170m_seed42_logpi_20260615_004816.jsonl:269:0f423ae07b07662f80631d5a2f36f45f83bb04f3c7a95d91e1b0a68413eeedfb"",""data/metrics_faithfulness_metrics_PickCube-v1_170m_seed42_logpi_20260615_004816.jsonl:270:dc6989a59091e798087fbb62b4155a10d07eb0bac0e4627f4cca3ada55cf2623"",""data/metrics_faithfulness_metrics_PickCube-v1_170m_seed42_logpi_20260615_004816.jsonl:271:6d85c6fddb23579567223c23b9945e71f4aa5b2d84030d98478cae8ccb1aa048"",""data/metrics_faithfulness_metrics_PickCube-v1_170m_seed42_logpi_20260615_004816.jsonl:272:37d5f4e5156258b3123eaa889986ebf0449ac552c8a4db4eb3000c40994ffce3"",""data/metrics_faithfulness_metrics_PickCube-v1_170m_seed42_logpi_20260615_004816.jsonl:273:1e28e5eec2cba7348f43695071010669716df0c2cad29b483e1139cc73534093"",""data/metrics_faithfulness_metrics_PickCube-v1_170m_seed42_logpi_20260615_004816.jsonl:274:6f5dd5575942a95a5ad5c5e16e5e61c6b49523077f343e27265efdec547bf7da"",""data/metrics_faithfulness_metrics_PickCube-v1_170m_seed42_logpi_20260615_004816.jsonl:275:a775cd55cd71b3853350f9f27ab4f109ff0e36fbafa350fb06cbb6b87ac1fd7c""]",0.14593256640835006,-0.006200766267276885,0.0
Q:vision:deletion,Q,vision,deletion,5469e355ab5dea5c81da2b63fdef765c019bbd4d14791f63705c8d2905da2bcb,25,25,0.16682330719808966,"[""data/metrics_faithfulness_metrics_PickCube-v1_170m_seed42_logpi_20260615_004816.jsonl:26:c25dc6977225c99804c6ed2a0cda8ddc655c20b352b647774de2ed785c051e8d"",""data/metrics_faithfulness_metrics_PickCube-v1_170m_seed42_logpi_20260615_004816.jsonl:27:d522e831fb599e4af50c4c407805ffc5d1f7f1f7f151cf5108cb5971b5da247c"",""data/metrics_faithfulness_metrics_PickCube-v1_170m_seed42_logpi_20260615_004816.jsonl:28:42899b8dc2a7152844a13a6352c3628a256a07f6a81e17997919cdd628ffd8bd"",""data/metrics_faithfulness_metrics_PickCube-v1_170m_seed42_logpi_20260615_004816.jsonl:29:4ea7d084a8d0a16853c16617c033b24a1d238fc960b5a2caeab68a5de3f2ccc8"",""data/metrics_faithfulness_metrics_PickCube-v1_170m_seed42_logpi_20260615_004816.jsonl:30:f183f4bd29036ec8fda50400e09a96807c85e79f2b1272ceac19d1fa7e8e70be"",""data/metrics_faithfulness_metrics_PickCube-v1_170m_seed42_logpi_20260615_004816.jsonl:31:eea32a7651540e087bc9a885bd4f44b8a256ae1ba2fae7d8377e55b97a0b051f"",""data/metrics_faithfulness_metrics_PickCube-v1_170m_seed42_logpi_20260615_004816.jsonl:32:6b01538c021407dde55de2a8beeb747ad454b2bb21903b0b7a9cf923ef5fb400"",""data/metrics_faithfulness_metrics_PickCube-v1_170m_seed42_logpi_20260615_004816.jsonl:33:d835bde11d555ef751850ea79b6a9bf2aaa689f329892eba8b51746d2d499b6b"",""data/metrics_faithfulness_metrics_PickCube-v1_170m_seed42_logpi_20260615_004816.jsonl:34:b31101a92c7f5c23f2d51c02b17a82bcb03586b8184c8bcf6805931a55f08075"",""data/metrics_faithfulness_metrics_PickCube-v1_170m_seed42_logpi_20260615_004816.jsonl:35:02b836e812631c37d2575a78422fe04c1c48f8644cd56d9cb0e9b5b233de0366"",""data/metrics_faithfulness_metrics_PickCube-v1_170m_seed42_logpi_20260615_004816.jsonl:36:c6d0b7ad8451472cc5c88abb18dcf0e1e2f75a6df2d5d99f2c388fe0622e6f25"",""data/metrics_faithfulness_metrics_PickCube-v1_170m_seed42_logpi_20260615_004816.jsonl:37:6cf35df9255ca6a6bf8dc4e15a4c68eef0a82d71efb97d13b0939cd1a44ba732"",""data/metrics_faithfulness_metrics_PickCube-v1_170m_seed42_logpi_20260615_004816.jsonl:38:fb64a0952d68efcfeb13a13f5aa370f510bf5ad8b361d870852343cbd3f6ed6b"",""data/metrics_faithfulness_metrics_PickCube-v1_170m_seed42_logpi_20260615_004816.jsonl:39:e3459a1cbf2e1c0a6b6c935c455519df3135d04aa4f502a39dac17e0c663cc0e"",""data/metrics_faithfulness_metrics_PickCube-v1_170m_seed42_logpi_20260615_004816.jsonl:40:9c35bf9ecf4f609ecb1a64bd3e0a76071612a7520c59a744191cf2f60cd17900"",""data/metrics_faithfulness_metrics_PickCube-v1_170m_seed42_logpi_20260615_004816.jsonl:41:e695c3bb33ffe5aa84c42d9e560b1019bc2edd632281e3b0994b79233110070c"",""data/metrics_faithfulness_metrics_PickCube-v1_170m_seed42_logpi_20260615_004816.jsonl:42:fb82b2b1e30191700ca36c38017cb43c8be82cb40994c07cc1cfdef3ea314de8"",""data/metrics_faithfulness_metrics_PickCube-v1_170m_seed42_logpi_20260615_004816.jsonl:43:105dae72c068ab95c34a920aa1e2f353f2b2072955b23b05eaaad1762aa33e3b"",""data/metrics_faithfulness_metrics_PickCube-v1_170m_seed42_logpi_20260615_004816.jsonl:44:048425d1790f01882510a065d0b3dd2a15cf3fc81ba9c9ae4f67057e01f36f17"",""data/metrics_faithfulness_metrics_PickCube-v1_170m_seed42_logpi_20260615_004816.jsonl:45:a8788eb2125737ebb54970442b920338b2aa27aa426b6bcf01cacc1003b8020c"",""data/metrics_faithfulness_metrics_PickCube-v1_170m_seed42_logpi_20260615_004816.jsonl:46:4d7597ee96e888da9b2b6f9f897c2c248f0fff6c89e5ab3e751a87170c26f84f"",""data/metrics_faithfulness_metrics_PickCube-v1_170m_seed42_logpi_20260615_004816.jsonl:47:622fdf6a41d18959ad206bff3e41ee4af3d195de82c8aad7c2f3222e3f72adba"",""data/metrics_faithfulness_metrics_PickCube-v1_170m_seed42_logpi_20260615_004816.jsonl:48:811eb572be0a32c238003129c6eade0dcab45dd7bb475ce5305c71566a2599da"",""data/metrics_faithfulness_metrics_PickCube-v1_170m_seed42_logpi_20260615_004816.jsonl:49:07f6cb510bc387aa9ed7b3e686f8667faddc2f2c2e6a6278688cdb2625e8799b"",""data/metrics_faithfulness_metrics_PickCube-v1_170m_seed42_logpi_20260615_004816.jsonl:50:0a84b39c3dc9a1151c507f63f1979cbcc848fb2f066fc0d43500d4fd15cd8e74""]",0.1684341290320978,-0.001610821834008157,0.0
Q:vision:deletion,Q,vision,deletion,57180f2d5963a743c6d02f3de4b34a4ef7f915b70d21c40ba6475db6c65a2e80,25,25,0.1614498155401704,"[""data/metrics_faithfulness_metrics_PickCube-v1_170m_seed42_logpi_20260615_004816.jsonl:176:de71ba923646fd9144a4408621483b7d421aec2eacc47a1f31b2ecb1f669fc6c"",""data/metrics_faithfulness_metrics_PickCube-v1_170m_seed42_logpi_20260615_004816.jsonl:177:1c8f1de08b050dce4d308fff7a8fa974f316d2482ffd86e6cb08dffde201b557"",""data/metrics_faithfulness_metrics_PickCube-v1_170m_seed42_logpi_20260615_004816.jsonl:178:a7aab14fbf069148f3565aef9f774f050e8abc592e2fdc6be5d961e2dc0338d9"",""data/metrics_faithfulness_metrics_PickCube-v1_170m_seed42_logpi_20260615_004816.jsonl:179:9f47757c3e0ea9d10c83946fec1f545d6d984b92e9fe0b338a08f403321ccb30"",""data/metrics_faithfulness_metrics_PickCube-v1_170m_seed42_logpi_20260615_004816.jsonl:180:9b3b8eaaf0b4a698bc471e350007a7968033216df2a1fc9ffb268a7aacc872ac"",""data/metrics_faithfulness_metrics_PickCube-v1_170m_seed42_logpi_20260615_004816.jsonl:181:a87414bd912b042d9e9660837734ace2e838ca0eeeb8e66a8dd645f0b8166487"",""data/metrics_faithfulness_metrics_PickCube-v1_170m_seed42_logpi_20260615_004816.jsonl:182:ec22cb0e482dc7f31d3f5eb427d0d47f08171e96baff649ae2c241f27fbbc57a"",""data/metrics_faithfulness_metrics_PickCube-v1_170m_seed42_logpi_20260615_004816.jsonl:183:a84e5f380dd838a5dd0b33fbfb82403140d6d9cdf9ed782952b91a59414cb853"",""data/metrics_faithfulness_metrics_PickCube-v1_170m_seed42_logpi_20260615_004816.jsonl:184:990b7ced42acaa6eebb5fe95920a39e921fabdf51b90ec45164e960933782ddf"",""data/metrics_faithfulness_metrics_PickCube-v1_170m_seed42_logpi_20260615_004816.jsonl:185:1a9c987eae43351fe503741be4aee11a69c92b3253ed205c87a597ae44b0521e"",""data/metrics_faithfulness_metrics_PickCube-v1_170m_seed42_logpi_20260615_004816.jsonl:186:6b258b0248fb9310536bd6fa6fcdb6a559958c1fdc48d7976b6c1130a32e3fc2"",""data/metrics_faithfulness_metrics_PickCube-v1_170m_seed42_logpi_20260615_004816.jsonl:187:79582e871ca95bb9e44224907f7619f25fdb591a3b723259bc25da1d7a29ba5a"",""data/metrics_faithfulness_metrics_PickCube-v1_170m_seed42_logpi_20260615_004816.jsonl:188:523f759cfe7abaa87e8b3a7483185e8550df5f990ac392214ff6dd5950e189f4"",""data/metrics_faithfulness_metrics_PickCube-v1_170m_seed42_logpi_20260615_004816.jsonl:189:049bc7fac573b397dc104c3365b24db21472c363417d505d7126f9dfe28c6594"",""data/metrics_faithfulness_metrics_PickCube-v1_170m_seed42_logpi_20260615_004816.jsonl:190:f8525ae2a8ccac96ac0889a2dcc1264a1372dd05f5e4f21c8ac458f972003359"",""data/metrics_faithfulness_metrics_PickCube-v1_170m_seed42_logpi_20260615_004816.jsonl:191:4a0522ecf0914e619666a24f81dd63f19b813e3cb9f5eb9512fdef6346aea7ae"",""data/metrics_faithfulness_metrics_PickCube-v1_170m_seed42_logpi_20260615_004816.jsonl:192:306599d4dd5ad38b045e51f039841587f2a641b17a74528d56a15a4c8371b383"",""data/metrics_faithfulness_metrics_PickCube-v1_170m_seed42_logpi_20260615_004816.jsonl:193:b1fab6a0918f3820aa0dd698e7714714eb559e0f0eb463828778514c7f479838"",""data/metrics_faithfulness_metrics_PickCube-v1_170m_seed42_logpi_20260615_004816.jsonl:194:298af5ab29ee53f933bf61c976e505b91b953ac238c3ab72190cdc80b96cac21"",""data/metrics_faithfulness_metrics_PickCube-v1_170m_seed42_logpi_20260615_004816.jsonl:195:a46d26d68ba18c94bf5460ffd841966eb68dd7479f0b695979f8ebb58871e66c"",""data/metrics_faithfulness_metrics_PickCube-v1_170m_seed42_logpi_20260615_004816.jsonl:196:c495b552757d032740854bb33e82445847681dccfa605f0f0da9c8128600eec3"",""data/metrics_faithfulness_metrics_PickCube-v1_170m_seed42_logpi_20260615_004816.jsonl:197:23e1446c9473081b069fe2dd93d79dee0a3a33a7f90c4b0ad826f6b997b3ec59"",""data/metrics_faithfulness_metrics_PickCube-v1_170m_seed42_logpi_20260615_004816.jsonl:198:ed116e3b76575fe1cdb80365caefb3c8f742a88634a3762878ebe5e4043aa031"",""data/metrics_faithfulness_metrics_PickCube-v1_170m_seed42_logpi_20260615_004816.jsonl:199:416b5d6aaf16436ede9f060552f258d6c4f4fcb4067d96752bf4d4bdd40b7b07"",""data/metrics_faithfulness_metrics_PickCube-v1_170m_seed42_logpi_20260615_004816.jsonl:200:a45a638a040ef50808991303019651d714b79d2944a1b85c70496c35aa55d409""]",0.16893710560617886,-0.007487290066008452,0.0
Q:vision:deletion,Q,vision,deletion,6c42961992ab88301c39acdc8d3f1f01c00d844d7c33a373beb53f7e28644052,25,25,0.15420980505596502,"[""data/metrics_faithfulness_metrics_PickCube-v1_170m_seed142_logpi_20260615_004405.jsonl:276:be38388f73b3943d0b5b4f7e0ff7c27e4d9263fb07c7d8abe7c3189b6844bc2c"",""data/metrics_faithfulness_metrics_PickCube-v1_170m_seed142_logpi_20260615_004405.jsonl:277:49a48c583e72aedff1767b3ba53dc1280ec38f419f4c77920df76a620bc9d2fa"",""data/metrics_faithfulness_metrics_PickCube-v1_170m_seed142_logpi_20260615_004405.jsonl:278:5352f185e22958dc0d44024a6363b7fedf7f3c038293317f986c21282485e06d"",""data/metrics_faithfulness_metrics_PickCube-v1_170m_seed142_logpi_20260615_004405.jsonl:279:ef03fcf08413b6b9ffdb3922b1dfb74df5ffe83774cec0927a7f6cfb3c05e8dc"",""data/metrics_faithfulness_metrics_PickCube-v1_170m_seed142_logpi_20260615_004405.jsonl:280:dee0cf43fc013f1bcd4bbc6392b916dd1fae351d5e6d5447ade5cd0bfed82a04"",""data/metrics_faithfulness_metrics_PickCube-v1_170m_seed142_logpi_20260615_004405.jsonl:281:ecfbf7a1e67919ba08320ce93c19f9a81343ab9bfafb4da2707b005aaf136a76"",""data/metrics_faithfulness_metrics_PickCube-v1_170m_seed142_logpi_20260615_004405.jsonl:282:76c1f1b0826071d647046d4d10bdc454231eb45e7658029b0676a019007095ca"",""data/metrics_faithfulness_metrics_PickCube-v1_170m_seed142_logpi_20260615_004405.jsonl:283:17fe76d85483781660c3b96dccfa2ff92b311e2aa9bab8c26310abece52e9288"",""data/metrics_faithfulness_metrics_PickCube-v1_170m_seed142_logpi_20260615_004405.jsonl:284:127fd0c03e7d88618a71f1784d269e0ccbfac7c8dea83b4fa892841ff7283821"",""data/metrics_faithfulness_metrics_PickCube-v1_170m_seed142_logpi_20260615_004405.jsonl:285:f1e7729977fdc75ce45afbe6818632947af8a3930fa71d6f177dc304877b6fc7"",""data/metrics_faithfulness_metrics_PickCube-v1_170m_seed142_logpi_20260615_004405.jsonl:286:0ff48c5419772614615c971ae02fbc67e2af255dc6160a23943263e1d21ec26d"",""data/metrics_faithfulness_metrics_PickCube-v1_170m_seed142_logpi_20260615_004405.jsonl:287:9315c9848ea53be645fa74d1a82a842d46eda74624b81647f83740fd8bbdb330"",""data/metrics_faithfulness_metrics_PickCube-v1_170m_seed142_logpi_20260615_004405.jsonl:288:60f84196cdca89e9ff5b18a7bb26ee726744a41e3e2d29e3201645b8bce29c8a"",""data/metrics_faithfulness_metrics_PickCube-v1_170m_seed142_logpi_20260615_004405.jsonl:289:6dfb2a2f3f42bb43413513eed4b8490e159b702900ab5829a12497d6adbbbfc2"",""data/metrics_faithfulness_metrics_PickCube-v1_170m_seed142_logpi_20260615_004405.jsonl:290:691629bcf648c77b91593f4861a44f9104b496bbe74ae8f6739619b85d75fffd"",""data/metrics_faithfulness_metrics_PickCube-v1_170m_seed142_logpi_20260615_004405.jsonl:291:5585630e01e4a5182bd5ccdb833fb3784e987025c7760f7362b5bb82899cd73f"",""data/metrics_faithfulness_metrics_PickCube-v1_170m_seed142_logpi_20260615_004405.jsonl:292:dd86108115957fb11de0ae7ae3b5bdb57838b4649d3bbee7b1c7ca47852b1e52"",""data/metrics_faithfulness_metrics_PickCube-v1_170m_seed142_logpi_20260615_004405.jsonl:293:34efb0092adb93d38b0da71a6f810c73a7b4a1a9d75fbd6a54c43af9a1cd6ba4"",""data/metrics_faithfulness_metrics_PickCube-v1_170m_seed142_logpi_20260615_004405.jsonl:294:aaa5a7f47865cc12e5d1b57ef9310574a01f9e70a93fea0a56cc6862eeb37370"",""data/metrics_faithfulness_metrics_PickCube-v1_170m_seed142_logpi_20260615_004405.jsonl:295:3ab7f6a0a1a3f3a13629b41e4b2b7d163779a7fb172367b124e2510b8629ae5d"",""data/metrics_faithfulness_metrics_PickCube-v1_170m_seed142_logpi_20260615_004405.jsonl:296:e2de12258dd3cb7002013f0dc723a9ff1433ec1150cf701ff7f58d049102f316"",""data/metrics_faithfulness_metrics_PickCube-v1_170m_seed142_logpi_20260615_004405.jsonl:297:0d336b089371c898abef21709f5d501bda6cb6d8e10926d3a6681b6c2b6e9bb8"",""data/metrics_faithfulness_metrics_PickCube-v1_170m_seed142_logpi_20260615_004405.jsonl:298:0558094f64dd14b1bc18070326910f51ee0deb9a0289e7d389c9d7ec65dcd650"",""data/metrics_faithfulness_metrics_PickCube-v1_170m_seed142_logpi_20260615_004405.jsonl:299:d9c4f164896df1f489221c106aec7e0f88de46595dc6519df007a5b37fdc286d"",""data/metrics_faithfulness_metrics_PickCube-v1_170m_seed142_logpi_20260615_004405.jsonl:300:20dd4cf9d7fd6d02f68768da2b3c7282d3ec0517abd64c8f37e3db8329e05ab5""]",0.15424093963259147,-3.1134576626466265e-05,0.0
Q:vision:deletion,Q,vision,deletion,720fde762f6c62dae4e5af8dd651c00e581445d595da3e14a0d7c45688473c5c,25,25,0.05070463899837267,"[""data/metrics_faithfulness_metrics_PickCube-v1_170m_seed142_logpi_20260615_004405.jsonl:101:d84ac3a68f7a21cd0eb07bf13047db88c4f7a31e7eccf57f25ae3ae0d17f7a89"",""data/metrics_faithfulness_metrics_PickCube-v1_170m_seed142_logpi_20260615_004405.jsonl:102:d8d66d2c8914cc13a32fd39a381b42c17dc6347eb61843779d2ff39d63d032da"",""data/metrics_faithfulness_metrics_PickCube-v1_170m_seed142_logpi_20260615_004405.jsonl:103:34fa0726f054731e776c74e549c0cb14b448d94d2a70d4538a00d80e9bce65d2"",""data/metrics_faithfulness_metrics_PickCube-v1_170m_seed142_logpi_20260615_004405.jsonl:104:6328c894a18b0b314feca629c4344f96f16c89053f4eca2bf5e835cc9e378e68"",""data/metrics_faithfulness_metrics_PickCube-v1_170m_seed142_logpi_20260615_004405.jsonl:105:2a2f9b12031a739237e1d0dd3870f3423fe58b75b7054de9332c1a3d896a6b85"",""data/metrics_faithfulness_metrics_PickCube-v1_170m_seed142_logpi_20260615_004405.jsonl:106:ab22d9c8febfd4d94cadf3d39da4365a8a688c0b58d2ff04e37bc868aef7509e"",""data/metrics_faithfulness_metrics_PickCube-v1_170m_seed142_logpi_20260615_004405.jsonl:107:40436ae9e520d79b92d5d548491c9acbae095709f599ffa7479576e44140f8d2"",""data/metrics_faithfulness_metrics_PickCube-v1_170m_seed142_logpi_20260615_004405.jsonl:108:64a89141e050fbfbf6b9c5c98850f3f68eadda27862b48dc7c77e495ed018fba"",""data/metrics_faithfulness_metrics_PickCube-v1_170m_seed142_logpi_20260615_004405.jsonl:109:27c6971bf107ca4e83ea3731afb66e7d5429e717b14be10b8fcaba7369ed42b9"",""data/metrics_faithfulness_metrics_PickCube-v1_170m_seed142_logpi_20260615_004405.jsonl:110:eb5d280cfa34428276c92d25e620df8eaecd026e3d50f6583d8f4b6770918f2f"",""data/metrics_faithfulness_metrics_PickCube-v1_170m_seed142_logpi_20260615_004405.jsonl:111:e826e8718fc54c874c617870bc82fd3592067c823eefd92cfc6d4d6425415cac"",""data/metrics_faithfulness_metrics_PickCube-v1_170m_seed142_logpi_20260615_004405.jsonl:112:01942531ff447c9af48f99f1b9a6d476df3648a55e96da6dbef91417de42a0ee"",""data/metrics_faithfulness_metrics_PickCube-v1_170m_seed142_logpi_20260615_004405.jsonl:113:241f0c469ede0af7300d3edc80309fe44d346a6a0608c6ed582648e8da66ce5b"",""data/metrics_faithfulness_metrics_PickCube-v1_170m_seed142_logpi_20260615_004405.jsonl:114:ac9e86e26e242a5c93038740a0d8747698e36fcf26932b21d9be5e1ffeac0612"",""data/metrics_faithfulness_metrics_PickCube-v1_170m_seed142_logpi_20260615_004405.jsonl:115:6601c834b5c1a620ac650ac32612de3753bd24b6ca09ce2a17a0663c74d7b0fe"",""data/metrics_faithfulness_metrics_PickCube-v1_170m_seed142_logpi_20260615_004405.jsonl:116:e46a6a1cffe7d8b2951afa657608ff689669a4ebafa0f25b60f4e01426871ff2"",""data/metrics_faithfulness_metrics_PickCube-v1_170m_seed142_logpi_20260615_004405.jsonl:117:f4323bf97a7c9c47e04ff453ae3c735af238812026bcf1a048845d2e35514750"",""data/metrics_faithfulness_metrics_PickCube-v1_170m_seed142_logpi_20260615_004405.jsonl:118:4400ad84a0d300dde33ff17b6f166ad4d89760ee2f8d8d04a5d7abd9a6ad4f43"",""data/metrics_faithfulness_metrics_PickCube-v1_170m_seed142_logpi_20260615_004405.jsonl:119:e036717c54a44bec2d11a2b5b1daadf68ded3b1a963acd1d41a5c65ac2a348fa"",""data/metrics_faithfulness_metrics_PickCube-v1_170m_seed142_logpi_20260615_004405.jsonl:120:4f004856e120c8bf7e32b5c8b56cfe21c46c48d43395dd2f941b63c9ce7b712b"",""data/metrics_faithfulness_metrics_PickCube-v1_170m_seed142_logpi_20260615_004405.jsonl:121:f293b3a325432ca14c0b8aa3ae7c02ba4f06e904eceeda6556fbdd02fd114792"",""data/metrics_faithfulness_metrics_PickCube-v1_170m_seed142_logpi_20260615_004405.jsonl:122:69ab1da11fd92b048f15447e7fd3e1a1b7f9cf853a6f97c080e0a4fb4523d665"",""data/metrics_faithfulness_metrics_PickCube-v1_170m_seed142_logpi_20260615_004405.jsonl:123:101e2dd66633575fdca169da803384e7171624f1384e34a0aebfa413ff2a1e0e"",""data/metrics_faithfulness_metrics_PickCube-v1_170m_seed142_logpi_20260615_004405.jsonl:124:f57b38dd0fa793d5494eac20f21ed4c2d35625de470aeaaed41785a21a485e8f"",""data/metrics_faithfulness_metrics_PickCube-v1_170m_seed142_logpi_20260615_004405.jsonl:125:b7a060aaf82fe6f8c29197194d314a0d449708e86ff18dce7419aaa91c94bccf""]",0.13536705886966152,-0.08466241987128884,0.0
Q:vision:deletion,Q,vision,deletion,7ce98adc11b35cf9a2f02a619d8a242f5e50d863c2ab6433dab3216f92d50e31,25,25,0.15577496542618724,"[""data/metrics_faithfulness_metrics_PickCube-v1_170m_seed42_logpi_20260615_004816.jsonl:201:d086f255afa235a02534cbcc8c27f170bf0cda99c6777603b67bd87b2b33b33f"",""data/metrics_faithfulness_metrics_PickCube-v1_170m_seed42_logpi_20260615_004816.jsonl:202:357fe1267bcab3c3ecad05f5b5e3206d54ac4d475342904f00a2edb12aee2b72"",""data/metrics_faithfulness_metrics_PickCube-v1_170m_seed42_logpi_20260615_004816.jsonl:203:7cf199c5b1c189f95634ff465275073cd28de0b291ce67f099b3a7962058ec25"",""data/metrics_faithfulness_metrics_PickCube-v1_170m_seed42_logpi_20260615_004816.jsonl:204:3255ccd05e6cbe1aab2f60d7402fa0a7b63eba9c39b28a961785dc204e036d0b"",""data/metrics_faithfulness_metrics_PickCube-v1_170m_seed42_logpi_20260615_004816.jsonl:205:0d3122462ed9e4fd102d758acdfcae2b4c5ed972b31ef1ac0e03e74308976502"",""data/metrics_faithfulness_metrics_PickCube-v1_170m_seed42_logpi_20260615_004816.jsonl:206:dff7f3ad807846c049ced4ffedd3d458081eee24256945bbdf1c98ae155ade24"",""data/metrics_faithfulness_metrics_PickCube-v1_170m_seed42_logpi_20260615_004816.jsonl:207:14f5edd57a2177a0a8951904576b4dc5f05fe2bc331a0cdc34258bb2a01895dc"",""data/metrics_faithfulness_metrics_PickCube-v1_170m_seed42_logpi_20260615_004816.jsonl:208:5d0f7421e4eba6467e9d84c676c8d0321f3f5b745eda7a2c9ea6d3e3d41a59ea"",""data/metrics_faithfulness_metrics_PickCube-v1_170m_seed42_logpi_20260615_004816.jsonl:209:aa00ba13417c0ff4f0292b268f9b2062046bb5ae8acdb2f59a0a55f48017ad5d"",""data/metrics_faithfulness_metrics_PickCube-v1_170m_seed42_logpi_20260615_004816.jsonl:210:1c12c6176dd395cf327d1d20b04cadd0de4de51eac5bfc3572c9e3e579c23671"",""data/metrics_faithfulness_metrics_PickCube-v1_170m_seed42_logpi_20260615_004816.jsonl:211:75319b8c60756f2c710a0b8697a4b9fad3da00cdb4b045bd8d23509b5a00155f"",""data/metrics_faithfulness_metrics_PickCube-v1_170m_seed42_logpi_20260615_004816.jsonl:212:cbf08a786f2f78c73737f8248df5e3ac375fea3ed9aadedcfc60ca176e3ce207"",""data/metrics_faithfulness_metrics_PickCube-v1_170m_seed42_logpi_20260615_004816.jsonl:213:e597b84f0189fa2d2e56e9d1bbf1f10cba252ef9bff10c27b1b4f9a73ec34a28"",""data/metrics_faithfulness_metrics_PickCube-v1_170m_seed42_logpi_20260615_004816.jsonl:214:abcec5cda06a69d623615a12435e2dea5db7617dc3f3664b65e91f944c1987ee"",""data/metrics_faithfulness_metrics_PickCube-v1_170m_seed42_logpi_20260615_004816.jsonl:215:77c7502d799375a0e991e54c33fc1b3f4fb8aad645916adc0cde42ac49d6650a"",""data/metrics_faithfulness_metrics_PickCube-v1_170m_seed42_logpi_20260615_004816.jsonl:216:96886d6d7c2f6db8514d662e3df7d7f986f6cb0a9d0838af1b8b4a26348ffc18"",""data/metrics_faithfulness_metrics_PickCube-v1_170m_seed42_logpi_20260615_004816.jsonl:217:7af572e7d959ddfdf62217db686587d8a60638982e00c71b7a166a6ba6c0f3b8"",""data/metrics_faithfulness_metrics_PickCube-v1_170m_seed42_logpi_20260615_004816.jsonl:218:8f758cfa6196153dd377bb120fcefb62a2170a559538b1595a6b5801f1029313"",""data/metrics_faithfulness_metrics_PickCube-v1_170m_seed42_logpi_20260615_004816.jsonl:219:930941323bb26e3444004bfc77c245a06602c64f5a2dd8af28b5b96852a68b95"",""data/metrics_faithfulness_metrics_PickCube-v1_170m_seed42_logpi_20260615_004816.jsonl:220:3d0fbbff9313b9477a659fc87b7dd5265413a5ac0d40715af167334b495cf8dd"",""data/metrics_faithfulness_metrics_PickCube-v1_170m_seed42_logpi_20260615_004816.jsonl:221:9812ff9dbf6609ac4c2d98fb69db4e24dbc3fca523815f7e71b7e1e464231e1b"",""data/metrics_faithfulness_metrics_PickCube-v1_170m_seed42_logpi_20260615_004816.jsonl:222:3e04b4574af4041c43355bd40de8ad52c3e2514ec7c0656235acb2f990a74fa1"",""data/metrics_faithfulness_metrics_PickCube-v1_170m_seed42_logpi_20260615_004816.jsonl:223:ba33a41e469677070d7ffbf1c7a532fce286c7899576165e81cb0f975a2b9ba5"",""data/metrics_faithfulness_metrics_PickCube-v1_170m_seed42_logpi_20260615_004816.jsonl:224:bfb98e3fe18a5d62e5944a1e46e43015a2fe821c899b9c69314fa149cb61d175"",""data/metrics_faithfulness_metrics_PickCube-v1_170m_seed42_logpi_20260615_004816.jsonl:225:d44f2bd606f98b97c2f00ebc915f4dbae3e4e0169e8d73eecb6d4990fe0370b9""]",0.16002457097341,-0.004249605547222739,0.0
Q:vision:deletion,Q,vision,deletion,860a3dc5f4499c9f3e5253392dca557647000224ab7d5834c454c0dd2935d52b,25,25,0.1523068078540703,"[""data/metrics_faithfulness_metrics_PickCube-v1_170m_seed42_logpi_20260615_004816.jsonl:101:95ccfd435d277fea30b9ec542a2176a8e45733f42da53700b60a2d307881e803"",""data/metrics_faithfulness_metrics_PickCube-v1_170m_seed42_logpi_20260615_004816.jsonl:102:fce851d8a88d547d407bd04f36fbe5eb9aa8daed80550de150c516e51590ad32"",""data/metrics_faithfulness_metrics_PickCube-v1_170m_seed42_logpi_20260615_004816.jsonl:103:a26fde6dd33ba767bc7b953491020d74f26cd0bce33f07628d6f73f3c6340c78"",""data/metrics_faithfulness_metrics_PickCube-v1_170m_seed42_logpi_20260615_004816.jsonl:104:672a1eaaa02cafaf0340fd2cca6053b1006ce80271c4c5562c9f38f56e719102"",""data/metrics_faithfulness_metrics_PickCube-v1_170m_seed42_logpi_20260615_004816.jsonl:105:592d3973a85c22910aca2ade4e756f70ae71a6525907e583a2411181d65c553c"",""data/metrics_faithfulness_metrics_PickCube-v1_170m_seed42_logpi_20260615_004816.jsonl:106:d2a18ff48b114455ed8ca8812354ed7945cd0e211cba54a504d38bbfdeaa89ae"",""data/metrics_faithfulness_metrics_PickCube-v1_170m_seed42_logpi_20260615_004816.jsonl:107:f67ea7b8ceafbf908e2ef9aa5f86f5345d256f8859bd3e315f5215b6113dfecc"",""data/metrics_faithfulness_metrics_PickCube-v1_170m_seed42_logpi_20260615_004816.jsonl:108:4b50f5af05ae15c48bd21715247952152832d4c9752a9ae7e43324aa8623b5b0"",""data/metrics_faithfulness_metrics_PickCube-v1_170m_seed42_logpi_20260615_004816.jsonl:109:5d5de8f028b86031852ff712892129157038188f89433c5888200ced81285daf"",""data/metrics_faithfulness_metrics_PickCube-v1_170m_seed42_logpi_20260615_004816.jsonl:110:648829af48fca7d5a9df14d55ef60f16475219ee4b4717dd8d39a8a1f651bdc5"",""data/metrics_faithfulness_metrics_PickCube-v1_170m_seed42_logpi_20260615_004816.jsonl:111:f8aee473bff6b5a2dfdcb3ec216cdf12bde0462b04f2291873f2b55f8c35fced"",""data/metrics_faithfulness_metrics_PickCube-v1_170m_seed42_logpi_20260615_004816.jsonl:112:6da3427f4c59a6ba12daba36e74c686958690824be682249fc5a560eedd9179b"",""data/metrics_faithfulness_metrics_PickCube-v1_170m_seed42_logpi_20260615_004816.jsonl:113:984d5dbd940ec155640149ed59ab643bb345bd3e3295d6f77918241ae9964c87"",""data/metrics_faithfulness_metrics_PickCube-v1_170m_seed42_logpi_20260615_004816.jsonl:114:ec1cd7c7fc1213053f36bfa5bf6841fc9b78fec5e5f8dd8e3c8a381cda342144"",""data/metrics_faithfulness_metrics_PickCube-v1_170m_seed42_logpi_20260615_004816.jsonl:115:7c7e84970ab4d02d2e704816feb83fb5126dc7e68670c79df75a35019ed0bdb5"",""data/metrics_faithfulness_metrics_PickCube-v1_170m_seed42_logpi_20260615_004816.jsonl:116:c765ebed5528fc96694064586b7909171526693a9d4d8cd0895bebb272e1b84f"",""data/metrics_faithfulness_metrics_PickCube-v1_170m_seed42_logpi_20260615_004816.jsonl:117:0c147b34a581466a772166c57fa018c1c038df2d35f2f1a1aca7e98ad0c692bf"",""data/metrics_faithfulness_metrics_PickCube-v1_170m_seed42_logpi_20260615_004816.jsonl:118:7765696d5493cd391cab5168684641381fd25876ab3e921d5971ad5c4d065f3d"",""data/metrics_faithfulness_metrics_PickCube-v1_170m_seed42_logpi_20260615_004816.jsonl:119:1e6a2790d3ea04843290cd33069985f1b15f45a832713d3f557801d82a8e4e48"",""data/metrics_faithfulness_metrics_PickCube-v1_170m_seed42_logpi_20260615_004816.jsonl:120:fbe41dc70fd2fb3f52809d7ad1fde492f708d194642670fdfe3c79240e0bfe26"",""data/metrics_faithfulness_metrics_PickCube-v1_170m_seed42_logpi_20260615_004816.jsonl:121:4ddf7711fab166713f741c238cfe65bb3a471a4968a7caea3916851b9052cc52"",""data/metrics_faithfulness_metrics_PickCube-v1_170m_seed42_logpi_20260615_004816.jsonl:122:80e29d8d50d3930a4a0dfeab91c9cd3331d7102d250047545a3adcca384d4dcd"",""data/metrics_faithfulness_metrics_PickCube-v1_170m_seed42_logpi_20260615_004816.jsonl:123:334837cd1501a889ca7279c0fc23a8762d9a85af8a355a69acd4427127861896"",""data/metrics_faithfulness_metrics_PickCube-v1_170m_seed42_logpi_20260615_004816.jsonl:124:e9cd986193c63320474f2a269ca4d90fdd13f86d380fec31b2be879e00f26ffa"",""data/metrics_faithfulness_metrics_PickCube-v1_170m_seed42_logpi_20260615_004816.jsonl:125:bdf12bd7819d0760468e91e737bba6a97220bbf4361e9ed269af9f446fe00b3f""]",0.16085179481753387,-0.00854498696346356,0.0
Q:vision:deletion,Q,vision,deletion,89eb57f93f61eb027f51494b520be3e00cd1717cb71c4f147fb40fb27e1e90d4,25,25,0.09233113089642238,"[""data/metrics_faithfulness_metrics_PickCube-v1_170m_seed142_logpi_20260615_004405.jsonl:51:82a72577a13b55ad26117d9fe525352083ec50cb6dac39c33df002d3c1c72a06"",""data/metrics_faithfulness_metrics_PickCube-v1_170m_seed142_logpi_20260615_004405.jsonl:52:35ad33490cbd78c5c78979e636b99c397199432bd093702b81238e154d1a9aac"",""data/metrics_faithfulness_metrics_PickCube-v1_170m_seed142_logpi_20260615_004405.jsonl:53:c6df5f8903995bb19cc540ab6b4785a2e751e5841084ee269bd4bd9cb9466fee"",""data/metrics_faithfulness_metrics_PickCube-v1_170m_seed142_logpi_20260615_004405.jsonl:54:78fcfa0c493b02f62d081e9244b373ffbb213661359a2b24792936265c9398f0"",""data/metrics_faithfulness_metrics_PickCube-v1_170m_seed142_logpi_20260615_004405.jsonl:55:563b420b26180a0ea522bc94d0fe65eb1d18e5f83d2353d17a37767a16b696c7"",""data/metrics_faithfulness_metrics_PickCube-v1_170m_seed142_logpi_20260615_004405.jsonl:56:d4434d30515dd02103413bd9d6081d10189f8aa09e8a128742d0b14a52b5915e"",""data/metrics_faithfulness_metrics_PickCube-v1_170m_seed142_logpi_20260615_004405.jsonl:57:f2cd077289d9a7630d6eb8267bbcde228de9f329d1627328d2bee704d0688680"",""data/metrics_faithfulness_metrics_PickCube-v1_170m_seed142_logpi_20260615_004405.jsonl:58:76ab2ffd739b130db2a337932e89fdb663acbaefa1f5720947f49195b6f1dcce"",""data/metrics_faithfulness_metrics_PickCube-v1_170m_seed142_logpi_20260615_004405.jsonl:59:0fd1b06d3c23c0ecaa6600d96c06382ab9a8a9a4dfbe3d2e7218ada40345ab6a"",""data/metrics_faithfulness_metrics_PickCube-v1_170m_seed142_logpi_20260615_004405.jsonl:60:14b2891dffeb2497149983bfa7c80b0794542326826d921f9b9198e44c8fa80b"",""data/metrics_faithfulness_metrics_PickCube-v1_170m_seed142_logpi_20260615_004405.jsonl:61:f494eeb28285d246c7315bad22361e67bede8f5c80d0da1752c228eeb80f8801"",""data/metrics_faithfulness_metrics_PickCube-v1_170m_seed142_logpi_20260615_004405.jsonl:62:9ca9d71f9aeafd53f1d09d86a0ee0024eabd4377789d83fac5380393d8da2bff"",""data/metrics_faithfulness_metrics_PickCube-v1_170m_seed142_logpi_20260615_004405.jsonl:63:3137b623bceb20bc605201c0f9aac6c7845c32579f7b5d3a2cfecd3a5e98028e"",""data/metrics_faithfulness_metrics_PickCube-v1_170m_seed142_logpi_20260615_004405.jsonl:64:3014e53b1032bdb0ae005e7c91c66908dbba0d9b00d19b410aac98bff326b89f"",""data/metrics_faithfulness_metrics_PickCube-v1_170m_seed142_logpi_20260615_004405.jsonl:65:3dc6861469df7b9e6e8b9f50c6f4229089b4025a3cdebd5aa119634dd2628cc5"",""data/metrics_faithfulness_metrics_PickCube-v1_170m_seed142_logpi_20260615_004405.jsonl:66:669bcf40dfa98e6751eef344d67988044261ed85099241b44b5af87440cc4d10"",""data/metrics_faithfulness_metrics_PickCube-v1_170m_seed142_logpi_20260615_004405.jsonl:67:8d406e59f06162c596a122a953bbdff17709e68281bc726bd34fc6d321097b23"",""data/metrics_faithfulness_metrics_PickCube-v1_170m_seed142_logpi_20260615_004405.jsonl:68:2568c9d2249ee55a74002ff408bdaa61a5715508fa8d24258839149601e42c0b"",""data/metrics_faithfulness_metrics_PickCube-v1_170m_seed142_logpi_20260615_004405.jsonl:69:a7f50818ccbc7f752bac0be0a1b50f3570b21c6d67fa90ef2a253d5a320fa6d0"",""data/metrics_faithfulness_metrics_PickCube-v1_170m_seed142_logpi_20260615_004405.jsonl:70:ef3ca9f7711cf4a636de55f4f8163ae2ff1e9e0af3b3c6309d4db948f5e9bee3"",""data/metrics_faithfulness_metrics_PickCube-v1_170m_seed142_logpi_20260615_004405.jsonl:71:89509e214b4d0ffab395be6c28034f122f44a9a76e73df8f6cc0737dea076121"",""data/metrics_faithfulness_metrics_PickCube-v1_170m_seed142_logpi_20260615_004405.jsonl:72:9042e8e9b5d4f5b5cdc9f883176f6a510b606d109bcf4e476b444e101d4c2bb6"",""data/metrics_faithfulness_metrics_PickCube-v1_170m_seed142_logpi_20260615_004405.jsonl:73:6cd2fd53cfa297725ada245b8af9fbf809a951be97a77e1722724f6790bf2e40"",""data/metrics_faithfulness_metrics_PickCube-v1_170m_seed142_logpi_20260615_004405.jsonl:74:84fbcf0477ffad03e922245731fc065d95b050a5bcc92a7ec2d3bf29e99c1634"",""data/metrics_faithfulness_metrics_PickCube-v1_170m_seed142_logpi_20260615_004405.jsonl:75:f1db0f9113a63af82ae08b66cf8420d1a4f20f8c1bb252edf276a8fd4f72a7f3""]",0.10532597936378395,-0.012994848467361573,0.0
Q:vision:deletion,Q,vision,deletion,8e4d58f7db69b72d935648c23043aa22e63d11af2add7ba9e0eb7c2b8f463ad0,25,25,0.13297490497694103,"[""data/metrics_faithfulness_metrics_PickCube-v1_170m_seed142_logpi_20260615_004405.jsonl:226:8c3b30c95197d3d7106ad6f31be6787e56c36b9ec1138ef513a50e858ec58633"",""data/metrics_faithfulness_metrics_PickCube-v1_170m_seed142_logpi_20260615_004405.jsonl:227:54e4c3fad92dafa10a52f10f82c700767dd86f8604b538115be4678def6e2076"",""data/metrics_faithfulness_metrics_PickCube-v1_170m_seed142_logpi_20260615_004405.jsonl:228:426b7b842f77413a440c0ba9051d2bbee7931fea742fe1b15aa67df0a7e0ae5c"",""data/metrics_faithfulness_metrics_PickCube-v1_170m_seed142_logpi_20260615_004405.jsonl:229:4bd640502b42806887cb4f897bfe9d17a5a9a55478dbad9adb2a354bee2688be"",""data/metrics_faithfulness_metrics_PickCube-v1_170m_seed142_logpi_20260615_004405.jsonl:230:566f8b54b28af3287a50e43019bdaa4b57e2b191970909ffe1c4dcd8337ddc6d"",""data/metrics_faithfulness_metrics_PickCube-v1_170m_seed142_logpi_20260615_004405.jsonl:231:a47624cbf1a60ce5ecae7e06eb6385692e52332c32e172deea4e43a55e0c8910"",""data/metrics_faithfulness_metrics_PickCube-v1_170m_seed142_logpi_20260615_004405.jsonl:232:ad7fe92a8e16cfd87d0437cc1a26bf61434ac65440a9507cdffe2afb95e52315"",""data/metrics_faithfulness_metrics_PickCube-v1_170m_seed142_logpi_20260615_004405.jsonl:233:6b7d416d11bc1ffb9311a7324d5f5d79c0f6012b28a18f8fca376fd37e8c2ee9"",""data/metrics_faithfulness_metrics_PickCube-v1_170m_seed142_logpi_20260615_004405.jsonl:234:bf3646b236d13a746a40d732cb33c53e2880bda5ddc79487ea860fcce8f3803f"",""data/metrics_faithfulness_metrics_PickCube-v1_170m_seed142_logpi_20260615_004405.jsonl:235:9b346eec671f8f1619447369dcbd6594589c693e62e8f50b1afb0982149f1c6f"",""data/metrics_faithfulness_metrics_PickCube-v1_170m_seed142_logpi_20260615_004405.jsonl:236:b1fa9a054939df889df18b1a42b73bd5ef809c2aa6363a28ecd856a8efe14e6b"",""data/metrics_faithfulness_metrics_PickCube-v1_170m_seed142_logpi_20260615_004405.jsonl:237:be36bb5a9aa1592de586737304aba8761f9f9c1dbd46e5dcac263e6b8b701a10"",""data/metrics_faithfulness_metrics_PickCube-v1_170m_seed142_logpi_20260615_004405.jsonl:238:673469faa6341f7ddf530fea8cd0e60739086bf5d7842152cf9190e186e63946"",""data/metrics_faithfulness_metrics_PickCube-v1_170m_seed142_logpi_20260615_004405.jsonl:239:533ad1d36664632f365e3a2288ddbb9546fefb273875536c971c6609373a3ebc"",""data/metrics_faithfulness_metrics_PickCube-v1_170m_seed142_logpi_20260615_004405.jsonl:240:870902afa2a8cb88d7c63f548e2776cc540fac7caba38790b9fe9038d52680bf"",""data/metrics_faithfulness_metrics_PickCube-v1_170m_seed142_logpi_20260615_004405.jsonl:241:0fdf5c726554ee05f757968379fca457a9af57766f7a0edd4ee882098a48252f"",""data/metrics_faithfulness_metrics_PickCube-v1_170m_seed142_logpi_20260615_004405.jsonl:242:7187540af38f8ec7c4b059dbe70ab0515de59090dec1a6ad979f3aca0db07550"",""data/metrics_faithfulness_metrics_PickCube-v1_170m_seed142_logpi_20260615_004405.jsonl:243:4f3a19428409fa40732c4deeacd33018d1e8fa6276e6904c63f835a653776cd1"",""data/metrics_faithfulness_metrics_PickCube-v1_170m_seed142_logpi_20260615_004405.jsonl:244:9dbf5c320a95cfce244eb3d805e4bef1a1f3652ccdd1c4e9b190bdc8fd2ddca4"",""data/metrics_faithfulness_metrics_PickCube-v1_170m_seed142_logpi_20260615_004405.jsonl:245:e9c4fc9a77e6b859bf80fb2d5c3b6557f0cf4523e5f59b2e5b5e18d19bbe583a"",""data/metrics_faithfulness_metrics_PickCube-v1_170m_seed142_logpi_20260615_004405.jsonl:246:6d60b9bab3cce5a0c8cc62d54c63b65e6cc16984413a146a02efdc9c54b1ead3"",""data/metrics_faithfulness_metrics_PickCube-v1_170m_seed142_logpi_20260615_004405.jsonl:247:1c90e8b8fb2e7fa1efaf8e14ef2301ac484f3382b1ee17adc4fa81e9bfd33680"",""data/metrics_faithfulness_metrics_PickCube-v1_170m_seed142_logpi_20260615_004405.jsonl:248:2877bdeadbf1976d73f8ceb402431f9fc81c7836328e1148f55bfb81a6f82cca"",""data/metrics_faithfulness_metrics_PickCube-v1_170m_seed142_logpi_20260615_004405.jsonl:249:169118ef418ddc36a9d46a8cae6b5e8573707ccd709d8840e0de68362e182d52"",""data/metrics_faithfulness_metrics_PickCube-v1_170m_seed142_logpi_20260615_004405.jsonl:250:6706dc9dddb30129b3d7f5531aa08346d57fe0548e12b7d52b9ffc3aeea3be80""]",0.14034032861287765,-0.007365423635936594,0.0
Q:vision:deletion,Q,vision,deletion,908849fece084ea1c651025791f44fc1febdc739c4abb18f8eff39fe117fcb99,25,25,0.11570276226510036,"[""data/metrics_faithfulness_metrics_PickCube-v1_170m_seed42_logpi_20260615_004816.jsonl:351:17a6377f6126d7a97eb8aff1d7d6fbf02328ccc6d4dc948bb903347c98f0647c"",""data/metrics_faithfulness_metrics_PickCube-v1_170m_seed42_logpi_20260615_004816.jsonl:352:fe23a88af265da53df62d140376a2661a045f84dc7feafabc8544c26ee1301b8"",""data/metrics_faithfulness_metrics_PickCube-v1_170m_seed42_logpi_20260615_004816.jsonl:353:eff4b391914ccb23ee427fadb10de02bece0101ecb6bba51d36df2e7a5593222"",""data/metrics_faithfulness_metrics_PickCube-v1_170m_seed42_logpi_20260615_004816.jsonl:354:89cea3ff0336d2c4d41e25911e6cc08c83bc14381e77f17b46edd15e5316131e"",""data/metrics_faithfulness_metrics_PickCube-v1_170m_seed42_logpi_20260615_004816.jsonl:355:5f52733bc2f53acab2f722767491a12fab13a758e2d1f3a863aa0037aa447596"",""data/metrics_faithfulness_metrics_PickCube-v1_170m_seed42_logpi_20260615_004816.jsonl:356:f2971a27f80157bcc1f322a325e6d386b728d209749ab7d84641856f926b259e"",""data/metrics_faithfulness_metrics_PickCube-v1_170m_seed42_logpi_20260615_004816.jsonl:357:11c4530cb17a2f41ba79c13f169d41e5212713064b3e44c0ea65fa31281aca1f"",""data/metrics_faithfulness_metrics_PickCube-v1_170m_seed42_logpi_20260615_004816.jsonl:358:54006e330131ed13649ab795aa2d5ad31ede1fa5b27ff5a62bb9ef38f888de13"",""data/metrics_faithfulness_metrics_PickCube-v1_170m_seed42_logpi_20260615_004816.jsonl:359:51d5651290cca5fe984a0094bd09c61849cf25a2e89bb4b0e2f45dabb4411345"",""data/metrics_faithfulness_metrics_PickCube-v1_170m_seed42_logpi_20260615_004816.jsonl:360:340ccc51edd457369f8c6d26347a6785cf68c097ac477ab899f67adef61d04af"",""data/metrics_faithfulness_metrics_PickCube-v1_170m_seed42_logpi_20260615_004816.jsonl:361:b8dbbc65ea0d9d57d997f4f2529666ecd3309fc6b7478fff3994c80bbcd45dcb"",""data/metrics_faithfulness_metrics_PickCube-v1_170m_seed42_logpi_20260615_004816.jsonl:362:bec3c931e45bc571594bb98fe0aa64284e43a5685e68f39ed997347bb9edfebe"",""data/metrics_faithfulness_metrics_PickCube-v1_170m_seed42_logpi_20260615_004816.jsonl:363:1189798ed0e2d73030c017d50deebea316a3bc9e4a1aa8ab1dcfdee7254c4e1e"",""data/metrics_faithfulness_metrics_PickCube-v1_170m_seed42_logpi_20260615_004816.jsonl:364:ab1f71661425499239ae80734c9f32fa9d5f2a367e52d97d417a44ba34e952ac"",""data/metrics_faithfulness_metrics_PickCube-v1_170m_seed42_logpi_20260615_004816.jsonl:365:14ea1193d65da1be8903ae8d3dfa5744d08f7d21fc6e2bedd7b2dacbbde59d1f"",""data/metrics_faithfulness_metrics_PickCube-v1_170m_seed42_logpi_20260615_004816.jsonl:366:76a7b2984bc0b1f099375ef13a8b734df35cda8659d38b1554a01a825a2d231a"",""data/metrics_faithfulness_metrics_PickCube-v1_170m_seed42_logpi_20260615_004816.jsonl:367:a04bb318804a523cf6be5ee1be9d561dff4c3459a33258e00eef56b092396444"",""data/metrics_faithfulness_metrics_PickCube-v1_170m_seed42_logpi_20260615_004816.jsonl:368:53117526ce126ee29dc4660089fbeb5d35f74d2f6c96ab8c30c84a2401575f66"",""data/metrics_faithfulness_metrics_PickCube-v1_170m_seed42_logpi_20260615_004816.jsonl:369:5a29f918f61dff1d30cb85528202290cf2d73565d145ebe3d06c115c8797badb"",""data/metrics_faithfulness_metrics_PickCube-v1_170m_seed42_logpi_20260615_004816.jsonl:370:ec15cd8014a754d909ed1f27f6edebc69cea12608719b55d0a815876d7c40629"",""data/metrics_faithfulness_metrics_PickCube-v1_170m_seed42_logpi_20260615_004816.jsonl:371:09e806de5a4406d7be070707f4e1666d16d31b030efe02a00974f860b0229c42"",""data/metrics_faithfulness_metrics_PickCube-v1_170m_seed42_logpi_20260615_004816.jsonl:372:70b05e479da75958c94177d7fcc3ba680e608c55dbd947ba423f8368258541a6"",""data/metrics_faithfulness_metrics_PickCube-v1_170m_seed42_logpi_20260615_004816.jsonl:373:f8f4c0b7534d637a2b98f0a9da9623c32c4f1d3e3e842c8947cb45a2b8c33e9a"",""data/metrics_faithfulness_metrics_PickCube-v1_170m_seed42_logpi_20260615_004816.jsonl:374:abde868e32d1a4e0aa917c3822a899346f8cd77239eaa273fbab1a4443355e63"",""data/metrics_faithfulness_metrics_PickCube-v1_170m_seed42_logpi_20260615_004816.jsonl:375:efe0709de5be1b4d78e91bfb7301c113d8bb76073268e9200013558c4bd59004""]",0.11571364014261044,-1.08778775100828e-05,0.0
Q:vision:deletion,Q,vision,deletion,a0990515c1e2815dbe9b8ca5036b78a86c65a3bf848fbdcdf0be9a6ff56b3e52,25,25,0.12664962694894877,"[""data/metrics_faithfulness_metrics_PickCube-v1_170m_seed42_logpi_20260615_004816.jsonl:151:0267a7673ec971b251be4b25f4d9cf85a9739124a54079d2a29d6d7e7a5e47af"",""data/metrics_faithfulness_metrics_PickCube-v1_170m_seed42_logpi_20260615_004816.jsonl:152:56648af2d6dc693da50d6923e07d40d6b6b3a9f427cee368b0e2a35d67439b37"",""data/metrics_faithfulness_metrics_PickCube-v1_170m_seed42_logpi_20260615_004816.jsonl:153:c69311daadecb0eaeb9bc0d0d3f8a40f5c5ca7dc6ad985ea621e66023ac73a20"",""data/metrics_faithfulness_metrics_PickCube-v1_170m_seed42_logpi_20260615_004816.jsonl:154:ce41718aef4eab593939ed2ee002058a61577f689c3b5829edaa70d77d879617"",""data/metrics_faithfulness_metrics_PickCube-v1_170m_seed42_logpi_20260615_004816.jsonl:155:eca386e5a3318e56c6d105d2112418c6c058a9426dbd7b553fb60eeb18ab1724"",""data/metrics_faithfulness_metrics_PickCube-v1_170m_seed42_logpi_20260615_004816.jsonl:156:1fd3d65be8e07facf558b550af804c22ebaef3a42cc3bd9fa768e0730f3aacc7"",""data/metrics_faithfulness_metrics_PickCube-v1_170m_seed42_logpi_20260615_004816.jsonl:157:b82567c8e245f0c8b744498e9b816e071c500a241753896b3023d6d2f42c8428"",""data/metrics_faithfulness_metrics_PickCube-v1_170m_seed42_logpi_20260615_004816.jsonl:158:6f578eaa0b55eb6882d8bbb07a55fc2a5fd65a8fdfb5f006f2e49084ec9caee0"",""data/metrics_faithfulness_metrics_PickCube-v1_170m_seed42_logpi_20260615_004816.jsonl:159:23a570c1d4f5346218dfa9c17098061b12e4eb5f31410fb3f4bf0cc897a97603"",""data/metrics_faithfulness_metrics_PickCube-v1_170m_seed42_logpi_20260615_004816.jsonl:160:2bb1135a6ba43b4ae4c4032d669647e0e08d2da9ea0a54bc6d36150931b5b7a0"",""data/metrics_faithfulness_metrics_PickCube-v1_170m_seed42_logpi_20260615_004816.jsonl:161:d1f5406335460a5e73a34117ab7163f8761b5660016dc25b5a02abd4d46f57e8"",""data/metrics_faithfulness_metrics_PickCube-v1_170m_seed42_logpi_20260615_004816.jsonl:162:46db0c0cfb060d0e64d068be8fae6250bf57db8df9a8f5cfebe6211ab3964a10"",""data/metrics_faithfulness_metrics_PickCube-v1_170m_seed42_logpi_20260615_004816.jsonl:163:2e4b534c7e08678b4c2ab5b80b5e07b01e4d07ce953db0f0a767c0a14156f1f0"",""data/metrics_faithfulness_metrics_PickCube-v1_170m_seed42_logpi_20260615_004816.jsonl:164:13be42729a0974a4495ff91dd59c1b2afc685e67d2860674305730585bc7effc"",""data/metrics_faithfulness_metrics_PickCube-v1_170m_seed42_logpi_20260615_004816.jsonl:165:78c15d8966ce85ba473a4b15c89d7edbfbfce40358b1a2880374856a04bdc1af"",""data/metrics_faithfulness_metrics_PickCube-v1_170m_seed42_logpi_20260615_004816.jsonl:166:0f7c6a3848836b627cf1dcb2bbdbe97b616ab1d33bc4329030c6cb658387609a"",""data/metrics_faithfulness_metrics_PickCube-v1_170m_seed42_logpi_20260615_004816.jsonl:167:e386e57edb13d256e0e57d3bfda9e8cb5f5829a70ba09dab80afd2eca36d2f8b"",""data/metrics_faithfulness_metrics_PickCube-v1_170m_seed42_logpi_20260615_004816.jsonl:168:7f26aec087fc4c900a1b21f70ba033c012de1c117ec270aa4cec77fcd36496c7"",""data/metrics_faithfulness_metrics_PickCube-v1_170m_seed42_logpi_20260615_004816.jsonl:169:be3869957189c71db65e73f0339c980efd34f5fdd9556eab7ae40927f7ae1862"",""data/metrics_faithfulness_metrics_PickCube-v1_170m_seed42_logpi_20260615_004816.jsonl:170:cd9da702ff204a8e2c205508901a30f11ca8ce5899b7cd33d43e148f2482f9fa"",""data/metrics_faithfulness_metrics_PickCube-v1_170m_seed42_logpi_20260615_004816.jsonl:171:bb48b34804700f2d1a9d8028a17de84bf5d8c5fb183cdb5e77eb7f8adf0f6f60"",""data/metrics_faithfulness_metrics_PickCube-v1_170m_seed42_logpi_20260615_004816.jsonl:172:b1fd3d7c286797f7bc9bb33122b34f368419060b67a537f50a3879a2ad7fb750"",""data/metrics_faithfulness_metrics_PickCube-v1_170m_seed42_logpi_20260615_004816.jsonl:173:9078637c1e35be8190f780a76c33a137fdbc8f7c7d607f2a9078038a9f957a37"",""data/metrics_faithfulness_metrics_PickCube-v1_170m_seed42_logpi_20260615_004816.jsonl:174:f9f710fb7b3a29c6e5e65cffe4a37840ac672251e8e40bfe6d040731e34513a3"",""data/metrics_faithfulness_metrics_PickCube-v1_170m_seed42_logpi_20260615_004816.jsonl:175:ddf037e43cbdd8f07490fdd62da72e55903abb569a47892fc5af236606743713""]",0.13337567128617986,-0.006726044337231101,0.0
Q:vision:deletion,Q,vision,deletion,b17c407676aa2a563999504b2144d16b3b51a39b0d34995b1114c6968b39e43c,25,25,0.15240922998042228,"[""data/metrics_faithfulness_metrics_PickCube-v1_170m_seed42_logpi_20260615_004816.jsonl:10:7a54c9d4d3f84d2c617ac7c16ae1f7b6d72f093870f4db3c918522cf49e39aed"",""data/metrics_faithfulness_metrics_PickCube-v1_170m_seed42_logpi_20260615_004816.jsonl:11:c655593cb5b0951daaa752856c04a639087563d4125eb87dd589b13b5ed955c6"",""data/metrics_faithfulness_metrics_PickCube-v1_170m_seed42_logpi_20260615_004816.jsonl:12:8730f813fc819d8c233a414549ec53b04faae3beac0eebd6d97fd948e08c3c68"",""data/metrics_faithfulness_metrics_PickCube-v1_170m_seed42_logpi_20260615_004816.jsonl:13:439a24a613af7b83f9e6f1531b8a6493af3764570ad8f8c6e5a8349f39841859"",""data/metrics_faithfulness_metrics_PickCube-v1_170m_seed42_logpi_20260615_004816.jsonl:14:68c704bd9b2b703056c1e35d3904301a9c769efadab2ae9446d2154b42811ee5"",""data/metrics_faithfulness_metrics_PickCube-v1_170m_seed42_logpi_20260615_004816.jsonl:15:51ab82c6e317d6d0a1c6982c8c3ce070c8b359d4a4f1007c5b16f7bcc088b5de"",""data/metrics_faithfulness_metrics_PickCube-v1_170m_seed42_logpi_20260615_004816.jsonl:16:6591e3c33949249f70c01a161f29cd1397d3df82fbe9160f447df330552de173"",""data/metrics_faithfulness_metrics_PickCube-v1_170m_seed42_logpi_20260615_004816.jsonl:17:ca829978d4bed6cf5a64008b84653b629cf2f25b4db1e4a25075211e19177aac"",""data/metrics_faithfulness_metrics_PickCube-v1_170m_seed42_logpi_20260615_004816.jsonl:18:b87edc8653499c0a70575eb3e73b2558a24b4939016a397fc0834ace79116d8f"",""data/metrics_faithfulness_metrics_PickCube-v1_170m_seed42_logpi_20260615_004816.jsonl:19:2f434997689de1a20068b0e46ed2a1cdb43be8e214559d7a8a02553e78ecf7f6"",""data/metrics_faithfulness_metrics_PickCube-v1_170m_seed42_logpi_20260615_004816.jsonl:1:96d035b5087fb896807a50dd28a22b957a7984d2d71575fa3e2c0cee208bd3cb"",""data/metrics_faithfulness_metrics_PickCube-v1_170m_seed42_logpi_20260615_004816.jsonl:20:f0e086311edb87f565dcd4b04beea727a87f8bed5a95302203869b20c9280a9a"",""data/metrics_faithfulness_metrics_PickCube-v1_170m_seed42_logpi_20260615_004816.jsonl:21:7b70785e50769931eef3d86069451aca643178a4532c71f18fa00f46315a19a3"",""data/metrics_faithfulness_metrics_PickCube-v1_170m_seed42_logpi_20260615_004816.jsonl:22:d6923ace7a26527b0b1b8a3ceb18f864d087561d5f07dc5fa66f79c5ef05bf68"",""data/metrics_faithfulness_metrics_PickCube-v1_170m_seed42_logpi_20260615_004816.jsonl:23:17af34b65acda84eaf9d67b386896f0e160814217df6e0ad8d27c72a295ff664"",""data/metrics_faithfulness_metrics_PickCube-v1_170m_seed42_logpi_20260615_004816.jsonl:24:89991784543b1eb2cbc3c1d653fd30f22ec7864fefcfb86df031e15368b92779"",""data/metrics_faithfulness_metrics_PickCube-v1_170m_seed42_logpi_20260615_004816.jsonl:25:4f8db56ced49eede3df0492171a35601c3b5448e252f41e25c60704bd9096107"",""data/metrics_faithfulness_metrics_PickCube-v1_170m_seed42_logpi_20260615_004816.jsonl:2:97ca44bd53cb96d4a6a0fc2a3cb5b22221df6deda79321809508dd1e8c161b9e"",""data/metrics_faithfulness_metrics_PickCube-v1_170m_seed42_logpi_20260615_004816.jsonl:3:6e7980c80f889a4f774abb49902d3db86758c8a0e20e7825d13535b376cafe61"",""data/metrics_faithfulness_metrics_PickCube-v1_170m_seed42_logpi_20260615_004816.jsonl:4:285ccb73c9814fe3b67dddff6c80f92e428b9c56cbcc293ef5e0d9d528cfbcb5"",""data/metrics_faithfulness_metrics_PickCube-v1_170m_seed42_logpi_20260615_004816.jsonl:5:71f238a2a3b09f7db886f2d19e63e5549a02489865e2f061e7eeffc0ac87d15f"",""data/metrics_faithfulness_metrics_PickCube-v1_170m_seed42_logpi_20260615_004816.jsonl:6:993d4b4c129e47872a06b44957433b8bc7c39437d025337ef29d60bf162c551a"",""data/metrics_faithfulness_metrics_PickCube-v1_170m_seed42_logpi_20260615_004816.jsonl:7:f2cabf2064144d4c6f516f99adb4051a4cf5328f4558cf3c3af3b7c1cdf5c2de"",""data/metrics_faithfulness_metrics_PickCube-v1_170m_seed42_logpi_20260615_004816.jsonl:8:9fbb14da26a7105156cbb4ec942f53c0d0f66fbc736a028c3a906722fc1d3b71"",""data/metrics_faithfulness_metrics_PickCube-v1_170m_seed42_logpi_20260615_004816.jsonl:9:87108c4b8129d0039c1b877cfd7208a6b4a95d705e632cbcb4190ba0062484b3""]",0.15476752085612688,-0.0023582908757046397,0.0
Q:vision:deletion,Q,vision,deletion,bbf812e58d7871b288cdf7af8f765a9e55ce5c9a8c620b81684af28e3684ebad,25,25,0.15193521875165053,"[""data/metrics_faithfulness_metrics_PickCube-v1_170m_seed42_logpi_20260615_004816.jsonl:51:70f85d3cc635c98265444291a8a20cc91193456db0683ea738d2d238097cd6fe"",""data/metrics_faithfulness_metrics_PickCube-v1_170m_seed42_logpi_20260615_004816.jsonl:52:6e4c6c11116a2e638d469e62a2a9a3879b255b004965f911a7da9740f93cf042"",""data/metrics_faithfulness_metrics_PickCube-v1_170m_seed42_logpi_20260615_004816.jsonl:53:eb1e5fa84ad1f42ddbc0a33f3af899ef26addf9f2e6467831650ba95639d39d1"",""data/metrics_faithfulness_metrics_PickCube-v1_170m_seed42_logpi_20260615_004816.jsonl:54:8977be2a2a59326e6cbc752e6ba7f3b89a11b2db62bd9df6f47e08ea1587f961"",""data/metrics_faithfulness_metrics_PickCube-v1_170m_seed42_logpi_20260615_004816.jsonl:55:4b95e85dfab7c3222699c2f9dbe51a17e6b9a540e101be2d3f657c41241e2519"",""data/metrics_faithfulness_metrics_PickCube-v1_170m_seed42_logpi_20260615_004816.jsonl:56:b7bfef178ad3a3440a09d18e904966d061613bb0a9a14547a78fdfbe599aee2a"",""data/metrics_faithfulness_metrics_PickCube-v1_170m_seed42_logpi_20260615_004816.jsonl:57:83470f282edfa97e8052840d121775dc31d07aa6cb2267e6980c5b79b7efb10e"",""data/metrics_faithfulness_metrics_PickCube-v1_170m_seed42_logpi_20260615_004816.jsonl:58:5e445d9d22954fb0f1e595d5a30253615c5e3ed7517f7cce7670b9bba39b04ee"",""data/metrics_faithfulness_metrics_PickCube-v1_170m_seed42_logpi_20260615_004816.jsonl:59:794cc9d02d440bca90d7338d1752f1fb7fde1d486ee448de7cad636e374f6230"",""data/metrics_faithfulness_metrics_PickCube-v1_170m_seed42_logpi_20260615_004816.jsonl:60:19adace2f97502593d7fae745b8f2842d1d4eada08aa6d2b6765a88ee6ca5b68"",""data/metrics_faithfulness_metrics_PickCube-v1_170m_seed42_logpi_20260615_004816.jsonl:61:6c374aa7d8289a313b3ac1195170323b9d16a6af46c059ade6faf5c8058d2b5e"",""data/metrics_faithfulness_metrics_PickCube-v1_170m_seed42_logpi_20260615_004816.jsonl:62:a10eab88d0252774bd8386d671e4913a15341c53f551a30ee33cea7275071844"",""data/metrics_faithfulness_metrics_PickCube-v1_170m_seed42_logpi_20260615_004816.jsonl:63:63b21088d2dbfb25f10f33c2fcc6c5e8b117d1716340f69fea15f87405391467"",""data/metrics_faithfulness_metrics_PickCube-v1_170m_seed42_logpi_20260615_004816.jsonl:64:72cf55c2328eca49c4bcad0874ec5bc78e70b70c2c9cc1edad16f9d62f4ac7c0"",""data/metrics_faithfulness_metrics_PickCube-v1_170m_seed42_logpi_20260615_004816.jsonl:65:06337ac4a568c4498c18a13ea63d00dcb770341057e6aee24cc64911dbc83fb8"",""data/metrics_faithfulness_metrics_PickCube-v1_170m_seed42_logpi_20260615_004816.jsonl:66:18519515cbf0cbcb4e431013c4e8dac3dd5c71f6e750edba6231a0e43c112ec4"",""data/metrics_faithfulness_metrics_PickCube-v1_170m_seed42_logpi_20260615_004816.jsonl:67:b6ab398466ad88740262395cbf0ea8fbb2cecc55443609a8689597ad0035eafd"",""data/metrics_faithfulness_metrics_PickCube-v1_170m_seed42_logpi_20260615_004816.jsonl:68:e34db0f7ce35dcd589844e15dd1012a88c3e49d681aaa90acdec936ba07fd3dc"",""data/metrics_faithfulness_metrics_PickCube-v1_170m_seed42_logpi_20260615_004816.jsonl:69:c237d1e56487ca65cf53898d38542819c9f1b038f92e187888070973ccab196f"",""data/metrics_faithfulness_metrics_PickCube-v1_170m_seed42_logpi_20260615_004816.jsonl:70:565efd9f3aadc541908d3d99d1e8fd0cef5d3cd6d60754730c9d836496015792"",""data/metrics_faithfulness_metrics_PickCube-v1_170m_seed42_logpi_20260615_004816.jsonl:71:f92b1d47a51bb7ba98bb1e20387961be66d3b0759a705668bcfcb9a475385ff1"",""data/metrics_faithfulness_metrics_PickCube-v1_170m_seed42_logpi_20260615_004816.jsonl:72:da24a1b84bfe5553dc7c9e2fdd17a98609ad2d203662d8854ccfbd086b28640c"",""data/metrics_faithfulness_metrics_PickCube-v1_170m_seed42_logpi_20260615_004816.jsonl:73:e70465e20f44131591faa7d572b9c67d97e3e778c24906918753b60ad30a97d8"",""data/metrics_faithfulness_metrics_PickCube-v1_170m_seed42_logpi_20260615_004816.jsonl:74:15e8b9dd6889221275f38730cd4727bd5dc7a5b5c1622f41cba18b723a6a98b6"",""data/metrics_faithfulness_metrics_PickCube-v1_170m_seed42_logpi_20260615_004816.jsonl:75:f319cd934ebf4ac6248db3c82bcab39878b9de8bc902a530af1ff2c9cdfccfc7""]",0.15817006577321174,-0.006234847021561226,0.0
Q:vision:deletion,Q,vision,deletion,be748ae9c5de0101536372b21383147fac8bded07ae760aae2a15044db61cba0,25,25,0.12986568983587618,"[""data/metrics_faithfulness_metrics_PickCube-v1_170m_seed142_logpi_20260615_004405.jsonl:251:95b121016c0ffbeaf1483548dfd54f796ae26e576edf3b2cd123b3b7ae495f15"",""data/metrics_faithfulness_metrics_PickCube-v1_170m_seed142_logpi_20260615_004405.jsonl:252:702a54bc68388b2aa1162987e44850043f75ec26376797ad401967843385bc50"",""data/metrics_faithfulness_metrics_PickCube-v1_170m_seed142_logpi_20260615_004405.jsonl:253:3a9f609cb0bb9669fea745db85bc3b1026c85bc812156d87856e467345fc222c"",""data/metrics_faithfulness_metrics_PickCube-v1_170m_seed142_logpi_20260615_004405.jsonl:254:f43787284a45ac7f60695f267199ee4dacf053b8079f643e42ed110688b2d1cd"",""data/metrics_faithfulness_metrics_PickCube-v1_170m_seed142_logpi_20260615_004405.jsonl:255:32af9d24836ac8f5cc92a22976c7f703b7b417ede6d10b2bc98f1b92c3b360a3"",""data/metrics_faithfulness_metrics_PickCube-v1_170m_seed142_logpi_20260615_004405.jsonl:256:cdbe241075ffc5b4dae4ed2749010bb6b12df687c849221e9d0861e75b50fe67"",""data/metrics_faithfulness_metrics_PickCube-v1_170m_seed142_logpi_20260615_004405.jsonl:257:953872159fb9b19118718d231479b84209bbae2fc2f529e3dccc07d48cf180d6"",""data/metrics_faithfulness_metrics_PickCube-v1_170m_seed142_logpi_20260615_004405.jsonl:258:d9325c44b0f773b90637aa98878ac402f8f588ae6df0e0e5b0567baf62701270"",""data/metrics_faithfulness_metrics_PickCube-v1_170m_seed142_logpi_20260615_004405.jsonl:259:30d33e2f3578db1de4e908c36ab747dc5eba6be59565ba959022e3384ed72437"",""data/metrics_faithfulness_metrics_PickCube-v1_170m_seed142_logpi_20260615_004405.jsonl:260:606f08826016a3cb6056874778615577e080a25b3de647da806a74f896d1c125"",""data/metrics_faithfulness_metrics_PickCube-v1_170m_seed142_logpi_20260615_004405.jsonl:261:4481546bc465b20ede5d34a30b3dede4b2479550e96ed548ee8a91f5e8a2119f"",""data/metrics_faithfulness_metrics_PickCube-v1_170m_seed142_logpi_20260615_004405.jsonl:262:b94ecb8447da5ccdfd86b647d12e81d87aa831d4e2eac9bd3a26ddf6463e4701"",""data/metrics_faithfulness_metrics_PickCube-v1_170m_seed142_logpi_20260615_004405.jsonl:263:ee1374a3a0ab35cd1d6d2cd6b5bb737bb62a0dde733caa168b45245a3b645d8e"",""data/metrics_faithfulness_metrics_PickCube-v1_170m_seed142_logpi_20260615_004405.jsonl:264:119c4cf930891d4e96197b79e7a60f73126011ad6cb264ed23b924e043469778"",""data/metrics_faithfulness_metrics_PickCube-v1_170m_seed142_logpi_20260615_004405.jsonl:265:c2a2643baca9ca79ad6771a92c763587950428a7b092935f099898b351cb7234"",""data/metrics_faithfulness_metrics_PickCube-v1_170m_seed142_logpi_20260615_004405.jsonl:266:a0c9383f609b1e85b5c3326ca381f9a4512ba8c06d719af79b0a1e88fcb32e45"",""data/metrics_faithfulness_metrics_PickCube-v1_170m_seed142_logpi_20260615_004405.jsonl:267:95322cbacd152f9b054be0cca66c7f120a1130af640b2023312f96532aa44a3f"",""data/metrics_faithfulness_metrics_PickCube-v1_170m_seed142_logpi_20260615_004405.jsonl:268:cc90bbbed2af3395fad6ae9386d6a6cc200e4c728df00c6c31fff8a53a250592"",""data/metrics_faithfulness_metrics_PickCube-v1_170m_seed142_logpi_20260615_004405.jsonl:269:e4b12edee0affd130c679e7cee9921de4703adc07d239048391ebfecf15d6eab"",""data/metrics_faithfulness_metrics_PickCube-v1_170m_seed142_logpi_20260615_004405.jsonl:270:0eea57360368da37693f0183c9fa184ec6c9377b891f8314a7b0e02b6a0248c4"",""data/metrics_faithfulness_metrics_PickCube-v1_170m_seed142_logpi_20260615_004405.jsonl:271:1b509c7e8e668f19aaf5e5246be4736e791e0da1308510268e9c6bdad51e0183"",""data/metrics_faithfulness_metrics_PickCube-v1_170m_seed142_logpi_20260615_004405.jsonl:272:853c83ce2d726df81fb9bf85d57a50e599e0fd8597b882122260803a2715d91a"",""data/metrics_faithfulness_metrics_PickCube-v1_170m_seed142_logpi_20260615_004405.jsonl:273:37bf5a2ea443f54bf678d7d601674fcd9f74d770e6e82f7e54d78e00b93425fc"",""data/metrics_faithfulness_metrics_PickCube-v1_170m_seed142_logpi_20260615_004405.jsonl:274:0e562f0adaf04d870b823da15aefadd592b0da85eab2a7cc5d4db33681c72a91"",""data/metrics_faithfulness_metrics_PickCube-v1_170m_seed142_logpi_20260615_004405.jsonl:275:a3393de214ec33feb9f93d0ca75d609e34d241ea01ef97e2eea91b905fe9946c""]",0.1436219166646984,-0.013756226828822205,0.0
Q:vision:deletion,Q,vision,deletion,c083035c868b831868bd070af2e6045826b317b74e5423c8d612fb0ced90012c,25,25,0.16111513605492353,"[""data/metrics_faithfulness_metrics_PickCube-v1_170m_seed142_logpi_20260615_004405.jsonl:326:b8f4cd477167469c682bd17c87a34f3a160897e00c91764d1d77ad83e3a59a93"",""data/metrics_faithfulness_metrics_PickCube-v1_170m_seed142_logpi_20260615_004405.jsonl:327:47ac1a5a4fded47358dfb227c44ca55c520db3ca8715c07f8665cd9d06771c1b"",""data/metrics_faithfulness_metrics_PickCube-v1_170m_seed142_logpi_20260615_004405.jsonl:328:7be1da6d9d160bf3359becee6ccf8e1faa161fec7d9d4863662a9ebe4fef2ded"",""data/metrics_faithfulness_metrics_PickCube-v1_170m_seed142_logpi_20260615_004405.jsonl:329:b5eba947a49f1f95d8972278f446ce4ea929e23e32de4950f3af33003264f29a"",""data/metrics_faithfulness_metrics_PickCube-v1_170m_seed142_logpi_20260615_004405.jsonl:330:9be010d0530e66e74025b28d90c9b09cf219a0d86d6abad55e85065753717d1e"",""data/metrics_faithfulness_metrics_PickCube-v1_170m_seed142_logpi_20260615_004405.jsonl:331:9833cd6890904688498e3d87d232add9d5286d0b2b9be4c9e981cca260da5310"",""data/metrics_faithfulness_metrics_PickCube-v1_170m_seed142_logpi_20260615_004405.jsonl:332:9fc86afc3d3d2e171c536d1b764912701c069c61e9bdd5b05fa36d08b6a68f30"",""data/metrics_faithfulness_metrics_PickCube-v1_170m_seed142_logpi_20260615_004405.jsonl:333:e074cc43b179e4a7e2cb1f5ee500833bfd9c68c96fef20ade8195b2e4f0e48a3"",""data/metrics_faithfulness_metrics_PickCube-v1_170m_seed142_logpi_20260615_004405.jsonl:334:2c6a80f9373c78fbba79063594f66597beb2612c5c5da28d00e2a1d88f708de0"",""data/metrics_faithfulness_metrics_PickCube-v1_170m_seed142_logpi_20260615_004405.jsonl:335:b629ca297c6527b521c0bdf5776c4ebcb2850e0bd245c1afa08a94da92dfeed7"",""data/metrics_faithfulness_metrics_PickCube-v1_170m_seed142_logpi_20260615_004405.jsonl:336:a5c8dba25852e43ff4dcaac09786f8d3dfa0fbab0717a5d2eb10f1447ba3de10"",""data/metrics_faithfulness_metrics_PickCube-v1_170m_seed142_logpi_20260615_004405.jsonl:337:e24d55992f94d896c49192eb7c86e394719ad193d365eb37b96fa2ea17db7484"",""data/metrics_faithfulness_metrics_PickCube-v1_170m_seed142_logpi_20260615_004405.jsonl:338:ac8dbf0bd71267a4a3ad689854f379622142e96b2edd1ef83aa74f4f6f80721a"",""data/metrics_faithfulness_metrics_PickCube-v1_170m_seed142_logpi_20260615_004405.jsonl:339:1f82ad3372f7f08e9cb1894525cfae527c5c8126cb93dbb5ac985427bf813833"",""data/metrics_faithfulness_metrics_PickCube-v1_170m_seed142_logpi_20260615_004405.jsonl:340:e6ca3983388d9b8107874e4a53cf485837ee2f40d2d7c800f8836e6f977d0a89"",""data/metrics_faithfulness_metrics_PickCube-v1_170m_seed142_logpi_20260615_004405.jsonl:341:ca470d883780c90c361201b6464b8cc7f636811c632650fa77409d5b827e125e"",""data/metrics_faithfulness_metrics_PickCube-v1_170m_seed142_logpi_20260615_004405.jsonl:342:d8ddd7e721e8631b45d0027c81f89528ffeebca78659a3007dba022789529dc5"",""data/metrics_faithfulness_metrics_PickCube-v1_170m_seed142_logpi_20260615_004405.jsonl:343:3289c7f4f2bac3eb4b752544d23d7cbd593981b5b7a67d5b60c82121656349c7"",""data/metrics_faithfulness_metrics_PickCube-v1_170m_seed142_logpi_20260615_004405.jsonl:344:a09e7957fd283433220bb4c4aa8315658a73e7191d2c6b23c13c40c57f8d5bf8"",""data/metrics_faithfulness_metrics_PickCube-v1_170m_seed142_logpi_20260615_004405.jsonl:345:a77714b0ab2b81dd8a707e1dcfba7a541b2af9fd60621965e834004069a57258"",""data/metrics_faithfulness_metrics_PickCube-v1_170m_seed142_logpi_20260615_004405.jsonl:346:d2dcae161d282aec2fbcdcf0366b2bf213c2971e19371b3f950c6f2d3b7590e0"",""data/metrics_faithfulness_metrics_PickCube-v1_170m_seed142_logpi_20260615_004405.jsonl:347:a433687dea472282d3ff488894a4d56d5a03437840c6bd7e33c73a58bf1e87ae"",""data/metrics_faithfulness_metrics_PickCube-v1_170m_seed142_logpi_20260615_004405.jsonl:348:381eea21d172aaadcceac83cd1f92d43fc953eb29e24cf945646b85564cd7d8d"",""data/metrics_faithfulness_metrics_PickCube-v1_170m_seed142_logpi_20260615_004405.jsonl:349:b5ec1da6e11823ee89db8ae6cf30d5ccd81d2cf1d7c7a10f519b21c214929f64"",""data/metrics_faithfulness_metrics_PickCube-v1_170m_seed142_logpi_20260615_004405.jsonl:350:789c09629d448fa9e5512c21271381a4d359187fdd1bfe8f1bfd3476a9cc6a47""]",0.16363750138035937,-0.0025223653254358223,0.0
Q:vision:deletion,Q,vision,deletion,d6ad43c8e38c7a38642440cff446e83cdd661245e297bb0e5ed52b4ebe72b725,25,25,0.06874887093900581,"[""data/metrics_faithfulness_metrics_PickCube-v1_170m_seed42_logpi_20260615_004816.jsonl:100:4f9bd9ae29d39c56a374b3d66da8018f102a5ce89e30165ca0f9d1dda24474d3"",""data/metrics_faithfulness_metrics_PickCube-v1_170m_seed42_logpi_20260615_004816.jsonl:76:0fc8857668d369fe73a376545e71ea657a904226d32e7d554cd22bac032696f0"",""data/metrics_faithfulness_metrics_PickCube-v1_170m_seed42_logpi_20260615_004816.jsonl:77:d3be9cc0d02a168e93add4b20241d5838b45fc30ffafe20611b0dd757e7e6041"",""data/metrics_faithfulness_metrics_PickCube-v1_170m_seed42_logpi_20260615_004816.jsonl:78:8f1681d51d9f80c0ab48c3375fec7e691f3df88a74599f8285a3bdf4fb6b2b7c"",""data/metrics_faithfulness_metrics_PickCube-v1_170m_seed42_logpi_20260615_004816.jsonl:79:bfc26d8d09e00f2fb2d2466fc06d2b8983fdcbadcf21d9ead49516e24168bf51"",""data/metrics_faithfulness_metrics_PickCube-v1_170m_seed42_logpi_20260615_004816.jsonl:80:f932215db687e8fab0ec0260367aae4484660827778c1fbfe917191270bba272"",""data/metrics_faithfulness_metrics_PickCube-v1_170m_seed42_logpi_20260615_004816.jsonl:81:8e9bba5ee49faedaacfb74ca3ad6308f1ab53a2456f0fd29de15815a5d5dc538"",""data/metrics_faithfulness_metrics_PickCube-v1_170m_seed42_logpi_20260615_004816.jsonl:82:25402e0bfbc6f5ac6ecede4ab725a9b7c1554dd5d1b41b163441ab82e74854ea"",""data/metrics_faithfulness_metrics_PickCube-v1_170m_seed42_logpi_20260615_004816.jsonl:83:226985f3fdd72ca3a56869197a9bc630ccf8ad2513d6932990cbbcd100852a20"",""data/metrics_faithfulness_metrics_PickCube-v1_170m_seed42_logpi_20260615_004816.jsonl:84:05566bde9e7a15c8a4e9da4866431749cfd6fd8a197e53d4a277656d57784df2"",""data/metrics_faithfulness_metrics_PickCube-v1_170m_seed42_logpi_20260615_004816.jsonl:85:cc07f54e980b2b8500da43f87042e29b655f1a18980d16bd6fe18e4c4c2c689d"",""data/metrics_faithfulness_metrics_PickCube-v1_170m_seed42_logpi_20260615_004816.jsonl:86:bb757448b68e1a442a9aa909efe8aef03b314462b9af48e5ce4496196f217edd"",""data/metrics_faithfulness_metrics_PickCube-v1_170m_seed42_logpi_20260615_004816.jsonl:87:1b549adae12cc1dfc9aa8a8047936ef9e936fb7eeb2dc621b09ff61b5ced12e8"",""data/metrics_faithfulness_metrics_PickCube-v1_170m_seed42_logpi_20260615_004816.jsonl:88:05d6f83ae46d640d9d15a492855ee5d39049434cd4e299d802c957bc73c1765a"",""data/metrics_faithfulness_metrics_PickCube-v1_170m_seed42_logpi_20260615_004816.jsonl:89:e5b7c4823cc8f2320617b55d0c969205fad42b485ac623645898488b9cbaa15d"",""data/metrics_faithfulness_metrics_PickCube-v1_170m_seed42_logpi_20260615_004816.jsonl:90:e391b82f425d97bf9dbbd45fb7b60582341cf94d068fbc20d896ce9d39b1c304"",""data/metrics_faithfulness_metrics_PickCube-v1_170m_seed42_logpi_20260615_004816.jsonl:91:fef841642cb62406f3db9250270eae3ba0d4ba59c27eab7e3d0c75c99bb94b14"",""data/metrics_faithfulness_metrics_PickCube-v1_170m_seed42_logpi_20260615_004816.jsonl:92:055b3bc6f1c6fcadb0210b7d9e8fecdfb4275fe102d8bda8964a4eea5c1a86f2"",""data/metrics_faithfulness_metrics_PickCube-v1_170m_seed42_logpi_20260615_004816.jsonl:93:ada71572f0149b1f849f68a65576d4c286a3e6afdf4916e6b4696c4e2e565b9b"",""data/metrics_faithfulness_metrics_PickCube-v1_170m_seed42_logpi_20260615_004816.jsonl:94:896146eb409b3b003652620366428a2288adeb446cd96fe964731e9b5c202e49"",""data/metrics_faithfulness_metrics_PickCube-v1_170m_seed42_logpi_20260615_004816.jsonl:95:8e49530ff9daad303be5d243402d617742a6013b8690b4357d559f8b00c3b670"",""data/metrics_faithfulness_metrics_PickCube-v1_170m_seed42_logpi_20260615_004816.jsonl:96:8a86ff2683ec8d63c0270b7e39e920dab85147735f6c158214d1d52ce997a2b7"",""data/metrics_faithfulness_metrics_PickCube-v1_170m_seed42_logpi_20260615_004816.jsonl:97:0b671699b65fb6497cb6d01be6bee1b4c23e2fdc5bbe1e107ee6ebcdba5c3686"",""data/metrics_faithfulness_metrics_PickCube-v1_170m_seed42_logpi_20260615_004816.jsonl:98:698fb730051783207540786ba725399ca4244064b938f692f500c94cc401017f"",""data/metrics_faithfulness_metrics_PickCube-v1_170m_seed42_logpi_20260615_004816.jsonl:99:a330749b021ce40e0a0e95ca273d1c40e1814e56c2b08f8e1832c115ca1055a2""]",0.14715391734400307,-0.07840504640499725,0.0
Q:vision:deletion,Q,vision,deletion,d81e3412d4f362157588d48d3c2fdb86dbff5c1222902cdf91365f6e1bc2f6cb,25,25,0.14016421784576344,"[""data/metrics_faithfulness_metrics_PickCube-v1_170m_seed42_logpi_20260615_004816.jsonl:301:34e082bc6e86537cd93f5287a5721692535b1f375568ee3073fdf235a649932c"",""data/metrics_faithfulness_metrics_PickCube-v1_170m_seed42_logpi_20260615_004816.jsonl:302:7a699f1ed8c43e9859219024c9f7382f5af4a8315606571c6e3d7bd22cd55bac"",""data/metrics_faithfulness_metrics_PickCube-v1_170m_seed42_logpi_20260615_004816.jsonl:303:e0fabeea087a5d501a3e81920ec5c418ce143b4368154d838f56df30f91456cc"",""data/metrics_faithfulness_metrics_PickCube-v1_170m_seed42_logpi_20260615_004816.jsonl:304:8b1d59816fe298cdd8ddf3006e5c42d181a3a10c7f875648e59b5d1d388c36cd"",""data/metrics_faithfulness_metrics_PickCube-v1_170m_seed42_logpi_20260615_004816.jsonl:305:65f483a1cfc3aa995389890b3c97e9de5a40e55c75cf5aa4292c6cfd1279f22d"",""data/metrics_faithfulness_metrics_PickCube-v1_170m_seed42_logpi_20260615_004816.jsonl:306:f7f53bfddc15ca67e47395bc0e2b04d0a31a318b8a080ba52fae912cbc4e5a71"",""data/metrics_faithfulness_metrics_PickCube-v1_170m_seed42_logpi_20260615_004816.jsonl:307:dede9e84bd9e0339f39ea59713369a6edc9c79ea01f0893a95e190c394922b86"",""data/metrics_faithfulness_metrics_PickCube-v1_170m_seed42_logpi_20260615_004816.jsonl:308:c091331aa0539dc9648683e7a8164ed9b54a9e64035b21477ce7e50a7bb2074c"",""data/metrics_faithfulness_metrics_PickCube-v1_170m_seed42_logpi_20260615_004816.jsonl:309:add10dded82f89d7b45385affa063443f405bffe5cf681cc692c896892520e79"",""data/metrics_faithfulness_metrics_PickCube-v1_170m_seed42_logpi_20260615_004816.jsonl:310:696d90bbf323ad16fc61b7c90f14c7ad09e7619cd0de6bce27a88955f1b8f502"",""data/metrics_faithfulness_metrics_PickCube-v1_170m_seed42_logpi_20260615_004816.jsonl:311:5bf2b2edbf3b8d41f2c7362d210058645853f8ae54b9c329c0d3bdc4538b3895"",""data/metrics_faithfulness_metrics_PickCube-v1_170m_seed42_logpi_20260615_004816.jsonl:312:6efe9cc96c4c47a09890ee798ebea9ffd87955eda97556283c02d4c0d7de4924"",""data/metrics_faithfulness_metrics_PickCube-v1_170m_seed42_logpi_20260615_004816.jsonl:313:a7c8f26ab277af4c0b378e2b545b4a759c7e85f8399cf0ae7858fbca49edf025"",""data/metrics_faithfulness_metrics_PickCube-v1_170m_seed42_logpi_20260615_004816.jsonl:314:5df475fe0ddb4a4429c50158971db45d8bd5e67e60bb5f0db98565321bac0193"",""data/metrics_faithfulness_metrics_PickCube-v1_170m_seed42_logpi_20260615_004816.jsonl:315:34ffe073379e8d1357ad8f02b0d50a26ed4f6252a8b5bbebbb670a0609563913"",""data/metrics_faithfulness_metrics_PickCube-v1_170m_seed42_logpi_20260615_004816.jsonl:316:2bec25f2b43eec8046a8b84ed7a71bac1b68f072830758281eb0016e9b4c7808"",""data/metrics_faithfulness_metrics_PickCube-v1_170m_seed42_logpi_20260615_004816.jsonl:317:505b05dc6664e9d41de3dea1f3468f620b03aba88337f8fdcc91d545e9841b16"",""data/metrics_faithfulness_metrics_PickCube-v1_170m_seed42_logpi_20260615_004816.jsonl:318:e369ea5e72a160ac84c77d9727a8f6bc9ddeb0413a21e3e6a15eb26fd31d6c0a"",""data/metrics_faithfulness_metrics_PickCube-v1_170m_seed42_logpi_20260615_004816.jsonl:319:a09bb095628d8856376040e3fc7035a590a87393b23a2a28aa610715aa754dad"",""data/metrics_faithfulness_metrics_PickCube-v1_170m_seed42_logpi_20260615_004816.jsonl:320:0eafc40a89d7e1c8052bc170a927ee6bfd8d44cbd9ad0fe3d2713e063f7f690f"",""data/metrics_faithfulness_metrics_PickCube-v1_170m_seed42_logpi_20260615_004816.jsonl:321:4ec0b45adb00fe8e01d2ff7bffc857d8bd3ae9de9c0ca99f2a7a71ad33e84775"",""data/metrics_faithfulness_metrics_PickCube-v1_170m_seed42_logpi_20260615_004816.jsonl:322:c975762ff09ccc002a78c70aabaa053587c8e04f235bcde187e98b09c3aef22d"",""data/metrics_faithfulness_metrics_PickCube-v1_170m_seed42_logpi_20260615_004816.jsonl:323:008a7614bbc78104504a471f7ca45a3629fd21c5c8ced8b3dfcda4cdfe132114"",""data/metrics_faithfulness_metrics_PickCube-v1_170m_seed42_logpi_20260615_004816.jsonl:324:73f0616673972ac2d6b35f2aeeefd635554318ab0854faa6ff4ea6c882386eac"",""data/metrics_faithfulness_metrics_PickCube-v1_170m_seed42_logpi_20260615_004816.jsonl:325:d941317401bdbb5374090ac3b9e44ff2226eadd0dd5252ca2d814c2275f713e0""]",0.1489046928389394,-0.008740474993175944,0.0
Q:vision:deletion,Q,vision,deletion,de3cff0cb7342bf6d9929bf9a0c84c6e235c358972351add982e1fa1df7ffc39,25,25,-0.008240745824171159,"[""data/metrics_faithfulness_metrics_PickCube-v1_170m_seed142_logpi_20260615_004405.jsonl:126:ba6a8e89fe0a7a082d03ab4e5f3210a690bd806f485a7319fdae6ea7f28abe4b"",""data/metrics_faithfulness_metrics_PickCube-v1_170m_seed142_logpi_20260615_004405.jsonl:127:f65487f4a7a8a0ffcc25b740d7d64fb06a17c9678cf08a8a8749cbcbe6cc1bf6"",""data/metrics_faithfulness_metrics_PickCube-v1_170m_seed142_logpi_20260615_004405.jsonl:128:42e72e28606702dca2b8db6d62a712790e87de81ed0e6996a2eb894091a7b709"",""data/metrics_faithfulness_metrics_PickCube-v1_170m_seed142_logpi_20260615_004405.jsonl:129:83f8371523c29d2e229e8a75a6438977f447365c609934c3b994fbb42f0f400d"",""data/metrics_faithfulness_metrics_PickCube-v1_170m_seed142_logpi_20260615_004405.jsonl:130:b840e7f6ccb579827488ff01705b5c7a76ee192370a43ad6ea1da50d78ec8a44"",""data/metrics_faithfulness_metrics_PickCube-v1_170m_seed142_logpi_20260615_004405.jsonl:131:d711f35d24824e5b5bf97bbf8094b604ab1953d76f36fc5b121c4cf41805a3b3"",""data/metrics_faithfulness_metrics_PickCube-v1_170m_seed142_logpi_20260615_004405.jsonl:132:6e4548b6a7cf617ae9a1a2891518be19b5b37b5547e93f6ede6472a68680828b"",""data/metrics_faithfulness_metrics_PickCube-v1_170m_seed142_logpi_20260615_004405.jsonl:133:02fedcdc2abaf465d3ed6c5056d3fa57a7c61c4e49ffbe57b5143376d3066061"",""data/metrics_faithfulness_metrics_PickCube-v1_170m_seed142_logpi_20260615_004405.jsonl:134:2981fb8e06f89b73fcc18ba4d05b14558c6df349e92ce13c0270738ba61c6b19"",""data/metrics_faithfulness_metrics_PickCube-v1_170m_seed142_logpi_20260615_004405.jsonl:135:90e153fb7beffb18860b966e39576eaee8f323b1b42577776ad501f3b7b65740"",""data/metrics_faithfulness_metrics_PickCube-v1_170m_seed142_logpi_20260615_004405.jsonl:136:8e8794628f3ba99200912530167d16f23c7f8b95a284e75606dae62a3b57b786"",""data/metrics_faithfulness_metrics_PickCube-v1_170m_seed142_logpi_20260615_004405.jsonl:137:2e39b1b4f93c3c97d73cb430bf314c0601b136027a7262d624be4aa38c708eaa"",""data/metrics_faithfulness_metrics_PickCube-v1_170m_seed142_logpi_20260615_004405.jsonl:138:a849af6fc4d109cd968b5dd325a907cb7809f7b3c19dd8d6f123bf8c83d6e7cb"",""data/metrics_faithfulness_metrics_PickCube-v1_170m_seed142_logpi_20260615_004405.jsonl:139:edb4bdec09cfe64565aa8f4bc4da9745022b852f1be8793a81795f988bd5dc94"",""data/metrics_faithfulness_metrics_PickCube-v1_170m_seed142_logpi_20260615_004405.jsonl:140:54a09126ab47cf88857e989d27c14828d7ab26897e4fa95a57f1b49bf523a294"",""data/metrics_faithfulness_metrics_PickCube-v1_170m_seed142_logpi_20260615_004405.jsonl:141:3bded5c33feff0cc40f44d51b5ff81dbd62e6725c1f31e5c45430a00b528d098"",""data/metrics_faithfulness_metrics_PickCube-v1_170m_seed142_logpi_20260615_004405.jsonl:142:4e822e1d1372522f45015c79c63589632b285505898d004e4bf44220e1f3628d"",""data/metrics_faithfulness_metrics_PickCube-v1_170m_seed142_logpi_20260615_004405.jsonl:143:19d1e45864942762765755a35a759f924ee755b2b6dedbb50586c5a9b9840386"",""data/metrics_faithfulness_metrics_PickCube-v1_170m_seed142_logpi_20260615_004405.jsonl:144:d7687a21c6cabb70c6db2451a6d7daca47fa51f999f73ca3b4e3d39e2903f34a"",""data/metrics_faithfulness_metrics_PickCube-v1_170m_seed142_logpi_20260615_004405.jsonl:145:66ab273fc47b789f4b94b1ebb9ed73e6bd5cb1951ebaf66529e145d25c585103"",""data/metrics_faithfulness_metrics_PickCube-v1_170m_seed142_logpi_20260615_004405.jsonl:146:223505f163498fa9ee8d11c3d41a2b3548879527d4dcdae55d3326b33ae8c5b4"",""data/metrics_faithfulness_metrics_PickCube-v1_170m_seed142_logpi_20260615_004405.jsonl:147:64c01b7429fdfd6964961fe2cf75965f7d341beaa77c6a7d7ca71b855148e4e1"",""data/metrics_faithfulness_metrics_PickCube-v1_170m_seed142_logpi_20260615_004405.jsonl:148:a9284cf88b99260b68f53edb16416cb679a9274ba451cdb091f93f626ce41079"",""data/metrics_faithfulness_metrics_PickCube-v1_170m_seed142_logpi_20260615_004405.jsonl:149:db3d82278489531c338c53ccff7a330871398d3355b272a30eb485db5350d19a"",""data/metrics_faithfulness_metrics_PickCube-v1_170m_seed142_logpi_20260615_004405.jsonl:150:8a900472bb8769dab7ac60fad6036b294baefb09d82914f647c88e1e21054780""]",0.08835039508596586,-0.09659114091013703,0.0
Q:vision:deletion,Q,vision,deletion,e39e8b1014dc4360addea56b6daea50b5a39d6bb2a9ddadcac919c6a926e4088,25,25,0.07185532070057024,"[""data/metrics_faithfulness_metrics_PickCube-v1_170m_seed142_logpi_20260615_004405.jsonl:351:8ba266c75706d9c800ce04872a953b47a64935e254348300759f213a48d75def"",""data/metrics_faithfulness_metrics_PickCube-v1_170m_seed142_logpi_20260615_004405.jsonl:352:ab9a3f9940b4c4dff27a7b17b24b7078dd714abecae041adc937a98ceef838f4"",""data/metrics_faithfulness_metrics_PickCube-v1_170m_seed142_logpi_20260615_004405.jsonl:353:da0bc7552a4eb9507b77220d5d0d49f2f56a5ed91fca54fc71c840ff64cad10c"",""data/metrics_faithfulness_metrics_PickCube-v1_170m_seed142_logpi_20260615_004405.jsonl:354:0b3c51847a81d759d21a61efa99b68a083d87212e15812ada65d9649ae536639"",""data/metrics_faithfulness_metrics_PickCube-v1_170m_seed142_logpi_20260615_004405.jsonl:355:6698df729868ecf7c6f96127691dffa75db9b5f70546de55701eff80cfdccbdb"",""data/metrics_faithfulness_metrics_PickCube-v1_170m_seed142_logpi_20260615_004405.jsonl:356:33ad658f705096eb13f2b824c5ee9abecd627ca190163b94d7bc0214e767397a"",""data/metrics_faithfulness_metrics_PickCube-v1_170m_seed142_logpi_20260615_004405.jsonl:357:4ab81b232c659c8004e4f337f0c202a3bc4860a0f98db387eba41974904f5b1e"",""data/metrics_faithfulness_metrics_PickCube-v1_170m_seed142_logpi_20260615_004405.jsonl:358:31d6624d2a7a029b739accd1529d78c9aa9e1e86812d46f037837c1f43a4ce92"",""data/metrics_faithfulness_metrics_PickCube-v1_170m_seed142_logpi_20260615_004405.jsonl:359:ee6ad11b0ad434df125fd3e95833206fa856e3588fa4d97943fa18e5122658d2"",""data/metrics_faithfulness_metrics_PickCube-v1_170m_seed142_logpi_20260615_004405.jsonl:360:ec3e25b770e1b54ce6cf76b6c3a177ba04985da8658c96d8c5c35c6b6a39fc01"",""data/metrics_faithfulness_metrics_PickCube-v1_170m_seed142_logpi_20260615_004405.jsonl:361:0bcd31f690f8ca1daf2881b440e5a9643cd3b77f1ff1122aee549a54e07da25f"",""data/metrics_faithfulness_metrics_PickCube-v1_170m_seed142_logpi_20260615_004405.jsonl:362:2e49a5d04e16362183bbceea31fd6f381f921a1266d2e161e3f6ad5e4309a338"",""data/metrics_faithfulness_metrics_PickCube-v1_170m_seed142_logpi_20260615_004405.jsonl:363:bb9c77cbdc4985e9302841a008978a1efd6c2b67ec71f141980788713edc0c03"",""data/metrics_faithfulness_metrics_PickCube-v1_170m_seed142_logpi_20260615_004405.jsonl:364:3a4e2335ce97b74cc9d908ed4729d131dc36d5a142db99a610a1f2affe51f142"",""data/metrics_faithfulness_metrics_PickCube-v1_170m_seed142_logpi_20260615_004405.jsonl:365:ad6c7920bdb72e4f23d3d52c9d5b6a0e0ef9a435c9e813af671ac3761e2506be"",""data/metrics_faithfulness_metrics_PickCube-v1_170m_seed142_logpi_20260615_004405.jsonl:366:bf4179c2026338b98313ec23d784e8058f06d6b296323362a20e546efca5f34f"",""data/metrics_faithfulness_metrics_PickCube-v1_170m_seed142_logpi_20260615_004405.jsonl:367:024760f3b621bb99e7d2a486c170ad4fbf0ac26ce413df0d01baef7a18dae328"",""data/metrics_faithfulness_metrics_PickCube-v1_170m_seed142_logpi_20260615_004405.jsonl:368:c37a53b4130cad4c18804339e27202f5c2624ff3609768fee3c5b264d5e0a73b"",""data/metrics_faithfulness_metrics_PickCube-v1_170m_seed142_logpi_20260615_004405.jsonl:369:6bee4e75c0deb0cd5e09f6e6d78c3398860a96ba39d745e6d5603f0998f30bfa"",""data/metrics_faithfulness_metrics_PickCube-v1_170m_seed142_logpi_20260615_004405.jsonl:370:161a9dd87a898c6a7c22faea3d59cfbf2df3970e1e5245a087227945465212ae"",""data/metrics_faithfulness_metrics_PickCube-v1_170m_seed142_logpi_20260615_004405.jsonl:371:693ca7f03f274fb329619217e5a801e797ec02155f78afc89afaee13c3c79d32"",""data/metrics_faithfulness_metrics_PickCube-v1_170m_seed142_logpi_20260615_004405.jsonl:372:72917f6bfed9227c29aae2675e2635e6009e3f329ffdf712607e322807663884"",""data/metrics_faithfulness_metrics_PickCube-v1_170m_seed142_logpi_20260615_004405.jsonl:373:b974ea97343d7b69f3aaa046339bb0f31d56a7fcbd8632201040544e0411576c"",""data/metrics_faithfulness_metrics_PickCube-v1_170m_seed142_logpi_20260615_004405.jsonl:374:75f76c464a253e15e4ec07827bbb317ddc7bc728cdcd55cf1dd10cd4650a4360"",""data/metrics_faithfulness_metrics_PickCube-v1_170m_seed142_logpi_20260615_004405.jsonl:375:954ce3f16bf85ff22c9155b08a09aa57cf9d5dff9741924dfc7b1bad5fbe2db8""]",0.1479786771817439,-0.07612335648117363,0.0
Q:vision:deletion,Q,vision,deletion,e3a99e407e411281daa72c3b8f5ebf0c6b5fc6286cd0fc22f96769f6596aaee7,25,25,0.17589513904224174,"[""data/metrics_faithfulness_metrics_PickCube-v1_170m_seed42_logpi_20260615_004816.jsonl:326:781a4a55728374ddf103362eebfb6f6ba60ca4d0b5db9a211898d8864ca97da2"",""data/metrics_faithfulness_metrics_PickCube-v1_170m_seed42_logpi_20260615_004816.jsonl:327:86ef20a587cefa412efe078adffac8690e2efddbfb6640c7fef27ed435dbe2df"",""data/metrics_faithfulness_metrics_PickCube-v1_170m_seed42_logpi_20260615_004816.jsonl:328:00c07ed47c0daf01514e882aad42d75b02eb8754de1b2ca0e8bf5869ff7af090"",""data/metrics_faithfulness_metrics_PickCube-v1_170m_seed42_logpi_20260615_004816.jsonl:329:78d7930e3e33c13c5696ce0bc427939874d6f142777824795bdab9922137673b"",""data/metrics_faithfulness_metrics_PickCube-v1_170m_seed42_logpi_20260615_004816.jsonl:330:7cf052266208d2c27d729e3b972210dbdb8e78ebd66372ce583e62039c6718d9"",""data/metrics_faithfulness_metrics_PickCube-v1_170m_seed42_logpi_20260615_004816.jsonl:331:7176b9e869108ee78ce8dc226cb6b08bed2404c3c802741724cbdc54863d7d8e"",""data/metrics_faithfulness_metrics_PickCube-v1_170m_seed42_logpi_20260615_004816.jsonl:332:97a49d92d5bb3e1047f84654ad13a24548260d70d5a7ce809bc42702e6700807"",""data/metrics_faithfulness_metrics_PickCube-v1_170m_seed42_logpi_20260615_004816.jsonl:333:dde1e9bcfb4bf2641bf3e0842ba7d76b9ed79532cbad02d3e27be135d770b60b"",""data/metrics_faithfulness_metrics_PickCube-v1_170m_seed42_logpi_20260615_004816.jsonl:334:64a4308505461393fdc12bffa8de8d5cdac9cd1a2f09e6b680ba5096329bc393"",""data/metrics_faithfulness_metrics_PickCube-v1_170m_seed42_logpi_20260615_004816.jsonl:335:c3cb94c6a1d490120dc1244e4b5e9ada60797164217d6a27a5a12551bb36e954"",""data/metrics_faithfulness_metrics_PickCube-v1_170m_seed42_logpi_20260615_004816.jsonl:336:6b5762632c607f6d539959aa87341abe8e53f84c14e43ef3d6a5178d2eb87456"",""data/metrics_faithfulness_metrics_PickCube-v1_170m_seed42_logpi_20260615_004816.jsonl:337:7df5348b3f46675ebd9b29d8c4c124207b72a1201b19aa0477ee3122ccdf6ef3"",""data/metrics_faithfulness_metrics_PickCube-v1_170m_seed42_logpi_20260615_004816.jsonl:338:dd59265baf1498f5979a8421e1a7e8094dca198194dd25f3d780b7e0a6acb879"",""data/metrics_faithfulness_metrics_PickCube-v1_170m_seed42_logpi_20260615_004816.jsonl:339:cb73bb700ccaac15b6c4bf852c02983143c6eab0048c55e3733c9b75d91b87c3"",""data/metrics_faithfulness_metrics_PickCube-v1_170m_seed42_logpi_20260615_004816.jsonl:340:a4a64f6166129a57a994be4534423b233e4372ed10d3942280812601fb476acf"",""data/metrics_faithfulness_metrics_PickCube-v1_170m_seed42_logpi_20260615_004816.jsonl:341:d5d92bae3a75b21cc7fdf797c286bbcf7fc01dc13c346fe144676f593b18cbb1"",""data/metrics_faithfulness_metrics_PickCube-v1_170m_seed42_logpi_20260615_004816.jsonl:342:2791f0e992a04f343238d24a192073c16ef413da5a67ea204a7cdce15d6b8bee"",""data/metrics_faithfulness_metrics_PickCube-v1_170m_seed42_logpi_20260615_004816.jsonl:343:02da77da04d4b538b7fd3e4e20056c6e8af9da8df6b07502e1f15f41bdc96f5d"",""data/metrics_faithfulness_metrics_PickCube-v1_170m_seed42_logpi_20260615_004816.jsonl:344:48817ea4c07a563fdf3c255210e63fc34c12c6f645f2ed67da5fdbb254370079"",""data/metrics_faithfulness_metrics_PickCube-v1_170m_seed42_logpi_20260615_004816.jsonl:345:d8a78eff5db0a3e0e358a23c17ba6f96903a63cad8a32d6139a2d78dcf1704b5"",""data/metrics_faithfulness_metrics_PickCube-v1_170m_seed42_logpi_20260615_004816.jsonl:346:10ddd873706f71ec390be108989d9f92011f70ac56015fcf726cab68a767d591"",""data/metrics_faithfulness_metrics_PickCube-v1_170m_seed42_logpi_20260615_004816.jsonl:347:333841d609da92908024a42a5069d16e993ba616cf7fed5165846e7d2fbbcefb"",""data/metrics_faithfulness_metrics_PickCube-v1_170m_seed42_logpi_20260615_004816.jsonl:348:4c2cbdd2665fa64f48d06f6829a11fd6b7facb75b648f3d420a324d90dad647b"",""data/metrics_faithfulness_metrics_PickCube-v1_170m_seed42_logpi_20260615_004816.jsonl:349:31ec33916d4e900332093e11b2af2373e97429e21d9fdb92da777c81a3c0a2a9"",""data/metrics_faithfulness_metrics_PickCube-v1_170m_seed42_logpi_20260615_004816.jsonl:350:962fc286eb88e0ee0852c1f5a787962e14468ba2765ff400e8264ca74e51ebf0""]",0.17827126346721114,-0.0023761244249693872,0.0
Q:vision:deletion,Q,vision,deletion,f2908d38a9826fba0ee8384967e769698dfa1ed3e3d485e8ac232f37b331a773,25,25,0.05249483879108689,"[""data/metrics_faithfulness_metrics_PickCube-v1_170m_seed142_logpi_20260615_004405.jsonl:301:5b8a2a3bd8b13bcaf7c903c61d2c99054267e31c802e166a856063519c258b35"",""data/metrics_faithfulness_metrics_PickCube-v1_170m_seed142_logpi_20260615_004405.jsonl:302:631fa796026b8f738dd70a81676bce624d8042b30c9a933dc3c640a968f1d933"",""data/metrics_faithfulness_metrics_PickCube-v1_170m_seed142_logpi_20260615_004405.jsonl:303:ea9fb08caa95d4b0bd60d820a4a6cf91b7900bd43a32f8761c0cc0956e37f38c"",""data/metrics_faithfulness_metrics_PickCube-v1_170m_seed142_logpi_20260615_004405.jsonl:304:7e35b6a952d0f76237efe7879399f9b098058e97edf56e409a21e5425c21e5ad"",""data/metrics_faithfulness_metrics_PickCube-v1_170m_seed142_logpi_20260615_004405.jsonl:305:8ace1952a12979ddbe9cd299e5facc39071c60b0095807ddd94a0d97f2c98943"",""data/metrics_faithfulness_metrics_PickCube-v1_170m_seed142_logpi_20260615_004405.jsonl:306:23dd2039be8590a2fbcf8109f05b9954d4aba2238f9270b4b57955c02c3a92fa"",""data/metrics_faithfulness_metrics_PickCube-v1_170m_seed142_logpi_20260615_004405.jsonl:307:746f4441407aa19e2ee952e37bd5d6abde460013b6901737b8145867800d1817"",""data/metrics_faithfulness_metrics_PickCube-v1_170m_seed142_logpi_20260615_004405.jsonl:308:d5d1b65a7cc20c91d66df94aa043ba2b7312cd9c3d27a5dba8eea40e063526a3"",""data/metrics_faithfulness_metrics_PickCube-v1_170m_seed142_logpi_20260615_004405.jsonl:309:ec0fc6d6668ecdf8854c72d58817728bc7de5148e712f56105926a5df5731216"",""data/metrics_faithfulness_metrics_PickCube-v1_170m_seed142_logpi_20260615_004405.jsonl:310:640d8d642cb6c3c919af0d0cef0bf1272c055c1966354aa91e2dc7e0d5cb7771"",""data/metrics_faithfulness_metrics_PickCube-v1_170m_seed142_logpi_20260615_004405.jsonl:311:4cd0a9b85c930a3b4614107e6346245c027db157fccf6d8809dd5915052aa1aa"",""data/metrics_faithfulness_metrics_PickCube-v1_170m_seed142_logpi_20260615_004405.jsonl:312:7ddcd4e1e7870e1287a107940582d30cdfddf55abba084e6952ca1cdad413573"",""data/metrics_faithfulness_metrics_PickCube-v1_170m_seed142_logpi_20260615_004405.jsonl:313:f2083e4b55e0cf6243d56cfbba9464961c265899c78792d8fa32ffef4786402d"",""data/metrics_faithfulness_metrics_PickCube-v1_170m_seed142_logpi_20260615_004405.jsonl:314:f81124cd1183747706f27cbe4ae9de49286033f751cd4a0702f0cc4848f533e1"",""data/metrics_faithfulness_metrics_PickCube-v1_170m_seed142_logpi_20260615_004405.jsonl:315:83f1e48b13816bc3d2ec8168e061d2ec12baefac506679bcbb1d40a985d4c3c3"",""data/metrics_faithfulness_metrics_PickCube-v1_170m_seed142_logpi_20260615_004405.jsonl:316:862462ff018d123ba7f4dd4fc14c45e182ee19596f03a204d6f345de14de0a3b"",""data/metrics_faithfulness_metrics_PickCube-v1_170m_seed142_logpi_20260615_004405.jsonl:317:70840c33350283187594f34066f3e3794aff7b667636e4c9188e92656873f06e"",""data/metrics_faithfulness_metrics_PickCube-v1_170m_seed142_logpi_20260615_004405.jsonl:318:40d48cf36a76a7c207d5f771fc99ebe4a9f67dd12c60b6a43cd7d20afa09aaa3"",""data/metrics_faithfulness_metrics_PickCube-v1_170m_seed142_logpi_20260615_004405.jsonl:319:212291f08ae87b94badf45701f1471da6d817ed4335161c82a53e9af22f5e791"",""data/metrics_faithfulness_metrics_PickCube-v1_170m_seed142_logpi_20260615_004405.jsonl:320:dbaa952792a150bddb55cabd51c2160d4d3652cee8ae0a9ee9280b3056f48d4d"",""data/metrics_faithfulness_metrics_PickCube-v1_170m_seed142_logpi_20260615_004405.jsonl:321:d9e07af7cf1c9c5894efc350d142ebd63e7ca548b55eae5e231f61529c5fe05e"",""data/metrics_faithfulness_metrics_PickCube-v1_170m_seed142_logpi_20260615_004405.jsonl:322:5b706233387d9171ae77e4dd66f015679be64107405ea9e2abce700dd5dbfb6b"",""data/metrics_faithfulness_metrics_PickCube-v1_170m_seed142_logpi_20260615_004405.jsonl:323:09b7369045a6f0fadeb074e9a5c90d278dfe0450a94f6ccfc04aea955ffce145"",""data/metrics_faithfulness_metrics_PickCube-v1_170m_seed142_logpi_20260615_004405.jsonl:324:2c38d0e6dd568ef1cefb72f3e2af307cf1dccea964926ec30f96cdbf5194470d"",""data/metrics_faithfulness_metrics_PickCube-v1_170m_seed142_logpi_20260615_004405.jsonl:325:87989c9e975701c033b60d7365b82c66126228659f7ee20d30535373fd277334""]",0.07799850433371822,-0.02550366554263134,0.0
Q:lang:insertion,Q,lang,insertion,191aee1de1b4b546af03843b6964f4c298808fffed0a3a498e29165a12014545,25,25,0.15937373659040463,"[""data/metrics_faithfulness_metrics_PickCube-v1_170m_seed142_logpi_20260615_004405.jsonl:10:65dc5a1980858c78d730ab30c72c1092ef0476bceed6c4b46741e74330e2d0d2"",""data/metrics_faithfulness_metrics_PickCube-v1_170m_seed142_logpi_20260615_004405.jsonl:11:75d3a511d53f70fc4f632d70ab97f71cb85514746f6a87767467c0fc0ab8f1eb"",""data/metrics_faithfulness_metrics_PickCube-v1_170m_seed142_logpi_20260615_004405.jsonl:12:4249878ff96bc0d91e3023eea9fa95ea4fa7671dd02a1680ef889441075b864d"",""data/metrics_faithfulness_metrics_PickCube-v1_170m_seed142_logpi_20260615_004405.jsonl:13:3db36f6867d33c87980c809d84b05cb6a61f6f01a9a8ce5477e603c35aceebdb"",""data/metrics_faithfulness_metrics_PickCube-v1_170m_seed142_logpi_20260615_004405.jsonl:14:9900d6cdbeb526c3344228989ea5f972d38a17eb69a2dc302dbd13c760fe224e"",""data/metrics_faithfulness_metrics_PickCube-v1_170m_seed142_logpi_20260615_004405.jsonl:15:ff2375ceed5bf269fac36d3f677e29171102886e0649c02d2bf54bfc05957416"",""data/metrics_faithfulness_metrics_PickCube-v1_170m_seed142_logpi_20260615_004405.jsonl:16:9616481f4f1b4a92f0f29a5e3151708959aacf452522322cf717a71a95755c9d"",""data/metrics_faithfulness_metrics_PickCube-v1_170m_seed142_logpi_20260615_004405.jsonl:17:b7e6a67549c4df29e85ce17d80b08b0ef71bd1df201c6d204e328258659eb251"",""data/metrics_faithfulness_metrics_PickCube-v1_170m_seed142_logpi_20260615_004405.jsonl:18:fad087f24a6bda96293c7524878c57ef7a19e595c0352e3c0a4ff6a54f61d18b"",""data/metrics_faithfulness_metrics_PickCube-v1_170m_seed142_logpi_20260615_004405.jsonl:19:ae1d066e80f891c601515ea3592a33938dab851c0ca9b357b5da7e769834618f"",""data/metrics_faithfulness_metrics_PickCube-v1_170m_seed142_logpi_20260615_004405.jsonl:1:ae1c4cca55ab96cae6998e8419338121de263e18ee0c1111e13245b28617c11c"",""data/metrics_faithfulness_metrics_PickCube-v1_170m_seed142_logpi_20260615_004405.jsonl:20:c45de81ba2730062d732209fcbe4d511c7cc6215b43e773b3abbee60007ff1e3"",""data/metrics_faithfulness_metrics_PickCube-v1_170m_seed142_logpi_20260615_004405.jsonl:21:99f7f95581ede46ed76ed95094fe95ca075315ffd1d9de76f550eb892932280d"",""data/metrics_faithfulness_metrics_PickCube-v1_170m_seed142_logpi_20260615_004405.jsonl:22:51b59e5fdcbc905153c13a1cae194ba79f58c4cfcf9d6a292f5ba709b5f31dfe"",""data/metrics_faithfulness_metrics_PickCube-v1_170m_seed142_logpi_20260615_004405.jsonl:23:85478123998e76c6c15bb9d9da0a22cc9aed74b1bbe6748e7904b1f96d074b9e"",""data/metrics_faithfulness_metrics_PickCube-v1_170m_seed142_logpi_20260615_004405.jsonl:24:51ab94b058496e8724db6c4c2dc09e39017ac92c63a9713a5b977d7b69d4179d"",""data/metrics_faithfulness_metrics_PickCube-v1_170m_seed142_logpi_20260615_004405.jsonl:25:862c2854a96c1fd5fdcdb6af91675eb6ba0a2687beab195362b49b869a90001b"",""data/metrics_faithfulness_metrics_PickCube-v1_170m_seed142_logpi_20260615_004405.jsonl:2:eef15b2877877d91b1a80c880172faa8f8a52b268bad96f84346b46e65670ce4"",""data/metrics_faithfulness_metrics_PickCube-v1_170m_seed142_logpi_20260615_004405.jsonl:3:e91c5b885eb6f19ddde72716bf6d4bd114b64abba74f092fbeb4bc76021e6edf"",""data/metrics_faithfulness_metrics_PickCube-v1_170m_seed142_logpi_20260615_004405.jsonl:4:092f6295920eb17fabd834786f355ed6e0abc8e91b116bfaca8d3e4e10f2ec9a"",""data/metrics_faithfulness_metrics_PickCube-v1_170m_seed142_logpi_20260615_004405.jsonl:5:1b5a443c682ffa84417f118f8896144d2501e5706537ecb1de8c214e7bfd916d"",""data/metrics_faithfulness_metrics_PickCube-v1_170m_seed142_logpi_20260615_004405.jsonl:6:634edf10a3526aeaee3c588a72c72c817017e4a777f9f33ef4f322e66c481228"",""data/metrics_faithfulness_metrics_PickCube-v1_170m_seed142_logpi_20260615_004405.jsonl:7:da8ae6c7536113713dc78dbc77193bfc51809cfb58c5d8d57edb69da8e7f624d"",""data/metrics_faithfulness_metrics_PickCube-v1_170m_seed142_logpi_20260615_004405.jsonl:8:cad3e350e53871742671fc2c21911af438eaa8a550b2be42e220fc6620b32dfa"",""data/metrics_faithfulness_metrics_PickCube-v1_170m_seed142_logpi_20260615_004405.jsonl:9:0bfb2f0266d759fe52a98ff937737faacd296d5752eb0a47eb97d8382f64fe15""]",0.16477853319964347,-0.0054047966092388555,0.0
Q:lang:insertion,Q,lang,insertion,1f0b52cbb142d1064d714d4fd72127415ca7d7d39233449337d33eb733a5ab92,25,25,-0.6041834210682153,"[""data/metrics_faithfulness_metrics_PickCube-v1_170m_seed142_logpi_20260615_004405.jsonl:151:2b3a2c52ae0f0daf20fe08c08fd643a8de2582ca85313d332d5e7375efbc5837"",""data/metrics_faithfulness_metrics_PickCube-v1_170m_seed142_logpi_20260615_004405.jsonl:152:0d3cbdd478726e827755d4cf9af0c9f6f712c00d53ca3bcda730e459185c9f48"",""data/metrics_faithfulness_metrics_PickCube-v1_170m_seed142_logpi_20260615_004405.jsonl:153:8d52d8acb1a10e8cb98268386ce46bc2792d0ad12fa106accc366362fa7ad471"",""data/metrics_faithfulness_metrics_PickCube-v1_170m_seed142_logpi_20260615_004405.jsonl:154:8994a3dc39147be3fbb82097c7f2a4584dfdb8eee0797bd69adc2f4678411194"",""data/metrics_faithfulness_metrics_PickCube-v1_170m_seed142_logpi_20260615_004405.jsonl:155:6839a558ba4b9f73ef13849dfdbcc47bdf2efbc9add7dcaea56275b5d5c299ba"",""data/metrics_faithfulness_metrics_PickCube-v1_170m_seed142_logpi_20260615_004405.jsonl:156:98618f1a8f0e712e30d0cec59472670e4318b98547763b0f0625a27f2dee3dd1"",""data/metrics_faithfulness_metrics_PickCube-v1_170m_seed142_logpi_20260615_004405.jsonl:157:4540fb07d1f60d7ded2d7053188a7915b927f50f7625d120ac869c1d49606d38"",""data/metrics_faithfulness_metrics_PickCube-v1_170m_seed142_logpi_20260615_004405.jsonl:158:43a036e7d060f9180a14ac2f0d9c70397a78ed1308d1b269529529548e601cba"",""data/metrics_faithfulness_metrics_PickCube-v1_170m_seed142_logpi_20260615_004405.jsonl:159:bddcfbe33f13e8199271011ad4eeb64c5ddce80a18d30660091b27dfd02c5bc6"",""data/metrics_faithfulness_metrics_PickCube-v1_170m_seed142_logpi_20260615_004405.jsonl:160:84dce18aa212b91bfb1892a9fbd99a6fcb664e4554d69da7067b5676fdfb584b"",""data/metrics_faithfulness_metrics_PickCube-v1_170m_seed142_logpi_20260615_004405.jsonl:161:1b5714aa59b32c9ccb5c61a67ff94e83c62516edce7cf4b33871611bd173a5ce"",""data/metrics_faithfulness_metrics_PickCube-v1_170m_seed142_logpi_20260615_004405.jsonl:162:a726b757d282ead630e36111cecb43ff701195d59df7c30c59fee1499ee4bd7d"",""data/metrics_faithfulness_metrics_PickCube-v1_170m_seed142_logpi_20260615_004405.jsonl:163:545e49b77a668dab7b42e948552c38f84080c2218ec7b0b2cc62112476f6722d"",""data/metrics_faithfulness_metrics_PickCube-v1_170m_seed142_logpi_20260615_004405.jsonl:164:18fa442eb88f07a0ad829a3cb7758ab9a7604779d549a527607532819644b790"",""data/metrics_faithfulness_metrics_PickCube-v1_170m_seed142_logpi_20260615_004405.jsonl:165:c219fc56e2357207b7682256d1453d3b313ffdce5fdca22e1b6a238c6f94cd1f"",""data/metrics_faithfulness_metrics_PickCube-v1_170m_seed142_logpi_20260615_004405.jsonl:166:8ba125293089b1122debc19c3de12dda080c52a3a7a516f8ea3851295cf302d7"",""data/metrics_faithfulness_metrics_PickCube-v1_170m_seed142_logpi_20260615_004405.jsonl:167:477c21588751dedc9faac7d09417d7927c73cd3a9d63287f2cc6425ebb34e4db"",""data/metrics_faithfulness_metrics_PickCube-v1_170m_seed142_logpi_20260615_004405.jsonl:168:83c97030d0d1f247ee5d4d42415418d4c8370f4b82c22cda6c32cac4d55acc88"",""data/metrics_faithfulness_metrics_PickCube-v1_170m_seed142_logpi_20260615_004405.jsonl:169:6d022970ce43b33713257520d24e5d7851af281ccf5ad1f92a90d5909e57ad52"",""data/metrics_faithfulness_metrics_PickCube-v1_170m_seed142_logpi_20260615_004405.jsonl:170:7a4ab3201cedb446513aa36c78a0893aeab4def500a137efa598339153066ded"",""data/metrics_faithfulness_metrics_PickCube-v1_170m_seed142_logpi_20260615_004405.jsonl:171:64deb465b9753de7d6c178c74ec3e4646095508771d4e48e313c6b26488a0be7"",""data/metrics_faithfulness_metrics_PickCube-v1_170m_seed142_logpi_20260615_004405.jsonl:172:a32b0c7b9fef1968ef6c386312ccb65b2e1484b2719ab8976af2d5a4f19fac5c"",""data/metrics_faithfulness_metrics_PickCube-v1_170m_seed142_logpi_20260615_004405.jsonl:173:dc3dc8b9ef1a8560a1d9cd7e1a963c33e8dfd4e366efc11dbe6e4cf54ee35b69"",""data/metrics_faithfulness_metrics_PickCube-v1_170m_seed142_logpi_20260615_004405.jsonl:174:66d1eeffa17112e8d1a512901c9c32c2d98919f92a64f71d93046d1061aff1a2"",""data/metrics_faithfulness_metrics_PickCube-v1_170m_seed142_logpi_20260615_004405.jsonl:175:e57a9909ed2d290616d98543a428df546daea12261d78985db8a3797622348ea""]",0.08079647107841235,-0.6849798921466277,0.0
Q:lang:insertion,Q,lang,insertion,24a3c0882d8b1b1f86b9b4272a3aab3acb0d6578637578c1bf93b1d2fb3cd5e0,25,25,-0.9206497523838739,"[""data/metrics_faithfulness_metrics_PickCube-v1_170m_seed142_logpi_20260615_004405.jsonl:201:cf94138d35396970db62a6d05fe50b36c55763c5df36cd26fe6554102d366602"",""data/metrics_faithfulness_metrics_PickCube-v1_170m_seed142_logpi_20260615_004405.jsonl:202:4a5789dcaf56328b13f037e22c11ba8d43d064a16964b6b05fd1c17b2f4dbb4b"",""data/metrics_faithfulness_metrics_PickCube-v1_170m_seed142_logpi_20260615_004405.jsonl:203:eeb863d3e2bf67eca73a55eeef7cac1478a4e7e375de00737e76aea813c6ce6e"",""data/metrics_faithfulness_metrics_PickCube-v1_170m_seed142_logpi_20260615_004405.jsonl:204:712684886857f62781b10318a46aa41d4e5c733b9ae1768683fc593d67b1fe97"",""data/metrics_faithfulness_metrics_PickCube-v1_170m_seed142_logpi_20260615_004405.jsonl:205:3379dfcc0d96b9b3e9bef9d5f2f3c161eaaacb7a536734000f3c4e8ca10dc9c9"",""data/metrics_faithfulness_metrics_PickCube-v1_170m_seed142_logpi_20260615_004405.jsonl:206:3239d5e81fdbea2e6462503d51911e1fb0b3997e9478866be9501b22c6939b67"",""data/metrics_faithfulness_metrics_PickCube-v1_170m_seed142_logpi_20260615_004405.jsonl:207:52d5f7ee286db53a436c015b4ac4b06dc33b49771bbc4083e3c2d2332868fdfa"",""data/metrics_faithfulness_metrics_PickCube-v1_170m_seed142_logpi_20260615_004405.jsonl:208:45b412168ea40a993f757a4901a9fb98b39d4fe9a2920929605dabd69b427568"",""data/metrics_faithfulness_metrics_PickCube-v1_170m_seed142_logpi_20260615_004405.jsonl:209:c7c1d8b63603054e0c57f5c913e9714261d6c68630bc3202400e636a6f38e69d"",""data/metrics_faithfulness_metrics_PickCube-v1_170m_seed142_logpi_20260615_004405.jsonl:210:ac820d20f4b0c5b047666010e9c25c1f4bb65c4128076d32b5421ab37e0bb902"",""data/metrics_faithfulness_metrics_PickCube-v1_170m_seed142_logpi_20260615_004405.jsonl:211:72640da3cc12356212dcc146172a4d7042ed39cabb764d68e54eb7931f397fde"",""data/metrics_faithfulness_metrics_PickCube-v1_170m_seed142_logpi_20260615_004405.jsonl:212:7e0490ec01bab8bc45b07f24cf13c8badc8089a3e400073ad34122aba5f359e5"",""data/metrics_faithfulness_metrics_PickCube-v1_170m_seed142_logpi_20260615_004405.jsonl:213:f77d757f1376be14f891eb244868a2a9c555ac8fb49d65508469442e53842eb7"",""data/metrics_faithfulness_metrics_PickCube-v1_170m_seed142_logpi_20260615_004405.jsonl:214:66bc24cb87973fb2b7de6aa9c80b2a37d6c6df723b6c412975e8cee75991255b"",""data/metrics_faithfulness_metrics_PickCube-v1_170m_seed142_logpi_20260615_004405.jsonl:215:ce1edec3f0fbd26878ada95396cf6c7acb1f0e6c13f9e363f1b4c78cc846edb8"",""data/metrics_faithfulness_metrics_PickCube-v1_170m_seed142_logpi_20260615_004405.jsonl:216:4550779c0fe5a59a4f34f1793af68e8572e9180e70fb050c38bee1b6f71f1e2a"",""data/metrics_faithfulness_metrics_PickCube-v1_170m_seed142_logpi_20260615_004405.jsonl:217:88ba162c8f5d2f3eb65782cffed9e7c2d2bef6d79b481bd014788db2c0c7870e"",""data/metrics_faithfulness_metrics_PickCube-v1_170m_seed142_logpi_20260615_004405.jsonl:218:a0d4878f47274d52c3370ae15cfecda39eee02b5acc38a92b5764c992d497c2f"",""data/metrics_faithfulness_metrics_PickCube-v1_170m_seed142_logpi_20260615_004405.jsonl:219:9f1b7f25af0f9d2b3c7f62dec0a7f7c2eddfcfbaff0d6e291869dcbdc51ed3c0"",""data/metrics_faithfulness_metrics_PickCube-v1_170m_seed142_logpi_20260615_004405.jsonl:220:f10eae67d45344f21ab6e9e19fdc177f49d68fc95dcb316586ac472f4c8ee0b7"",""data/metrics_faithfulness_metrics_PickCube-v1_170m_seed142_logpi_20260615_004405.jsonl:221:96ee65f393e6bd3a27b7733d31f8e6f6e852854b62f96cf7dfee0d8fa8edd08c"",""data/metrics_faithfulness_metrics_PickCube-v1_170m_seed142_logpi_20260615_004405.jsonl:222:673e1c0e5cac47a748ab52c3a66379d8c26cf608abdba7f7b32562010daa0a67"",""data/metrics_faithfulness_metrics_PickCube-v1_170m_seed142_logpi_20260615_004405.jsonl:223:d6f1cc9d326a3a5fddcf4e5b1b9f2f3f846d8db3c044f58735b5b2ee86c98e6f"",""data/metrics_faithfulness_metrics_PickCube-v1_170m_seed142_logpi_20260615_004405.jsonl:224:786c75596004111213116f41939bb438c82337cfa97638751b2ab2a81e7bc143"",""data/metrics_faithfulness_metrics_PickCube-v1_170m_seed142_logpi_20260615_004405.jsonl:225:2eb252264eeb5b7fc016c4e982eb28d90815cf5311bce1b413203e7b924271c7""]",0.13200457254728004,-1.052654324931154,0.0
Q:lang:insertion,Q,lang,insertion,27f61b5d31498775570b8dbcc9b9c83721ad9ab1c57e3253db1e70db64a744ea,25,25,-0.04281768679853345,"[""data/metrics_faithfulness_metrics_PickCube-v1_170m_seed42_logpi_20260615_004816.jsonl:226:4299c2eeb2d20233b3f7159e678dde4b30ccdb09bd0507caa29bcbf50d883943"",""data/metrics_faithfulness_metrics_PickCube-v1_170m_seed42_logpi_20260615_004816.jsonl:227:d82f6dee9314a6c74f0b4c26af9a901434f360fa0ee5358b7fa6e6fb76563ca0"",""data/metrics_faithfulness_metrics_PickCube-v1_170m_seed42_logpi_20260615_004816.jsonl:228:88d523ad9367df2a44db9a40fd5b2eac5192c9c95d629d78e4feb8e6a9e9f03c"",""data/metrics_faithfulness_metrics_PickCube-v1_170m_seed42_logpi_20260615_004816.jsonl:229:e440120877eef6ba6e8cbf3ffa5d6911838c75d9ef0395398123591c68363739"",""data/metrics_faithfulness_metrics_PickCube-v1_170m_seed42_logpi_20260615_004816.jsonl:230:a17e34955e26dc55fe04161909b38917ba6b4cfdccc4f79ac01dfc2a15db5c98"",""data/metrics_faithfulness_metrics_PickCube-v1_170m_seed42_logpi_20260615_004816.jsonl:231:59fd73694799c24498335fad94433e3b9a40c2111644d302f6a8f88927448404"",""data/metrics_faithfulness_metrics_PickCube-v1_170m_seed42_logpi_20260615_004816.jsonl:232:3889539172b78e89c83ed503c60c198ed9c5b5670898ea508d363f4021f9dd5a"",""data/metrics_faithfulness_metrics_PickCube-v1_170m_seed42_logpi_20260615_004816.jsonl:233:b6410476d562c997386cba32394c583e14238bc7b5216c5999eab84920045c13"",""data/metrics_faithfulness_metrics_PickCube-v1_170m_seed42_logpi_20260615_004816.jsonl:234:57f2e6471d637e9f59bca95fc84389fb9f1cfccdbd78a587da852b259ef44bdd"",""data/metrics_faithfulness_metrics_PickCube-v1_170m_seed42_logpi_20260615_004816.jsonl:235:eb95660d8ab06bca59fe2ef4f8a70fa20504a2a594a389ee58ef173c92f94bf7"",""data/metrics_faithfulness_metrics_PickCube-v1_170m_seed42_logpi_20260615_004816.jsonl:236:a94631c8e75cd593b98174eb45eea9c280c9d1e09861141f981133e78979b7cd"",""data/metrics_faithfulness_metrics_PickCube-v1_170m_seed42_logpi_20260615_004816.jsonl:237:0e4348cb2123a8ea64644bac3292c6fb99970512420723052956791aeff6e05d"",""data/metrics_faithfulness_metrics_PickCube-v1_170m_seed42_logpi_20260615_004816.jsonl:238:dc5f1f87c21066ff9d459e00c7e9d329e1a6788bfe4a262e93682af9d4d494b1"",""data/metrics_faithfulness_metrics_PickCube-v1_170m_seed42_logpi_20260615_004816.jsonl:239:f63c47da519e8053a072f95416737ea86f341d624496bc4312bef08b65bea775"",""data/metrics_faithfulness_metrics_PickCube-v1_170m_seed42_logpi_20260615_004816.jsonl:240:c4a8a64ef880958f69e4d5253c4e4b7def787981e47ab0f7057653abd40e5638"",""data/metrics_faithfulness_metrics_PickCube-v1_170m_seed42_logpi_20260615_004816.jsonl:241:e67c51621bf022b39ee93e4bfefb35addcdefbeb06ccdf5a3022b569bbabb44c"",""data/metrics_faithfulness_metrics_PickCube-v1_170m_seed42_logpi_20260615_004816.jsonl:242:88378eb773530f46f72d5c8d556e5cde2811c462c61d39665265e7e140bd1587"",""data/metrics_faithfulness_metrics_PickCube-v1_170m_seed42_logpi_20260615_004816.jsonl:243:04960c4dffda9c5d3a23b2d2763b3f51c2ddf1d860c5520cebcf0a2df4f0b36b"",""data/metrics_faithfulness_metrics_PickCube-v1_170m_seed42_logpi_20260615_004816.jsonl:244:728ec656d942e8d08879bbb5dc190ea734fbabbde96b16713bce1e699902d2cf"",""data/metrics_faithfulness_metrics_PickCube-v1_170m_seed42_logpi_20260615_004816.jsonl:245:8543158934e04ec4df7297431316f4290283a7f0d4a22e99ec22a989773aab63"",""data/metrics_faithfulness_metrics_PickCube-v1_170m_seed42_logpi_20260615_004816.jsonl:246:c646ad07be01606f96f8f81b8e51637860bc42e48b0f59addae61ac31e6803cb"",""data/metrics_faithfulness_metrics_PickCube-v1_170m_seed42_logpi_20260615_004816.jsonl:247:a1a6758f0cf0fe2ec0045fdabe92f9d85ff0d62e13f9d1b07e214f66b27dccfb"",""data/metrics_faithfulness_metrics_PickCube-v1_170m_seed42_logpi_20260615_004816.jsonl:248:ee5adc02a02ffabe906fc189f348e472bb1259a7120b0a0bd7dc39b05c12801d"",""data/metrics_faithfulness_metrics_PickCube-v1_170m_seed42_logpi_20260615_004816.jsonl:249:59ec52817d4206dd2848aa21b11a64b5ad84ca369a175de83d6f806c4108eb19"",""data/metrics_faithfulness_metrics_PickCube-v1_170m_seed42_logpi_20260615_004816.jsonl:250:d997c7736db7d3ff94310587f72351c87794d0483f9197e3a634c88dff0a5c92""]",0.09597531975937536,-0.13879300655790883,0.0
Q:lang:insertion,Q,lang,insertion,32e0dcd619d7a7fd1c86028b4a03fbef981d32a29df06654ff6aecacd14c516e,25,25,-0.005943513614526091,"[""data/metrics_faithfulness_metrics_PickCube-v1_170m_seed42_logpi_20260615_004816.jsonl:126:eb55f9cdbe440cc41370d05c43a11e1c7132ca3c5aa8d01bfc920ee746589154"",""data/metrics_faithfulness_metrics_PickCube-v1_170m_seed42_logpi_20260615_004816.jsonl:127:786cb26dbac15aea6647bfe79c0c9fbaa4f8b1c4a8f42b217df59b50e207190a"",""data/metrics_faithfulness_metrics_PickCube-v1_170m_seed42_logpi_20260615_004816.jsonl:128:45b4b543a598082b8513ad947b4122b0f6ade0a3050c8526ae37f8c74e58823c"",""data/metrics_faithfulness_metrics_PickCube-v1_170m_seed42_logpi_20260615_004816.jsonl:129:cb46dde989894ba93606813c3633561a2e4d0c488932a0a9e9e8e455f1120102"",""data/metrics_faithfulness_metrics_PickCube-v1_170m_seed42_logpi_20260615_004816.jsonl:130:f94d0205a6614e3a1e87366ab7c626f819aeae2b8c03a81e3f7a201ccfa63837"",""data/metrics_faithfulness_metrics_PickCube-v1_170m_seed42_logpi_20260615_004816.jsonl:131:92a8fd0549b6dbbf08b371591ba35e19e5755f5e92a9d34871cc701cdafedb31"",""data/metrics_faithfulness_metrics_PickCube-v1_170m_seed42_logpi_20260615_004816.jsonl:132:fa08e685f77f60d0b3a6f196bd659e87ffa187d8bc2a8d34ddf7803fdfeef50d"",""data/metrics_faithfulness_metrics_PickCube-v1_170m_seed42_logpi_20260615_004816.jsonl:133:0fb5550a14f8b2eb01cd05da2ce35740fc2c3051a32b1c146ff9c2cc4a580057"",""data/metrics_faithfulness_metrics_PickCube-v1_170m_seed42_logpi_20260615_004816.jsonl:134:1d566977981b00129e963087e783e0a55ff7fcf611d28bc7d6ecd58428fa0de7"",""data/metrics_faithfulness_metrics_PickCube-v1_170m_seed42_logpi_20260615_004816.jsonl:135:d01f091fefc4af8817257238bcab921138b3ac501bfb67e1180d2ad2696b27d0"",""data/metrics_faithfulness_metrics_PickCube-v1_170m_seed42_logpi_20260615_004816.jsonl:136:8c6c1acebe76541460c1b64e58af224b55d29f4de8a450711c3628b76521b1c3"",""data/metrics_faithfulness_metrics_PickCube-v1_170m_seed42_logpi_20260615_004816.jsonl:137:52318e9b9e4e29398931a34c60926a016a805e57ad106e5625210bb67c13e236"",""data/metrics_faithfulness_metrics_PickCube-v1_170m_seed42_logpi_20260615_004816.jsonl:138:c3881083fe606fa3315bc86b9a92c61c8d98193ee1607453b7786622991b89b4"",""data/metrics_faithfulness_metrics_PickCube-v1_170m_seed42_logpi_20260615_004816.jsonl:139:93a4432e22952ec48b9ffca0f383855695da27f2f87867e584026216f9627992"",""data/metrics_faithfulness_metrics_PickCube-v1_170m_seed42_logpi_20260615_004816.jsonl:140:95c846b96d2880ecc3d1c6a1d47d7a4f5af62c5db262aec59268e6c284070cc3"",""data/metrics_faithfulness_metrics_PickCube-v1_170m_seed42_logpi_20260615_004816.jsonl:141:2e81da58a654b302019a7214c75a3685264248c173226b36b280d49169d0d576"",""data/metrics_faithfulness_metrics_PickCube-v1_170m_seed42_logpi_20260615_004816.jsonl:142:0c650504d075034ea5438d08a793014fc37bba016eacab6925bbd64989b772d0"",""data/metrics_faithfulness_metrics_PickCube-v1_170m_seed42_logpi_20260615_004816.jsonl:143:de1458ef888897da958183fed20575406dbb0a29082c4f300a72a5daae427e96"",""data/metrics_faithfulness_metrics_PickCube-v1_170m_seed42_logpi_20260615_004816.jsonl:144:744ce0a12a06c2a8436aa2743ac6a09a61a01f12cfa02999b4632329d294920f"",""data/metrics_faithfulness_metrics_PickCube-v1_170m_seed42_logpi_20260615_004816.jsonl:145:db1ec5b01fd69ab0a2994d4cbe16eb62a9c8b7c352dfa7dbd866c32a7665c72f"",""data/metrics_faithfulness_metrics_PickCube-v1_170m_seed42_logpi_20260615_004816.jsonl:146:a046b11b85557a4ec3de3a45c359dbba76115a0e0e3c9af35751eb1a18d734e2"",""data/metrics_faithfulness_metrics_PickCube-v1_170m_seed42_logpi_20260615_004816.jsonl:147:01972884008b452be2911143dd506ceb077cca7e7b1fcac5693d17184111e8ba"",""data/metrics_faithfulness_metrics_PickCube-v1_170m_seed42_logpi_20260615_004816.jsonl:148:60064b3ef0dcb309fc03ebe26757733d4e4f1c210885628ede633656940fe7e3"",""data/metrics_faithfulness_metrics_PickCube-v1_170m_seed42_logpi_20260615_004816.jsonl:149:efb1a8ce2beaa8a51444ef4b3340d57367f69153ff23015e57401ad73c6b34b5"",""data/metrics_faithfulness_metrics_PickCube-v1_170m_seed42_logpi_20260615_004816.jsonl:150:c68f8af7dc5ca1890f157bfbe63b73a8df538af4d66cc3861e041a7debf02f72""]",0.1158194117561576,-0.12176292537068369,0.0
Q:lang:insertion,Q,lang,insertion,36ab2b8951bf4cca61cf9c49471c43a1175d275c5098156c66b51afc30b30151,25,25,0.10720660053038814,"[""data/metrics_faithfulness_metrics_PickCube-v1_170m_seed142_logpi_20260615_004405.jsonl:26:fdf56ea123f0806aff6ef92a38c89efb6ec7d485b4649e0f98beb834d423f5b0"",""data/metrics_faithfulness_metrics_PickCube-v1_170m_seed142_logpi_20260615_004405.jsonl:27:b30abfb4b2174d710c05b2e343590de9b803fef87919cd8874d36b1ba0a70b0c"",""data/metrics_faithfulness_metrics_PickCube-v1_170m_seed142_logpi_20260615_004405.jsonl:28:73f7f16084ec7e86a42699abb8f894be4fde2150b9ad465ae0491298276dbc5e"",""data/metrics_faithfulness_metrics_PickCube-v1_170m_seed142_logpi_20260615_004405.jsonl:29:d7a6e21b6a639a0938a517f28ac41df209bab235f4ea351a016bd47ed168c303"",""data/metrics_faithfulness_metrics_PickCube-v1_170m_seed142_logpi_20260615_004405.jsonl:30:9a566e20aabca5ce7308920b46ea9a657fb681c418d4534a57cb73fc09a5f25d"",""data/metrics_faithfulness_metrics_PickCube-v1_170m_seed142_logpi_20260615_004405.jsonl:31:0ddf87bfab11580c39b74d72c3ff28dfd1e140b2ebdbfa0a8aa33327e80eab38"",""data/metrics_faithfulness_metrics_PickCube-v1_170m_seed142_logpi_20260615_004405.jsonl:32:494168156df3248b420fbd07dcc67d050170dbca4efc36c327e7bce7bc7d006f"",""data/metrics_faithfulness_metrics_PickCube-v1_170m_seed142_logpi_20260615_004405.jsonl:33:acc43605e774e25c6bb62cb7cb163f4e2b0fb7806763026f6da8f405d99db495"",""data/metrics_faithfulness_metrics_PickCube-v1_170m_seed142_logpi_20260615_004405.jsonl:34:281cfb915952edbabc8071121994ec9ac67238f5869a440e8726cb9bb7cf6a77"",""data/metrics_faithfulness_metrics_PickCube-v1_170m_seed142_logpi_20260615_004405.jsonl:35:8a58fd8cfb306f7bd3abf10bbab707339561b4d68ed1bfcaac6d4afe061a743f"",""data/metrics_faithfulness_metrics_PickCube-v1_170m_seed142_logpi_20260615_004405.jsonl:36:096c7a491f782ec119987d2ee30a7550401011d00fb29497a91802646bb6167c"",""data/metrics_faithfulness_metrics_PickCube-v1_170m_seed142_logpi_20260615_004405.jsonl:37:299ca626ead74d08cc2776e21a3846659bf9a28c7983987f1956bbaeb238aba7"",""data/metrics_faithfulness_metrics_PickCube-v1_170m_seed142_logpi_20260615_004405.jsonl:38:47bd730c9ac4247a91b28caa16fda399e9cb6cef64f46e65a5ecf47138bd89a3"",""data/metrics_faithfulness_metrics_PickCube-v1_170m_seed142_logpi_20260615_004405.jsonl:39:a7336f6b3e75a19bf6c07f366d147266ac92865fb58d79d753b2e2d2cfb958c7"",""data/metrics_faithfulness_metrics_PickCube-v1_170m_seed142_logpi_20260615_004405.jsonl:40:76d6ca089a758d229e3b1f86674fdc6c5e69098feb963bb855cafc73a1e68632"",""data/metrics_faithfulness_metrics_PickCube-v1_170m_seed142_logpi_20260615_004405.jsonl:41:8221ce21f272795b587e3f646a9c7e1823309c7e18e30da13edf50fdcc82fb0b"",""data/metrics_faithfulness_metrics_PickCube-v1_170m_seed142_logpi_20260615_004405.jsonl:42:91da55750e7dcd400faed36b55f490f14fe6f8b995cb3bb31e0c9d275517745e"",""data/metrics_faithfulness_metrics_PickCube-v1_170m_seed142_logpi_20260615_004405.jsonl:43:6e32a065f18a013810fb4c1f62a16e1e24db4ac4ab1548793a4246eb02c26761"",""data/metrics_faithfulness_metrics_PickCube-v1_170m_seed142_logpi_20260615_004405.jsonl:44:304c1b225f238977658d0e79f2d5b7dcdd56f4f28a0719b34490b56a5346a591"",""data/metrics_faithfulness_metrics_PickCube-v1_170m_seed142_logpi_20260615_004405.jsonl:45:eedce1fe1d48fd494f414d0a5d4964d39f4d1190b400a49e9417c3be695938a9"",""data/metrics_faithfulness_metrics_PickCube-v1_170m_seed142_logpi_20260615_004405.jsonl:46:ddf1c8a06116316864d20810c82794b34af3bf3fcdee80015ccbca2c734f7961"",""data/metrics_faithfulness_metrics_PickCube-v1_170m_seed142_logpi_20260615_004405.jsonl:47:867408f732405ff329f106632faca7306fe79df0357433cb5bf3d8e5bd0b39c6"",""data/metrics_faithfulness_metrics_PickCube-v1_170m_seed142_logpi_20260615_004405.jsonl:48:23a3566647e4fcbdbd4f5e73235a2820906ad51575631aa239c1077623b199e4"",""data/metrics_faithfulness_metrics_PickCube-v1_170m_seed142_logpi_20260615_004405.jsonl:49:7392bb4b28c8948283f128653a980872420467e3ba89e927dc24da8d517c36df"",""data/metrics_faithfulness_metrics_PickCube-v1_170m_seed142_logpi_20260615_004405.jsonl:50:48a46e9654d23c3756e86d4559eb8d0c5c7ef2e7307836ed6eb4425575cadf59""]",0.14291649556856073,-0.035709895038172595,0.0
Q:lang:insertion,Q,lang,insertion,39760a0d919116dd9438dbb5b4b1a1479cc2b12fbda1f3757fa314a6c1509204,25,25,0.07715782257008266,"[""data/metrics_faithfulness_metrics_PickCube-v1_170m_seed42_logpi_20260615_004816.jsonl:276:ebd7447934cb34037b91ace41b733652b95123c0d0780e349d8543bad96eb5dc"",""data/metrics_faithfulness_metrics_PickCube-v1_170m_seed42_logpi_20260615_004816.jsonl:277:31364473099e306247124d3804b17745ca49a160f27faaffdc0581b2966b0ddb"",""data/metrics_faithfulness_metrics_PickCube-v1_170m_seed42_logpi_20260615_004816.jsonl:278:52e88572dc9cb8d85d8e333a3a97137e718395d58a6af3b3fc4a22c8833899c3"",""data/metrics_faithfulness_metrics_PickCube-v1_170m_seed42_logpi_20260615_004816.jsonl:279:2501413ce1f3dd821a63b037ba0e6c7e963b0d8087ca9d75e98a93f7ee364d5e"",""data/metrics_faithfulness_metrics_PickCube-v1_170m_seed42_logpi_20260615_004816.jsonl:280:e681feabd2906bacc84656bd3dc800cc32dfb17f1c55f40c898307eb1d851461"",""data/metrics_faithfulness_metrics_PickCube-v1_170m_seed42_logpi_20260615_004816.jsonl:281:cf460c1a2f724531a07ee6fa2d13cbd871fb24177d6e3829475dc1d62c53c68f"",""data/metrics_faithfulness_metrics_PickCube-v1_170m_seed42_logpi_20260615_004816.jsonl:282:77c7662ae9d4e300a87fca596ded61acd729800dd59b6cc0a5cd541a76daff8e"",""data/metrics_faithfulness_metrics_PickCube-v1_170m_seed42_logpi_20260615_004816.jsonl:283:2929dbbf61fc3c5d17e0777a9799d6b0f1e1ebfd74382e763257ba24dadc7728"",""data/metrics_faithfulness_metrics_PickCube-v1_170m_seed42_logpi_20260615_004816.jsonl:284:79652fc832b0e099f7478e07e1329cec9dfe222b1203564b006ebff29a2e9311"",""data/metrics_faithfulness_metrics_PickCube-v1_170m_seed42_logpi_20260615_004816.jsonl:285:64010be7d52d0f2adc166fd8c1b5b2af6cb25444de7181cb403ce80c6a1e616f"",""data/metrics_faithfulness_metrics_PickCube-v1_170m_seed42_logpi_20260615_004816.jsonl:286:01b8e0bc3e970deeebfff8e54090306a4868e7b6c14d00d3428f26fce9d6cfd3"",""data/metrics_faithfulness_metrics_PickCube-v1_170m_seed42_logpi_20260615_004816.jsonl:287:5c59f13bf39dcba135e5f31ad97ad237fe85a90a34121a40c6bd9a537c215bac"",""data/metrics_faithfulness_metrics_PickCube-v1_170m_seed42_logpi_20260615_004816.jsonl:288:4836da1dc41f7c9676265c636fc4f60db5c64b7c1c7304d632fc1506e591b702"",""data/metrics_faithfulness_metrics_PickCube-v1_170m_seed42_logpi_20260615_004816.jsonl:289:2a74ed047c2fe6a240d80e5bf52623517e3310822b64d74ba9a76d70e6679385"",""data/metrics_faithfulness_metrics_PickCube-v1_170m_seed42_logpi_20260615_004816.jsonl:290:74f5e763808f2a2fa8ab4c55136dfc7ddd117d48a7206705d242e4e205d1db08"",""data/metrics_faithfulness_metrics_PickCube-v1_170m_seed42_logpi_20260615_004816.jsonl:291:5c6c428ad595a44aa87a105fe3dc2518ceef0288ae509857eb278cca6b8d6b6f"",""data/metrics_faithfulness_metrics_PickCube-v1_170m_seed42_logpi_20260615_004816.jsonl:292:3844d932749021d8c0365e292d76bc4774153d1241eb97f9c8ca9b2424538813"",""data/metrics_faithfulness_metrics_PickCube-v1_170m_seed42_logpi_20260615_004816.jsonl:293:f6f0e93f29ef9de454b48c36c3eb3bd0b0a57f3c25368b3d00869f5f949846eb"",""data/metrics_faithfulness_metrics_PickCube-v1_170m_seed42_logpi_20260615_004816.jsonl:294:5f46231d7821830f70d932b24c1430e9f2edd6abec8baa3c258aec4c4e913969"",""data/metrics_faithfulness_metrics_PickCube-v1_170m_seed42_logpi_20260615_004816.jsonl:295:61b6e19688eb10c7dc2c00383af338d4873b40695fe1065a6d056589c980168a"",""data/metrics_faithfulness_metrics_PickCube-v1_170m_seed42_logpi_20260615_004816.jsonl:296:e62e6d8656c4c0c544c243475b3ef5cdeebfdd59a7e1e440dceba121a004fb29"",""data/metrics_faithfulness_metrics_PickCube-v1_170m_seed42_logpi_20260615_004816.jsonl:297:f1d5141f887b76c7364c7f619f27f58a372d9c1b90dca9aecffada009bf7aeca"",""data/metrics_faithfulness_metrics_PickCube-v1_170m_seed42_logpi_20260615_004816.jsonl:298:31ee4b6054da138f3d5414fc378309940a5db2f02c09ed41f1acc3c34ef1292f"",""data/metrics_faithfulness_metrics_PickCube-v1_170m_seed42_logpi_20260615_004816.jsonl:299:af212b1fecaf2a5b9976e0d50a01c29899304af5221d3f2eaf6a1ed6684c2892"",""data/metrics_faithfulness_metrics_PickCube-v1_170m_seed42_logpi_20260615_004816.jsonl:300:7f342b2481e820fcf604b4f7f8166c56181155e77baa0adcf2f8edcb4a50fa0d""]",0.13882746590824152,-0.06166964333815888,0.0
Q:lang:insertion,Q,lang,insertion,42c97e1a5389d67a9f6c43513d978f766f6c46c1fb9b7c886874ed00357904db,25,25,-0.02809357955387187,"[""data/metrics_faithfulness_metrics_PickCube-v1_170m_seed142_logpi_20260615_004405.jsonl:176:b5b9b7282dcc352715d66e0b1225979c48fa4246919ff414c5bf33a829453682"",""data/metrics_faithfulness_metrics_PickCube-v1_170m_seed142_logpi_20260615_004405.jsonl:177:597fe3e626e3eef6a0b8538eafffbbb0c5463c6bbf8d1683a16bf9c7dcdc88ee"",""data/metrics_faithfulness_metrics_PickCube-v1_170m_seed142_logpi_20260615_004405.jsonl:178:16f38d156cb9a7075ab07e87bdae69b2eb1dcb3bc7dec5fa5b7b303b101e2a29"",""data/metrics_faithfulness_metrics_PickCube-v1_170m_seed142_logpi_20260615_004405.jsonl:179:823c2b5a029f2e3c77d20d4efb97d1e85a8f2e6c0d3d3eff8a0eecf37aac4c71"",""data/metrics_faithfulness_metrics_PickCube-v1_170m_seed142_logpi_20260615_004405.jsonl:180:84d9780112425275ccf5c67c38ac2f5e59ade8af949d87aa186c5ef749258925"",""data/metrics_faithfulness_metrics_PickCube-v1_170m_seed142_logpi_20260615_004405.jsonl:181:a1fa5ced419fad39966b9ce2cad79410584d8b5467db8b696afe93691d8d6af1"",""data/metrics_faithfulness_metrics_PickCube-v1_170m_seed142_logpi_20260615_004405.jsonl:182:674d58f6c84509a76a7bdf17a7e3b8c35e62ca57c1268dee711e60c89d4cbdf8"",""data/metrics_faithfulness_metrics_PickCube-v1_170m_seed142_logpi_20260615_004405.jsonl:183:e477cdc65fc2ce7b18513b7f9d9ef81c7660b2bb0e3443f50bb6aea512fd38d7"",""data/metrics_faithfulness_metrics_PickCube-v1_170m_seed142_logpi_20260615_004405.jsonl:184:60acbd54fd7c0b0dbd9b17eeb755703713aea3982464b8bdd303e9d0008d367b"",""data/metrics_faithfulness_metrics_PickCube-v1_170m_seed142_logpi_20260615_004405.jsonl:185:fa3a31b1d3dfa5e6627b8cb5685a42582e7420bfd0e9dec8c767553210cdfdbe"",""data/metrics_faithfulness_metrics_PickCube-v1_170m_seed142_logpi_20260615_004405.jsonl:186:5854d8ed0538dad065d7f9d32e4cd6dc8d7ee0270481adb75c1e712d1080bb9a"",""data/metrics_faithfulness_metrics_PickCube-v1_170m_seed142_logpi_20260615_004405.jsonl:187:f22018621b42b97924fbfb80683bc3ceed75481f447e59c8972aa97e9596b357"",""data/metrics_faithfulness_metrics_PickCube-v1_170m_seed142_logpi_20260615_004405.jsonl:188:a7676033b00b05d2b3d605ba379eeff9e312f1c62526862784c7e1f32504485f"",""data/metrics_faithfulness_metrics_PickCube-v1_170m_seed142_logpi_20260615_004405.jsonl:189:e87d3a550aa52b3797887c9eb45c779a7b5e6d56edf5e015358e76a52df81abe"",""data/metrics_faithfulness_metrics_PickCube-v1_170m_seed142_logpi_20260615_004405.jsonl:190:19276c8ff79ae433066f0758d77a2817cd3d6897223950b7a79a07a7182c56f0"",""data/metrics_faithfulness_metrics_PickCube-v1_170m_seed142_logpi_20260615_004405.jsonl:191:844f291670247a9376023cc14fb7b12c6a2ecd2869b087bba81ba0282315718c"",""data/metrics_faithfulness_metrics_PickCube-v1_170m_seed142_logpi_20260615_004405.jsonl:192:40e05888149f1ff1e22de4f940b60dff91c7aa29a66e56faa6163230e6d71ebf"",""data/metrics_faithfulness_metrics_PickCube-v1_170m_seed142_logpi_20260615_004405.jsonl:193:24289282dd8f3deda4ffe4a882f18ab62629eda9c0ec86b77fadef1fd728c079"",""data/metrics_faithfulness_metrics_PickCube-v1_170m_seed142_logpi_20260615_004405.jsonl:194:061a92adee3de792c66049c850a0940c5d5d4df2eef1002617de270358bd187c"",""data/metrics_faithfulness_metrics_PickCube-v1_170m_seed142_logpi_20260615_004405.jsonl:195:533ceb6239cfa89895ce0fa9a38965dc711161edb632bdc032ecdcc23c4b3235"",""data/metrics_faithfulness_metrics_PickCube-v1_170m_seed142_logpi_20260615_004405.jsonl:196:c30725e3c9ecb2493be0398655d0914c7ce548fc9729a677b526cb215ed36c81"",""data/metrics_faithfulness_metrics_PickCube-v1_170m_seed142_logpi_20260615_004405.jsonl:197:d3f22a7c395ce66a34e381a9dc34bb9d5da1e3181680ba36ac9e48b868848498"",""data/metrics_faithfulness_metrics_PickCube-v1_170m_seed142_logpi_20260615_004405.jsonl:198:dde578ab69ba9f784dedbb32f5fcefd8d935bdbb69136c6d821cec6fc59f7cf4"",""data/metrics_faithfulness_metrics_PickCube-v1_170m_seed142_logpi_20260615_004405.jsonl:199:d97bb648b5f6f5187f1d4697ec61ff7722867d363db44ffb1b1bfc43d9ffdeb3"",""data/metrics_faithfulness_metrics_PickCube-v1_170m_seed142_logpi_20260615_004405.jsonl:200:346a5eec2187ed2648ca0c6c2554b706289c9fa8cffa4ec0fb3a2dcba62a7a0b""]",0.11828556923231844,-0.14637914878619032,0.0
Q:lang:insertion,Q,lang,insertion,44bc3e69557215144d2ce3ef13d6bdb6ccb161861a7c733f9d2808057b24ed0a,25,25,-0.2016817805129142,"[""data/metrics_faithfulness_metrics_PickCube-v1_170m_seed142_logpi_20260615_004405.jsonl:100:8adfe73ec5605e101ce71447bc5e3249ad060faa0c2fb6d80bc0420f7c01fee7"",""data/metrics_faithfulness_metrics_PickCube-v1_170m_seed142_logpi_20260615_004405.jsonl:76:2f826e184f1ccf1a07273a470e98ea722d7be9a72f74e1dbfe875756d36d450c"",""data/metrics_faithfulness_metrics_PickCube-v1_170m_seed142_logpi_20260615_004405.jsonl:77:23bc23c144e180250dadc7cbcd8f2361b126076ad73eb7b629ab54202c400b41"",""data/metrics_faithfulness_metrics_PickCube-v1_170m_seed142_logpi_20260615_004405.jsonl:78:42661f7d56bb6d5aaef47da4320710a954a444246408463282fbf2a9e03fe237"",""data/metrics_faithfulness_metrics_PickCube-v1_170m_seed142_logpi_20260615_004405.jsonl:79:3dc6a2f99a8bad7352bfbdfc8877c82fae54a8b152ded99dd5df7f4cc7318b08"",""data/metrics_faithfulness_metrics_PickCube-v1_170m_seed142_logpi_20260615_004405.jsonl:80:fadae2f534519b41ac168e9dad7690d155e275dfd2cea64011069b8f910b9bf8"",""data/metrics_faithfulness_metrics_PickCube-v1_170m_seed142_logpi_20260615_004405.jsonl:81:eca63296ee57af67bdb5fb67940a05b9ae2f8cccd7d1deed9f0aacfcdc07ba13"",""data/metrics_faithfulness_metrics_PickCube-v1_170m_seed142_logpi_20260615_004405.jsonl:82:94fa44b90c6d4f3261c5f4d1aa45eac6316f79db0113b7930a527b5d94218e30"",""data/metrics_faithfulness_metrics_PickCube-v1_170m_seed142_logpi_20260615_004405.jsonl:83:391058a40dabb86280df1050af07e61ce930e938fe5b8034d4dab5240039e3a1"",""data/metrics_faithfulness_metrics_PickCube-v1_170m_seed142_logpi_20260615_004405.jsonl:84:66ab9bbe269015ffba83002740d7a6f27c3629d15a7d6af7c3df31f9d42708c2"",""data/metrics_faithfulness_metrics_PickCube-v1_170m_seed142_logpi_20260615_004405.jsonl:85:f7047f1ab32ac68a933f145d814435167013b2b45e4c6c1071f9b63b040a827e"",""data/metrics_faithfulness_metrics_PickCube-v1_170m_seed142_logpi_20260615_004405.jsonl:86:d98b23c0be0bdd855a305a54c40cdfc72e2e59f5f095d7affddb1292c241030c"",""data/metrics_faithfulness_metrics_PickCube-v1_170m_seed142_logpi_20260615_004405.jsonl:87:28acfad15fa27c98b8d8069aa2507859e9a0002b4d2736c7437211e465cdf8f1"",""data/metrics_faithfulness_metrics_PickCube-v1_170m_seed142_logpi_20260615_004405.jsonl:88:47a9b09555b9febe8759507a91cb9cd268845a73a1fd33aeb668e0bb721d4a2b"",""data/metrics_faithfulness_metrics_PickCube-v1_170m_seed142_logpi_20260615_004405.jsonl:89:1bce6c3a68c35891c8c84a5a1fa6a4a106d801478e6d82ecadad6f0bab062c89"",""data/metrics_faithfulness_metrics_PickCube-v1_170m_seed142_logpi_20260615_004405.jsonl:90:4390e8a43f12fd462707ec6d2b461020d16d102b6448c7947c4327d63a79bdf6"",""data/metrics_faithfulness_metrics_PickCube-v1_170m_seed142_logpi_20260615_004405.jsonl:91:31822b232126ad8516c5edf78f23cdc91756a8a9d9d44cba0d2de865a98ec9a0"",""data/metrics_faithfulness_metrics_PickCube-v1_170m_seed142_logpi_20260615_004405.jsonl:92:869ed396f797f432576820f0a52f1b022bad66643347c3c4e41b30f83768c454"",""data/metrics_faithfulness_metrics_PickCube-v1_170m_seed142_logpi_20260615_004405.jsonl:93:f82f0eb09c7d7744dbb7376f656f80d3ba3beb468c5e0024657e937833b66a35"",""data/metrics_faithfulness_metrics_PickCube-v1_170m_seed142_logpi_20260615_004405.jsonl:94:c78ecb691294785627fd7318ebc89d84886ef19de13ccad6f6c1d666da3ffc74"",""data/metrics_faithfulness_metrics_PickCube-v1_170m_seed142_logpi_20260615_004405.jsonl:95:03ba843d6b635bcf839580bbddc61d2dd5985d913070b16a628c9a94ef1cddb0"",""data/metrics_faithfulness_metrics_PickCube-v1_170m_seed142_logpi_20260615_004405.jsonl:96:8a0e09d3e4637a151834ce613817b6f88805d12043efd8fcaa83b0031b4faa42"",""data/metrics_faithfulness_metrics_PickCube-v1_170m_seed142_logpi_20260615_004405.jsonl:97:1d983def08c15e958ad0bb21bef566bca92181b93eb6880902311cca8bfc8213"",""data/metrics_faithfulness_metrics_PickCube-v1_170m_seed142_logpi_20260615_004405.jsonl:98:446855dfda8567dd90f0329e2e44df656c4a745c6a7d314343be87f0f202af0f"",""data/metrics_faithfulness_metrics_PickCube-v1_170m_seed142_logpi_20260615_004405.jsonl:99:5e59624be2e5ebbd520095d6c076305301235a3b8dfdd02f4cb3e99ea1ab46a2""]",0.10885769489338565,-0.31053947540629984,0.0
Q:lang:insertion,Q,lang,insertion,486d7f23e06ac2ffe1565f59d050b4d4737f3cf15d8326ad2e00145c7aa4a575,25,25,0.013313255297341476,"[""data/metrics_faithfulness_metrics_PickCube-v1_170m_seed42_logpi_20260615_004816.jsonl:251:ecf714031533bf4b907ab29069473936eb8f4e1a50100b65cb5b30e57653a824"",""data/metrics_faithfulness_metrics_PickCube-v1_170m_seed42_logpi_20260615_004816.jsonl:252:4b3f14ed5c6bec5605e1ad3a88969cd64692429df130db0662ee2d838f58f678"",""data/metrics_faithfulness_metrics_PickCube-v1_170m_seed42_logpi_20260615_004816.jsonl:253:a6d62b0a3864a612fa8781a9c071c7f27a30addd2312a513a5cb2b539bfd7054"",""data/metrics_faithfulness_metrics_PickCube-v1_170m_seed42_logpi_20260615_004816.jsonl:254:0a3de90a99d09f135c43b5238bc2bc3b20395282bf3c96e0113267c989cadd80"",""data/metrics_faithfulness_metrics_PickCube-v1_170m_seed42_logpi_20260615_004816.jsonl:255:ef205669367cdcbe7ea44dfe18518503399ed8acac99d2eb4ed9c49f35ab1fa7"",""data/metrics_faithfulness_metrics_PickCube-v1_170m_seed42_logpi_20260615_004816.jsonl:256:c52598752c67c3cbc7a94a46f020922b5ecb338727faeb6bdee2a32b3b836fe2"",""data/metrics_faithfulness_metrics_PickCube-v1_170m_seed42_logpi_20260615_004816.jsonl:257:3b498df1ec1c596dd640816c877ac2212f0423be1a78e32b263b03f146c2caab"",""data/metrics_faithfulness_metrics_PickCube-v1_170m_seed42_logpi_20260615_004816.jsonl:258:9fc23a4ffd8db0d5d20dd030ca3b701649d433f9530ed28003f58b07e29c3469"",""data/metrics_faithfulness_metrics_PickCube-v1_170m_seed42_logpi_20260615_004816.jsonl:259:c43a959e8e55b6c90a8d881ea2d89dc5f7999c087de3028c87342c4bb4e683f2"",""data/metrics_faithfulness_metrics_PickCube-v1_170m_seed42_logpi_20260615_004816.jsonl:260:0242be9bbd2ab027d4fb400a307f2738f87e6139de94002f579e52ce37b16875"",""data/metrics_faithfulness_metrics_PickCube-v1_170m_seed42_logpi_20260615_004816.jsonl:261:6b1b4ba5128523ba2590f4dc144fecc5a4140aeb2839b5dd85c2b978759622d6"",""data/metrics_faithfulness_metrics_PickCube-v1_170m_seed42_logpi_20260615_004816.jsonl:262:b28e6b2295e59b6b91031dd47bf7cffb1a1326bccda090448ff89fb331c08198"",""data/metrics_faithfulness_metrics_PickCube-v1_170m_seed42_logpi_20260615_004816.jsonl:263:f851807bd09d536881ca23b79c20cccce7930f96828ec4f8fe1c36bfcb5354e9"",""data/metrics_faithfulness_metrics_PickCube-v1_170m_seed42_logpi_20260615_004816.jsonl:264:75e1b59b0f8d65d0c76d1054d12cb766b2d7dfd6e49ce9b7364c296fda2f6386"",""data/metrics_faithfulness_metrics_PickCube-v1_170m_seed42_logpi_20260615_004816.jsonl:265:dcc86c3c77d0d48efa76db278315f3b83bda60b214b82bc5bc4e3872dd124b5e"",""data/metrics_faithfulness_metrics_PickCube-v1_170m_seed42_logpi_20260615_004816.jsonl:266:45b83ad10c81e1880bad7943c5e66956371ce22a947d5ca75ace74a3fc781216"",""data/metrics_faithfulness_metrics_PickCube-v1_170m_seed42_logpi_20260615_004816.jsonl:267:90d862e57e4500dc0974d5f5d73c0184bcc589850cafe671fdfe65915631a2be"",""data/metrics_faithfulness_metrics_PickCube-v1_170m_seed42_logpi_20260615_004816.jsonl:268:fe09f89cd1ea1ad6402efc02ee26f39725d914e59a133504e79498725fc9ac3e"",""data/metrics_faithfulness_metrics_PickCube-v1_170m_seed42_logpi_20260615_004816.jsonl:269:0f423ae07b07662f80631d5a2f36f45f83bb04f3c7a95d91e1b0a68413eeedfb"",""data/metrics_faithfulness_metrics_PickCube-v1_170m_seed42_logpi_20260615_004816.jsonl:270:dc6989a59091e798087fbb62b4155a10d07eb0bac0e4627f4cca3ada55cf2623"",""data/metrics_faithfulness_metrics_PickCube-v1_170m_seed42_logpi_20260615_004816.jsonl:271:6d85c6fddb23579567223c23b9945e71f4aa5b2d84030d98478cae8ccb1aa048"",""data/metrics_faithfulness_metrics_PickCube-v1_170m_seed42_logpi_20260615_004816.jsonl:272:37d5f4e5156258b3123eaa889986ebf0449ac552c8a4db4eb3000c40994ffce3"",""data/metrics_faithfulness_metrics_PickCube-v1_170m_seed42_logpi_20260615_004816.jsonl:273:1e28e5eec2cba7348f43695071010669716df0c2cad29b483e1139cc73534093"",""data/metrics_faithfulness_metrics_PickCube-v1_170m_seed42_logpi_20260615_004816.jsonl:274:6f5dd5575942a95a5ad5c5e16e5e61c6b49523077f343e27265efdec547bf7da"",""data/metrics_faithfulness_metrics_PickCube-v1_170m_seed42_logpi_20260615_004816.jsonl:275:a775cd55cd71b3853350f9f27ab4f109ff0e36fbafa350fb06cbb6b87ac1fd7c""]",0.12292112466761221,-0.10960786937027073,0.0
Q:lang:insertion,Q,lang,insertion,5469e355ab5dea5c81da2b63fdef765c019bbd4d14791f63705c8d2905da2bcb,25,25,0.1347996657199527,"[""data/metrics_faithfulness_metrics_PickCube-v1_170m_seed42_logpi_20260615_004816.jsonl:26:c25dc6977225c99804c6ed2a0cda8ddc655c20b352b647774de2ed785c051e8d"",""data/metrics_faithfulness_metrics_PickCube-v1_170m_seed42_logpi_20260615_004816.jsonl:27:d522e831fb599e4af50c4c407805ffc5d1f7f1f7f151cf5108cb5971b5da247c"",""data/metrics_faithfulness_metrics_PickCube-v1_170m_seed42_logpi_20260615_004816.jsonl:28:42899b8dc2a7152844a13a6352c3628a256a07f6a81e17997919cdd628ffd8bd"",""data/metrics_faithfulness_metrics_PickCube-v1_170m_seed42_logpi_20260615_004816.jsonl:29:4ea7d084a8d0a16853c16617c033b24a1d238fc960b5a2caeab68a5de3f2ccc8"",""data/metrics_faithfulness_metrics_PickCube-v1_170m_seed42_logpi_20260615_004816.jsonl:30:f183f4bd29036ec8fda50400e09a96807c85e79f2b1272ceac19d1fa7e8e70be"",""data/metrics_faithfulness_metrics_PickCube-v1_170m_seed42_logpi_20260615_004816.jsonl:31:eea32a7651540e087bc9a885bd4f44b8a256ae1ba2fae7d8377e55b97a0b051f"",""data/metrics_faithfulness_metrics_PickCube-v1_170m_seed42_logpi_20260615_004816.jsonl:32:6b01538c021407dde55de2a8beeb747ad454b2bb21903b0b7a9cf923ef5fb400"",""data/metrics_faithfulness_metrics_PickCube-v1_170m_seed42_logpi_20260615_004816.jsonl:33:d835bde11d555ef751850ea79b6a9bf2aaa689f329892eba8b51746d2d499b6b"",""data/metrics_faithfulness_metrics_PickCube-v1_170m_seed42_logpi_20260615_004816.jsonl:34:b31101a92c7f5c23f2d51c02b17a82bcb03586b8184c8bcf6805931a55f08075"",""data/metrics_faithfulness_metrics_PickCube-v1_170m_seed42_logpi_20260615_004816.jsonl:35:02b836e812631c37d2575a78422fe04c1c48f8644cd56d9cb0e9b5b233de0366"",""data/metrics_faithfulness_metrics_PickCube-v1_170m_seed42_logpi_20260615_004816.jsonl:36:c6d0b7ad8451472cc5c88abb18dcf0e1e2f75a6df2d5d99f2c388fe0622e6f25"",""data/metrics_faithfulness_metrics_PickCube-v1_170m_seed42_logpi_20260615_004816.jsonl:37:6cf35df9255ca6a6bf8dc4e15a4c68eef0a82d71efb97d13b0939cd1a44ba732"",""data/metrics_faithfulness_metrics_PickCube-v1_170m_seed42_logpi_20260615_004816.jsonl:38:fb64a0952d68efcfeb13a13f5aa370f510bf5ad8b361d870852343cbd3f6ed6b"",""data/metrics_faithfulness_metrics_PickCube-v1_170m_seed42_logpi_20260615_004816.jsonl:39:e3459a1cbf2e1c0a6b6c935c455519df3135d04aa4f502a39dac17e0c663cc0e"",""data/metrics_faithfulness_metrics_PickCube-v1_170m_seed42_logpi_20260615_004816.jsonl:40:9c35bf9ecf4f609ecb1a64bd3e0a76071612a7520c59a744191cf2f60cd17900"",""data/metrics_faithfulness_metrics_PickCube-v1_170m_seed42_logpi_20260615_004816.jsonl:41:e695c3bb33ffe5aa84c42d9e560b1019bc2edd632281e3b0994b79233110070c"",""data/metrics_faithfulness_metrics_PickCube-v1_170m_seed42_logpi_20260615_004816.jsonl:42:fb82b2b1e30191700ca36c38017cb43c8be82cb40994c07cc1cfdef3ea314de8"",""data/metrics_faithfulness_metrics_PickCube-v1_170m_seed42_logpi_20260615_004816.jsonl:43:105dae72c068ab95c34a920aa1e2f353f2b2072955b23b05eaaad1762aa33e3b"",""data/metrics_faithfulness_metrics_PickCube-v1_170m_seed42_logpi_20260615_004816.jsonl:44:048425d1790f01882510a065d0b3dd2a15cf3fc81ba9c9ae4f67057e01f36f17"",""data/metrics_faithfulness_metrics_PickCube-v1_170m_seed42_logpi_20260615_004816.jsonl:45:a8788eb2125737ebb54970442b920338b2aa27aa426b6bcf01cacc1003b8020c"",""data/metrics_faithfulness_metrics_PickCube-v1_170m_seed42_logpi_20260615_004816.jsonl:46:4d7597ee96e888da9b2b6f9f897c2c248f0fff6c89e5ab3e751a87170c26f84f"",""data/metrics_faithfulness_metrics_PickCube-v1_170m_seed42_logpi_20260615_004816.jsonl:47:622fdf6a41d18959ad206bff3e41ee4af3d195de82c8aad7c2f3222e3f72adba"",""data/metrics_faithfulness_metrics_PickCube-v1_170m_seed42_logpi_20260615_004816.jsonl:48:811eb572be0a32c238003129c6eade0dcab45dd7bb475ce5305c71566a2599da"",""data/metrics_faithfulness_metrics_PickCube-v1_170m_seed42_logpi_20260615_004816.jsonl:49:07f6cb510bc387aa9ed7b3e686f8667faddc2f2c2e6a6278688cdb2625e8799b"",""data/metrics_faithfulness_metrics_PickCube-v1_170m_seed42_logpi_20260615_004816.jsonl:50:0a84b39c3dc9a1151c507f63f1979cbcc848fb2f066fc0d43500d4fd15cd8e74""]",0.16319329622080572,-0.02839363050085304,0.0
Q:lang:insertion,Q,lang,insertion,57180f2d5963a743c6d02f3de4b34a4ef7f915b70d21c40ba6475db6c65a2e80,25,25,0.05765099640418578,"[""data/metrics_faithfulness_metrics_PickCube-v1_170m_seed42_logpi_20260615_004816.jsonl:176:de71ba923646fd9144a4408621483b7d421aec2eacc47a1f31b2ecb1f669fc6c"",""data/metrics_faithfulness_metrics_PickCube-v1_170m_seed42_logpi_20260615_004816.jsonl:177:1c8f1de08b050dce4d308fff7a8fa974f316d2482ffd86e6cb08dffde201b557"",""data/metrics_faithfulness_metrics_PickCube-v1_170m_seed42_logpi_20260615_004816.jsonl:178:a7aab14fbf069148f3565aef9f774f050e8abc592e2fdc6be5d961e2dc0338d9"",""data/metrics_faithfulness_metrics_PickCube-v1_170m_seed42_logpi_20260615_004816.jsonl:179:9f47757c3e0ea9d10c83946fec1f545d6d984b92e9fe0b338a08f403321ccb30"",""data/metrics_faithfulness_metrics_PickCube-v1_170m_seed42_logpi_20260615_004816.jsonl:180:9b3b8eaaf0b4a698bc471e350007a7968033216df2a1fc9ffb268a7aacc872ac"",""data/metrics_faithfulness_metrics_PickCube-v1_170m_seed42_logpi_20260615_004816.jsonl:181:a87414bd912b042d9e9660837734ace2e838ca0eeeb8e66a8dd645f0b8166487"",""data/metrics_faithfulness_metrics_PickCube-v1_170m_seed42_logpi_20260615_004816.jsonl:182:ec22cb0e482dc7f31d3f5eb427d0d47f08171e96baff649ae2c241f27fbbc57a"",""data/metrics_faithfulness_metrics_PickCube-v1_170m_seed42_logpi_20260615_004816.jsonl:183:a84e5f380dd838a5dd0b33fbfb82403140d6d9cdf9ed782952b91a59414cb853"",""data/metrics_faithfulness_metrics_PickCube-v1_170m_seed42_logpi_20260615_004816.jsonl:184:990b7ced42acaa6eebb5fe95920a39e921fabdf51b90ec45164e960933782ddf"",""data/metrics_faithfulness_metrics_PickCube-v1_170m_seed42_logpi_20260615_004816.jsonl:185:1a9c987eae43351fe503741be4aee11a69c92b3253ed205c87a597ae44b0521e"",""data/metrics_faithfulness_metrics_PickCube-v1_170m_seed42_logpi_20260615_004816.jsonl:186:6b258b0248fb9310536bd6fa6fcdb6a559958c1fdc48d7976b6c1130a32e3fc2"",""data/metrics_faithfulness_metrics_PickCube-v1_170m_seed42_logpi_20260615_004816.jsonl:187:79582e871ca95bb9e44224907f7619f25fdb591a3b723259bc25da1d7a29ba5a"",""data/metrics_faithfulness_metrics_PickCube-v1_170m_seed42_logpi_20260615_004816.jsonl:188:523f759cfe7abaa87e8b3a7483185e8550df5f990ac392214ff6dd5950e189f4"",""data/metrics_faithfulness_metrics_PickCube-v1_170m_seed42_logpi_20260615_004816.jsonl:189:049bc7fac573b397dc104c3365b24db21472c363417d505d7126f9dfe28c6594"",""data/metrics_faithfulness_metrics_PickCube-v1_170m_seed42_logpi_20260615_004816.jsonl:190:f8525ae2a8ccac96ac0889a2dcc1264a1372dd05f5e4f21c8ac458f972003359"",""data/metrics_faithfulness_metrics_PickCube-v1_170m_seed42_logpi_20260615_004816.jsonl:191:4a0522ecf0914e619666a24f81dd63f19b813e3cb9f5eb9512fdef6346aea7ae"",""data/metrics_faithfulness_metrics_PickCube-v1_170m_seed42_logpi_20260615_004816.jsonl:192:306599d4dd5ad38b045e51f039841587f2a641b17a74528d56a15a4c8371b383"",""data/metrics_faithfulness_metrics_PickCube-v1_170m_seed42_logpi_20260615_004816.jsonl:193:b1fab6a0918f3820aa0dd698e7714714eb559e0f0eb463828778514c7f479838"",""data/metrics_faithfulness_metrics_PickCube-v1_170m_seed42_logpi_20260615_004816.jsonl:194:298af5ab29ee53f933bf61c976e505b91b953ac238c3ab72190cdc80b96cac21"",""data/metrics_faithfulness_metrics_PickCube-v1_170m_seed42_logpi_20260615_004816.jsonl:195:a46d26d68ba18c94bf5460ffd841966eb68dd7479f0b695979f8ebb58871e66c"",""data/metrics_faithfulness_metrics_PickCube-v1_170m_seed42_logpi_20260615_004816.jsonl:196:c495b552757d032740854bb33e82445847681dccfa605f0f0da9c8128600eec3"",""data/metrics_faithfulness_metrics_PickCube-v1_170m_seed42_logpi_20260615_004816.jsonl:197:23e1446c9473081b069fe2dd93d79dee0a3a33a7f90c4b0ad826f6b997b3ec59"",""data/metrics_faithfulness_metrics_PickCube-v1_170m_seed42_logpi_20260615_004816.jsonl:198:ed116e3b76575fe1cdb80365caefb3c8f742a88634a3762878ebe5e4043aa031"",""data/metrics_faithfulness_metrics_PickCube-v1_170m_seed42_logpi_20260615_004816.jsonl:199:416b5d6aaf16436ede9f060552f258d6c4f4fcb4067d96752bf4d4bdd40b7b07"",""data/metrics_faithfulness_metrics_PickCube-v1_170m_seed42_logpi_20260615_004816.jsonl:200:a45a638a040ef50808991303019651d714b79d2944a1b85c70496c35aa55d409""]",0.154245174738532,-0.09659417833434623,0.0
Q:lang:insertion,Q,lang,insertion,6c42961992ab88301c39acdc8d3f1f01c00d844d7c33a373beb53f7e28644052,25,25,-0.4870510581503953,"[""data/metrics_faithfulness_metrics_PickCube-v1_170m_seed142_logpi_20260615_004405.jsonl:276:be38388f73b3943d0b5b4f7e0ff7c27e4d9263fb07c7d8abe7c3189b6844bc2c"",""data/metrics_faithfulness_metrics_PickCube-v1_170m_seed142_logpi_20260615_004405.jsonl:277:49a48c583e72aedff1767b3ba53dc1280ec38f419f4c77920df76a620bc9d2fa"",""data/metrics_faithfulness_metrics_PickCube-v1_170m_seed142_logpi_20260615_004405.jsonl:278:5352f185e22958dc0d44024a6363b7fedf7f3c038293317f986c21282485e06d"",""data/metrics_faithfulness_metrics_PickCube-v1_170m_seed142_logpi_20260615_004405.jsonl:279:ef03fcf08413b6b9ffdb3922b1dfb74df5ffe83774cec0927a7f6cfb3c05e8dc"",""data/metrics_faithfulness_metrics_PickCube-v1_170m_seed142_logpi_20260615_004405.jsonl:280:dee0cf43fc013f1bcd4bbc6392b916dd1fae351d5e6d5447ade5cd0bfed82a04"",""data/metrics_faithfulness_metrics_PickCube-v1_170m_seed142_logpi_20260615_004405.jsonl:281:ecfbf7a1e67919ba08320ce93c19f9a81343ab9bfafb4da2707b005aaf136a76"",""data/metrics_faithfulness_metrics_PickCube-v1_170m_seed142_logpi_20260615_004405.jsonl:282:76c1f1b0826071d647046d4d10bdc454231eb45e7658029b0676a019007095ca"",""data/metrics_faithfulness_metrics_PickCube-v1_170m_seed142_logpi_20260615_004405.jsonl:283:17fe76d85483781660c3b96dccfa2ff92b311e2aa9bab8c26310abece52e9288"",""data/metrics_faithfulness_metrics_PickCube-v1_170m_seed142_logpi_20260615_004405.jsonl:284:127fd0c03e7d88618a71f1784d269e0ccbfac7c8dea83b4fa892841ff7283821"",""data/metrics_faithfulness_metrics_PickCube-v1_170m_seed142_logpi_20260615_004405.jsonl:285:f1e7729977fdc75ce45afbe6818632947af8a3930fa71d6f177dc304877b6fc7"",""data/metrics_faithfulness_metrics_PickCube-v1_170m_seed142_logpi_20260615_004405.jsonl:286:0ff48c5419772614615c971ae02fbc67e2af255dc6160a23943263e1d21ec26d"",""data/metrics_faithfulness_metrics_PickCube-v1_170m_seed142_logpi_20260615_004405.jsonl:287:9315c9848ea53be645fa74d1a82a842d46eda74624b81647f83740fd8bbdb330"",""data/metrics_faithfulness_metrics_PickCube-v1_170m_seed142_logpi_20260615_004405.jsonl:288:60f84196cdca89e9ff5b18a7bb26ee726744a41e3e2d29e3201645b8bce29c8a"",""data/metrics_faithfulness_metrics_PickCube-v1_170m_seed142_logpi_20260615_004405.jsonl:289:6dfb2a2f3f42bb43413513eed4b8490e159b702900ab5829a12497d6adbbbfc2"",""data/metrics_faithfulness_metrics_PickCube-v1_170m_seed142_logpi_20260615_004405.jsonl:290:691629bcf648c77b91593f4861a44f9104b496bbe74ae8f6739619b85d75fffd"",""data/metrics_faithfulness_metrics_PickCube-v1_170m_seed142_logpi_20260615_004405.jsonl:291:5585630e01e4a5182bd5ccdb833fb3784e987025c7760f7362b5bb82899cd73f"",""data/metrics_faithfulness_metrics_PickCube-v1_170m_seed142_logpi_20260615_004405.jsonl:292:dd86108115957fb11de0ae7ae3b5bdb57838b4649d3bbee7b1c7ca47852b1e52"",""data/metrics_faithfulness_metrics_PickCube-v1_170m_seed142_logpi_20260615_004405.jsonl:293:34efb0092adb93d38b0da71a6f810c73a7b4a1a9d75fbd6a54c43af9a1cd6ba4"",""data/metrics_faithfulness_metrics_PickCube-v1_170m_seed142_logpi_20260615_004405.jsonl:294:aaa5a7f47865cc12e5d1b57ef9310574a01f9e70a93fea0a56cc6862eeb37370"",""data/metrics_faithfulness_metrics_PickCube-v1_170m_seed142_logpi_20260615_004405.jsonl:295:3ab7f6a0a1a3f3a13629b41e4b2b7d163779a7fb172367b124e2510b8629ae5d"",""data/metrics_faithfulness_metrics_PickCube-v1_170m_seed142_logpi_20260615_004405.jsonl:296:e2de12258dd3cb7002013f0dc723a9ff1433ec1150cf701ff7f58d049102f316"",""data/metrics_faithfulness_metrics_PickCube-v1_170m_seed142_logpi_20260615_004405.jsonl:297:0d336b089371c898abef21709f5d501bda6cb6d8e10926d3a6681b6c2b6e9bb8"",""data/metrics_faithfulness_metrics_PickCube-v1_170m_seed142_logpi_20260615_004405.jsonl:298:0558094f64dd14b1bc18070326910f51ee0deb9a0289e7d389c9d7ec65dcd650"",""data/metrics_faithfulness_metrics_PickCube-v1_170m_seed142_logpi_20260615_004405.jsonl:299:d9c4f164896df1f489221c106aec7e0f88de46595dc6519df007a5b37fdc286d"",""data/metrics_faithfulness_metrics_PickCube-v1_170m_seed142_logpi_20260615_004405.jsonl:300:20dd4cf9d7fd6d02f68768da2b3c7282d3ec0517abd64c8f37e3db8329e05ab5""]",0.12499940122411168,-0.612050459374507,0.0
Q:lang:insertion,Q,lang,insertion,720fde762f6c62dae4e5af8dd651c00e581445d595da3e14a0d7c45688473c5c,25,25,0.09212127366810804,"[""data/metrics_faithfulness_metrics_PickCube-v1_170m_seed142_logpi_20260615_004405.jsonl:101:d84ac3a68f7a21cd0eb07bf13047db88c4f7a31e7eccf57f25ae3ae0d17f7a89"",""data/metrics_faithfulness_metrics_PickCube-v1_170m_seed142_logpi_20260615_004405.jsonl:102:d8d66d2c8914cc13a32fd39a381b42c17dc6347eb61843779d2ff39d63d032da"",""data/metrics_faithfulness_metrics_PickCube-v1_170m_seed142_logpi_20260615_004405.jsonl:103:34fa0726f054731e776c74e549c0cb14b448d94d2a70d4538a00d80e9bce65d2"",""data/metrics_faithfulness_metrics_PickCube-v1_170m_seed142_logpi_20260615_004405.jsonl:104:6328c894a18b0b314feca629c4344f96f16c89053f4eca2bf5e835cc9e378e68"",""data/metrics_faithfulness_metrics_PickCube-v1_170m_seed142_logpi_20260615_004405.jsonl:105:2a2f9b12031a739237e1d0dd3870f3423fe58b75b7054de9332c1a3d896a6b85"",""data/metrics_faithfulness_metrics_PickCube-v1_170m_seed142_logpi_20260615_004405.jsonl:106:ab22d9c8febfd4d94cadf3d39da4365a8a688c0b58d2ff04e37bc868aef7509e"",""data/metrics_faithfulness_metrics_PickCube-v1_170m_seed142_logpi_20260615_004405.jsonl:107:40436ae9e520d79b92d5d548491c9acbae095709f599ffa7479576e44140f8d2"",""data/metrics_faithfulness_metrics_PickCube-v1_170m_seed142_logpi_20260615_004405.jsonl:108:64a89141e050fbfbf6b9c5c98850f3f68eadda27862b48dc7c77e495ed018fba"",""data/metrics_faithfulness_metrics_PickCube-v1_170m_seed142_logpi_20260615_004405.jsonl:109:27c6971bf107ca4e83ea3731afb66e7d5429e717b14be10b8fcaba7369ed42b9"",""data/metrics_faithfulness_metrics_PickCube-v1_170m_seed142_logpi_20260615_004405.jsonl:110:eb5d280cfa34428276c92d25e620df8eaecd026e3d50f6583d8f4b6770918f2f"",""data/metrics_faithfulness_metrics_PickCube-v1_170m_seed142_logpi_20260615_004405.jsonl:111:e826e8718fc54c874c617870bc82fd3592067c823eefd92cfc6d4d6425415cac"",""data/metrics_faithfulness_metrics_PickCube-v1_170m_seed142_logpi_20260615_004405.jsonl:112:01942531ff447c9af48f99f1b9a6d476df3648a55e96da6dbef91417de42a0ee"",""data/metrics_faithfulness_metrics_PickCube-v1_170m_seed142_logpi_20260615_004405.jsonl:113:241f0c469ede0af7300d3edc80309fe44d346a6a0608c6ed582648e8da66ce5b"",""data/metrics_faithfulness_metrics_PickCube-v1_170m_seed142_logpi_20260615_004405.jsonl:114:ac9e86e26e242a5c93038740a0d8747698e36fcf26932b21d9be5e1ffeac0612"",""data/metrics_faithfulness_metrics_PickCube-v1_170m_seed142_logpi_20260615_004405.jsonl:115:6601c834b5c1a620ac650ac32612de3753bd24b6ca09ce2a17a0663c74d7b0fe"",""data/metrics_faithfulness_metrics_PickCube-v1_170m_seed142_logpi_20260615_004405.jsonl:116:e46a6a1cffe7d8b2951afa657608ff689669a4ebafa0f25b60f4e01426871ff2"",""data/metrics_faithfulness_metrics_PickCube-v1_170m_seed142_logpi_20260615_004405.jsonl:117:f4323bf97a7c9c47e04ff453ae3c735af238812026bcf1a048845d2e35514750"",""data/metrics_faithfulness_metrics_PickCube-v1_170m_seed142_logpi_20260615_004405.jsonl:118:4400ad84a0d300dde33ff17b6f166ad4d89760ee2f8d8d04a5d7abd9a6ad4f43"",""data/metrics_faithfulness_metrics_PickCube-v1_170m_seed142_logpi_20260615_004405.jsonl:119:e036717c54a44bec2d11a2b5b1daadf68ded3b1a963acd1d41a5c65ac2a348fa"",""data/metrics_faithfulness_metrics_PickCube-v1_170m_seed142_logpi_20260615_004405.jsonl:120:4f004856e120c8bf7e32b5c8b56cfe21c46c48d43395dd2f941b63c9ce7b712b"",""data/metrics_faithfulness_metrics_PickCube-v1_170m_seed142_logpi_20260615_004405.jsonl:121:f293b3a325432ca14c0b8aa3ae7c02ba4f06e904eceeda6556fbdd02fd114792"",""data/metrics_faithfulness_metrics_PickCube-v1_170m_seed142_logpi_20260615_004405.jsonl:122:69ab1da11fd92b048f15447e7fd3e1a1b7f9cf853a6f97c080e0a4fb4523d665"",""data/metrics_faithfulness_metrics_PickCube-v1_170m_seed142_logpi_20260615_004405.jsonl:123:101e2dd66633575fdca169da803384e7171624f1384e34a0aebfa413ff2a1e0e"",""data/metrics_faithfulness_metrics_PickCube-v1_170m_seed142_logpi_20260615_004405.jsonl:124:f57b38dd0fa793d5494eac20f21ed4c2d35625de470aeaaed41785a21a485e8f"",""data/metrics_faithfulness_metrics_PickCube-v1_170m_seed142_logpi_20260615_004405.jsonl:125:b7a060aaf82fe6f8c29197194d314a0d449708e86ff18dce7419aaa91c94bccf""]",0.15572418005424712,-0.06360290638613905,0.0
Q:lang:insertion,Q,lang,insertion,7ce98adc11b35cf9a2f02a619d8a242f5e50d863c2ab6433dab3216f92d50e31,25,25,-0.6113673558487264,"[""data/metrics_faithfulness_metrics_PickCube-v1_170m_seed42_logpi_20260615_004816.jsonl:201:d086f255afa235a02534cbcc8c27f170bf0cda99c6777603b67bd87b2b33b33f"",""data/metrics_faithfulness_metrics_PickCube-v1_170m_seed42_logpi_20260615_004816.jsonl:202:357fe1267bcab3c3ecad05f5b5e3206d54ac4d475342904f00a2edb12aee2b72"",""data/metrics_faithfulness_metrics_PickCube-v1_170m_seed42_logpi_20260615_004816.jsonl:203:7cf199c5b1c189f95634ff465275073cd28de0b291ce67f099b3a7962058ec25"",""data/metrics_faithfulness_metrics_PickCube-v1_170m_seed42_logpi_20260615_004816.jsonl:204:3255ccd05e6cbe1aab2f60d7402fa0a7b63eba9c39b28a961785dc204e036d0b"",""data/metrics_faithfulness_metrics_PickCube-v1_170m_seed42_logpi_20260615_004816.jsonl:205:0d3122462ed9e4fd102d758acdfcae2b4c5ed972b31ef1ac0e03e74308976502"",""data/metrics_faithfulness_metrics_PickCube-v1_170m_seed42_logpi_20260615_004816.jsonl:206:dff7f3ad807846c049ced4ffedd3d458081eee24256945bbdf1c98ae155ade24"",""data/metrics_faithfulness_metrics_PickCube-v1_170m_seed42_logpi_20260615_004816.jsonl:207:14f5edd57a2177a0a8951904576b4dc5f05fe2bc331a0cdc34258bb2a01895dc"",""data/metrics_faithfulness_metrics_PickCube-v1_170m_seed42_logpi_20260615_004816.jsonl:208:5d0f7421e4eba6467e9d84c676c8d0321f3f5b745eda7a2c9ea6d3e3d41a59ea"",""data/metrics_faithfulness_metrics_PickCube-v1_170m_seed42_logpi_20260615_004816.jsonl:209:aa00ba13417c0ff4f0292b268f9b2062046bb5ae8acdb2f59a0a55f48017ad5d"",""data/metrics_faithfulness_metrics_PickCube-v1_170m_seed42_logpi_20260615_004816.jsonl:210:1c12c6176dd395cf327d1d20b04cadd0de4de51eac5bfc3572c9e3e579c23671"",""data/metrics_faithfulness_metrics_PickCube-v1_170m_seed42_logpi_20260615_004816.jsonl:211:75319b8c60756f2c710a0b8697a4b9fad3da00cdb4b045bd8d23509b5a00155f"",""data/metrics_faithfulness_metrics_PickCube-v1_170m_seed42_logpi_20260615_004816.jsonl:212:cbf08a786f2f78c73737f8248df5e3ac375fea3ed9aadedcfc60ca176e3ce207"",""data/metrics_faithfulness_metrics_PickCube-v1_170m_seed42_logpi_20260615_004816.jsonl:213:e597b84f0189fa2d2e56e9d1bbf1f10cba252ef9bff10c27b1b4f9a73ec34a28"",""data/metrics_faithfulness_metrics_PickCube-v1_170m_seed42_logpi_20260615_004816.jsonl:214:abcec5cda06a69d623615a12435e2dea5db7617dc3f3664b65e91f944c1987ee"",""data/metrics_faithfulness_metrics_PickCube-v1_170m_seed42_logpi_20260615_004816.jsonl:215:77c7502d799375a0e991e54c33fc1b3f4fb8aad645916adc0cde42ac49d6650a"",""data/metrics_faithfulness_metrics_PickCube-v1_170m_seed42_logpi_20260615_004816.jsonl:216:96886d6d7c2f6db8514d662e3df7d7f986f6cb0a9d0838af1b8b4a26348ffc18"",""data/metrics_faithfulness_metrics_PickCube-v1_170m_seed42_logpi_20260615_004816.jsonl:217:7af572e7d959ddfdf62217db686587d8a60638982e00c71b7a166a6ba6c0f3b8"",""data/metrics_faithfulness_metrics_PickCube-v1_170m_seed42_logpi_20260615_004816.jsonl:218:8f758cfa6196153dd377bb120fcefb62a2170a559538b1595a6b5801f1029313"",""data/metrics_faithfulness_metrics_PickCube-v1_170m_seed42_logpi_20260615_004816.jsonl:219:930941323bb26e3444004bfc77c245a06602c64f5a2dd8af28b5b96852a68b95"",""data/metrics_faithfulness_metrics_PickCube-v1_170m_seed42_logpi_20260615_004816.jsonl:220:3d0fbbff9313b9477a659fc87b7dd5265413a5ac0d40715af167334b495cf8dd"",""data/metrics_faithfulness_metrics_PickCube-v1_170m_seed42_logpi_20260615_004816.jsonl:221:9812ff9dbf6609ac4c2d98fb69db4e24dbc3fca523815f7e71b7e1e464231e1b"",""data/metrics_faithfulness_metrics_PickCube-v1_170m_seed42_logpi_20260615_004816.jsonl:222:3e04b4574af4041c43355bd40de8ad52c3e2514ec7c0656235acb2f990a74fa1"",""data/metrics_faithfulness_metrics_PickCube-v1_170m_seed42_logpi_20260615_004816.jsonl:223:ba33a41e469677070d7ffbf1c7a532fce286c7899576165e81cb0f975a2b9ba5"",""data/metrics_faithfulness_metrics_PickCube-v1_170m_seed42_logpi_20260615_004816.jsonl:224:bfb98e3fe18a5d62e5944a1e46e43015a2fe821c899b9c69314fa149cb61d175"",""data/metrics_faithfulness_metrics_PickCube-v1_170m_seed42_logpi_20260615_004816.jsonl:225:d44f2bd606f98b97c2f00ebc915f4dbae3e4e0169e8d73eecb6d4990fe0370b9""]",0.13320608494377364,-0.7445734407924998,0.0
Q:lang:insertion,Q,lang,insertion,860a3dc5f4499c9f3e5253392dca557647000224ab7d5834c454c0dd2935d52b,25,25,-0.12208009589165973,"[""data/metrics_faithfulness_metrics_PickCube-v1_170m_seed42_logpi_20260615_004816.jsonl:101:95ccfd435d277fea30b9ec542a2176a8e45733f42da53700b60a2d307881e803"",""data/metrics_faithfulness_metrics_PickCube-v1_170m_seed42_logpi_20260615_004816.jsonl:102:fce851d8a88d547d407bd04f36fbe5eb9aa8daed80550de150c516e51590ad32"",""data/metrics_faithfulness_metrics_PickCube-v1_170m_seed42_logpi_20260615_004816.jsonl:103:a26fde6dd33ba767bc7b953491020d74f26cd0bce33f07628d6f73f3c6340c78"",""data/metrics_faithfulness_metrics_PickCube-v1_170m_seed42_logpi_20260615_004816.jsonl:104:672a1eaaa02cafaf0340fd2cca6053b1006ce80271c4c5562c9f38f56e719102"",""data/metrics_faithfulness_metrics_PickCube-v1_170m_seed42_logpi_20260615_004816.jsonl:105:592d3973a85c22910aca2ade4e756f70ae71a6525907e583a2411181d65c553c"",""data/metrics_faithfulness_metrics_PickCube-v1_170m_seed42_logpi_20260615_004816.jsonl:106:d2a18ff48b114455ed8ca8812354ed7945cd0e211cba54a504d38bbfdeaa89ae"",""data/metrics_faithfulness_metrics_PickCube-v1_170m_seed42_logpi_20260615_004816.jsonl:107:f67ea7b8ceafbf908e2ef9aa5f86f5345d256f8859bd3e315f5215b6113dfecc"",""data/metrics_faithfulness_metrics_PickCube-v1_170m_seed42_logpi_20260615_004816.jsonl:108:4b50f5af05ae15c48bd21715247952152832d4c9752a9ae7e43324aa8623b5b0"",""data/metrics_faithfulness_metrics_PickCube-v1_170m_seed42_logpi_20260615_004816.jsonl:109:5d5de8f028b86031852ff712892129157038188f89433c5888200ced81285daf"",""data/metrics_faithfulness_metrics_PickCube-v1_170m_seed42_logpi_20260615_004816.jsonl:110:648829af48fca7d5a9df14d55ef60f16475219ee4b4717dd8d39a8a1f651bdc5"",""data/metrics_faithfulness_metrics_PickCube-v1_170m_seed42_logpi_20260615_004816.jsonl:111:f8aee473bff6b5a2dfdcb3ec216cdf12bde0462b04f2291873f2b55f8c35fced"",""data/metrics_faithfulness_metrics_PickCube-v1_170m_seed42_logpi_20260615_004816.jsonl:112:6da3427f4c59a6ba12daba36e74c686958690824be682249fc5a560eedd9179b"",""data/metrics_faithfulness_metrics_PickCube-v1_170m_seed42_logpi_20260615_004816.jsonl:113:984d5dbd940ec155640149ed59ab643bb345bd3e3295d6f77918241ae9964c87"",""data/metrics_faithfulness_metrics_PickCube-v1_170m_seed42_logpi_20260615_004816.jsonl:114:ec1cd7c7fc1213053f36bfa5bf6841fc9b78fec5e5f8dd8e3c8a381cda342144"",""data/metrics_faithfulness_metrics_PickCube-v1_170m_seed42_logpi_20260615_004816.jsonl:115:7c7e84970ab4d02d2e704816feb83fb5126dc7e68670c79df75a35019ed0bdb5"",""data/metrics_faithfulness_metrics_PickCube-v1_170m_seed42_logpi_20260615_004816.jsonl:116:c765ebed5528fc96694064586b7909171526693a9d4d8cd0895bebb272e1b84f"",""data/metrics_faithfulness_metrics_PickCube-v1_170m_seed42_logpi_20260615_004816.jsonl:117:0c147b34a581466a772166c57fa018c1c038df2d35f2f1a1aca7e98ad0c692bf"",""data/metrics_faithfulness_metrics_PickCube-v1_170m_seed42_logpi_20260615_004816.jsonl:118:7765696d5493cd391cab5168684641381fd25876ab3e921d5971ad5c4d065f3d"",""data/metrics_faithfulness_metrics_PickCube-v1_170m_seed42_logpi_20260615_004816.jsonl:119:1e6a2790d3ea04843290cd33069985f1b15f45a832713d3f557801d82a8e4e48"",""data/metrics_faithfulness_metrics_PickCube-v1_170m_seed42_logpi_20260615_004816.jsonl:120:fbe41dc70fd2fb3f52809d7ad1fde492f708d194642670fdfe3c79240e0bfe26"",""data/metrics_faithfulness_metrics_PickCube-v1_170m_seed42_logpi_20260615_004816.jsonl:121:4ddf7711fab166713f741c238cfe65bb3a471a4968a7caea3916851b9052cc52"",""data/metrics_faithfulness_metrics_PickCube-v1_170m_seed42_logpi_20260615_004816.jsonl:122:80e29d8d50d3930a4a0dfeab91c9cd3331d7102d250047545a3adcca384d4dcd"",""data/metrics_faithfulness_metrics_PickCube-v1_170m_seed42_logpi_20260615_004816.jsonl:123:334837cd1501a889ca7279c0fc23a8762d9a85af8a355a69acd4427127861896"",""data/metrics_faithfulness_metrics_PickCube-v1_170m_seed42_logpi_20260615_004816.jsonl:124:e9cd986193c63320474f2a269ca4d90fdd13f86d380fec31b2be879e00f26ffa"",""data/metrics_faithfulness_metrics_PickCube-v1_170m_seed42_logpi_20260615_004816.jsonl:125:bdf12bd7819d0760468e91e737bba6a97220bbf4361e9ed269af9f446fe00b3f""]",0.11876830980072105,-0.24084840569238083,0.0
Q:lang:insertion,Q,lang,insertion,89eb57f93f61eb027f51494b520be3e00cd1717cb71c4f147fb40fb27e1e90d4,25,25,0.08618327187063116,"[""data/metrics_faithfulness_metrics_PickCube-v1_170m_seed142_logpi_20260615_004405.jsonl:51:82a72577a13b55ad26117d9fe525352083ec50cb6dac39c33df002d3c1c72a06"",""data/metrics_faithfulness_metrics_PickCube-v1_170m_seed142_logpi_20260615_004405.jsonl:52:35ad33490cbd78c5c78979e636b99c397199432bd093702b81238e154d1a9aac"",""data/metrics_faithfulness_metrics_PickCube-v1_170m_seed142_logpi_20260615_004405.jsonl:53:c6df5f8903995bb19cc540ab6b4785a2e751e5841084ee269bd4bd9cb9466fee"",""data/metrics_faithfulness_metrics_PickCube-v1_170m_seed142_logpi_20260615_004405.jsonl:54:78fcfa0c493b02f62d081e9244b373ffbb213661359a2b24792936265c9398f0"",""data/metrics_faithfulness_metrics_PickCube-v1_170m_seed142_logpi_20260615_004405.jsonl:55:563b420b26180a0ea522bc94d0fe65eb1d18e5f83d2353d17a37767a16b696c7"",""data/metrics_faithfulness_metrics_PickCube-v1_170m_seed142_logpi_20260615_004405.jsonl:56:d4434d30515dd02103413bd9d6081d10189f8aa09e8a128742d0b14a52b5915e"",""data/metrics_faithfulness_metrics_PickCube-v1_170m_seed142_logpi_20260615_004405.jsonl:57:f2cd077289d9a7630d6eb8267bbcde228de9f329d1627328d2bee704d0688680"",""data/metrics_faithfulness_metrics_PickCube-v1_170m_seed142_logpi_20260615_004405.jsonl:58:76ab2ffd739b130db2a337932e89fdb663acbaefa1f5720947f49195b6f1dcce"",""data/metrics_faithfulness_metrics_PickCube-v1_170m_seed142_logpi_20260615_004405.jsonl:59:0fd1b06d3c23c0ecaa6600d96c06382ab9a8a9a4dfbe3d2e7218ada40345ab6a"",""data/metrics_faithfulness_metrics_PickCube-v1_170m_seed142_logpi_20260615_004405.jsonl:60:14b2891dffeb2497149983bfa7c80b0794542326826d921f9b9198e44c8fa80b"",""data/metrics_faithfulness_metrics_PickCube-v1_170m_seed142_logpi_20260615_004405.jsonl:61:f494eeb28285d246c7315bad22361e67bede8f5c80d0da1752c228eeb80f8801"",""data/metrics_faithfulness_metrics_PickCube-v1_170m_seed142_logpi_20260615_004405.jsonl:62:9ca9d71f9aeafd53f1d09d86a0ee0024eabd4377789d83fac5380393d8da2bff"",""data/metrics_faithfulness_metrics_PickCube-v1_170m_seed142_logpi_20260615_004405.jsonl:63:3137b623bceb20bc605201c0f9aac6c7845c32579f7b5d3a2cfecd3a5e98028e"",""data/metrics_faithfulness_metrics_PickCube-v1_170m_seed142_logpi_20260615_004405.jsonl:64:3014e53b1032bdb0ae005e7c91c66908dbba0d9b00d19b410aac98bff326b89f"",""data/metrics_faithfulness_metrics_PickCube-v1_170m_seed142_logpi_20260615_004405.jsonl:65:3dc6861469df7b9e6e8b9f50c6f4229089b4025a3cdebd5aa119634dd2628cc5"",""data/metrics_faithfulness_metrics_PickCube-v1_170m_seed142_logpi_20260615_004405.jsonl:66:669bcf40dfa98e6751eef344d67988044261ed85099241b44b5af87440cc4d10"",""data/metrics_faithfulness_metrics_PickCube-v1_170m_seed142_logpi_20260615_004405.jsonl:67:8d406e59f06162c596a122a953bbdff17709e68281bc726bd34fc6d321097b23"",""data/metrics_faithfulness_metrics_PickCube-v1_170m_seed142_logpi_20260615_004405.jsonl:68:2568c9d2249ee55a74002ff408bdaa61a5715508fa8d24258839149601e42c0b"",""data/metrics_faithfulness_metrics_PickCube-v1_170m_seed142_logpi_20260615_004405.jsonl:69:a7f50818ccbc7f752bac0be0a1b50f3570b21c6d67fa90ef2a253d5a320fa6d0"",""data/metrics_faithfulness_metrics_PickCube-v1_170m_seed142_logpi_20260615_004405.jsonl:70:ef3ca9f7711cf4a636de55f4f8163ae2ff1e9e0af3b3c6309d4db948f5e9bee3"",""data/metrics_faithfulness_metrics_PickCube-v1_170m_seed142_logpi_20260615_004405.jsonl:71:89509e214b4d0ffab395be6c28034f122f44a9a76e73df8f6cc0737dea076121"",""data/metrics_faithfulness_metrics_PickCube-v1_170m_seed142_logpi_20260615_004405.jsonl:72:9042e8e9b5d4f5b5cdc9f883176f6a510b606d109bcf4e476b444e101d4c2bb6"",""data/metrics_faithfulness_metrics_PickCube-v1_170m_seed142_logpi_20260615_004405.jsonl:73:6cd2fd53cfa297725ada245b8af9fbf809a951be97a77e1722724f6790bf2e40"",""data/metrics_faithfulness_metrics_PickCube-v1_170m_seed142_logpi_20260615_004405.jsonl:74:84fbcf0477ffad03e922245731fc065d95b050a5bcc92a7ec2d3bf29e99c1634"",""data/metrics_faithfulness_metrics_PickCube-v1_170m_seed142_logpi_20260615_004405.jsonl:75:f1db0f9113a63af82ae08b66cf8420d1a4f20f8c1bb252edf276a8fd4f72a7f3""]",0.13538383186317937,-0.049200559992548215,0.0
Q:lang:insertion,Q,lang,insertion,8e4d58f7db69b72d935648c23043aa22e63d11af2add7ba9e0eb7c2b8f463ad0,25,25,-0.04843551935220294,"[""data/metrics_faithfulness_metrics_PickCube-v1_170m_seed142_logpi_20260615_004405.jsonl:226:8c3b30c95197d3d7106ad6f31be6787e56c36b9ec1138ef513a50e858ec58633"",""data/metrics_faithfulness_metrics_PickCube-v1_170m_seed142_logpi_20260615_004405.jsonl:227:54e4c3fad92dafa10a52f10f82c700767dd86f8604b538115be4678def6e2076"",""data/metrics_faithfulness_metrics_PickCube-v1_170m_seed142_logpi_20260615_004405.jsonl:228:426b7b842f77413a440c0ba9051d2bbee7931fea742fe1b15aa67df0a7e0ae5c"",""data/metrics_faithfulness_metrics_PickCube-v1_170m_seed142_logpi_20260615_004405.jsonl:229:4bd640502b42806887cb4f897bfe9d17a5a9a55478dbad9adb2a354bee2688be"",""data/metrics_faithfulness_metrics_PickCube-v1_170m_seed142_logpi_20260615_004405.jsonl:230:566f8b54b28af3287a50e43019bdaa4b57e2b191970909ffe1c4dcd8337ddc6d"",""data/metrics_faithfulness_metrics_PickCube-v1_170m_seed142_logpi_20260615_004405.jsonl:231:a47624cbf1a60ce5ecae7e06eb6385692e52332c32e172deea4e43a55e0c8910"",""data/metrics_faithfulness_metrics_PickCube-v1_170m_seed142_logpi_20260615_004405.jsonl:232:ad7fe92a8e16cfd87d0437cc1a26bf61434ac65440a9507cdffe2afb95e52315"",""data/metrics_faithfulness_metrics_PickCube-v1_170m_seed142_logpi_20260615_004405.jsonl:233:6b7d416d11bc1ffb9311a7324d5f5d79c0f6012b28a18f8fca376fd37e8c2ee9"",""data/metrics_faithfulness_metrics_PickCube-v1_170m_seed142_logpi_20260615_004405.jsonl:234:bf3646b236d13a746a40d732cb33c53e2880bda5ddc79487ea860fcce8f3803f"",""data/metrics_faithfulness_metrics_PickCube-v1_170m_seed142_logpi_20260615_004405.jsonl:235:9b346eec671f8f1619447369dcbd6594589c693e62e8f50b1afb0982149f1c6f"",""data/metrics_faithfulness_metrics_PickCube-v1_170m_seed142_logpi_20260615_004405.jsonl:236:b1fa9a054939df889df18b1a42b73bd5ef809c2aa6363a28ecd856a8efe14e6b"",""data/metrics_faithfulness_metrics_PickCube-v1_170m_seed142_logpi_20260615_004405.jsonl:237:be36bb5a9aa1592de586737304aba8761f9f9c1dbd46e5dcac263e6b8b701a10"",""data/metrics_faithfulness_metrics_PickCube-v1_170m_seed142_logpi_20260615_004405.jsonl:238:673469faa6341f7ddf530fea8cd0e60739086bf5d7842152cf9190e186e63946"",""data/metrics_faithfulness_metrics_PickCube-v1_170m_seed142_logpi_20260615_004405.jsonl:239:533ad1d36664632f365e3a2288ddbb9546fefb273875536c971c6609373a3ebc"",""data/metrics_faithfulness_metrics_PickCube-v1_170m_seed142_logpi_20260615_004405.jsonl:240:870902afa2a8cb88d7c63f548e2776cc540fac7caba38790b9fe9038d52680bf"",""data/metrics_faithfulness_metrics_PickCube-v1_170m_seed142_logpi_20260615_004405.jsonl:241:0fdf5c726554ee05f757968379fca457a9af57766f7a0edd4ee882098a48252f"",""data/metrics_faithfulness_metrics_PickCube-v1_170m_seed142_logpi_20260615_004405.jsonl:242:7187540af38f8ec7c4b059dbe70ab0515de59090dec1a6ad979f3aca0db07550"",""data/metrics_faithfulness_metrics_PickCube-v1_170m_seed142_logpi_20260615_004405.jsonl:243:4f3a19428409fa40732c4deeacd33018d1e8fa6276e6904c63f835a653776cd1"",""data/metrics_faithfulness_metrics_PickCube-v1_170m_seed142_logpi_20260615_004405.jsonl:244:9dbf5c320a95cfce244eb3d805e4bef1a1f3652ccdd1c4e9b190bdc8fd2ddca4"",""data/metrics_faithfulness_metrics_PickCube-v1_170m_seed142_logpi_20260615_004405.jsonl:245:e9c4fc9a77e6b859bf80fb2d5c3b6557f0cf4523e5f59b2e5b5e18d19bbe583a"",""data/metrics_faithfulness_metrics_PickCube-v1_170m_seed142_logpi_20260615_004405.jsonl:246:6d60b9bab3cce5a0c8cc62d54c63b65e6cc16984413a146a02efdc9c54b1ead3"",""data/metrics_faithfulness_metrics_PickCube-v1_170m_seed142_logpi_20260615_004405.jsonl:247:1c90e8b8fb2e7fa1efaf8e14ef2301ac484f3382b1ee17adc4fa81e9bfd33680"",""data/metrics_faithfulness_metrics_PickCube-v1_170m_seed142_logpi_20260615_004405.jsonl:248:2877bdeadbf1976d73f8ceb402431f9fc81c7836328e1148f55bfb81a6f82cca"",""data/metrics_faithfulness_metrics_PickCube-v1_170m_seed142_logpi_20260615_004405.jsonl:249:169118ef418ddc36a9d46a8cae6b5e8573707ccd709d8840e0de68362e182d52"",""data/metrics_faithfulness_metrics_PickCube-v1_170m_seed142_logpi_20260615_004405.jsonl:250:6706dc9dddb30129b3d7f5531aa08346d57fe0548e12b7d52b9ffc3aeea3be80""]",0.14652419139649794,-0.1949597107487009,0.0
Q:lang:insertion,Q,lang,insertion,908849fece084ea1c651025791f44fc1febdc739c4abb18f8eff39fe117fcb99,25,25,0.010482097355926543,"[""data/metrics_faithfulness_metrics_PickCube-v1_170m_seed42_logpi_20260615_004816.jsonl:351:17a6377f6126d7a97eb8aff1d7d6fbf02328ccc6d4dc948bb903347c98f0647c"",""data/metrics_faithfulness_metrics_PickCube-v1_170m_seed42_logpi_20260615_004816.jsonl:352:fe23a88af265da53df62d140376a2661a045f84dc7feafabc8544c26ee1301b8"",""data/metrics_faithfulness_metrics_PickCube-v1_170m_seed42_logpi_20260615_004816.jsonl:353:eff4b391914ccb23ee427fadb10de02bece0101ecb6bba51d36df2e7a5593222"",""data/metrics_faithfulness_metrics_PickCube-v1_170m_seed42_logpi_20260615_004816.jsonl:354:89cea3ff0336d2c4d41e25911e6cc08c83bc14381e77f17b46edd15e5316131e"",""data/metrics_faithfulness_metrics_PickCube-v1_170m_seed42_logpi_20260615_004816.jsonl:355:5f52733bc2f53acab2f722767491a12fab13a758e2d1f3a863aa0037aa447596"",""data/metrics_faithfulness_metrics_PickCube-v1_170m_seed42_logpi_20260615_004816.jsonl:356:f2971a27f80157bcc1f322a325e6d386b728d209749ab7d84641856f926b259e"",""data/metrics_faithfulness_metrics_PickCube-v1_170m_seed42_logpi_20260615_004816.jsonl:357:11c4530cb17a2f41ba79c13f169d41e5212713064b3e44c0ea65fa31281aca1f"",""data/metrics_faithfulness_metrics_PickCube-v1_170m_seed42_logpi_20260615_004816.jsonl:358:54006e330131ed13649ab795aa2d5ad31ede1fa5b27ff5a62bb9ef38f888de13"",""data/metrics_faithfulness_metrics_PickCube-v1_170m_seed42_logpi_20260615_004816.jsonl:359:51d5651290cca5fe984a0094bd09c61849cf25a2e89bb4b0e2f45dabb4411345"",""data/metrics_faithfulness_metrics_PickCube-v1_170m_seed42_logpi_20260615_004816.jsonl:360:340ccc51edd457369f8c6d26347a6785cf68c097ac477ab899f67adef61d04af"",""data/metrics_faithfulness_metrics_PickCube-v1_170m_seed42_logpi_20260615_004816.jsonl:361:b8dbbc65ea0d9d57d997f4f2529666ecd3309fc6b7478fff3994c80bbcd45dcb"",""data/metrics_faithfulness_metrics_PickCube-v1_170m_seed42_logpi_20260615_004816.jsonl:362:bec3c931e45bc571594bb98fe0aa64284e43a5685e68f39ed997347bb9edfebe"",""data/metrics_faithfulness_metrics_PickCube-v1_170m_seed42_logpi_20260615_004816.jsonl:363:1189798ed0e2d73030c017d50deebea316a3bc9e4a1aa8ab1dcfdee7254c4e1e"",""data/metrics_faithfulness_metrics_PickCube-v1_170m_seed42_logpi_20260615_004816.jsonl:364:ab1f71661425499239ae80734c9f32fa9d5f2a367e52d97d417a44ba34e952ac"",""data/metrics_faithfulness_metrics_PickCube-v1_170m_seed42_logpi_20260615_004816.jsonl:365:14ea1193d65da1be8903ae8d3dfa5744d08f7d21fc6e2bedd7b2dacbbde59d1f"",""data/metrics_faithfulness_metrics_PickCube-v1_170m_seed42_logpi_20260615_004816.jsonl:366:76a7b2984bc0b1f099375ef13a8b734df35cda8659d38b1554a01a825a2d231a"",""data/metrics_faithfulness_metrics_PickCube-v1_170m_seed42_logpi_20260615_004816.jsonl:367:a04bb318804a523cf6be5ee1be9d561dff4c3459a33258e00eef56b092396444"",""data/metrics_faithfulness_metrics_PickCube-v1_170m_seed42_logpi_20260615_004816.jsonl:368:53117526ce126ee29dc4660089fbeb5d35f74d2f6c96ab8c30c84a2401575f66"",""data/metrics_faithfulness_metrics_PickCube-v1_170m_seed42_logpi_20260615_004816.jsonl:369:5a29f918f61dff1d30cb85528202290cf2d73565d145ebe3d06c115c8797badb"",""data/metrics_faithfulness_metrics_PickCube-v1_170m_seed42_logpi_20260615_004816.jsonl:370:ec15cd8014a754d909ed1f27f6edebc69cea12608719b55d0a815876d7c40629"",""data/metrics_faithfulness_metrics_PickCube-v1_170m_seed42_logpi_20260615_004816.jsonl:371:09e806de5a4406d7be070707f4e1666d16d31b030efe02a00974f860b0229c42"",""data/metrics_faithfulness_metrics_PickCube-v1_170m_seed42_logpi_20260615_004816.jsonl:372:70b05e479da75958c94177d7fcc3ba680e608c55dbd947ba423f8368258541a6"",""data/metrics_faithfulness_metrics_PickCube-v1_170m_seed42_logpi_20260615_004816.jsonl:373:f8f4c0b7534d637a2b98f0a9da9623c32c4f1d3e3e842c8947cb45a2b8c33e9a"",""data/metrics_faithfulness_metrics_PickCube-v1_170m_seed42_logpi_20260615_004816.jsonl:374:abde868e32d1a4e0aa917c3822a899346f8cd77239eaa273fbab1a4443355e63"",""data/metrics_faithfulness_metrics_PickCube-v1_170m_seed42_logpi_20260615_004816.jsonl:375:efe0709de5be1b4d78e91bfb7301c113d8bb76073268e9200013558c4bd59004""]",0.11716336545037181,-0.1066812680944453,0.0
Q:lang:insertion,Q,lang,insertion,a0990515c1e2815dbe9b8ca5036b78a86c65a3bf848fbdcdf0be9a6ff56b3e52,25,25,-0.35550075684948496,"[""data/metrics_faithfulness_metrics_PickCube-v1_170m_seed42_logpi_20260615_004816.jsonl:151:0267a7673ec971b251be4b25f4d9cf85a9739124a54079d2a29d6d7e7a5e47af"",""data/metrics_faithfulness_metrics_PickCube-v1_170m_seed42_logpi_20260615_004816.jsonl:152:56648af2d6dc693da50d6923e07d40d6b6b3a9f427cee368b0e2a35d67439b37"",""data/metrics_faithfulness_metrics_PickCube-v1_170m_seed42_logpi_20260615_004816.jsonl:153:c69311daadecb0eaeb9bc0d0d3f8a40f5c5ca7dc6ad985ea621e66023ac73a20"",""data/metrics_faithfulness_metrics_PickCube-v1_170m_seed42_logpi_20260615_004816.jsonl:154:ce41718aef4eab593939ed2ee002058a61577f689c3b5829edaa70d77d879617"",""data/metrics_faithfulness_metrics_PickCube-v1_170m_seed42_logpi_20260615_004816.jsonl:155:eca386e5a3318e56c6d105d2112418c6c058a9426dbd7b553fb60eeb18ab1724"",""data/metrics_faithfulness_metrics_PickCube-v1_170m_seed42_logpi_20260615_004816.jsonl:156:1fd3d65be8e07facf558b550af804c22ebaef3a42cc3bd9fa768e0730f3aacc7"",""data/metrics_faithfulness_metrics_PickCube-v1_170m_seed42_logpi_20260615_004816.jsonl:157:b82567c8e245f0c8b744498e9b816e071c500a241753896b3023d6d2f42c8428"",""data/metrics_faithfulness_metrics_PickCube-v1_170m_seed42_logpi_20260615_004816.jsonl:158:6f578eaa0b55eb6882d8bbb07a55fc2a5fd65a8fdfb5f006f2e49084ec9caee0"",""data/metrics_faithfulness_metrics_PickCube-v1_170m_seed42_logpi_20260615_004816.jsonl:159:23a570c1d4f5346218dfa9c17098061b12e4eb5f31410fb3f4bf0cc897a97603"",""data/metrics_faithfulness_metrics_PickCube-v1_170m_seed42_logpi_20260615_004816.jsonl:160:2bb1135a6ba43b4ae4c4032d669647e0e08d2da9ea0a54bc6d36150931b5b7a0"",""data/metrics_faithfulness_metrics_PickCube-v1_170m_seed42_logpi_20260615_004816.jsonl:161:d1f5406335460a5e73a34117ab7163f8761b5660016dc25b5a02abd4d46f57e8"",""data/metrics_faithfulness_metrics_PickCube-v1_170m_seed42_logpi_20260615_004816.jsonl:162:46db0c0cfb060d0e64d068be8fae6250bf57db8df9a8f5cfebe6211ab3964a10"",""data/metrics_faithfulness_metrics_PickCube-v1_170m_seed42_logpi_20260615_004816.jsonl:163:2e4b534c7e08678b4c2ab5b80b5e07b01e4d07ce953db0f0a767c0a14156f1f0"",""data/metrics_faithfulness_metrics_PickCube-v1_170m_seed42_logpi_20260615_004816.jsonl:164:13be42729a0974a4495ff91dd59c1b2afc685e67d2860674305730585bc7effc"",""data/metrics_faithfulness_metrics_PickCube-v1_170m_seed42_logpi_20260615_004816.jsonl:165:78c15d8966ce85ba473a4b15c89d7edbfbfce40358b1a2880374856a04bdc1af"",""data/metrics_faithfulness_metrics_PickCube-v1_170m_seed42_logpi_20260615_004816.jsonl:166:0f7c6a3848836b627cf1dcb2bbdbe97b616ab1d33bc4329030c6cb658387609a"",""data/metrics_faithfulness_metrics_PickCube-v1_170m_seed42_logpi_20260615_004816.jsonl:167:e386e57edb13d256e0e57d3bfda9e8cb5f5829a70ba09dab80afd2eca36d2f8b"",""data/metrics_faithfulness_metrics_PickCube-v1_170m_seed42_logpi_20260615_004816.jsonl:168:7f26aec087fc4c900a1b21f70ba033c012de1c117ec270aa4cec77fcd36496c7"",""data/metrics_faithfulness_metrics_PickCube-v1_170m_seed42_logpi_20260615_004816.jsonl:169:be3869957189c71db65e73f0339c980efd34f5fdd9556eab7ae40927f7ae1862"",""data/metrics_faithfulness_metrics_PickCube-v1_170m_seed42_logpi_20260615_004816.jsonl:170:cd9da702ff204a8e2c205508901a30f11ca8ce5899b7cd33d43e148f2482f9fa"",""data/metrics_faithfulness_metrics_PickCube-v1_170m_seed42_logpi_20260615_004816.jsonl:171:bb48b34804700f2d1a9d8028a17de84bf5d8c5fb183cdb5e77eb7f8adf0f6f60"",""data/metrics_faithfulness_metrics_PickCube-v1_170m_seed42_logpi_20260615_004816.jsonl:172:b1fd3d7c286797f7bc9bb33122b34f368419060b67a537f50a3879a2ad7fb750"",""data/metrics_faithfulness_metrics_PickCube-v1_170m_seed42_logpi_20260615_004816.jsonl:173:9078637c1e35be8190f780a76c33a137fdbc8f7c7d607f2a9078038a9f957a37"",""data/metrics_faithfulness_metrics_PickCube-v1_170m_seed42_logpi_20260615_004816.jsonl:174:f9f710fb7b3a29c6e5e65cffe4a37840ac672251e8e40bfe6d040731e34513a3"",""data/metrics_faithfulness_metrics_PickCube-v1_170m_seed42_logpi_20260615_004816.jsonl:175:ddf037e43cbdd8f07490fdd62da72e55903abb569a47892fc5af236606743713""]",0.058597250650791605,-0.4140980075002766,0.0
Q:lang:insertion,Q,lang,insertion,b17c407676aa2a563999504b2144d16b3b51a39b0d34995b1114c6968b39e43c,25,25,0.10473674786798927,"[""data/metrics_faithfulness_metrics_PickCube-v1_170m_seed42_logpi_20260615_004816.jsonl:10:7a54c9d4d3f84d2c617ac7c16ae1f7b6d72f093870f4db3c918522cf49e39aed"",""data/metrics_faithfulness_metrics_PickCube-v1_170m_seed42_logpi_20260615_004816.jsonl:11:c655593cb5b0951daaa752856c04a639087563d4125eb87dd589b13b5ed955c6"",""data/metrics_faithfulness_metrics_PickCube-v1_170m_seed42_logpi_20260615_004816.jsonl:12:8730f813fc819d8c233a414549ec53b04faae3beac0eebd6d97fd948e08c3c68"",""data/metrics_faithfulness_metrics_PickCube-v1_170m_seed42_logpi_20260615_004816.jsonl:13:439a24a613af7b83f9e6f1531b8a6493af3764570ad8f8c6e5a8349f39841859"",""data/metrics_faithfulness_metrics_PickCube-v1_170m_seed42_logpi_20260615_004816.jsonl:14:68c704bd9b2b703056c1e35d3904301a9c769efadab2ae9446d2154b42811ee5"",""data/metrics_faithfulness_metrics_PickCube-v1_170m_seed42_logpi_20260615_004816.jsonl:15:51ab82c6e317d6d0a1c6982c8c3ce070c8b359d4a4f1007c5b16f7bcc088b5de"",""data/metrics_faithfulness_metrics_PickCube-v1_170m_seed42_logpi_20260615_004816.jsonl:16:6591e3c33949249f70c01a161f29cd1397d3df82fbe9160f447df330552de173"",""data/metrics_faithfulness_metrics_PickCube-v1_170m_seed42_logpi_20260615_004816.jsonl:17:ca829978d4bed6cf5a64008b84653b629cf2f25b4db1e4a25075211e19177aac"",""data/metrics_faithfulness_metrics_PickCube-v1_170m_seed42_logpi_20260615_004816.jsonl:18:b87edc8653499c0a70575eb3e73b2558a24b4939016a397fc0834ace79116d8f"",""data/metrics_faithfulness_metrics_PickCube-v1_170m_seed42_logpi_20260615_004816.jsonl:19:2f434997689de1a20068b0e46ed2a1cdb43be8e214559d7a8a02553e78ecf7f6"",""data/metrics_faithfulness_metrics_PickCube-v1_170m_seed42_logpi_20260615_004816.jsonl:1:96d035b5087fb896807a50dd28a22b957a7984d2d71575fa3e2c0cee208bd3cb"",""data/metrics_faithfulness_metrics_PickCube-v1_170m_seed42_logpi_20260615_004816.jsonl:20:f0e086311edb87f565dcd4b04beea727a87f8bed5a95302203869b20c9280a9a"",""data/metrics_faithfulness_metrics_PickCube-v1_170m_seed42_logpi_20260615_004816.jsonl:21:7b70785e50769931eef3d86069451aca643178a4532c71f18fa00f46315a19a3"",""data/metrics_faithfulness_metrics_PickCube-v1_170m_seed42_logpi_20260615_004816.jsonl:22:d6923ace7a26527b0b1b8a3ceb18f864d087561d5f07dc5fa66f79c5ef05bf68"",""data/metrics_faithfulness_metrics_PickCube-v1_170m_seed42_logpi_20260615_004816.jsonl:23:17af34b65acda84eaf9d67b386896f0e160814217df6e0ad8d27c72a295ff664"",""data/metrics_faithfulness_metrics_PickCube-v1_170m_seed42_logpi_20260615_004816.jsonl:24:89991784543b1eb2cbc3c1d653fd30f22ec7864fefcfb86df031e15368b92779"",""data/metrics_faithfulness_metrics_PickCube-v1_170m_seed42_logpi_20260615_004816.jsonl:25:4f8db56ced49eede3df0492171a35601c3b5448e252f41e25c60704bd9096107"",""data/metrics_faithfulness_metrics_PickCube-v1_170m_seed42_logpi_20260615_004816.jsonl:2:97ca44bd53cb96d4a6a0fc2a3cb5b22221df6deda79321809508dd1e8c161b9e"",""data/metrics_faithfulness_metrics_PickCube-v1_170m_seed42_logpi_20260615_004816.jsonl:3:6e7980c80f889a4f774abb49902d3db86758c8a0e20e7825d13535b376cafe61"",""data/metrics_faithfulness_metrics_PickCube-v1_170m_seed42_logpi_20260615_004816.jsonl:4:285ccb73c9814fe3b67dddff6c80f92e428b9c56cbcc293ef5e0d9d528cfbcb5"",""data/metrics_faithfulness_metrics_PickCube-v1_170m_seed42_logpi_20260615_004816.jsonl:5:71f238a2a3b09f7db886f2d19e63e5549a02489865e2f061e7eeffc0ac87d15f"",""data/metrics_faithfulness_metrics_PickCube-v1_170m_seed42_logpi_20260615_004816.jsonl:6:993d4b4c129e47872a06b44957433b8bc7c39437d025337ef29d60bf162c551a"",""data/metrics_faithfulness_metrics_PickCube-v1_170m_seed42_logpi_20260615_004816.jsonl:7:f2cabf2064144d4c6f516f99adb4051a4cf5328f4558cf3c3af3b7c1cdf5c2de"",""data/metrics_faithfulness_metrics_PickCube-v1_170m_seed42_logpi_20260615_004816.jsonl:8:9fbb14da26a7105156cbb4ec942f53c0d0f66fbc736a028c3a906722fc1d3b71"",""data/metrics_faithfulness_metrics_PickCube-v1_170m_seed42_logpi_20260615_004816.jsonl:9:87108c4b8129d0039c1b877cfd7208a6b4a95d705e632cbcb4190ba0062484b3""]",0.13396445990678138,-0.029227712038792108,0.0
Q:lang:insertion,Q,lang,insertion,bbf812e58d7871b288cdf7af8f765a9e55ce5c9a8c620b81684af28e3684ebad,25,25,0.13874086162573576,"[""data/metrics_faithfulness_metrics_PickCube-v1_170m_seed42_logpi_20260615_004816.jsonl:51:70f85d3cc635c98265444291a8a20cc91193456db0683ea738d2d238097cd6fe"",""data/metrics_faithfulness_metrics_PickCube-v1_170m_seed42_logpi_20260615_004816.jsonl:52:6e4c6c11116a2e638d469e62a2a9a3879b255b004965f911a7da9740f93cf042"",""data/metrics_faithfulness_metrics_PickCube-v1_170m_seed42_logpi_20260615_004816.jsonl:53:eb1e5fa84ad1f42ddbc0a33f3af899ef26addf9f2e6467831650ba95639d39d1"",""data/metrics_faithfulness_metrics_PickCube-v1_170m_seed42_logpi_20260615_004816.jsonl:54:8977be2a2a59326e6cbc752e6ba7f3b89a11b2db62bd9df6f47e08ea1587f961"",""data/metrics_faithfulness_metrics_PickCube-v1_170m_seed42_logpi_20260615_004816.jsonl:55:4b95e85dfab7c3222699c2f9dbe51a17e6b9a540e101be2d3f657c41241e2519"",""data/metrics_faithfulness_metrics_PickCube-v1_170m_seed42_logpi_20260615_004816.jsonl:56:b7bfef178ad3a3440a09d18e904966d061613bb0a9a14547a78fdfbe599aee2a"",""data/metrics_faithfulness_metrics_PickCube-v1_170m_seed42_logpi_20260615_004816.jsonl:57:83470f282edfa97e8052840d121775dc31d07aa6cb2267e6980c5b79b7efb10e"",""data/metrics_faithfulness_metrics_PickCube-v1_170m_seed42_logpi_20260615_004816.jsonl:58:5e445d9d22954fb0f1e595d5a30253615c5e3ed7517f7cce7670b9bba39b04ee"",""data/metrics_faithfulness_metrics_PickCube-v1_170m_seed42_logpi_20260615_004816.jsonl:59:794cc9d02d440bca90d7338d1752f1fb7fde1d486ee448de7cad636e374f6230"",""data/metrics_faithfulness_metrics_PickCube-v1_170m_seed42_logpi_20260615_004816.jsonl:60:19adace2f97502593d7fae745b8f2842d1d4eada08aa6d2b6765a88ee6ca5b68"",""data/metrics_faithfulness_metrics_PickCube-v1_170m_seed42_logpi_20260615_004816.jsonl:61:6c374aa7d8289a313b3ac1195170323b9d16a6af46c059ade6faf5c8058d2b5e"",""data/metrics_faithfulness_metrics_PickCube-v1_170m_seed42_logpi_20260615_004816.jsonl:62:a10eab88d0252774bd8386d671e4913a15341c53f551a30ee33cea7275071844"",""data/metrics_faithfulness_metrics_PickCube-v1_170m_seed42_logpi_20260615_004816.jsonl:63:63b21088d2dbfb25f10f33c2fcc6c5e8b117d1716340f69fea15f87405391467"",""data/metrics_faithfulness_metrics_PickCube-v1_170m_seed42_logpi_20260615_004816.jsonl:64:72cf55c2328eca49c4bcad0874ec5bc78e70b70c2c9cc1edad16f9d62f4ac7c0"",""data/metrics_faithfulness_metrics_PickCube-v1_170m_seed42_logpi_20260615_004816.jsonl:65:06337ac4a568c4498c18a13ea63d00dcb770341057e6aee24cc64911dbc83fb8"",""data/metrics_faithfulness_metrics_PickCube-v1_170m_seed42_logpi_20260615_004816.jsonl:66:18519515cbf0cbcb4e431013c4e8dac3dd5c71f6e750edba6231a0e43c112ec4"",""data/metrics_faithfulness_metrics_PickCube-v1_170m_seed42_logpi_20260615_004816.jsonl:67:b6ab398466ad88740262395cbf0ea8fbb2cecc55443609a8689597ad0035eafd"",""data/metrics_faithfulness_metrics_PickCube-v1_170m_seed42_logpi_20260615_004816.jsonl:68:e34db0f7ce35dcd589844e15dd1012a88c3e49d681aaa90acdec936ba07fd3dc"",""data/metrics_faithfulness_metrics_PickCube-v1_170m_seed42_logpi_20260615_004816.jsonl:69:c237d1e56487ca65cf53898d38542819c9f1b038f92e187888070973ccab196f"",""data/metrics_faithfulness_metrics_PickCube-v1_170m_seed42_logpi_20260615_004816.jsonl:70:565efd9f3aadc541908d3d99d1e8fd0cef5d3cd6d60754730c9d836496015792"",""data/metrics_faithfulness_metrics_PickCube-v1_170m_seed42_logpi_20260615_004816.jsonl:71:f92b1d47a51bb7ba98bb1e20387961be66d3b0759a705668bcfcb9a475385ff1"",""data/metrics_faithfulness_metrics_PickCube-v1_170m_seed42_logpi_20260615_004816.jsonl:72:da24a1b84bfe5553dc7c9e2fdd17a98609ad2d203662d8854ccfbd086b28640c"",""data/metrics_faithfulness_metrics_PickCube-v1_170m_seed42_logpi_20260615_004816.jsonl:73:e70465e20f44131591faa7d572b9c67d97e3e778c24906918753b60ad30a97d8"",""data/metrics_faithfulness_metrics_PickCube-v1_170m_seed42_logpi_20260615_004816.jsonl:74:15e8b9dd6889221275f38730cd4727bd5dc7a5b5c1622f41cba18b723a6a98b6"",""data/metrics_faithfulness_metrics_PickCube-v1_170m_seed42_logpi_20260615_004816.jsonl:75:f319cd934ebf4ac6248db3c82bcab39878b9de8bc902a530af1ff2c9cdfccfc7""]",0.16699123341686145,-0.02825037179112567,0.0
Q:lang:insertion,Q,lang,insertion,be748ae9c5de0101536372b21383147fac8bded07ae760aae2a15044db61cba0,25,25,0.019034914233425963,"[""data/metrics_faithfulness_metrics_PickCube-v1_170m_seed142_logpi_20260615_004405.jsonl:251:95b121016c0ffbeaf1483548dfd54f796ae26e576edf3b2cd123b3b7ae495f15"",""data/metrics_faithfulness_metrics_PickCube-v1_170m_seed142_logpi_20260615_004405.jsonl:252:702a54bc68388b2aa1162987e44850043f75ec26376797ad401967843385bc50"",""data/metrics_faithfulness_metrics_PickCube-v1_170m_seed142_logpi_20260615_004405.jsonl:253:3a9f609cb0bb9669fea745db85bc3b1026c85bc812156d87856e467345fc222c"",""data/metrics_faithfulness_metrics_PickCube-v1_170m_seed142_logpi_20260615_004405.jsonl:254:f43787284a45ac7f60695f267199ee4dacf053b8079f643e42ed110688b2d1cd"",""data/metrics_faithfulness_metrics_PickCube-v1_170m_seed142_logpi_20260615_004405.jsonl:255:32af9d24836ac8f5cc92a22976c7f703b7b417ede6d10b2bc98f1b92c3b360a3"",""data/metrics_faithfulness_metrics_PickCube-v1_170m_seed142_logpi_20260615_004405.jsonl:256:cdbe241075ffc5b4dae4ed2749010bb6b12df687c849221e9d0861e75b50fe67"",""data/metrics_faithfulness_metrics_PickCube-v1_170m_seed142_logpi_20260615_004405.jsonl:257:953872159fb9b19118718d231479b84209bbae2fc2f529e3dccc07d48cf180d6"",""data/metrics_faithfulness_metrics_PickCube-v1_170m_seed142_logpi_20260615_004405.jsonl:258:d9325c44b0f773b90637aa98878ac402f8f588ae6df0e0e5b0567baf62701270"",""data/metrics_faithfulness_metrics_PickCube-v1_170m_seed142_logpi_20260615_004405.jsonl:259:30d33e2f3578db1de4e908c36ab747dc5eba6be59565ba959022e3384ed72437"",""data/metrics_faithfulness_metrics_PickCube-v1_170m_seed142_logpi_20260615_004405.jsonl:260:606f08826016a3cb6056874778615577e080a25b3de647da806a74f896d1c125"",""data/metrics_faithfulness_metrics_PickCube-v1_170m_seed142_logpi_20260615_004405.jsonl:261:4481546bc465b20ede5d34a30b3dede4b2479550e96ed548ee8a91f5e8a2119f"",""data/metrics_faithfulness_metrics_PickCube-v1_170m_seed142_logpi_20260615_004405.jsonl:262:b94ecb8447da5ccdfd86b647d12e81d87aa831d4e2eac9bd3a26ddf6463e4701"",""data/metrics_faithfulness_metrics_PickCube-v1_170m_seed142_logpi_20260615_004405.jsonl:263:ee1374a3a0ab35cd1d6d2cd6b5bb737bb62a0dde733caa168b45245a3b645d8e"",""data/metrics_faithfulness_metrics_PickCube-v1_170m_seed142_logpi_20260615_004405.jsonl:264:119c4cf930891d4e96197b79e7a60f73126011ad6cb264ed23b924e043469778"",""data/metrics_faithfulness_metrics_PickCube-v1_170m_seed142_logpi_20260615_004405.jsonl:265:c2a2643baca9ca79ad6771a92c763587950428a7b092935f099898b351cb7234"",""data/metrics_faithfulness_metrics_PickCube-v1_170m_seed142_logpi_20260615_004405.jsonl:266:a0c9383f609b1e85b5c3326ca381f9a4512ba8c06d719af79b0a1e88fcb32e45"",""data/metrics_faithfulness_metrics_PickCube-v1_170m_seed142_logpi_20260615_004405.jsonl:267:95322cbacd152f9b054be0cca66c7f120a1130af640b2023312f96532aa44a3f"",""data/metrics_faithfulness_metrics_PickCube-v1_170m_seed142_logpi_20260615_004405.jsonl:268:cc90bbbed2af3395fad6ae9386d6a6cc200e4c728df00c6c31fff8a53a250592"",""data/metrics_faithfulness_metrics_PickCube-v1_170m_seed142_logpi_20260615_004405.jsonl:269:e4b12edee0affd130c679e7cee9921de4703adc07d239048391ebfecf15d6eab"",""data/metrics_faithfulness_metrics_PickCube-v1_170m_seed142_logpi_20260615_004405.jsonl:270:0eea57360368da37693f0183c9fa184ec6c9377b891f8314a7b0e02b6a0248c4"",""data/metrics_faithfulness_metrics_PickCube-v1_170m_seed142_logpi_20260615_004405.jsonl:271:1b509c7e8e668f19aaf5e5246be4736e791e0da1308510268e9c6bdad51e0183"",""data/metrics_faithfulness_metrics_PickCube-v1_170m_seed142_logpi_20260615_004405.jsonl:272:853c83ce2d726df81fb9bf85d57a50e599e0fd8597b882122260803a2715d91a"",""data/metrics_faithfulness_metrics_PickCube-v1_170m_seed142_logpi_20260615_004405.jsonl:273:37bf5a2ea443f54bf678d7d601674fcd9f74d770e6e82f7e54d78e00b93425fc"",""data/metrics_faithfulness_metrics_PickCube-v1_170m_seed142_logpi_20260615_004405.jsonl:274:0e562f0adaf04d870b823da15aefadd592b0da85eab2a7cc5d4db33681c72a91"",""data/metrics_faithfulness_metrics_PickCube-v1_170m_seed142_logpi_20260615_004405.jsonl:275:a3393de214ec33feb9f93d0ca75d609e34d241ea01ef97e2eea91b905fe9946c""]",0.1415719951544835,-0.12253708092105754,0.0
Q:lang:insertion,Q,lang,insertion,c083035c868b831868bd070af2e6045826b317b74e5423c8d612fb0ced90012c,25,25,0.08180961712313348,"[""data/metrics_faithfulness_metrics_PickCube-v1_170m_seed142_logpi_20260615_004405.jsonl:326:b8f4cd477167469c682bd17c87a34f3a160897e00c91764d1d77ad83e3a59a93"",""data/metrics_faithfulness_metrics_PickCube-v1_170m_seed142_logpi_20260615_004405.jsonl:327:47ac1a5a4fded47358dfb227c44ca55c520db3ca8715c07f8665cd9d06771c1b"",""data/metrics_faithfulness_metrics_PickCube-v1_170m_seed142_logpi_20260615_004405.jsonl:328:7be1da6d9d160bf3359becee6ccf8e1faa161fec7d9d4863662a9ebe4fef2ded"",""data/metrics_faithfulness_metrics_PickCube-v1_170m_seed142_logpi_20260615_004405.jsonl:329:b5eba947a49f1f95d8972278f446ce4ea929e23e32de4950f3af33003264f29a"",""data/metrics_faithfulness_metrics_PickCube-v1_170m_seed142_logpi_20260615_004405.jsonl:330:9be010d0530e66e74025b28d90c9b09cf219a0d86d6abad55e85065753717d1e"",""data/metrics_faithfulness_metrics_PickCube-v1_170m_seed142_logpi_20260615_004405.jsonl:331:9833cd6890904688498e3d87d232add9d5286d0b2b9be4c9e981cca260da5310"",""data/metrics_faithfulness_metrics_PickCube-v1_170m_seed142_logpi_20260615_004405.jsonl:332:9fc86afc3d3d2e171c536d1b764912701c069c61e9bdd5b05fa36d08b6a68f30"",""data/metrics_faithfulness_metrics_PickCube-v1_170m_seed142_logpi_20260615_004405.jsonl:333:e074cc43b179e4a7e2cb1f5ee500833bfd9c68c96fef20ade8195b2e4f0e48a3"",""data/metrics_faithfulness_metrics_PickCube-v1_170m_seed142_logpi_20260615_004405.jsonl:334:2c6a80f9373c78fbba79063594f66597beb2612c5c5da28d00e2a1d88f708de0"",""data/metrics_faithfulness_metrics_PickCube-v1_170m_seed142_logpi_20260615_004405.jsonl:335:b629ca297c6527b521c0bdf5776c4ebcb2850e0bd245c1afa08a94da92dfeed7"",""data/metrics_faithfulness_metrics_PickCube-v1_170m_seed142_logpi_20260615_004405.jsonl:336:a5c8dba25852e43ff4dcaac09786f8d3dfa0fbab0717a5d2eb10f1447ba3de10"",""data/metrics_faithfulness_metrics_PickCube-v1_170m_seed142_logpi_20260615_004405.jsonl:337:e24d55992f94d896c49192eb7c86e394719ad193d365eb37b96fa2ea17db7484"",""data/metrics_faithfulness_metrics_PickCube-v1_170m_seed142_logpi_20260615_004405.jsonl:338:ac8dbf0bd71267a4a3ad689854f379622142e96b2edd1ef83aa74f4f6f80721a"",""data/metrics_faithfulness_metrics_PickCube-v1_170m_seed142_logpi_20260615_004405.jsonl:339:1f82ad3372f7f08e9cb1894525cfae527c5c8126cb93dbb5ac985427bf813833"",""data/metrics_faithfulness_metrics_PickCube-v1_170m_seed142_logpi_20260615_004405.jsonl:340:e6ca3983388d9b8107874e4a53cf485837ee2f40d2d7c800f8836e6f977d0a89"",""data/metrics_faithfulness_metrics_PickCube-v1_170m_seed142_logpi_20260615_004405.jsonl:341:ca470d883780c90c361201b6464b8cc7f636811c632650fa77409d5b827e125e"",""data/metrics_faithfulness_metrics_PickCube-v1_170m_seed142_logpi_20260615_004405.jsonl:342:d8ddd7e721e8631b45d0027c81f89528ffeebca78659a3007dba022789529dc5"",""data/metrics_faithfulness_metrics_PickCube-v1_170m_seed142_logpi_20260615_004405.jsonl:343:3289c7f4f2bac3eb4b752544d23d7cbd593981b5b7a67d5b60c82121656349c7"",""data/metrics_faithfulness_metrics_PickCube-v1_170m_seed142_logpi_20260615_004405.jsonl:344:a09e7957fd283433220bb4c4aa8315658a73e7191d2c6b23c13c40c57f8d5bf8"",""data/metrics_faithfulness_metrics_PickCube-v1_170m_seed142_logpi_20260615_004405.jsonl:345:a77714b0ab2b81dd8a707e1dcfba7a541b2af9fd60621965e834004069a57258"",""data/metrics_faithfulness_metrics_PickCube-v1_170m_seed142_logpi_20260615_004405.jsonl:346:d2dcae161d282aec2fbcdcf0366b2bf213c2971e19371b3f950c6f2d3b7590e0"",""data/metrics_faithfulness_metrics_PickCube-v1_170m_seed142_logpi_20260615_004405.jsonl:347:a433687dea472282d3ff488894a4d56d5a03437840c6bd7e33c73a58bf1e87ae"",""data/metrics_faithfulness_metrics_PickCube-v1_170m_seed142_logpi_20260615_004405.jsonl:348:381eea21d172aaadcceac83cd1f92d43fc953eb29e24cf945646b85564cd7d8d"",""data/metrics_faithfulness_metrics_PickCube-v1_170m_seed142_logpi_20260615_004405.jsonl:349:b5ec1da6e11823ee89db8ae6cf30d5ccd81d2cf1d7c7a10f519b21c214929f64"",""data/metrics_faithfulness_metrics_PickCube-v1_170m_seed142_logpi_20260615_004405.jsonl:350:789c09629d448fa9e5512c21271381a4d359187fdd1bfe8f1bfd3476a9cc6a47""]",0.14683494507895223,-0.06502532795581875,0.0
Q:lang:insertion,Q,lang,insertion,d6ad43c8e38c7a38642440cff446e83cdd661245e297bb0e5ed52b4ebe72b725,25,25,-0.30209897358818466,"[""data/metrics_faithfulness_metrics_PickCube-v1_170m_seed42_logpi_20260615_004816.jsonl:100:4f9bd9ae29d39c56a374b3d66da8018f102a5ce89e30165ca0f9d1dda24474d3"",""data/metrics_faithfulness_metrics_PickCube-v1_170m_seed42_logpi_20260615_004816.jsonl:76:0fc8857668d369fe73a376545e71ea657a904226d32e7d554cd22bac032696f0"",""data/metrics_faithfulness_metrics_PickCube-v1_170m_seed42_logpi_20260615_004816.jsonl:77:d3be9cc0d02a168e93add4b20241d5838b45fc30ffafe20611b0dd757e7e6041"",""data/metrics_faithfulness_metrics_PickCube-v1_170m_seed42_logpi_20260615_004816.jsonl:78:8f1681d51d9f80c0ab48c3375fec7e691f3df88a74599f8285a3bdf4fb6b2b7c"",""data/metrics_faithfulness_metrics_PickCube-v1_170m_seed42_logpi_20260615_004816.jsonl:79:bfc26d8d09e00f2fb2d2466fc06d2b8983fdcbadcf21d9ead49516e24168bf51"",""data/metrics_faithfulness_metrics_PickCube-v1_170m_seed42_logpi_20260615_004816.jsonl:80:f932215db687e8fab0ec0260367aae4484660827778c1fbfe917191270bba272"",""data/metrics_faithfulness_metrics_PickCube-v1_170m_seed42_logpi_20260615_004816.jsonl:81:8e9bba5ee49faedaacfb74ca3ad6308f1ab53a2456f0fd29de15815a5d5dc538"",""data/metrics_faithfulness_metrics_PickCube-v1_170m_seed42_logpi_20260615_004816.jsonl:82:25402e0bfbc6f5ac6ecede4ab725a9b7c1554dd5d1b41b163441ab82e74854ea"",""data/metrics_faithfulness_metrics_PickCube-v1_170m_seed42_logpi_20260615_004816.jsonl:83:226985f3fdd72ca3a56869197a9bc630ccf8ad2513d6932990cbbcd100852a20"",""data/metrics_faithfulness_metrics_PickCube-v1_170m_seed42_logpi_20260615_004816.jsonl:84:05566bde9e7a15c8a4e9da4866431749cfd6fd8a197e53d4a277656d57784df2"",""data/metrics_faithfulness_metrics_PickCube-v1_170m_seed42_logpi_20260615_004816.jsonl:85:cc07f54e980b2b8500da43f87042e29b655f1a18980d16bd6fe18e4c4c2c689d"",""data/metrics_faithfulness_metrics_PickCube-v1_170m_seed42_logpi_20260615_004816.jsonl:86:bb757448b68e1a442a9aa909efe8aef03b314462b9af48e5ce4496196f217edd"",""data/metrics_faithfulness_metrics_PickCube-v1_170m_seed42_logpi_20260615_004816.jsonl:87:1b549adae12cc1dfc9aa8a8047936ef9e936fb7eeb2dc621b09ff61b5ced12e8"",""data/metrics_faithfulness_metrics_PickCube-v1_170m_seed42_logpi_20260615_004816.jsonl:88:05d6f83ae46d640d9d15a492855ee5d39049434cd4e299d802c957bc73c1765a"",""data/metrics_faithfulness_metrics_PickCube-v1_170m_seed42_logpi_20260615_004816.jsonl:89:e5b7c4823cc8f2320617b55d0c969205fad42b485ac623645898488b9cbaa15d"",""data/metrics_faithfulness_metrics_PickCube-v1_170m_seed42_logpi_20260615_004816.jsonl:90:e391b82f425d97bf9dbbd45fb7b60582341cf94d068fbc20d896ce9d39b1c304"",""data/metrics_faithfulness_metrics_PickCube-v1_170m_seed42_logpi_20260615_004816.jsonl:91:fef841642cb62406f3db9250270eae3ba0d4ba59c27eab7e3d0c75c99bb94b14"",""data/metrics_faithfulness_metrics_PickCube-v1_170m_seed42_logpi_20260615_004816.jsonl:92:055b3bc6f1c6fcadb0210b7d9e8fecdfb4275fe102d8bda8964a4eea5c1a86f2"",""data/metrics_faithfulness_metrics_PickCube-v1_170m_seed42_logpi_20260615_004816.jsonl:93:ada71572f0149b1f849f68a65576d4c286a3e6afdf4916e6b4696c4e2e565b9b"",""data/metrics_faithfulness_metrics_PickCube-v1_170m_seed42_logpi_20260615_004816.jsonl:94:896146eb409b3b003652620366428a2288adeb446cd96fe964731e9b5c202e49"",""data/metrics_faithfulness_metrics_PickCube-v1_170m_seed42_logpi_20260615_004816.jsonl:95:8e49530ff9daad303be5d243402d617742a6013b8690b4357d559f8b00c3b670"",""data/metrics_faithfulness_metrics_PickCube-v1_170m_seed42_logpi_20260615_004816.jsonl:96:8a86ff2683ec8d63c0270b7e39e920dab85147735f6c158214d1d52ce997a2b7"",""data/metrics_faithfulness_metrics_PickCube-v1_170m_seed42_logpi_20260615_004816.jsonl:97:0b671699b65fb6497cb6d01be6bee1b4c23e2fdc5bbe1e107ee6ebcdba5c3686"",""data/metrics_faithfulness_metrics_PickCube-v1_170m_seed42_logpi_20260615_004816.jsonl:98:698fb730051783207540786ba725399ca4244064b938f692f500c94cc401017f"",""data/metrics_faithfulness_metrics_PickCube-v1_170m_seed42_logpi_20260615_004816.jsonl:99:a330749b021ce40e0a0e95ca273d1c40e1814e56c2b08f8e1832c115ca1055a2""]",0.11573830263420717,-0.41783727622239175,0.0
Q:lang:insertion,Q,lang,insertion,d81e3412d4f362157588d48d3c2fdb86dbff5c1222902cdf91365f6e1bc2f6cb,25,25,0.0647103954073654,"[""data/metrics_faithfulness_metrics_PickCube-v1_170m_seed42_logpi_20260615_004816.jsonl:301:34e082bc6e86537cd93f5287a5721692535b1f375568ee3073fdf235a649932c"",""data/metrics_faithfulness_metrics_PickCube-v1_170m_seed42_logpi_20260615_004816.jsonl:302:7a699f1ed8c43e9859219024c9f7382f5af4a8315606571c6e3d7bd22cd55bac"",""data/metrics_faithfulness_metrics_PickCube-v1_170m_seed42_logpi_20260615_004816.jsonl:303:e0fabeea087a5d501a3e81920ec5c418ce143b4368154d838f56df30f91456cc"",""data/metrics_faithfulness_metrics_PickCube-v1_170m_seed42_logpi_20260615_004816.jsonl:304:8b1d59816fe298cdd8ddf3006e5c42d181a3a10c7f875648e59b5d1d388c36cd"",""data/metrics_faithfulness_metrics_PickCube-v1_170m_seed42_logpi_20260615_004816.jsonl:305:65f483a1cfc3aa995389890b3c97e9de5a40e55c75cf5aa4292c6cfd1279f22d"",""data/metrics_faithfulness_metrics_PickCube-v1_170m_seed42_logpi_20260615_004816.jsonl:306:f7f53bfddc15ca67e47395bc0e2b04d0a31a318b8a080ba52fae912cbc4e5a71"",""data/metrics_faithfulness_metrics_PickCube-v1_170m_seed42_logpi_20260615_004816.jsonl:307:dede9e84bd9e0339f39ea59713369a6edc9c79ea01f0893a95e190c394922b86"",""data/metrics_faithfulness_metrics_PickCube-v1_170m_seed42_logpi_20260615_004816.jsonl:308:c091331aa0539dc9648683e7a8164ed9b54a9e64035b21477ce7e50a7bb2074c"",""data/metrics_faithfulness_metrics_PickCube-v1_170m_seed42_logpi_20260615_004816.jsonl:309:add10dded82f89d7b45385affa063443f405bffe5cf681cc692c896892520e79"",""data/metrics_faithfulness_metrics_PickCube-v1_170m_seed42_logpi_20260615_004816.jsonl:310:696d90bbf323ad16fc61b7c90f14c7ad09e7619cd0de6bce27a88955f1b8f502"",""data/metrics_faithfulness_metrics_PickCube-v1_170m_seed42_logpi_20260615_004816.jsonl:311:5bf2b2edbf3b8d41f2c7362d210058645853f8ae54b9c329c0d3bdc4538b3895"",""data/metrics_faithfulness_metrics_PickCube-v1_170m_seed42_logpi_20260615_004816.jsonl:312:6efe9cc96c4c47a09890ee798ebea9ffd87955eda97556283c02d4c0d7de4924"",""data/metrics_faithfulness_metrics_PickCube-v1_170m_seed42_logpi_20260615_004816.jsonl:313:a7c8f26ab277af4c0b378e2b545b4a759c7e85f8399cf0ae7858fbca49edf025"",""data/metrics_faithfulness_metrics_PickCube-v1_170m_seed42_logpi_20260615_004816.jsonl:314:5df475fe0ddb4a4429c50158971db45d8bd5e67e60bb5f0db98565321bac0193"",""data/metrics_faithfulness_metrics_PickCube-v1_170m_seed42_logpi_20260615_004816.jsonl:315:34ffe073379e8d1357ad8f02b0d50a26ed4f6252a8b5bbebbb670a0609563913"",""data/metrics_faithfulness_metrics_PickCube-v1_170m_seed42_logpi_20260615_004816.jsonl:316:2bec25f2b43eec8046a8b84ed7a71bac1b68f072830758281eb0016e9b4c7808"",""data/metrics_faithfulness_metrics_PickCube-v1_170m_seed42_logpi_20260615_004816.jsonl:317:505b05dc6664e9d41de3dea1f3468f620b03aba88337f8fdcc91d545e9841b16"",""data/metrics_faithfulness_metrics_PickCube-v1_170m_seed42_logpi_20260615_004816.jsonl:318:e369ea5e72a160ac84c77d9727a8f6bc9ddeb0413a21e3e6a15eb26fd31d6c0a"",""data/metrics_faithfulness_metrics_PickCube-v1_170m_seed42_logpi_20260615_004816.jsonl:319:a09bb095628d8856376040e3fc7035a590a87393b23a2a28aa610715aa754dad"",""data/metrics_faithfulness_metrics_PickCube-v1_170m_seed42_logpi_20260615_004816.jsonl:320:0eafc40a89d7e1c8052bc170a927ee6bfd8d44cbd9ad0fe3d2713e063f7f690f"",""data/metrics_faithfulness_metrics_PickCube-v1_170m_seed42_logpi_20260615_004816.jsonl:321:4ec0b45adb00fe8e01d2ff7bffc857d8bd3ae9de9c0ca99f2a7a71ad33e84775"",""data/metrics_faithfulness_metrics_PickCube-v1_170m_seed42_logpi_20260615_004816.jsonl:322:c975762ff09ccc002a78c70aabaa053587c8e04f235bcde187e98b09c3aef22d"",""data/metrics_faithfulness_metrics_PickCube-v1_170m_seed42_logpi_20260615_004816.jsonl:323:008a7614bbc78104504a471f7ca45a3629fd21c5c8ced8b3dfcda4cdfe132114"",""data/metrics_faithfulness_metrics_PickCube-v1_170m_seed42_logpi_20260615_004816.jsonl:324:73f0616673972ac2d6b35f2aeeefd635554318ab0854faa6ff4ea6c882386eac"",""data/metrics_faithfulness_metrics_PickCube-v1_170m_seed42_logpi_20260615_004816.jsonl:325:d941317401bdbb5374090ac3b9e44ff2226eadd0dd5252ca2d814c2275f713e0""]",0.1392554042522708,-0.07454500884490539,0.0
Q:lang:insertion,Q,lang,insertion,de3cff0cb7342bf6d9929bf9a0c84c6e235c358972351add982e1fa1df7ffc39,25,25,-2.756193747017893,"[""data/metrics_faithfulness_metrics_PickCube-v1_170m_seed142_logpi_20260615_004405.jsonl:126:ba6a8e89fe0a7a082d03ab4e5f3210a690bd806f485a7319fdae6ea7f28abe4b"",""data/metrics_faithfulness_metrics_PickCube-v1_170m_seed142_logpi_20260615_004405.jsonl:127:f65487f4a7a8a0ffcc25b740d7d64fb06a17c9678cf08a8a8749cbcbe6cc1bf6"",""data/metrics_faithfulness_metrics_PickCube-v1_170m_seed142_logpi_20260615_004405.jsonl:128:42e72e28606702dca2b8db6d62a712790e87de81ed0e6996a2eb894091a7b709"",""data/metrics_faithfulness_metrics_PickCube-v1_170m_seed142_logpi_20260615_004405.jsonl:129:83f8371523c29d2e229e8a75a6438977f447365c609934c3b994fbb42f0f400d"",""data/metrics_faithfulness_metrics_PickCube-v1_170m_seed142_logpi_20260615_004405.jsonl:130:b840e7f6ccb579827488ff01705b5c7a76ee192370a43ad6ea1da50d78ec8a44"",""data/metrics_faithfulness_metrics_PickCube-v1_170m_seed142_logpi_20260615_004405.jsonl:131:d711f35d24824e5b5bf97bbf8094b604ab1953d76f36fc5b121c4cf41805a3b3"",""data/metrics_faithfulness_metrics_PickCube-v1_170m_seed142_logpi_20260615_004405.jsonl:132:6e4548b6a7cf617ae9a1a2891518be19b5b37b5547e93f6ede6472a68680828b"",""data/metrics_faithfulness_metrics_PickCube-v1_170m_seed142_logpi_20260615_004405.jsonl:133:02fedcdc2abaf465d3ed6c5056d3fa57a7c61c4e49ffbe57b5143376d3066061"",""data/metrics_faithfulness_metrics_PickCube-v1_170m_seed142_logpi_20260615_004405.jsonl:134:2981fb8e06f89b73fcc18ba4d05b14558c6df349e92ce13c0270738ba61c6b19"",""data/metrics_faithfulness_metrics_PickCube-v1_170m_seed142_logpi_20260615_004405.jsonl:135:90e153fb7beffb18860b966e39576eaee8f323b1b42577776ad501f3b7b65740"",""data/metrics_faithfulness_metrics_PickCube-v1_170m_seed142_logpi_20260615_004405.jsonl:136:8e8794628f3ba99200912530167d16f23c7f8b95a284e75606dae62a3b57b786"",""data/metrics_faithfulness_metrics_PickCube-v1_170m_seed142_logpi_20260615_004405.jsonl:137:2e39b1b4f93c3c97d73cb430bf314c0601b136027a7262d624be4aa38c708eaa"",""data/metrics_faithfulness_metrics_PickCube-v1_170m_seed142_logpi_20260615_004405.jsonl:138:a849af6fc4d109cd968b5dd325a907cb7809f7b3c19dd8d6f123bf8c83d6e7cb"",""data/metrics_faithfulness_metrics_PickCube-v1_170m_seed142_logpi_20260615_004405.jsonl:139:edb4bdec09cfe64565aa8f4bc4da9745022b852f1be8793a81795f988bd5dc94"",""data/metrics_faithfulness_metrics_PickCube-v1_170m_seed142_logpi_20260615_004405.jsonl:140:54a09126ab47cf88857e989d27c14828d7ab26897e4fa95a57f1b49bf523a294"",""data/metrics_faithfulness_metrics_PickCube-v1_170m_seed142_logpi_20260615_004405.jsonl:141:3bded5c33feff0cc40f44d51b5ff81dbd62e6725c1f31e5c45430a00b528d098"",""data/metrics_faithfulness_metrics_PickCube-v1_170m_seed142_logpi_20260615_004405.jsonl:142:4e822e1d1372522f45015c79c63589632b285505898d004e4bf44220e1f3628d"",""data/metrics_faithfulness_metrics_PickCube-v1_170m_seed142_logpi_20260615_004405.jsonl:143:19d1e45864942762765755a35a759f924ee755b2b6dedbb50586c5a9b9840386"",""data/metrics_faithfulness_metrics_PickCube-v1_170m_seed142_logpi_20260615_004405.jsonl:144:d7687a21c6cabb70c6db2451a6d7daca47fa51f999f73ca3b4e3d39e2903f34a"",""data/metrics_faithfulness_metrics_PickCube-v1_170m_seed142_logpi_20260615_004405.jsonl:145:66ab273fc47b789f4b94b1ebb9ed73e6bd5cb1951ebaf66529e145d25c585103"",""data/metrics_faithfulness_metrics_PickCube-v1_170m_seed142_logpi_20260615_004405.jsonl:146:223505f163498fa9ee8d11c3d41a2b3548879527d4dcdae55d3326b33ae8c5b4"",""data/metrics_faithfulness_metrics_PickCube-v1_170m_seed142_logpi_20260615_004405.jsonl:147:64c01b7429fdfd6964961fe2cf75965f7d341beaa77c6a7d7ca71b855148e4e1"",""data/metrics_faithfulness_metrics_PickCube-v1_170m_seed142_logpi_20260615_004405.jsonl:148:a9284cf88b99260b68f53edb16416cb679a9274ba451cdb091f93f626ce41079"",""data/metrics_faithfulness_metrics_PickCube-v1_170m_seed142_logpi_20260615_004405.jsonl:149:db3d82278489531c338c53ccff7a330871398d3355b272a30eb485db5350d19a"",""data/metrics_faithfulness_metrics_PickCube-v1_170m_seed142_logpi_20260615_004405.jsonl:150:8a900472bb8769dab7ac60fad6036b294baefb09d82914f647c88e1e21054780""]",0.16058147705138598,-2.916775224069279,0.0
Q:lang:insertion,Q,lang,insertion,e39e8b1014dc4360addea56b6daea50b5a39d6bb2a9ddadcac919c6a926e4088,25,25,0.05610735772153765,"[""data/metrics_faithfulness_metrics_PickCube-v1_170m_seed142_logpi_20260615_004405.jsonl:351:8ba266c75706d9c800ce04872a953b47a64935e254348300759f213a48d75def"",""data/metrics_faithfulness_metrics_PickCube-v1_170m_seed142_logpi_20260615_004405.jsonl:352:ab9a3f9940b4c4dff27a7b17b24b7078dd714abecae041adc937a98ceef838f4"",""data/metrics_faithfulness_metrics_PickCube-v1_170m_seed142_logpi_20260615_004405.jsonl:353:da0bc7552a4eb9507b77220d5d0d49f2f56a5ed91fca54fc71c840ff64cad10c"",""data/metrics_faithfulness_metrics_PickCube-v1_170m_seed142_logpi_20260615_004405.jsonl:354:0b3c51847a81d759d21a61efa99b68a083d87212e15812ada65d9649ae536639"",""data/metrics_faithfulness_metrics_PickCube-v1_170m_seed142_logpi_20260615_004405.jsonl:355:6698df729868ecf7c6f96127691dffa75db9b5f70546de55701eff80cfdccbdb"",""data/metrics_faithfulness_metrics_PickCube-v1_170m_seed142_logpi_20260615_004405.jsonl:356:33ad658f705096eb13f2b824c5ee9abecd627ca190163b94d7bc0214e767397a"",""data/metrics_faithfulness_metrics_PickCube-v1_170m_seed142_logpi_20260615_004405.jsonl:357:4ab81b232c659c8004e4f337f0c202a3bc4860a0f98db387eba41974904f5b1e"",""data/metrics_faithfulness_metrics_PickCube-v1_170m_seed142_logpi_20260615_004405.jsonl:358:31d6624d2a7a029b739accd1529d78c9aa9e1e86812d46f037837c1f43a4ce92"",""data/metrics_faithfulness_metrics_PickCube-v1_170m_seed142_logpi_20260615_004405.jsonl:359:ee6ad11b0ad434df125fd3e95833206fa856e3588fa4d97943fa18e5122658d2"",""data/metrics_faithfulness_metrics_PickCube-v1_170m_seed142_logpi_20260615_004405.jsonl:360:ec3e25b770e1b54ce6cf76b6c3a177ba04985da8658c96d8c5c35c6b6a39fc01"",""data/metrics_faithfulness_metrics_PickCube-v1_170m_seed142_logpi_20260615_004405.jsonl:361:0bcd31f690f8ca1daf2881b440e5a9643cd3b77f1ff1122aee549a54e07da25f"",""data/metrics_faithfulness_metrics_PickCube-v1_170m_seed142_logpi_20260615_004405.jsonl:362:2e49a5d04e16362183bbceea31fd6f381f921a1266d2e161e3f6ad5e4309a338"",""data/metrics_faithfulness_metrics_PickCube-v1_170m_seed142_logpi_20260615_004405.jsonl:363:bb9c77cbdc4985e9302841a008978a1efd6c2b67ec71f141980788713edc0c03"",""data/metrics_faithfulness_metrics_PickCube-v1_170m_seed142_logpi_20260615_004405.jsonl:364:3a4e2335ce97b74cc9d908ed4729d131dc36d5a142db99a610a1f2affe51f142"",""data/metrics_faithfulness_metrics_PickCube-v1_170m_seed142_logpi_20260615_004405.jsonl:365:ad6c7920bdb72e4f23d3d52c9d5b6a0e0ef9a435c9e813af671ac3761e2506be"",""data/metrics_faithfulness_metrics_PickCube-v1_170m_seed142_logpi_20260615_004405.jsonl:366:bf4179c2026338b98313ec23d784e8058f06d6b296323362a20e546efca5f34f"",""data/metrics_faithfulness_metrics_PickCube-v1_170m_seed142_logpi_20260615_004405.jsonl:367:024760f3b621bb99e7d2a486c170ad4fbf0ac26ce413df0d01baef7a18dae328"",""data/metrics_faithfulness_metrics_PickCube-v1_170m_seed142_logpi_20260615_004405.jsonl:368:c37a53b4130cad4c18804339e27202f5c2624ff3609768fee3c5b264d5e0a73b"",""data/metrics_faithfulness_metrics_PickCube-v1_170m_seed142_logpi_20260615_004405.jsonl:369:6bee4e75c0deb0cd5e09f6e6d78c3398860a96ba39d745e6d5603f0998f30bfa"",""data/metrics_faithfulness_metrics_PickCube-v1_170m_seed142_logpi_20260615_004405.jsonl:370:161a9dd87a898c6a7c22faea3d59cfbf2df3970e1e5245a087227945465212ae"",""data/metrics_faithfulness_metrics_PickCube-v1_170m_seed142_logpi_20260615_004405.jsonl:371:693ca7f03f274fb329619217e5a801e797ec02155f78afc89afaee13c3c79d32"",""data/metrics_faithfulness_metrics_PickCube-v1_170m_seed142_logpi_20260615_004405.jsonl:372:72917f6bfed9227c29aae2675e2635e6009e3f329ffdf712607e322807663884"",""data/metrics_faithfulness_metrics_PickCube-v1_170m_seed142_logpi_20260615_004405.jsonl:373:b974ea97343d7b69f3aaa046339bb0f31d56a7fcbd8632201040544e0411576c"",""data/metrics_faithfulness_metrics_PickCube-v1_170m_seed142_logpi_20260615_004405.jsonl:374:75f76c464a253e15e4ec07827bbb317ddc7bc728cdcd55cf1dd10cd4650a4360"",""data/metrics_faithfulness_metrics_PickCube-v1_170m_seed142_logpi_20260615_004405.jsonl:375:954ce3f16bf85ff22c9155b08a09aa57cf9d5dff9741924dfc7b1bad5fbe2db8""]",0.15348247324865955,-0.09737511552712189,0.0
Q:lang:insertion,Q,lang,insertion,e3a99e407e411281daa72c3b8f5ebf0c6b5fc6286cd0fc22f96769f6596aaee7,25,25,-0.048986502716868115,"[""data/metrics_faithfulness_metrics_PickCube-v1_170m_seed42_logpi_20260615_004816.jsonl:326:781a4a55728374ddf103362eebfb6f6ba60ca4d0b5db9a211898d8864ca97da2"",""data/metrics_faithfulness_metrics_PickCube-v1_170m_seed42_logpi_20260615_004816.jsonl:327:86ef20a587cefa412efe078adffac8690e2efddbfb6640c7fef27ed435dbe2df"",""data/metrics_faithfulness_metrics_PickCube-v1_170m_seed42_logpi_20260615_004816.jsonl:328:00c07ed47c0daf01514e882aad42d75b02eb8754de1b2ca0e8bf5869ff7af090"",""data/metrics_faithfulness_metrics_PickCube-v1_170m_seed42_logpi_20260615_004816.jsonl:329:78d7930e3e33c13c5696ce0bc427939874d6f142777824795bdab9922137673b"",""data/metrics_faithfulness_metrics_PickCube-v1_170m_seed42_logpi_20260615_004816.jsonl:330:7cf052266208d2c27d729e3b972210dbdb8e78ebd66372ce583e62039c6718d9"",""data/metrics_faithfulness_metrics_PickCube-v1_170m_seed42_logpi_20260615_004816.jsonl:331:7176b9e869108ee78ce8dc226cb6b08bed2404c3c802741724cbdc54863d7d8e"",""data/metrics_faithfulness_metrics_PickCube-v1_170m_seed42_logpi_20260615_004816.jsonl:332:97a49d92d5bb3e1047f84654ad13a24548260d70d5a7ce809bc42702e6700807"",""data/metrics_faithfulness_metrics_PickCube-v1_170m_seed42_logpi_20260615_004816.jsonl:333:dde1e9bcfb4bf2641bf3e0842ba7d76b9ed79532cbad02d3e27be135d770b60b"",""data/metrics_faithfulness_metrics_PickCube-v1_170m_seed42_logpi_20260615_004816.jsonl:334:64a4308505461393fdc12bffa8de8d5cdac9cd1a2f09e6b680ba5096329bc393"",""data/metrics_faithfulness_metrics_PickCube-v1_170m_seed42_logpi_20260615_004816.jsonl:335:c3cb94c6a1d490120dc1244e4b5e9ada60797164217d6a27a5a12551bb36e954"",""data/metrics_faithfulness_metrics_PickCube-v1_170m_seed42_logpi_20260615_004816.jsonl:336:6b5762632c607f6d539959aa87341abe8e53f84c14e43ef3d6a5178d2eb87456"",""data/metrics_faithfulness_metrics_PickCube-v1_170m_seed42_logpi_20260615_004816.jsonl:337:7df5348b3f46675ebd9b29d8c4c124207b72a1201b19aa0477ee3122ccdf6ef3"",""data/metrics_faithfulness_metrics_PickCube-v1_170m_seed42_logpi_20260615_004816.jsonl:338:dd59265baf1498f5979a8421e1a7e8094dca198194dd25f3d780b7e0a6acb879"",""data/metrics_faithfulness_metrics_PickCube-v1_170m_seed42_logpi_20260615_004816.jsonl:339:cb73bb700ccaac15b6c4bf852c02983143c6eab0048c55e3733c9b75d91b87c3"",""data/metrics_faithfulness_metrics_PickCube-v1_170m_seed42_logpi_20260615_004816.jsonl:340:a4a64f6166129a57a994be4534423b233e4372ed10d3942280812601fb476acf"",""data/metrics_faithfulness_metrics_PickCube-v1_170m_seed42_logpi_20260615_004816.jsonl:341:d5d92bae3a75b21cc7fdf797c286bbcf7fc01dc13c346fe144676f593b18cbb1"",""data/metrics_faithfulness_metrics_PickCube-v1_170m_seed42_logpi_20260615_004816.jsonl:342:2791f0e992a04f343238d24a192073c16ef413da5a67ea204a7cdce15d6b8bee"",""data/metrics_faithfulness_metrics_PickCube-v1_170m_seed42_logpi_20260615_004816.jsonl:343:02da77da04d4b538b7fd3e4e20056c6e8af9da8df6b07502e1f15f41bdc96f5d"",""data/metrics_faithfulness_metrics_PickCube-v1_170m_seed42_logpi_20260615_004816.jsonl:344:48817ea4c07a563fdf3c255210e63fc34c12c6f645f2ed67da5fdbb254370079"",""data/metrics_faithfulness_metrics_PickCube-v1_170m_seed42_logpi_20260615_004816.jsonl:345:d8a78eff5db0a3e0e358a23c17ba6f96903a63cad8a32d6139a2d78dcf1704b5"",""data/metrics_faithfulness_metrics_PickCube-v1_170m_seed42_logpi_20260615_004816.jsonl:346:10ddd873706f71ec390be108989d9f92011f70ac56015fcf726cab68a767d591"",""data/metrics_faithfulness_metrics_PickCube-v1_170m_seed42_logpi_20260615_004816.jsonl:347:333841d609da92908024a42a5069d16e993ba616cf7fed5165846e7d2fbbcefb"",""data/metrics_faithfulness_metrics_PickCube-v1_170m_seed42_logpi_20260615_004816.jsonl:348:4c2cbdd2665fa64f48d06f6829a11fd6b7facb75b648f3d420a324d90dad647b"",""data/metrics_faithfulness_metrics_PickCube-v1_170m_seed42_logpi_20260615_004816.jsonl:349:31ec33916d4e900332093e11b2af2373e97429e21d9fdb92da777c81a3c0a2a9"",""data/metrics_faithfulness_metrics_PickCube-v1_170m_seed42_logpi_20260615_004816.jsonl:350:962fc286eb88e0ee0852c1f5a787962e14468ba2765ff400e8264ca74e51ebf0""]",0.1319486500574852,-0.18093515277435335,0.0
Q:lang:insertion,Q,lang,insertion,f2908d38a9826fba0ee8384967e769698dfa1ed3e3d485e8ac232f37b331a773,25,25,-0.1261365822731149,"[""data/metrics_faithfulness_metrics_PickCube-v1_170m_seed142_logpi_20260615_004405.jsonl:301:5b8a2a3bd8b13bcaf7c903c61d2c99054267e31c802e166a856063519c258b35"",""data/metrics_faithfulness_metrics_PickCube-v1_170m_seed142_logpi_20260615_004405.jsonl:302:631fa796026b8f738dd70a81676bce624d8042b30c9a933dc3c640a968f1d933"",""data/metrics_faithfulness_metrics_PickCube-v1_170m_seed142_logpi_20260615_004405.jsonl:303:ea9fb08caa95d4b0bd60d820a4a6cf91b7900bd43a32f8761c0cc0956e37f38c"",""data/metrics_faithfulness_metrics_PickCube-v1_170m_seed142_logpi_20260615_004405.jsonl:304:7e35b6a952d0f76237efe7879399f9b098058e97edf56e409a21e5425c21e5ad"",""data/metrics_faithfulness_metrics_PickCube-v1_170m_seed142_logpi_20260615_004405.jsonl:305:8ace1952a12979ddbe9cd299e5facc39071c60b0095807ddd94a0d97f2c98943"",""data/metrics_faithfulness_metrics_PickCube-v1_170m_seed142_logpi_20260615_004405.jsonl:306:23dd2039be8590a2fbcf8109f05b9954d4aba2238f9270b4b57955c02c3a92fa"",""data/metrics_faithfulness_metrics_PickCube-v1_170m_seed142_logpi_20260615_004405.jsonl:307:746f4441407aa19e2ee952e37bd5d6abde460013b6901737b8145867800d1817"",""data/metrics_faithfulness_metrics_PickCube-v1_170m_seed142_logpi_20260615_004405.jsonl:308:d5d1b65a7cc20c91d66df94aa043ba2b7312cd9c3d27a5dba8eea40e063526a3"",""data/metrics_faithfulness_metrics_PickCube-v1_170m_seed142_logpi_20260615_004405.jsonl:309:ec0fc6d6668ecdf8854c72d58817728bc7de5148e712f56105926a5df5731216"",""data/metrics_faithfulness_metrics_PickCube-v1_170m_seed142_logpi_20260615_004405.jsonl:310:640d8d642cb6c3c919af0d0cef0bf1272c055c1966354aa91e2dc7e0d5cb7771"",""data/metrics_faithfulness_metrics_PickCube-v1_170m_seed142_logpi_20260615_004405.jsonl:311:4cd0a9b85c930a3b4614107e6346245c027db157fccf6d8809dd5915052aa1aa"",""data/metrics_faithfulness_metrics_PickCube-v1_170m_seed142_logpi_20260615_004405.jsonl:312:7ddcd4e1e7870e1287a107940582d30cdfddf55abba084e6952ca1cdad413573"",""data/metrics_faithfulness_metrics_PickCube-v1_170m_seed142_logpi_20260615_004405.jsonl:313:f2083e4b55e0cf6243d56cfbba9464961c265899c78792d8fa32ffef4786402d"",""data/metrics_faithfulness_metrics_PickCube-v1_170m_seed142_logpi_20260615_004405.jsonl:314:f81124cd1183747706f27cbe4ae9de49286033f751cd4a0702f0cc4848f533e1"",""data/metrics_faithfulness_metrics_PickCube-v1_170m_seed142_logpi_20260615_004405.jsonl:315:83f1e48b13816bc3d2ec8168e061d2ec12baefac506679bcbb1d40a985d4c3c3"",""data/metrics_faithfulness_metrics_PickCube-v1_170m_seed142_logpi_20260615_004405.jsonl:316:862462ff018d123ba7f4dd4fc14c45e182ee19596f03a204d6f345de14de0a3b"",""data/metrics_faithfulness_metrics_PickCube-v1_170m_seed142_logpi_20260615_004405.jsonl:317:70840c33350283187594f34066f3e3794aff7b667636e4c9188e92656873f06e"",""data/metrics_faithfulness_metrics_PickCube-v1_170m_seed142_logpi_20260615_004405.jsonl:318:40d48cf36a76a7c207d5f771fc99ebe4a9f67dd12c60b6a43cd7d20afa09aaa3"",""data/metrics_faithfulness_metrics_PickCube-v1_170m_seed142_logpi_20260615_004405.jsonl:319:212291f08ae87b94badf45701f1471da6d817ed4335161c82a53e9af22f5e791"",""data/metrics_faithfulness_metrics_PickCube-v1_170m_seed142_logpi_20260615_004405.jsonl:320:dbaa952792a150bddb55cabd51c2160d4d3652cee8ae0a9ee9280b3056f48d4d"",""data/metrics_faithfulness_metrics_PickCube-v1_170m_seed142_logpi_20260615_004405.jsonl:321:d9e07af7cf1c9c5894efc350d142ebd63e7ca548b55eae5e231f61529c5fe05e"",""data/metrics_faithfulness_metrics_PickCube-v1_170m_seed142_logpi_20260615_004405.jsonl:322:5b706233387d9171ae77e4dd66f015679be64107405ea9e2abce700dd5dbfb6b"",""data/metrics_faithfulness_metrics_PickCube-v1_170m_seed142_logpi_20260615_004405.jsonl:323:09b7369045a6f0fadeb074e9a5c90d278dfe0450a94f6ccfc04aea955ffce145"",""data/metrics_faithfulness_metrics_PickCube-v1_170m_seed142_logpi_20260615_004405.jsonl:324:2c38d0e6dd568ef1cefb72f3e2af307cf1dccea964926ec30f96cdbf5194470d"",""data/metrics_faithfulness_metrics_PickCube-v1_170m_seed142_logpi_20260615_004405.jsonl:325:87989c9e975701c033b60d7365b82c66126228659f7ee20d30535373fd277334""]",0.10505333340388137,-0.23118991567699626,0.0
Q:lang:deletion,Q,lang,deletion,191aee1de1b4b546af03843b6964f4c298808fffed0a3a498e29165a12014545,25,25,0.13826485270411162,"[""data/metrics_faithfulness_metrics_PickCube-v1_170m_seed142_logpi_20260615_004405.jsonl:10:65dc5a1980858c78d730ab30c72c1092ef0476bceed6c4b46741e74330e2d0d2"",""data/metrics_faithfulness_metrics_PickCube-v1_170m_seed142_logpi_20260615_004405.jsonl:11:75d3a511d53f70fc4f632d70ab97f71cb85514746f6a87767467c0fc0ab8f1eb"",""data/metrics_faithfulness_metrics_PickCube-v1_170m_seed142_logpi_20260615_004405.jsonl:12:4249878ff96bc0d91e3023eea9fa95ea4fa7671dd02a1680ef889441075b864d"",""data/metrics_faithfulness_metrics_PickCube-v1_170m_seed142_logpi_20260615_004405.jsonl:13:3db36f6867d33c87980c809d84b05cb6a61f6f01a9a8ce5477e603c35aceebdb"",""data/metrics_faithfulness_metrics_PickCube-v1_170m_seed142_logpi_20260615_004405.jsonl:14:9900d6cdbeb526c3344228989ea5f972d38a17eb69a2dc302dbd13c760fe224e"",""data/metrics_faithfulness_metrics_PickCube-v1_170m_seed142_logpi_20260615_004405.jsonl:15:ff2375ceed5bf269fac36d3f677e29171102886e0649c02d2bf54bfc05957416"",""data/metrics_faithfulness_metrics_PickCube-v1_170m_seed142_logpi_20260615_004405.jsonl:16:9616481f4f1b4a92f0f29a5e3151708959aacf452522322cf717a71a95755c9d"",""data/metrics_faithfulness_metrics_PickCube-v1_170m_seed142_logpi_20260615_004405.jsonl:17:b7e6a67549c4df29e85ce17d80b08b0ef71bd1df201c6d204e328258659eb251"",""data/metrics_faithfulness_metrics_PickCube-v1_170m_seed142_logpi_20260615_004405.jsonl:18:fad087f24a6bda96293c7524878c57ef7a19e595c0352e3c0a4ff6a54f61d18b"",""data/metrics_faithfulness_metrics_PickCube-v1_170m_seed142_logpi_20260615_004405.jsonl:19:ae1d066e80f891c601515ea3592a33938dab851c0ca9b357b5da7e769834618f"",""data/metrics_faithfulness_metrics_PickCube-v1_170m_seed142_logpi_20260615_004405.jsonl:1:ae1c4cca55ab96cae6998e8419338121de263e18ee0c1111e13245b28617c11c"",""data/metrics_faithfulness_metrics_PickCube-v1_170m_seed142_logpi_20260615_004405.jsonl:20:c45de81ba2730062d732209fcbe4d511c7cc6215b43e773b3abbee60007ff1e3"",""data/metrics_faithfulness_metrics_PickCube-v1_170m_seed142_logpi_20260615_004405.jsonl:21:99f7f95581ede46ed76ed95094fe95ca075315ffd1d9de76f550eb892932280d"",""data/metrics_faithfulness_metrics_PickCube-v1_170m_seed142_logpi_20260615_004405.jsonl:22:51b59e5fdcbc905153c13a1cae194ba79f58c4cfcf9d6a292f5ba709b5f31dfe"",""data/metrics_faithfulness_metrics_PickCube-v1_170m_seed142_logpi_20260615_004405.jsonl:23:85478123998e76c6c15bb9d9da0a22cc9aed74b1bbe6748e7904b1f96d074b9e"",""data/metrics_faithfulness_metrics_PickCube-v1_170m_seed142_logpi_20260615_004405.jsonl:24:51ab94b058496e8724db6c4c2dc09e39017ac92c63a9713a5b977d7b69d4179d"",""data/metrics_faithfulness_metrics_PickCube-v1_170m_seed142_logpi_20260615_004405.jsonl:25:862c2854a96c1fd5fdcdb6af91675eb6ba0a2687beab195362b49b869a90001b"",""data/metrics_faithfulness_metrics_PickCube-v1_170m_seed142_logpi_20260615_004405.jsonl:2:eef15b2877877d91b1a80c880172faa8f8a52b268bad96f84346b46e65670ce4"",""data/metrics_faithfulness_metrics_PickCube-v1_170m_seed142_logpi_20260615_004405.jsonl:3:e91c5b885eb6f19ddde72716bf6d4bd114b64abba74f092fbeb4bc76021e6edf"",""data/metrics_faithfulness_metrics_PickCube-v1_170m_seed142_logpi_20260615_004405.jsonl:4:092f6295920eb17fabd834786f355ed6e0abc8e91b116bfaca8d3e4e10f2ec9a"",""data/metrics_faithfulness_metrics_PickCube-v1_170m_seed142_logpi_20260615_004405.jsonl:5:1b5a443c682ffa84417f118f8896144d2501e5706537ecb1de8c214e7bfd916d"",""data/metrics_faithfulness_metrics_PickCube-v1_170m_seed142_logpi_20260615_004405.jsonl:6:634edf10a3526aeaee3c588a72c72c817017e4a777f9f33ef4f322e66c481228"",""data/metrics_faithfulness_metrics_PickCube-v1_170m_seed142_logpi_20260615_004405.jsonl:7:da8ae6c7536113713dc78dbc77193bfc51809cfb58c5d8d57edb69da8e7f624d"",""data/metrics_faithfulness_metrics_PickCube-v1_170m_seed142_logpi_20260615_004405.jsonl:8:cad3e350e53871742671fc2c21911af438eaa8a550b2be42e220fc6620b32dfa"",""data/metrics_faithfulness_metrics_PickCube-v1_170m_seed142_logpi_20260615_004405.jsonl:9:0bfb2f0266d759fe52a98ff937737faacd296d5752eb0a47eb97d8382f64fe15""]",0.15967755539790907,-0.021412702693797487,0.0
Q:lang:deletion,Q,lang,deletion,1f0b52cbb142d1064d714d4fd72127415ca7d7d39233449337d33eb733a5ab92,25,25,-0.11962166956886942,"[""data/metrics_faithfulness_metrics_PickCube-v1_170m_seed142_logpi_20260615_004405.jsonl:151:2b3a2c52ae0f0daf20fe08c08fd643a8de2582ca85313d332d5e7375efbc5837"",""data/metrics_faithfulness_metrics_PickCube-v1_170m_seed142_logpi_20260615_004405.jsonl:152:0d3cbdd478726e827755d4cf9af0c9f6f712c00d53ca3bcda730e459185c9f48"",""data/metrics_faithfulness_metrics_PickCube-v1_170m_seed142_logpi_20260615_004405.jsonl:153:8d52d8acb1a10e8cb98268386ce46bc2792d0ad12fa106accc366362fa7ad471"",""data/metrics_faithfulness_metrics_PickCube-v1_170m_seed142_logpi_20260615_004405.jsonl:154:8994a3dc39147be3fbb82097c7f2a4584dfdb8eee0797bd69adc2f4678411194"",""data/metrics_faithfulness_metrics_PickCube-v1_170m_seed142_logpi_20260615_004405.jsonl:155:6839a558ba4b9f73ef13849dfdbcc47bdf2efbc9add7dcaea56275b5d5c299ba"",""data/metrics_faithfulness_metrics_PickCube-v1_170m_seed142_logpi_20260615_004405.jsonl:156:98618f1a8f0e712e30d0cec59472670e4318b98547763b0f0625a27f2dee3dd1"",""data/metrics_faithfulness_metrics_PickCube-v1_170m_seed142_logpi_20260615_004405.jsonl:157:4540fb07d1f60d7ded2d7053188a7915b927f50f7625d120ac869c1d49606d38"",""data/metrics_faithfulness_metrics_PickCube-v1_170m_seed142_logpi_20260615_004405.jsonl:158:43a036e7d060f9180a14ac2f0d9c70397a78ed1308d1b269529529548e601cba"",""data/metrics_faithfulness_metrics_PickCube-v1_170m_seed142_logpi_20260615_004405.jsonl:159:bddcfbe33f13e8199271011ad4eeb64c5ddce80a18d30660091b27dfd02c5bc6"",""data/metrics_faithfulness_metrics_PickCube-v1_170m_seed142_logpi_20260615_004405.jsonl:160:84dce18aa212b91bfb1892a9fbd99a6fcb664e4554d69da7067b5676fdfb584b"",""data/metrics_faithfulness_metrics_PickCube-v1_170m_seed142_logpi_20260615_004405.jsonl:161:1b5714aa59b32c9ccb5c61a67ff94e83c62516edce7cf4b33871611bd173a5ce"",""data/metrics_faithfulness_metrics_PickCube-v1_170m_seed142_logpi_20260615_004405.jsonl:162:a726b757d282ead630e36111cecb43ff701195d59df7c30c59fee1499ee4bd7d"",""data/metrics_faithfulness_metrics_PickCube-v1_170m_seed142_logpi_20260615_004405.jsonl:163:545e49b77a668dab7b42e948552c38f84080c2218ec7b0b2cc62112476f6722d"",""data/metrics_faithfulness_metrics_PickCube-v1_170m_seed142_logpi_20260615_004405.jsonl:164:18fa442eb88f07a0ad829a3cb7758ab9a7604779d549a527607532819644b790"",""data/metrics_faithfulness_metrics_PickCube-v1_170m_seed142_logpi_20260615_004405.jsonl:165:c219fc56e2357207b7682256d1453d3b313ffdce5fdca22e1b6a238c6f94cd1f"",""data/metrics_faithfulness_metrics_PickCube-v1_170m_seed142_logpi_20260615_004405.jsonl:166:8ba125293089b1122debc19c3de12dda080c52a3a7a516f8ea3851295cf302d7"",""data/metrics_faithfulness_metrics_PickCube-v1_170m_seed142_logpi_20260615_004405.jsonl:167:477c21588751dedc9faac7d09417d7927c73cd3a9d63287f2cc6425ebb34e4db"",""data/metrics_faithfulness_metrics_PickCube-v1_170m_seed142_logpi_20260615_004405.jsonl:168:83c97030d0d1f247ee5d4d42415418d4c8370f4b82c22cda6c32cac4d55acc88"",""data/metrics_faithfulness_metrics_PickCube-v1_170m_seed142_logpi_20260615_004405.jsonl:169:6d022970ce43b33713257520d24e5d7851af281ccf5ad1f92a90d5909e57ad52"",""data/metrics_faithfulness_metrics_PickCube-v1_170m_seed142_logpi_20260615_004405.jsonl:170:7a4ab3201cedb446513aa36c78a0893aeab4def500a137efa598339153066ded"",""data/metrics_faithfulness_metrics_PickCube-v1_170m_seed142_logpi_20260615_004405.jsonl:171:64deb465b9753de7d6c178c74ec3e4646095508771d4e48e313c6b26488a0be7"",""data/metrics_faithfulness_metrics_PickCube-v1_170m_seed142_logpi_20260615_004405.jsonl:172:a32b0c7b9fef1968ef6c386312ccb65b2e1484b2719ab8976af2d5a4f19fac5c"",""data/metrics_faithfulness_metrics_PickCube-v1_170m_seed142_logpi_20260615_004405.jsonl:173:dc3dc8b9ef1a8560a1d9cd7e1a963c33e8dfd4e366efc11dbe6e4cf54ee35b69"",""data/metrics_faithfulness_metrics_PickCube-v1_170m_seed142_logpi_20260615_004405.jsonl:174:66d1eeffa17112e8d1a512901c9c32c2d98919f92a64f71d93046d1061aff1a2"",""data/metrics_faithfulness_metrics_PickCube-v1_170m_seed142_logpi_20260615_004405.jsonl:175:e57a9909ed2d290616d98543a428df546daea12261d78985db8a3797622348ea""]",0.07917218351157372,-0.19879385308044317,0.0
Q:lang:deletion,Q,lang,deletion,24a3c0882d8b1b1f86b9b4272a3aab3acb0d6578637578c1bf93b1d2fb3cd5e0,25,25,-0.17476524991650616,"[""data/metrics_faithfulness_metrics_PickCube-v1_170m_seed142_logpi_20260615_004405.jsonl:201:cf94138d35396970db62a6d05fe50b36c55763c5df36cd26fe6554102d366602"",""data/metrics_faithfulness_metrics_PickCube-v1_170m_seed142_logpi_20260615_004405.jsonl:202:4a5789dcaf56328b13f037e22c11ba8d43d064a16964b6b05fd1c17b2f4dbb4b"",""data/metrics_faithfulness_metrics_PickCube-v1_170m_seed142_logpi_20260615_004405.jsonl:203:eeb863d3e2bf67eca73a55eeef7cac1478a4e7e375de00737e76aea813c6ce6e"",""data/metrics_faithfulness_metrics_PickCube-v1_170m_seed142_logpi_20260615_004405.jsonl:204:712684886857f62781b10318a46aa41d4e5c733b9ae1768683fc593d67b1fe97"",""data/metrics_faithfulness_metrics_PickCube-v1_170m_seed142_logpi_20260615_004405.jsonl:205:3379dfcc0d96b9b3e9bef9d5f2f3c161eaaacb7a536734000f3c4e8ca10dc9c9"",""data/metrics_faithfulness_metrics_PickCube-v1_170m_seed142_logpi_20260615_004405.jsonl:206:3239d5e81fdbea2e6462503d51911e1fb0b3997e9478866be9501b22c6939b67"",""data/metrics_faithfulness_metrics_PickCube-v1_170m_seed142_logpi_20260615_004405.jsonl:207:52d5f7ee286db53a436c015b4ac4b06dc33b49771bbc4083e3c2d2332868fdfa"",""data/metrics_faithfulness_metrics_PickCube-v1_170m_seed142_logpi_20260615_004405.jsonl:208:45b412168ea40a993f757a4901a9fb98b39d4fe9a2920929605dabd69b427568"",""data/metrics_faithfulness_metrics_PickCube-v1_170m_seed142_logpi_20260615_004405.jsonl:209:c7c1d8b63603054e0c57f5c913e9714261d6c68630bc3202400e636a6f38e69d"",""data/metrics_faithfulness_metrics_PickCube-v1_170m_seed142_logpi_20260615_004405.jsonl:210:ac820d20f4b0c5b047666010e9c25c1f4bb65c4128076d32b5421ab37e0bb902"",""data/metrics_faithfulness_metrics_PickCube-v1_170m_seed142_logpi_20260615_004405.jsonl:211:72640da3cc12356212dcc146172a4d7042ed39cabb764d68e54eb7931f397fde"",""data/metrics_faithfulness_metrics_PickCube-v1_170m_seed142_logpi_20260615_004405.jsonl:212:7e0490ec01bab8bc45b07f24cf13c8badc8089a3e400073ad34122aba5f359e5"",""data/metrics_faithfulness_metrics_PickCube-v1_170m_seed142_logpi_20260615_004405.jsonl:213:f77d757f1376be14f891eb244868a2a9c555ac8fb49d65508469442e53842eb7"",""data/metrics_faithfulness_metrics_PickCube-v1_170m_seed142_logpi_20260615_004405.jsonl:214:66bc24cb87973fb2b7de6aa9c80b2a37d6c6df723b6c412975e8cee75991255b"",""data/metrics_faithfulness_metrics_PickCube-v1_170m_seed142_logpi_20260615_004405.jsonl:215:ce1edec3f0fbd26878ada95396cf6c7acb1f0e6c13f9e363f1b4c78cc846edb8"",""data/metrics_faithfulness_metrics_PickCube-v1_170m_seed142_logpi_20260615_004405.jsonl:216:4550779c0fe5a59a4f34f1793af68e8572e9180e70fb050c38bee1b6f71f1e2a"",""data/metrics_faithfulness_metrics_PickCube-v1_170m_seed142_logpi_20260615_004405.jsonl:217:88ba162c8f5d2f3eb65782cffed9e7c2d2bef6d79b481bd014788db2c0c7870e"",""data/metrics_faithfulness_metrics_PickCube-v1_170m_seed142_logpi_20260615_004405.jsonl:218:a0d4878f47274d52c3370ae15cfecda39eee02b5acc38a92b5764c992d497c2f"",""data/metrics_faithfulness_metrics_PickCube-v1_170m_seed142_logpi_20260615_004405.jsonl:219:9f1b7f25af0f9d2b3c7f62dec0a7f7c2eddfcfbaff0d6e291869dcbdc51ed3c0"",""data/metrics_faithfulness_metrics_PickCube-v1_170m_seed142_logpi_20260615_004405.jsonl:220:f10eae67d45344f21ab6e9e19fdc177f49d68fc95dcb316586ac472f4c8ee0b7"",""data/metrics_faithfulness_metrics_PickCube-v1_170m_seed142_logpi_20260615_004405.jsonl:221:96ee65f393e6bd3a27b7733d31f8e6f6e852854b62f96cf7dfee0d8fa8edd08c"",""data/metrics_faithfulness_metrics_PickCube-v1_170m_seed142_logpi_20260615_004405.jsonl:222:673e1c0e5cac47a748ab52c3a66379d8c26cf608abdba7f7b32562010daa0a67"",""data/metrics_faithfulness_metrics_PickCube-v1_170m_seed142_logpi_20260615_004405.jsonl:223:d6f1cc9d326a3a5fddcf4e5b1b9f2f3f846d8db3c044f58735b5b2ee86c98e6f"",""data/metrics_faithfulness_metrics_PickCube-v1_170m_seed142_logpi_20260615_004405.jsonl:224:786c75596004111213116f41939bb438c82337cfa97638751b2ab2a81e7bc143"",""data/metrics_faithfulness_metrics_PickCube-v1_170m_seed142_logpi_20260615_004405.jsonl:225:2eb252264eeb5b7fc016c4e982eb28d90815cf5311bce1b413203e7b924271c7""]",0.09919701543915563,-0.27396226535566187,0.0
Q:lang:deletion,Q,lang,deletion,27f61b5d31498775570b8dbcc9b9c83721ad9ab1c57e3253db1e70db64a744ea,25,25,0.06584046949692485,"[""data/metrics_faithfulness_metrics_PickCube-v1_170m_seed42_logpi_20260615_004816.jsonl:226:4299c2eeb2d20233b3f7159e678dde4b30ccdb09bd0507caa29bcbf50d883943"",""data/metrics_faithfulness_metrics_PickCube-v1_170m_seed42_logpi_20260615_004816.jsonl:227:d82f6dee9314a6c74f0b4c26af9a901434f360fa0ee5358b7fa6e6fb76563ca0"",""data/metrics_faithfulness_metrics_PickCube-v1_170m_seed42_logpi_20260615_004816.jsonl:228:88d523ad9367df2a44db9a40fd5b2eac5192c9c95d629d78e4feb8e6a9e9f03c"",""data/metrics_faithfulness_metrics_PickCube-v1_170m_seed42_logpi_20260615_004816.jsonl:229:e440120877eef6ba6e8cbf3ffa5d6911838c75d9ef0395398123591c68363739"",""data/metrics_faithfulness_metrics_PickCube-v1_170m_seed42_logpi_20260615_004816.jsonl:230:a17e34955e26dc55fe04161909b38917ba6b4cfdccc4f79ac01dfc2a15db5c98"",""data/metrics_faithfulness_metrics_PickCube-v1_170m_seed42_logpi_20260615_004816.jsonl:231:59fd73694799c24498335fad94433e3b9a40c2111644d302f6a8f88927448404"",""data/metrics_faithfulness_metrics_PickCube-v1_170m_seed42_logpi_20260615_004816.jsonl:232:3889539172b78e89c83ed503c60c198ed9c5b5670898ea508d363f4021f9dd5a"",""data/metrics_faithfulness_metrics_PickCube-v1_170m_seed42_logpi_20260615_004816.jsonl:233:b6410476d562c997386cba32394c583e14238bc7b5216c5999eab84920045c13"",""data/metrics_faithfulness_metrics_PickCube-v1_170m_seed42_logpi_20260615_004816.jsonl:234:57f2e6471d637e9f59bca95fc84389fb9f1cfccdbd78a587da852b259ef44bdd"",""data/metrics_faithfulness_metrics_PickCube-v1_170m_seed42_logpi_20260615_004816.jsonl:235:eb95660d8ab06bca59fe2ef4f8a70fa20504a2a594a389ee58ef173c92f94bf7"",""data/metrics_faithfulness_metrics_PickCube-v1_170m_seed42_logpi_20260615_004816.jsonl:236:a94631c8e75cd593b98174eb45eea9c280c9d1e09861141f981133e78979b7cd"",""data/metrics_faithfulness_metrics_PickCube-v1_170m_seed42_logpi_20260615_004816.jsonl:237:0e4348cb2123a8ea64644bac3292c6fb99970512420723052956791aeff6e05d"",""data/metrics_faithfulness_metrics_PickCube-v1_170m_seed42_logpi_20260615_004816.jsonl:238:dc5f1f87c21066ff9d459e00c7e9d329e1a6788bfe4a262e93682af9d4d494b1"",""data/metrics_faithfulness_metrics_PickCube-v1_170m_seed42_logpi_20260615_004816.jsonl:239:f63c47da519e8053a072f95416737ea86f341d624496bc4312bef08b65bea775"",""data/metrics_faithfulness_metrics_PickCube-v1_170m_seed42_logpi_20260615_004816.jsonl:240:c4a8a64ef880958f69e4d5253c4e4b7def787981e47ab0f7057653abd40e5638"",""data/metrics_faithfulness_metrics_PickCube-v1_170m_seed42_logpi_20260615_004816.jsonl:241:e67c51621bf022b39ee93e4bfefb35addcdefbeb06ccdf5a3022b569bbabb44c"",""data/metrics_faithfulness_metrics_PickCube-v1_170m_seed42_logpi_20260615_004816.jsonl:242:88378eb773530f46f72d5c8d556e5cde2811c462c61d39665265e7e140bd1587"",""data/metrics_faithfulness_metrics_PickCube-v1_170m_seed42_logpi_20260615_004816.jsonl:243:04960c4dffda9c5d3a23b2d2763b3f51c2ddf1d860c5520cebcf0a2df4f0b36b"",""data/metrics_faithfulness_metrics_PickCube-v1_170m_seed42_logpi_20260615_004816.jsonl:244:728ec656d942e8d08879bbb5dc190ea734fbabbde96b16713bce1e699902d2cf"",""data/metrics_faithfulness_metrics_PickCube-v1_170m_seed42_logpi_20260615_004816.jsonl:245:8543158934e04ec4df7297431316f4290283a7f0d4a22e99ec22a989773aab63"",""data/metrics_faithfulness_metrics_PickCube-v1_170m_seed42_logpi_20260615_004816.jsonl:246:c646ad07be01606f96f8f81b8e51637860bc42e48b0f59addae61ac31e6803cb"",""data/metrics_faithfulness_metrics_PickCube-v1_170m_seed42_logpi_20260615_004816.jsonl:247:a1a6758f0cf0fe2ec0045fdabe92f9d85ff0d62e13f9d1b07e214f66b27dccfb"",""data/metrics_faithfulness_metrics_PickCube-v1_170m_seed42_logpi_20260615_004816.jsonl:248:ee5adc02a02ffabe906fc189f348e472bb1259a7120b0a0bd7dc39b05c12801d"",""data/metrics_faithfulness_metrics_PickCube-v1_170m_seed42_logpi_20260615_004816.jsonl:249:59ec52817d4206dd2848aa21b11a64b5ad84ca369a175de83d6f806c4108eb19"",""data/metrics_faithfulness_metrics_PickCube-v1_170m_seed42_logpi_20260615_004816.jsonl:250:d997c7736db7d3ff94310587f72351c87794d0483f9197e3a634c88dff0a5c92""]",0.14140719435446392,-0.07556672485753904,0.0
Q:lang:deletion,Q,lang,deletion,32e0dcd619d7a7fd1c86028b4a03fbef981d32a29df06654ff6aecacd14c516e,25,25,0.03975019580941555,"[""data/metrics_faithfulness_metrics_PickCube-v1_170m_seed42_logpi_20260615_004816.jsonl:126:eb55f9cdbe440cc41370d05c43a11e1c7132ca3c5aa8d01bfc920ee746589154"",""data/metrics_faithfulness_metrics_PickCube-v1_170m_seed42_logpi_20260615_004816.jsonl:127:786cb26dbac15aea6647bfe79c0c9fbaa4f8b1c4a8f42b217df59b50e207190a"",""data/metrics_faithfulness_metrics_PickCube-v1_170m_seed42_logpi_20260615_004816.jsonl:128:45b4b543a598082b8513ad947b4122b0f6ade0a3050c8526ae37f8c74e58823c"",""data/metrics_faithfulness_metrics_PickCube-v1_170m_seed42_logpi_20260615_004816.jsonl:129:cb46dde989894ba93606813c3633561a2e4d0c488932a0a9e9e8e455f1120102"",""data/metrics_faithfulness_metrics_PickCube-v1_170m_seed42_logpi_20260615_004816.jsonl:130:f94d0205a6614e3a1e87366ab7c626f819aeae2b8c03a81e3f7a201ccfa63837"",""data/metrics_faithfulness_metrics_PickCube-v1_170m_seed42_logpi_20260615_004816.jsonl:131:92a8fd0549b6dbbf08b371591ba35e19e5755f5e92a9d34871cc701cdafedb31"",""data/metrics_faithfulness_metrics_PickCube-v1_170m_seed42_logpi_20260615_004816.jsonl:132:fa08e685f77f60d0b3a6f196bd659e87ffa187d8bc2a8d34ddf7803fdfeef50d"",""data/metrics_faithfulness_metrics_PickCube-v1_170m_seed42_logpi_20260615_004816.jsonl:133:0fb5550a14f8b2eb01cd05da2ce35740fc2c3051a32b1c146ff9c2cc4a580057"",""data/metrics_faithfulness_metrics_PickCube-v1_170m_seed42_logpi_20260615_004816.jsonl:134:1d566977981b00129e963087e783e0a55ff7fcf611d28bc7d6ecd58428fa0de7"",""data/metrics_faithfulness_metrics_PickCube-v1_170m_seed42_logpi_20260615_004816.jsonl:135:d01f091fefc4af8817257238bcab921138b3ac501bfb67e1180d2ad2696b27d0"",""data/metrics_faithfulness_metrics_PickCube-v1_170m_seed42_logpi_20260615_004816.jsonl:136:8c6c1acebe76541460c1b64e58af224b55d29f4de8a450711c3628b76521b1c3"",""data/metrics_faithfulness_metrics_PickCube-v1_170m_seed42_logpi_20260615_004816.jsonl:137:52318e9b9e4e29398931a34c60926a016a805e57ad106e5625210bb67c13e236"",""data/metrics_faithfulness_metrics_PickCube-v1_170m_seed42_logpi_20260615_004816.jsonl:138:c3881083fe606fa3315bc86b9a92c61c8d98193ee1607453b7786622991b89b4"",""data/metrics_faithfulness_metrics_PickCube-v1_170m_seed42_logpi_20260615_004816.jsonl:139:93a4432e22952ec48b9ffca0f383855695da27f2f87867e584026216f9627992"",""data/metrics_faithfulness_metrics_PickCube-v1_170m_seed42_logpi_20260615_004816.jsonl:140:95c846b96d2880ecc3d1c6a1d47d7a4f5af62c5db262aec59268e6c284070cc3"",""data/metrics_faithfulness_metrics_PickCube-v1_170m_seed42_logpi_20260615_004816.jsonl:141:2e81da58a654b302019a7214c75a3685264248c173226b36b280d49169d0d576"",""data/metrics_faithfulness_metrics_PickCube-v1_170m_seed42_logpi_20260615_004816.jsonl:142:0c650504d075034ea5438d08a793014fc37bba016eacab6925bbd64989b772d0"",""data/metrics_faithfulness_metrics_PickCube-v1_170m_seed42_logpi_20260615_004816.jsonl:143:de1458ef888897da958183fed20575406dbb0a29082c4f300a72a5daae427e96"",""data/metrics_faithfulness_metrics_PickCube-v1_170m_seed42_logpi_20260615_004816.jsonl:144:744ce0a12a06c2a8436aa2743ac6a09a61a01f12cfa02999b4632329d294920f"",""data/metrics_faithfulness_metrics_PickCube-v1_170m_seed42_logpi_20260615_004816.jsonl:145:db1ec5b01fd69ab0a2994d4cbe16eb62a9c8b7c352dfa7dbd866c32a7665c72f"",""data/metrics_faithfulness_metrics_PickCube-v1_170m_seed42_logpi_20260615_004816.jsonl:146:a046b11b85557a4ec3de3a45c359dbba76115a0e0e3c9af35751eb1a18d734e2"",""data/metrics_faithfulness_metrics_PickCube-v1_170m_seed42_logpi_20260615_004816.jsonl:147:01972884008b452be2911143dd506ceb077cca7e7b1fcac5693d17184111e8ba"",""data/metrics_faithfulness_metrics_PickCube-v1_170m_seed42_logpi_20260615_004816.jsonl:148:60064b3ef0dcb309fc03ebe26757733d4e4f1c210885628ede633656940fe7e3"",""data/metrics_faithfulness_metrics_PickCube-v1_170m_seed42_logpi_20260615_004816.jsonl:149:efb1a8ce2beaa8a51444ef4b3340d57367f69153ff23015e57401ad73c6b34b5"",""data/metrics_faithfulness_metrics_PickCube-v1_170m_seed42_logpi_20260615_004816.jsonl:150:c68f8af7dc5ca1890f157bfbe63b73a8df538af4d66cc3861e041a7debf02f72""]",0.10230335717483963,-0.06255316136542405,0.0
Q:lang:deletion,Q,lang,deletion,36ab2b8951bf4cca61cf9c49471c43a1175d275c5098156c66b51afc30b30151,25,25,0.06574066228900638,"[""data/metrics_faithfulness_metrics_PickCube-v1_170m_seed142_logpi_20260615_004405.jsonl:26:fdf56ea123f0806aff6ef92a38c89efb6ec7d485b4649e0f98beb834d423f5b0"",""data/metrics_faithfulness_metrics_PickCube-v1_170m_seed142_logpi_20260615_004405.jsonl:27:b30abfb4b2174d710c05b2e343590de9b803fef87919cd8874d36b1ba0a70b0c"",""data/metrics_faithfulness_metrics_PickCube-v1_170m_seed142_logpi_20260615_004405.jsonl:28:73f7f16084ec7e86a42699abb8f894be4fde2150b9ad465ae0491298276dbc5e"",""data/metrics_faithfulness_metrics_PickCube-v1_170m_seed142_logpi_20260615_004405.jsonl:29:d7a6e21b6a639a0938a517f28ac41df209bab235f4ea351a016bd47ed168c303"",""data/metrics_faithfulness_metrics_PickCube-v1_170m_seed142_logpi_20260615_004405.jsonl:30:9a566e20aabca5ce7308920b46ea9a657fb681c418d4534a57cb73fc09a5f25d"",""data/metrics_faithfulness_metrics_PickCube-v1_170m_seed142_logpi_20260615_004405.jsonl:31:0ddf87bfab11580c39b74d72c3ff28dfd1e140b2ebdbfa0a8aa33327e80eab38"",""data/metrics_faithfulness_metrics_PickCube-v1_170m_seed142_logpi_20260615_004405.jsonl:32:494168156df3248b420fbd07dcc67d050170dbca4efc36c327e7bce7bc7d006f"",""data/metrics_faithfulness_metrics_PickCube-v1_170m_seed142_logpi_20260615_004405.jsonl:33:acc43605e774e25c6bb62cb7cb163f4e2b0fb7806763026f6da8f405d99db495"",""data/metrics_faithfulness_metrics_PickCube-v1_170m_seed142_logpi_20260615_004405.jsonl:34:281cfb915952edbabc8071121994ec9ac67238f5869a440e8726cb9bb7cf6a77"",""data/metrics_faithfulness_metrics_PickCube-v1_170m_seed142_logpi_20260615_004405.jsonl:35:8a58fd8cfb306f7bd3abf10bbab707339561b4d68ed1bfcaac6d4afe061a743f"",""data/metrics_faithfulness_metrics_PickCube-v1_170m_seed142_logpi_20260615_004405.jsonl:36:096c7a491f782ec119987d2ee30a7550401011d00fb29497a91802646bb6167c"",""data/metrics_faithfulness_metrics_PickCube-v1_170m_seed142_logpi_20260615_004405.jsonl:37:299ca626ead74d08cc2776e21a3846659bf9a28c7983987f1956bbaeb238aba7"",""data/metrics_faithfulness_metrics_PickCube-v1_170m_seed142_logpi_20260615_004405.jsonl:38:47bd730c9ac4247a91b28caa16fda399e9cb6cef64f46e65a5ecf47138bd89a3"",""data/metrics_faithfulness_metrics_PickCube-v1_170m_seed142_logpi_20260615_004405.jsonl:39:a7336f6b3e75a19bf6c07f366d147266ac92865fb58d79d753b2e2d2cfb958c7"",""data/metrics_faithfulness_metrics_PickCube-v1_170m_seed142_logpi_20260615_004405.jsonl:40:76d6ca089a758d229e3b1f86674fdc6c5e69098feb963bb855cafc73a1e68632"",""data/metrics_faithfulness_metrics_PickCube-v1_170m_seed142_logpi_20260615_004405.jsonl:41:8221ce21f272795b587e3f646a9c7e1823309c7e18e30da13edf50fdcc82fb0b"",""data/metrics_faithfulness_metrics_PickCube-v1_170m_seed142_logpi_20260615_004405.jsonl:42:91da55750e7dcd400faed36b55f490f14fe6f8b995cb3bb31e0c9d275517745e"",""data/metrics_faithfulness_metrics_PickCube-v1_170m_seed142_logpi_20260615_004405.jsonl:43:6e32a065f18a013810fb4c1f62a16e1e24db4ac4ab1548793a4246eb02c26761"",""data/metrics_faithfulness_metrics_PickCube-v1_170m_seed142_logpi_20260615_004405.jsonl:44:304c1b225f238977658d0e79f2d5b7dcdd56f4f28a0719b34490b56a5346a591"",""data/metrics_faithfulness_metrics_PickCube-v1_170m_seed142_logpi_20260615_004405.jsonl:45:eedce1fe1d48fd494f414d0a5d4964d39f4d1190b400a49e9417c3be695938a9"",""data/metrics_faithfulness_metrics_PickCube-v1_170m_seed142_logpi_20260615_004405.jsonl:46:ddf1c8a06116316864d20810c82794b34af3bf3fcdee80015ccbca2c734f7961"",""data/metrics_faithfulness_metrics_PickCube-v1_170m_seed142_logpi_20260615_004405.jsonl:47:867408f732405ff329f106632faca7306fe79df0357433cb5bf3d8e5bd0b39c6"",""data/metrics_faithfulness_metrics_PickCube-v1_170m_seed142_logpi_20260615_004405.jsonl:48:23a3566647e4fcbdbd4f5e73235a2820906ad51575631aa239c1077623b199e4"",""data/metrics_faithfulness_metrics_PickCube-v1_170m_seed142_logpi_20260615_004405.jsonl:49:7392bb4b28c8948283f128653a980872420467e3ba89e927dc24da8d517c36df"",""data/metrics_faithfulness_metrics_PickCube-v1_170m_seed142_logpi_20260615_004405.jsonl:50:48a46e9654d23c3756e86d4559eb8d0c5c7ef2e7307836ed6eb4425575cadf59""]",0.08980251443279291,-0.02406185214378653,0.0
Q:lang:deletion,Q,lang,deletion,39760a0d919116dd9438dbb5b4b1a1479cc2b12fbda1f3757fa314a6c1509204,25,25,0.023616799444962786,"[""data/metrics_faithfulness_metrics_PickCube-v1_170m_seed42_logpi_20260615_004816.jsonl:276:ebd7447934cb34037b91ace41b733652b95123c0d0780e349d8543bad96eb5dc"",""data/metrics_faithfulness_metrics_PickCube-v1_170m_seed42_logpi_20260615_004816.jsonl:277:31364473099e306247124d3804b17745ca49a160f27faaffdc0581b2966b0ddb"",""data/metrics_faithfulness_metrics_PickCube-v1_170m_seed42_logpi_20260615_004816.jsonl:278:52e88572dc9cb8d85d8e333a3a97137e718395d58a6af3b3fc4a22c8833899c3"",""data/metrics_faithfulness_metrics_PickCube-v1_170m_seed42_logpi_20260615_004816.jsonl:279:2501413ce1f3dd821a63b037ba0e6c7e963b0d8087ca9d75e98a93f7ee364d5e"",""data/metrics_faithfulness_metrics_PickCube-v1_170m_seed42_logpi_20260615_004816.jsonl:280:e681feabd2906bacc84656bd3dc800cc32dfb17f1c55f40c898307eb1d851461"",""data/metrics_faithfulness_metrics_PickCube-v1_170m_seed42_logpi_20260615_004816.jsonl:281:cf460c1a2f724531a07ee6fa2d13cbd871fb24177d6e3829475dc1d62c53c68f"",""data/metrics_faithfulness_metrics_PickCube-v1_170m_seed42_logpi_20260615_004816.jsonl:282:77c7662ae9d4e300a87fca596ded61acd729800dd59b6cc0a5cd541a76daff8e"",""data/metrics_faithfulness_metrics_PickCube-v1_170m_seed42_logpi_20260615_004816.jsonl:283:2929dbbf61fc3c5d17e0777a9799d6b0f1e1ebfd74382e763257ba24dadc7728"",""data/metrics_faithfulness_metrics_PickCube-v1_170m_seed42_logpi_20260615_004816.jsonl:284:79652fc832b0e099f7478e07e1329cec9dfe222b1203564b006ebff29a2e9311"",""data/metrics_faithfulness_metrics_PickCube-v1_170m_seed42_logpi_20260615_004816.jsonl:285:64010be7d52d0f2adc166fd8c1b5b2af6cb25444de7181cb403ce80c6a1e616f"",""data/metrics_faithfulness_metrics_PickCube-v1_170m_seed42_logpi_20260615_004816.jsonl:286:01b8e0bc3e970deeebfff8e54090306a4868e7b6c14d00d3428f26fce9d6cfd3"",""data/metrics_faithfulness_metrics_PickCube-v1_170m_seed42_logpi_20260615_004816.jsonl:287:5c59f13bf39dcba135e5f31ad97ad237fe85a90a34121a40c6bd9a537c215bac"",""data/metrics_faithfulness_metrics_PickCube-v1_170m_seed42_logpi_20260615_004816.jsonl:288:4836da1dc41f7c9676265c636fc4f60db5c64b7c1c7304d632fc1506e591b702"",""data/metrics_faithfulness_metrics_PickCube-v1_170m_seed42_logpi_20260615_004816.jsonl:289:2a74ed047c2fe6a240d80e5bf52623517e3310822b64d74ba9a76d70e6679385"",""data/metrics_faithfulness_metrics_PickCube-v1_170m_seed42_logpi_20260615_004816.jsonl:290:74f5e763808f2a2fa8ab4c55136dfc7ddd117d48a7206705d242e4e205d1db08"",""data/metrics_faithfulness_metrics_PickCube-v1_170m_seed42_logpi_20260615_004816.jsonl:291:5c6c428ad595a44aa87a105fe3dc2518ceef0288ae509857eb278cca6b8d6b6f"",""data/metrics_faithfulness_metrics_PickCube-v1_170m_seed42_logpi_20260615_004816.jsonl:292:3844d932749021d8c0365e292d76bc4774153d1241eb97f9c8ca9b2424538813"",""data/metrics_faithfulness_metrics_PickCube-v1_170m_seed42_logpi_20260615_004816.jsonl:293:f6f0e93f29ef9de454b48c36c3eb3bd0b0a57f3c25368b3d00869f5f949846eb"",""data/metrics_faithfulness_metrics_PickCube-v1_170m_seed42_logpi_20260615_004816.jsonl:294:5f46231d7821830f70d932b24c1430e9f2edd6abec8baa3c258aec4c4e913969"",""data/metrics_faithfulness_metrics_PickCube-v1_170m_seed42_logpi_20260615_004816.jsonl:295:61b6e19688eb10c7dc2c00383af338d4873b40695fe1065a6d056589c980168a"",""data/metrics_faithfulness_metrics_PickCube-v1_170m_seed42_logpi_20260615_004816.jsonl:296:e62e6d8656c4c0c544c243475b3ef5cdeebfdd59a7e1e440dceba121a004fb29"",""data/metrics_faithfulness_metrics_PickCube-v1_170m_seed42_logpi_20260615_004816.jsonl:297:f1d5141f887b76c7364c7f619f27f58a372d9c1b90dca9aecffada009bf7aeca"",""data/metrics_faithfulness_metrics_PickCube-v1_170m_seed42_logpi_20260615_004816.jsonl:298:31ee4b6054da138f3d5414fc378309940a5db2f02c09ed41f1acc3c34ef1292f"",""data/metrics_faithfulness_metrics_PickCube-v1_170m_seed42_logpi_20260615_004816.jsonl:299:af212b1fecaf2a5b9976e0d50a01c29899304af5221d3f2eaf6a1ed6684c2892"",""data/metrics_faithfulness_metrics_PickCube-v1_170m_seed42_logpi_20260615_004816.jsonl:300:7f342b2481e820fcf604b4f7f8166c56181155e77baa0adcf2f8edcb4a50fa0d""]",0.07765767741633478,-0.054040877971372,0.0
Q:lang:deletion,Q,lang,deletion,42c97e1a5389d67a9f6c43513d978f766f6c46c1fb9b7c886874ed00357904db,25,25,0.1736071728079391,"[""data/metrics_faithfulness_metrics_PickCube-v1_170m_seed142_logpi_20260615_004405.jsonl:176:b5b9b7282dcc352715d66e0b1225979c48fa4246919ff414c5bf33a829453682"",""data/metrics_faithfulness_metrics_PickCube-v1_170m_seed142_logpi_20260615_004405.jsonl:177:597fe3e626e3eef6a0b8538eafffbbb0c5463c6bbf8d1683a16bf9c7dcdc88ee"",""data/metrics_faithfulness_metrics_PickCube-v1_170m_seed142_logpi_20260615_004405.jsonl:178:16f38d156cb9a7075ab07e87bdae69b2eb1dcb3bc7dec5fa5b7b303b101e2a29"",""data/metrics_faithfulness_metrics_PickCube-v1_170m_seed142_logpi_20260615_004405.jsonl:179:823c2b5a029f2e3c77d20d4efb97d1e85a8f2e6c0d3d3eff8a0eecf37aac4c71"",""data/metrics_faithfulness_metrics_PickCube-v1_170m_seed142_logpi_20260615_004405.jsonl:180:84d9780112425275ccf5c67c38ac2f5e59ade8af949d87aa186c5ef749258925"",""data/metrics_faithfulness_metrics_PickCube-v1_170m_seed142_logpi_20260615_004405.jsonl:181:a1fa5ced419fad39966b9ce2cad79410584d8b5467db8b696afe93691d8d6af1"",""data/metrics_faithfulness_metrics_PickCube-v1_170m_seed142_logpi_20260615_004405.jsonl:182:674d58f6c84509a76a7bdf17a7e3b8c35e62ca57c1268dee711e60c89d4cbdf8"",""data/metrics_faithfulness_metrics_PickCube-v1_170m_seed142_logpi_20260615_004405.jsonl:183:e477cdc65fc2ce7b18513b7f9d9ef81c7660b2bb0e3443f50bb6aea512fd38d7"",""data/metrics_faithfulness_metrics_PickCube-v1_170m_seed142_logpi_20260615_004405.jsonl:184:60acbd54fd7c0b0dbd9b17eeb755703713aea3982464b8bdd303e9d0008d367b"",""data/metrics_faithfulness_metrics_PickCube-v1_170m_seed142_logpi_20260615_004405.jsonl:185:fa3a31b1d3dfa5e6627b8cb5685a42582e7420bfd0e9dec8c767553210cdfdbe"",""data/metrics_faithfulness_metrics_PickCube-v1_170m_seed142_logpi_20260615_004405.jsonl:186:5854d8ed0538dad065d7f9d32e4cd6dc8d7ee0270481adb75c1e712d1080bb9a"",""data/metrics_faithfulness_metrics_PickCube-v1_170m_seed142_logpi_20260615_004405.jsonl:187:f22018621b42b97924fbfb80683bc3ceed75481f447e59c8972aa97e9596b357"",""data/metrics_faithfulness_metrics_PickCube-v1_170m_seed142_logpi_20260615_004405.jsonl:188:a7676033b00b05d2b3d605ba379eeff9e312f1c62526862784c7e1f32504485f"",""data/metrics_faithfulness_metrics_PickCube-v1_170m_seed142_logpi_20260615_004405.jsonl:189:e87d3a550aa52b3797887c9eb45c779a7b5e6d56edf5e015358e76a52df81abe"",""data/metrics_faithfulness_metrics_PickCube-v1_170m_seed142_logpi_20260615_004405.jsonl:190:19276c8ff79ae433066f0758d77a2817cd3d6897223950b7a79a07a7182c56f0"",""data/metrics_faithfulness_metrics_PickCube-v1_170m_seed142_logpi_20260615_004405.jsonl:191:844f291670247a9376023cc14fb7b12c6a2ecd2869b087bba81ba0282315718c"",""data/metrics_faithfulness_metrics_PickCube-v1_170m_seed142_logpi_20260615_004405.jsonl:192:40e05888149f1ff1e22de4f940b60dff91c7aa29a66e56faa6163230e6d71ebf"",""data/metrics_faithfulness_metrics_PickCube-v1_170m_seed142_logpi_20260615_004405.jsonl:193:24289282dd8f3deda4ffe4a882f18ab62629eda9c0ec86b77fadef1fd728c079"",""data/metrics_faithfulness_metrics_PickCube-v1_170m_seed142_logpi_20260615_004405.jsonl:194:061a92adee3de792c66049c850a0940c5d5d4df2eef1002617de270358bd187c"",""data/metrics_faithfulness_metrics_PickCube-v1_170m_seed142_logpi_20260615_004405.jsonl:195:533ceb6239cfa89895ce0fa9a38965dc711161edb632bdc032ecdcc23c4b3235"",""data/metrics_faithfulness_metrics_PickCube-v1_170m_seed142_logpi_20260615_004405.jsonl:196:c30725e3c9ecb2493be0398655d0914c7ce548fc9729a677b526cb215ed36c81"",""data/metrics_faithfulness_metrics_PickCube-v1_170m_seed142_logpi_20260615_004405.jsonl:197:d3f22a7c395ce66a34e381a9dc34bb9d5da1e3181680ba36ac9e48b868848498"",""data/metrics_faithfulness_metrics_PickCube-v1_170m_seed142_logpi_20260615_004405.jsonl:198:dde578ab69ba9f784dedbb32f5fcefd8d935bdbb69136c6d821cec6fc59f7cf4"",""data/metrics_faithfulness_metrics_PickCube-v1_170m_seed142_logpi_20260615_004405.jsonl:199:d97bb648b5f6f5187f1d4697ec61ff7722867d363db44ffb1b1bfc43d9ffdeb3"",""data/metrics_faithfulness_metrics_PickCube-v1_170m_seed142_logpi_20260615_004405.jsonl:200:346a5eec2187ed2648ca0c6c2554b706289c9fa8cffa4ec0fb3a2dcba62a7a0b""]",0.17360717280793905,0.0,0.0
Q:lang:deletion,Q,lang,deletion,44bc3e69557215144d2ce3ef13d6bdb6ccb161861a7c733f9d2808057b24ed0a,25,25,-0.5521900450709021,"[""data/metrics_faithfulness_metrics_PickCube-v1_170m_seed142_logpi_20260615_004405.jsonl:100:8adfe73ec5605e101ce71447bc5e3249ad060faa0c2fb6d80bc0420f7c01fee7"",""data/metrics_faithfulness_metrics_PickCube-v1_170m_seed142_logpi_20260615_004405.jsonl:76:2f826e184f1ccf1a07273a470e98ea722d7be9a72f74e1dbfe875756d36d450c"",""data/metrics_faithfulness_metrics_PickCube-v1_170m_seed142_logpi_20260615_004405.jsonl:77:23bc23c144e180250dadc7cbcd8f2361b126076ad73eb7b629ab54202c400b41"",""data/metrics_faithfulness_metrics_PickCube-v1_170m_seed142_logpi_20260615_004405.jsonl:78:42661f7d56bb6d5aaef47da4320710a954a444246408463282fbf2a9e03fe237"",""data/metrics_faithfulness_metrics_PickCube-v1_170m_seed142_logpi_20260615_004405.jsonl:79:3dc6a2f99a8bad7352bfbdfc8877c82fae54a8b152ded99dd5df7f4cc7318b08"",""data/metrics_faithfulness_metrics_PickCube-v1_170m_seed142_logpi_20260615_004405.jsonl:80:fadae2f534519b41ac168e9dad7690d155e275dfd2cea64011069b8f910b9bf8"",""data/metrics_faithfulness_metrics_PickCube-v1_170m_seed142_logpi_20260615_004405.jsonl:81:eca63296ee57af67bdb5fb67940a05b9ae2f8cccd7d1deed9f0aacfcdc07ba13"",""data/metrics_faithfulness_metrics_PickCube-v1_170m_seed142_logpi_20260615_004405.jsonl:82:94fa44b90c6d4f3261c5f4d1aa45eac6316f79db0113b7930a527b5d94218e30"",""data/metrics_faithfulness_metrics_PickCube-v1_170m_seed142_logpi_20260615_004405.jsonl:83:391058a40dabb86280df1050af07e61ce930e938fe5b8034d4dab5240039e3a1"",""data/metrics_faithfulness_metrics_PickCube-v1_170m_seed142_logpi_20260615_004405.jsonl:84:66ab9bbe269015ffba83002740d7a6f27c3629d15a7d6af7c3df31f9d42708c2"",""data/metrics_faithfulness_metrics_PickCube-v1_170m_seed142_logpi_20260615_004405.jsonl:85:f7047f1ab32ac68a933f145d814435167013b2b45e4c6c1071f9b63b040a827e"",""data/metrics_faithfulness_metrics_PickCube-v1_170m_seed142_logpi_20260615_004405.jsonl:86:d98b23c0be0bdd855a305a54c40cdfc72e2e59f5f095d7affddb1292c241030c"",""data/metrics_faithfulness_metrics_PickCube-v1_170m_seed142_logpi_20260615_004405.jsonl:87:28acfad15fa27c98b8d8069aa2507859e9a0002b4d2736c7437211e465cdf8f1"",""data/metrics_faithfulness_metrics_PickCube-v1_170m_seed142_logpi_20260615_004405.jsonl:88:47a9b09555b9febe8759507a91cb9cd268845a73a1fd33aeb668e0bb721d4a2b"",""data/metrics_faithfulness_metrics_PickCube-v1_170m_seed142_logpi_20260615_004405.jsonl:89:1bce6c3a68c35891c8c84a5a1fa6a4a106d801478e6d82ecadad6f0bab062c89"",""data/metrics_faithfulness_metrics_PickCube-v1_170m_seed142_logpi_20260615_004405.jsonl:90:4390e8a43f12fd462707ec6d2b461020d16d102b6448c7947c4327d63a79bdf6"",""data/metrics_faithfulness_metrics_PickCube-v1_170m_seed142_logpi_20260615_004405.jsonl:91:31822b232126ad8516c5edf78f23cdc91756a8a9d9d44cba0d2de865a98ec9a0"",""data/metrics_faithfulness_metrics_PickCube-v1_170m_seed142_logpi_20260615_004405.jsonl:92:869ed396f797f432576820f0a52f1b022bad66643347c3c4e41b30f83768c454"",""data/metrics_faithfulness_metrics_PickCube-v1_170m_seed142_logpi_20260615_004405.jsonl:93:f82f0eb09c7d7744dbb7376f656f80d3ba3beb468c5e0024657e937833b66a35"",""data/metrics_faithfulness_metrics_PickCube-v1_170m_seed142_logpi_20260615_004405.jsonl:94:c78ecb691294785627fd7318ebc89d84886ef19de13ccad6f6c1d666da3ffc74"",""data/metrics_faithfulness_metrics_PickCube-v1_170m_seed142_logpi_20260615_004405.jsonl:95:03ba843d6b635bcf839580bbddc61d2dd5985d913070b16a628c9a94ef1cddb0"",""data/metrics_faithfulness_metrics_PickCube-v1_170m_seed142_logpi_20260615_004405.jsonl:96:8a0e09d3e4637a151834ce613817b6f88805d12043efd8fcaa83b0031b4faa42"",""data/metrics_faithfulness_metrics_PickCube-v1_170m_seed142_logpi_20260615_004405.jsonl:97:1d983def08c15e958ad0bb21bef566bca92181b93eb6880902311cca8bfc8213"",""data/metrics_faithfulness_metrics_PickCube-v1_170m_seed142_logpi_20260615_004405.jsonl:98:446855dfda8567dd90f0329e2e44df656c4a745c6a7d314343be87f0f202af0f"",""data/metrics_faithfulness_metrics_PickCube-v1_170m_seed142_logpi_20260615_004405.jsonl:99:5e59624be2e5ebbd520095d6c076305301235a3b8dfdd02f4cb3e99ea1ab46a2""]",0.10084719271609163,-0.6530372377869937,0.0
Q:lang:deletion,Q,lang,deletion,486d7f23e06ac2ffe1565f59d050b4d4737f3cf15d8326ad2e00145c7aa4a575,25,25,0.062158178004782565,"[""data/metrics_faithfulness_metrics_PickCube-v1_170m_seed42_logpi_20260615_004816.jsonl:251:ecf714031533bf4b907ab29069473936eb8f4e1a50100b65cb5b30e57653a824"",""data/metrics_faithfulness_metrics_PickCube-v1_170m_seed42_logpi_20260615_004816.jsonl:252:4b3f14ed5c6bec5605e1ad3a88969cd64692429df130db0662ee2d838f58f678"",""data/metrics_faithfulness_metrics_PickCube-v1_170m_seed42_logpi_20260615_004816.jsonl:253:a6d62b0a3864a612fa8781a9c071c7f27a30addd2312a513a5cb2b539bfd7054"",""data/metrics_faithfulness_metrics_PickCube-v1_170m_seed42_logpi_20260615_004816.jsonl:254:0a3de90a99d09f135c43b5238bc2bc3b20395282bf3c96e0113267c989cadd80"",""data/metrics_faithfulness_metrics_PickCube-v1_170m_seed42_logpi_20260615_004816.jsonl:255:ef205669367cdcbe7ea44dfe18518503399ed8acac99d2eb4ed9c49f35ab1fa7"",""data/metrics_faithfulness_metrics_PickCube-v1_170m_seed42_logpi_20260615_004816.jsonl:256:c52598752c67c3cbc7a94a46f020922b5ecb338727faeb6bdee2a32b3b836fe2"",""data/metrics_faithfulness_metrics_PickCube-v1_170m_seed42_logpi_20260615_004816.jsonl:257:3b498df1ec1c596dd640816c877ac2212f0423be1a78e32b263b03f146c2caab"",""data/metrics_faithfulness_metrics_PickCube-v1_170m_seed42_logpi_20260615_004816.jsonl:258:9fc23a4ffd8db0d5d20dd030ca3b701649d433f9530ed28003f58b07e29c3469"",""data/metrics_faithfulness_metrics_PickCube-v1_170m_seed42_logpi_20260615_004816.jsonl:259:c43a959e8e55b6c90a8d881ea2d89dc5f7999c087de3028c87342c4bb4e683f2"",""data/metrics_faithfulness_metrics_PickCube-v1_170m_seed42_logpi_20260615_004816.jsonl:260:0242be9bbd2ab027d4fb400a307f2738f87e6139de94002f579e52ce37b16875"",""data/metrics_faithfulness_metrics_PickCube-v1_170m_seed42_logpi_20260615_004816.jsonl:261:6b1b4ba5128523ba2590f4dc144fecc5a4140aeb2839b5dd85c2b978759622d6"",""data/metrics_faithfulness_metrics_PickCube-v1_170m_seed42_logpi_20260615_004816.jsonl:262:b28e6b2295e59b6b91031dd47bf7cffb1a1326bccda090448ff89fb331c08198"",""data/metrics_faithfulness_metrics_PickCube-v1_170m_seed42_logpi_20260615_004816.jsonl:263:f851807bd09d536881ca23b79c20cccce7930f96828ec4f8fe1c36bfcb5354e9"",""data/metrics_faithfulness_metrics_PickCube-v1_170m_seed42_logpi_20260615_004816.jsonl:264:75e1b59b0f8d65d0c76d1054d12cb766b2d7dfd6e49ce9b7364c296fda2f6386"",""data/metrics_faithfulness_metrics_PickCube-v1_170m_seed42_logpi_20260615_004816.jsonl:265:dcc86c3c77d0d48efa76db278315f3b83bda60b214b82bc5bc4e3872dd124b5e"",""data/metrics_faithfulness_metrics_PickCube-v1_170m_seed42_logpi_20260615_004816.jsonl:266:45b83ad10c81e1880bad7943c5e66956371ce22a947d5ca75ace74a3fc781216"",""data/metrics_faithfulness_metrics_PickCube-v1_170m_seed42_logpi_20260615_004816.jsonl:267:90d862e57e4500dc0974d5f5d73c0184bcc589850cafe671fdfe65915631a2be"",""data/metrics_faithfulness_metrics_PickCube-v1_170m_seed42_logpi_20260615_004816.jsonl:268:fe09f89cd1ea1ad6402efc02ee26f39725d914e59a133504e79498725fc9ac3e"",""data/metrics_faithfulness_metrics_PickCube-v1_170m_seed42_logpi_20260615_004816.jsonl:269:0f423ae07b07662f80631d5a2f36f45f83bb04f3c7a95d91e1b0a68413eeedfb"",""data/metrics_faithfulness_metrics_PickCube-v1_170m_seed42_logpi_20260615_004816.jsonl:270:dc6989a59091e798087fbb62b4155a10d07eb0bac0e4627f4cca3ada55cf2623"",""data/metrics_faithfulness_metrics_PickCube-v1_170m_seed42_logpi_20260615_004816.jsonl:271:6d85c6fddb23579567223c23b9945e71f4aa5b2d84030d98478cae8ccb1aa048"",""data/metrics_faithfulness_metrics_PickCube-v1_170m_seed42_logpi_20260615_004816.jsonl:272:37d5f4e5156258b3123eaa889986ebf0449ac552c8a4db4eb3000c40994ffce3"",""data/metrics_faithfulness_metrics_PickCube-v1_170m_seed42_logpi_20260615_004816.jsonl:273:1e28e5eec2cba7348f43695071010669716df0c2cad29b483e1139cc73534093"",""data/metrics_faithfulness_metrics_PickCube-v1_170m_seed42_logpi_20260615_004816.jsonl:274:6f5dd5575942a95a5ad5c5e16e5e61c6b49523077f343e27265efdec547bf7da"",""data/metrics_faithfulness_metrics_PickCube-v1_170m_seed42_logpi_20260615_004816.jsonl:275:a775cd55cd71b3853350f9f27ab4f109ff0e36fbafa350fb06cbb6b87ac1fd7c""]",0.08710761028752806,-0.024949432282745487,0.0
Q:lang:deletion,Q,lang,deletion,5469e355ab5dea5c81da2b63fdef765c019bbd4d14791f63705c8d2905da2bcb,25,25,0.15038326167700095,"[""data/metrics_faithfulness_metrics_PickCube-v1_170m_seed42_logpi_20260615_004816.jsonl:26:c25dc6977225c99804c6ed2a0cda8ddc655c20b352b647774de2ed785c051e8d"",""data/metrics_faithfulness_metrics_PickCube-v1_170m_seed42_logpi_20260615_004816.jsonl:27:d522e831fb599e4af50c4c407805ffc5d1f7f1f7f151cf5108cb5971b5da247c"",""data/metrics_faithfulness_metrics_PickCube-v1_170m_seed42_logpi_20260615_004816.jsonl:28:42899b8dc2a7152844a13a6352c3628a256a07f6a81e17997919cdd628ffd8bd"",""data/metrics_faithfulness_metrics_PickCube-v1_170m_seed42_logpi_20260615_004816.jsonl:29:4ea7d084a8d0a16853c16617c033b24a1d238fc960b5a2caeab68a5de3f2ccc8"",""data/metrics_faithfulness_metrics_PickCube-v1_170m_seed42_logpi_20260615_004816.jsonl:30:f183f4bd29036ec8fda50400e09a96807c85e79f2b1272ceac19d1fa7e8e70be"",""data/metrics_faithfulness_metrics_PickCube-v1_170m_seed42_logpi_20260615_004816.jsonl:31:eea32a7651540e087bc9a885bd4f44b8a256ae1ba2fae7d8377e55b97a0b051f"",""data/metrics_faithfulness_metrics_PickCube-v1_170m_seed42_logpi_20260615_004816.jsonl:32:6b01538c021407dde55de2a8beeb747ad454b2bb21903b0b7a9cf923ef5fb400"",""data/metrics_faithfulness_metrics_PickCube-v1_170m_seed42_logpi_20260615_004816.jsonl:33:d835bde11d555ef751850ea79b6a9bf2aaa689f329892eba8b51746d2d499b6b"",""data/metrics_faithfulness_metrics_PickCube-v1_170m_seed42_logpi_20260615_004816.jsonl:34:b31101a92c7f5c23f2d51c02b17a82bcb03586b8184c8bcf6805931a55f08075"",""data/metrics_faithfulness_metrics_PickCube-v1_170m_seed42_logpi_20260615_004816.jsonl:35:02b836e812631c37d2575a78422fe04c1c48f8644cd56d9cb0e9b5b233de0366"",""data/metrics_faithfulness_metrics_PickCube-v1_170m_seed42_logpi_20260615_004816.jsonl:36:c6d0b7ad8451472cc5c88abb18dcf0e1e2f75a6df2d5d99f2c388fe0622e6f25"",""data/metrics_faithfulness_metrics_PickCube-v1_170m_seed42_logpi_20260615_004816.jsonl:37:6cf35df9255ca6a6bf8dc4e15a4c68eef0a82d71efb97d13b0939cd1a44ba732"",""data/metrics_faithfulness_metrics_PickCube-v1_170m_seed42_logpi_20260615_004816.jsonl:38:fb64a0952d68efcfeb13a13f5aa370f510bf5ad8b361d870852343cbd3f6ed6b"",""data/metrics_faithfulness_metrics_PickCube-v1_170m_seed42_logpi_20260615_004816.jsonl:39:e3459a1cbf2e1c0a6b6c935c455519df3135d04aa4f502a39dac17e0c663cc0e"",""data/metrics_faithfulness_metrics_PickCube-v1_170m_seed42_logpi_20260615_004816.jsonl:40:9c35bf9ecf4f609ecb1a64bd3e0a76071612a7520c59a744191cf2f60cd17900"",""data/metrics_faithfulness_metrics_PickCube-v1_170m_seed42_logpi_20260615_004816.jsonl:41:e695c3bb33ffe5aa84c42d9e560b1019bc2edd632281e3b0994b79233110070c"",""data/metrics_faithfulness_metrics_PickCube-v1_170m_seed42_logpi_20260615_004816.jsonl:42:fb82b2b1e30191700ca36c38017cb43c8be82cb40994c07cc1cfdef3ea314de8"",""data/metrics_faithfulness_metrics_PickCube-v1_170m_seed42_logpi_20260615_004816.jsonl:43:105dae72c068ab95c34a920aa1e2f353f2b2072955b23b05eaaad1762aa33e3b"",""data/metrics_faithfulness_metrics_PickCube-v1_170m_seed42_logpi_20260615_004816.jsonl:44:048425d1790f01882510a065d0b3dd2a15cf3fc81ba9c9ae4f67057e01f36f17"",""data/metrics_faithfulness_metrics_PickCube-v1_170m_seed42_logpi_20260615_004816.jsonl:45:a8788eb2125737ebb54970442b920338b2aa27aa426b6bcf01cacc1003b8020c"",""data/metrics_faithfulness_metrics_PickCube-v1_170m_seed42_logpi_20260615_004816.jsonl:46:4d7597ee96e888da9b2b6f9f897c2c248f0fff6c89e5ab3e751a87170c26f84f"",""data/metrics_faithfulness_metrics_PickCube-v1_170m_seed42_logpi_20260615_004816.jsonl:47:622fdf6a41d18959ad206bff3e41ee4af3d195de82c8aad7c2f3222e3f72adba"",""data/metrics_faithfulness_metrics_PickCube-v1_170m_seed42_logpi_20260615_004816.jsonl:48:811eb572be0a32c238003129c6eade0dcab45dd7bb475ce5305c71566a2599da"",""data/metrics_faithfulness_metrics_PickCube-v1_170m_seed42_logpi_20260615_004816.jsonl:49:07f6cb510bc387aa9ed7b3e686f8667faddc2f2c2e6a6278688cdb2625e8799b"",""data/metrics_faithfulness_metrics_PickCube-v1_170m_seed42_logpi_20260615_004816.jsonl:50:0a84b39c3dc9a1151c507f63f1979cbcc848fb2f066fc0d43500d4fd15cd8e74""]",0.15065375312782447,-0.00027049145082349836,0.0
Q:lang:deletion,Q,lang,deletion,57180f2d5963a743c6d02f3de4b34a4ef7f915b70d21c40ba6475db6c65a2e80,25,25,-0.5619366034191523,"[""data/metrics_faithfulness_metrics_PickCube-v1_170m_seed42_logpi_20260615_004816.jsonl:176:de71ba923646fd9144a4408621483b7d421aec2eacc47a1f31b2ecb1f669fc6c"",""data/metrics_faithfulness_metrics_PickCube-v1_170m_seed42_logpi_20260615_004816.jsonl:177:1c8f1de08b050dce4d308fff7a8fa974f316d2482ffd86e6cb08dffde201b557"",""data/metrics_faithfulness_metrics_PickCube-v1_170m_seed42_logpi_20260615_004816.jsonl:178:a7aab14fbf069148f3565aef9f774f050e8abc592e2fdc6be5d961e2dc0338d9"",""data/metrics_faithfulness_metrics_PickCube-v1_170m_seed42_logpi_20260615_004816.jsonl:179:9f47757c3e0ea9d10c83946fec1f545d6d984b92e9fe0b338a08f403321ccb30"",""data/metrics_faithfulness_metrics_PickCube-v1_170m_seed42_logpi_20260615_004816.jsonl:180:9b3b8eaaf0b4a698bc471e350007a7968033216df2a1fc9ffb268a7aacc872ac"",""data/metrics_faithfulness_metrics_PickCube-v1_170m_seed42_logpi_20260615_004816.jsonl:181:a87414bd912b042d9e9660837734ace2e838ca0eeeb8e66a8dd645f0b8166487"",""data/metrics_faithfulness_metrics_PickCube-v1_170m_seed42_logpi_20260615_004816.jsonl:182:ec22cb0e482dc7f31d3f5eb427d0d47f08171e96baff649ae2c241f27fbbc57a"",""data/metrics_faithfulness_metrics_PickCube-v1_170m_seed42_logpi_20260615_004816.jsonl:183:a84e5f380dd838a5dd0b33fbfb82403140d6d9cdf9ed782952b91a59414cb853"",""data/metrics_faithfulness_metrics_PickCube-v1_170m_seed42_logpi_20260615_004816.jsonl:184:990b7ced42acaa6eebb5fe95920a39e921fabdf51b90ec45164e960933782ddf"",""data/metrics_faithfulness_metrics_PickCube-v1_170m_seed42_logpi_20260615_004816.jsonl:185:1a9c987eae43351fe503741be4aee11a69c92b3253ed205c87a597ae44b0521e"",""data/metrics_faithfulness_metrics_PickCube-v1_170m_seed42_logpi_20260615_004816.jsonl:186:6b258b0248fb9310536bd6fa6fcdb6a559958c1fdc48d7976b6c1130a32e3fc2"",""data/metrics_faithfulness_metrics_PickCube-v1_170m_seed42_logpi_20260615_004816.jsonl:187:79582e871ca95bb9e44224907f7619f25fdb591a3b723259bc25da1d7a29ba5a"",""data/metrics_faithfulness_metrics_PickCube-v1_170m_seed42_logpi_20260615_004816.jsonl:188:523f759cfe7abaa87e8b3a7483185e8550df5f990ac392214ff6dd5950e189f4"",""data/metrics_faithfulness_metrics_PickCube-v1_170m_seed42_logpi_20260615_004816.jsonl:189:049bc7fac573b397dc104c3365b24db21472c363417d505d7126f9dfe28c6594"",""data/metrics_faithfulness_metrics_PickCube-v1_170m_seed42_logpi_20260615_004816.jsonl:190:f8525ae2a8ccac96ac0889a2dcc1264a1372dd05f5e4f21c8ac458f972003359"",""data/metrics_faithfulness_metrics_PickCube-v1_170m_seed42_logpi_20260615_004816.jsonl:191:4a0522ecf0914e619666a24f81dd63f19b813e3cb9f5eb9512fdef6346aea7ae"",""data/metrics_faithfulness_metrics_PickCube-v1_170m_seed42_logpi_20260615_004816.jsonl:192:306599d4dd5ad38b045e51f039841587f2a641b17a74528d56a15a4c8371b383"",""data/metrics_faithfulness_metrics_PickCube-v1_170m_seed42_logpi_20260615_004816.jsonl:193:b1fab6a0918f3820aa0dd698e7714714eb559e0f0eb463828778514c7f479838"",""data/metrics_faithfulness_metrics_PickCube-v1_170m_seed42_logpi_20260615_004816.jsonl:194:298af5ab29ee53f933bf61c976e505b91b953ac238c3ab72190cdc80b96cac21"",""data/metrics_faithfulness_metrics_PickCube-v1_170m_seed42_logpi_20260615_004816.jsonl:195:a46d26d68ba18c94bf5460ffd841966eb68dd7479f0b695979f8ebb58871e66c"",""data/metrics_faithfulness_metrics_PickCube-v1_170m_seed42_logpi_20260615_004816.jsonl:196:c495b552757d032740854bb33e82445847681dccfa605f0f0da9c8128600eec3"",""data/metrics_faithfulness_metrics_PickCube-v1_170m_seed42_logpi_20260615_004816.jsonl:197:23e1446c9473081b069fe2dd93d79dee0a3a33a7f90c4b0ad826f6b997b3ec59"",""data/metrics_faithfulness_metrics_PickCube-v1_170m_seed42_logpi_20260615_004816.jsonl:198:ed116e3b76575fe1cdb80365caefb3c8f742a88634a3762878ebe5e4043aa031"",""data/metrics_faithfulness_metrics_PickCube-v1_170m_seed42_logpi_20260615_004816.jsonl:199:416b5d6aaf16436ede9f060552f258d6c4f4fcb4067d96752bf4d4bdd40b7b07"",""data/metrics_faithfulness_metrics_PickCube-v1_170m_seed42_logpi_20260615_004816.jsonl:200:a45a638a040ef50808991303019651d714b79d2944a1b85c70496c35aa55d409""]",0.12641236660052935,-0.6883489700196815,0.0
Q:lang:deletion,Q,lang,deletion,6c42961992ab88301c39acdc8d3f1f01c00d844d7c33a373beb53f7e28644052,25,25,-0.054050783799051844,"[""data/metrics_faithfulness_metrics_PickCube-v1_170m_seed142_logpi_20260615_004405.jsonl:276:be38388f73b3943d0b5b4f7e0ff7c27e4d9263fb07c7d8abe7c3189b6844bc2c"",""data/metrics_faithfulness_metrics_PickCube-v1_170m_seed142_logpi_20260615_004405.jsonl:277:49a48c583e72aedff1767b3ba53dc1280ec38f419f4c77920df76a620bc9d2fa"",""data/metrics_faithfulness_metrics_PickCube-v1_170m_seed142_logpi_20260615_004405.jsonl:278:5352f185e22958dc0d44024a6363b7fedf7f3c038293317f986c21282485e06d"",""data/metrics_faithfulness_metrics_PickCube-v1_170m_seed142_logpi_20260615_004405.jsonl:279:ef03fcf08413b6b9ffdb3922b1dfb74df5ffe83774cec0927a7f6cfb3c05e8dc"",""data/metrics_faithfulness_metrics_PickCube-v1_170m_seed142_logpi_20260615_004405.jsonl:280:dee0cf43fc013f1bcd4bbc6392b916dd1fae351d5e6d5447ade5cd0bfed82a04"",""data/metrics_faithfulness_metrics_PickCube-v1_170m_seed142_logpi_20260615_004405.jsonl:281:ecfbf7a1e67919ba08320ce93c19f9a81343ab9bfafb4da2707b005aaf136a76"",""data/metrics_faithfulness_metrics_PickCube-v1_170m_seed142_logpi_20260615_004405.jsonl:282:76c1f1b0826071d647046d4d10bdc454231eb45e7658029b0676a019007095ca"",""data/metrics_faithfulness_metrics_PickCube-v1_170m_seed142_logpi_20260615_004405.jsonl:283:17fe76d85483781660c3b96dccfa2ff92b311e2aa9bab8c26310abece52e9288"",""data/metrics_faithfulness_metrics_PickCube-v1_170m_seed142_logpi_20260615_004405.jsonl:284:127fd0c03e7d88618a71f1784d269e0ccbfac7c8dea83b4fa892841ff7283821"",""data/metrics_faithfulness_metrics_PickCube-v1_170m_seed142_logpi_20260615_004405.jsonl:285:f1e7729977fdc75ce45afbe6818632947af8a3930fa71d6f177dc304877b6fc7"",""data/metrics_faithfulness_metrics_PickCube-v1_170m_seed142_logpi_20260615_004405.jsonl:286:0ff48c5419772614615c971ae02fbc67e2af255dc6160a23943263e1d21ec26d"",""data/metrics_faithfulness_metrics_PickCube-v1_170m_seed142_logpi_20260615_004405.jsonl:287:9315c9848ea53be645fa74d1a82a842d46eda74624b81647f83740fd8bbdb330"",""data/metrics_faithfulness_metrics_PickCube-v1_170m_seed142_logpi_20260615_004405.jsonl:288:60f84196cdca89e9ff5b18a7bb26ee726744a41e3e2d29e3201645b8bce29c8a"",""data/metrics_faithfulness_metrics_PickCube-v1_170m_seed142_logpi_20260615_004405.jsonl:289:6dfb2a2f3f42bb43413513eed4b8490e159b702900ab5829a12497d6adbbbfc2"",""data/metrics_faithfulness_metrics_PickCube-v1_170m_seed142_logpi_20260615_004405.jsonl:290:691629bcf648c77b91593f4861a44f9104b496bbe74ae8f6739619b85d75fffd"",""data/metrics_faithfulness_metrics_PickCube-v1_170m_seed142_logpi_20260615_004405.jsonl:291:5585630e01e4a5182bd5ccdb833fb3784e987025c7760f7362b5bb82899cd73f"",""data/metrics_faithfulness_metrics_PickCube-v1_170m_seed142_logpi_20260615_004405.jsonl:292:dd86108115957fb11de0ae7ae3b5bdb57838b4649d3bbee7b1c7ca47852b1e52"",""data/metrics_faithfulness_metrics_PickCube-v1_170m_seed142_logpi_20260615_004405.jsonl:293:34efb0092adb93d38b0da71a6f810c73a7b4a1a9d75fbd6a54c43af9a1cd6ba4"",""data/metrics_faithfulness_metrics_PickCube-v1_170m_seed142_logpi_20260615_004405.jsonl:294:aaa5a7f47865cc12e5d1b57ef9310574a01f9e70a93fea0a56cc6862eeb37370"",""data/metrics_faithfulness_metrics_PickCube-v1_170m_seed142_logpi_20260615_004405.jsonl:295:3ab7f6a0a1a3f3a13629b41e4b2b7d163779a7fb172367b124e2510b8629ae5d"",""data/metrics_faithfulness_metrics_PickCube-v1_170m_seed142_logpi_20260615_004405.jsonl:296:e2de12258dd3cb7002013f0dc723a9ff1433ec1150cf701ff7f58d049102f316"",""data/metrics_faithfulness_metrics_PickCube-v1_170m_seed142_logpi_20260615_004405.jsonl:297:0d336b089371c898abef21709f5d501bda6cb6d8e10926d3a6681b6c2b6e9bb8"",""data/metrics_faithfulness_metrics_PickCube-v1_170m_seed142_logpi_20260615_004405.jsonl:298:0558094f64dd14b1bc18070326910f51ee0deb9a0289e7d389c9d7ec65dcd650"",""data/metrics_faithfulness_metrics_PickCube-v1_170m_seed142_logpi_20260615_004405.jsonl:299:d9c4f164896df1f489221c106aec7e0f88de46595dc6519df007a5b37fdc286d"",""data/metrics_faithfulness_metrics_PickCube-v1_170m_seed142_logpi_20260615_004405.jsonl:300:20dd4cf9d7fd6d02f68768da2b3c7282d3ec0517abd64c8f37e3db8329e05ab5""]",0.10035975241869773,-0.1544105362177496,0.0
Q:lang:deletion,Q,lang,deletion,720fde762f6c62dae4e5af8dd651c00e581445d595da3e14a0d7c45688473c5c,25,25,0.0677229942765967,"[""data/metrics_faithfulness_metrics_PickCube-v1_170m_seed142_logpi_20260615_004405.jsonl:101:d84ac3a68f7a21cd0eb07bf13047db88c4f7a31e7eccf57f25ae3ae0d17f7a89"",""data/metrics_faithfulness_metrics_PickCube-v1_170m_seed142_logpi_20260615_004405.jsonl:102:d8d66d2c8914cc13a32fd39a381b42c17dc6347eb61843779d2ff39d63d032da"",""data/metrics_faithfulness_metrics_PickCube-v1_170m_seed142_logpi_20260615_004405.jsonl:103:34fa0726f054731e776c74e549c0cb14b448d94d2a70d4538a00d80e9bce65d2"",""data/metrics_faithfulness_metrics_PickCube-v1_170m_seed142_logpi_20260615_004405.jsonl:104:6328c894a18b0b314feca629c4344f96f16c89053f4eca2bf5e835cc9e378e68"",""data/metrics_faithfulness_metrics_PickCube-v1_170m_seed142_logpi_20260615_004405.jsonl:105:2a2f9b12031a739237e1d0dd3870f3423fe58b75b7054de9332c1a3d896a6b85"",""data/metrics_faithfulness_metrics_PickCube-v1_170m_seed142_logpi_20260615_004405.jsonl:106:ab22d9c8febfd4d94cadf3d39da4365a8a688c0b58d2ff04e37bc868aef7509e"",""data/metrics_faithfulness_metrics_PickCube-v1_170m_seed142_logpi_20260615_004405.jsonl:107:40436ae9e520d79b92d5d548491c9acbae095709f599ffa7479576e44140f8d2"",""data/metrics_faithfulness_metrics_PickCube-v1_170m_seed142_logpi_20260615_004405.jsonl:108:64a89141e050fbfbf6b9c5c98850f3f68eadda27862b48dc7c77e495ed018fba"",""data/metrics_faithfulness_metrics_PickCube-v1_170m_seed142_logpi_20260615_004405.jsonl:109:27c6971bf107ca4e83ea3731afb66e7d5429e717b14be10b8fcaba7369ed42b9"",""data/metrics_faithfulness_metrics_PickCube-v1_170m_seed142_logpi_20260615_004405.jsonl:110:eb5d280cfa34428276c92d25e620df8eaecd026e3d50f6583d8f4b6770918f2f"",""data/metrics_faithfulness_metrics_PickCube-v1_170m_seed142_logpi_20260615_004405.jsonl:111:e826e8718fc54c874c617870bc82fd3592067c823eefd92cfc6d4d6425415cac"",""data/metrics_faithfulness_metrics_PickCube-v1_170m_seed142_logpi_20260615_004405.jsonl:112:01942531ff447c9af48f99f1b9a6d476df3648a55e96da6dbef91417de42a0ee"",""data/metrics_faithfulness_metrics_PickCube-v1_170m_seed142_logpi_20260615_004405.jsonl:113:241f0c469ede0af7300d3edc80309fe44d346a6a0608c6ed582648e8da66ce5b"",""data/metrics_faithfulness_metrics_PickCube-v1_170m_seed142_logpi_20260615_004405.jsonl:114:ac9e86e26e242a5c93038740a0d8747698e36fcf26932b21d9be5e1ffeac0612"",""data/metrics_faithfulness_metrics_PickCube-v1_170m_seed142_logpi_20260615_004405.jsonl:115:6601c834b5c1a620ac650ac32612de3753bd24b6ca09ce2a17a0663c74d7b0fe"",""data/metrics_faithfulness_metrics_PickCube-v1_170m_seed142_logpi_20260615_004405.jsonl:116:e46a6a1cffe7d8b2951afa657608ff689669a4ebafa0f25b60f4e01426871ff2"",""data/metrics_faithfulness_metrics_PickCube-v1_170m_seed142_logpi_20260615_004405.jsonl:117:f4323bf97a7c9c47e04ff453ae3c735af238812026bcf1a048845d2e35514750"",""data/metrics_faithfulness_metrics_PickCube-v1_170m_seed142_logpi_20260615_004405.jsonl:118:4400ad84a0d300dde33ff17b6f166ad4d89760ee2f8d8d04a5d7abd9a6ad4f43"",""data/metrics_faithfulness_metrics_PickCube-v1_170m_seed142_logpi_20260615_004405.jsonl:119:e036717c54a44bec2d11a2b5b1daadf68ded3b1a963acd1d41a5c65ac2a348fa"",""data/metrics_faithfulness_metrics_PickCube-v1_170m_seed142_logpi_20260615_004405.jsonl:120:4f004856e120c8bf7e32b5c8b56cfe21c46c48d43395dd2f941b63c9ce7b712b"",""data/metrics_faithfulness_metrics_PickCube-v1_170m_seed142_logpi_20260615_004405.jsonl:121:f293b3a325432ca14c0b8aa3ae7c02ba4f06e904eceeda6556fbdd02fd114792"",""data/metrics_faithfulness_metrics_PickCube-v1_170m_seed142_logpi_20260615_004405.jsonl:122:69ab1da11fd92b048f15447e7fd3e1a1b7f9cf853a6f97c080e0a4fb4523d665"",""data/metrics_faithfulness_metrics_PickCube-v1_170m_seed142_logpi_20260615_004405.jsonl:123:101e2dd66633575fdca169da803384e7171624f1384e34a0aebfa413ff2a1e0e"",""data/metrics_faithfulness_metrics_PickCube-v1_170m_seed142_logpi_20260615_004405.jsonl:124:f57b38dd0fa793d5494eac20f21ed4c2d35625de470aeaaed41785a21a485e8f"",""data/metrics_faithfulness_metrics_PickCube-v1_170m_seed142_logpi_20260615_004405.jsonl:125:b7a060aaf82fe6f8c29197194d314a0d449708e86ff18dce7419aaa91c94bccf""]",0.09760161552941157,-0.02987862125281487,0.0
Q:lang:deletion,Q,lang,deletion,7ce98adc11b35cf9a2f02a619d8a242f5e50d863c2ab6433dab3216f92d50e31,25,25,0.02333156146781923,"[""data/metrics_faithfulness_metrics_PickCube-v1_170m_seed42_logpi_20260615_004816.jsonl:201:d086f255afa235a02534cbcc8c27f170bf0cda99c6777603b67bd87b2b33b33f"",""data/metrics_faithfulness_metrics_PickCube-v1_170m_seed42_logpi_20260615_004816.jsonl:202:357fe1267bcab3c3ecad05f5b5e3206d54ac4d475342904f00a2edb12aee2b72"",""data/metrics_faithfulness_metrics_PickCube-v1_170m_seed42_logpi_20260615_004816.jsonl:203:7cf199c5b1c189f95634ff465275073cd28de0b291ce67f099b3a7962058ec25"",""data/metrics_faithfulness_metrics_PickCube-v1_170m_seed42_logpi_20260615_004816.jsonl:204:3255ccd05e6cbe1aab2f60d7402fa0a7b63eba9c39b28a961785dc204e036d0b"",""data/metrics_faithfulness_metrics_PickCube-v1_170m_seed42_logpi_20260615_004816.jsonl:205:0d3122462ed9e4fd102d758acdfcae2b4c5ed972b31ef1ac0e03e74308976502"",""data/metrics_faithfulness_metrics_PickCube-v1_170m_seed42_logpi_20260615_004816.jsonl:206:dff7f3ad807846c049ced4ffedd3d458081eee24256945bbdf1c98ae155ade24"",""data/metrics_faithfulness_metrics_PickCube-v1_170m_seed42_logpi_20260615_004816.jsonl:207:14f5edd57a2177a0a8951904576b4dc5f05fe2bc331a0cdc34258bb2a01895dc"",""data/metrics_faithfulness_metrics_PickCube-v1_170m_seed42_logpi_20260615_004816.jsonl:208:5d0f7421e4eba6467e9d84c676c8d0321f3f5b745eda7a2c9ea6d3e3d41a59ea"",""data/metrics_faithfulness_metrics_PickCube-v1_170m_seed42_logpi_20260615_004816.jsonl:209:aa00ba13417c0ff4f0292b268f9b2062046bb5ae8acdb2f59a0a55f48017ad5d"",""data/metrics_faithfulness_metrics_PickCube-v1_170m_seed42_logpi_20260615_004816.jsonl:210:1c12c6176dd395cf327d1d20b04cadd0de4de51eac5bfc3572c9e3e579c23671"",""data/metrics_faithfulness_metrics_PickCube-v1_170m_seed42_logpi_20260615_004816.jsonl:211:75319b8c60756f2c710a0b8697a4b9fad3da00cdb4b045bd8d23509b5a00155f"",""data/metrics_faithfulness_metrics_PickCube-v1_170m_seed42_logpi_20260615_004816.jsonl:212:cbf08a786f2f78c73737f8248df5e3ac375fea3ed9aadedcfc60ca176e3ce207"",""data/metrics_faithfulness_metrics_PickCube-v1_170m_seed42_logpi_20260615_004816.jsonl:213:e597b84f0189fa2d2e56e9d1bbf1f10cba252ef9bff10c27b1b4f9a73ec34a28"",""data/metrics_faithfulness_metrics_PickCube-v1_170m_seed42_logpi_20260615_004816.jsonl:214:abcec5cda06a69d623615a12435e2dea5db7617dc3f3664b65e91f944c1987ee"",""data/metrics_faithfulness_metrics_PickCube-v1_170m_seed42_logpi_20260615_004816.jsonl:215:77c7502d799375a0e991e54c33fc1b3f4fb8aad645916adc0cde42ac49d6650a"",""data/metrics_faithfulness_metrics_PickCube-v1_170m_seed42_logpi_20260615_004816.jsonl:216:96886d6d7c2f6db8514d662e3df7d7f986f6cb0a9d0838af1b8b4a26348ffc18"",""data/metrics_faithfulness_metrics_PickCube-v1_170m_seed42_logpi_20260615_004816.jsonl:217:7af572e7d959ddfdf62217db686587d8a60638982e00c71b7a166a6ba6c0f3b8"",""data/metrics_faithfulness_metrics_PickCube-v1_170m_seed42_logpi_20260615_004816.jsonl:218:8f758cfa6196153dd377bb120fcefb62a2170a559538b1595a6b5801f1029313"",""data/metrics_faithfulness_metrics_PickCube-v1_170m_seed42_logpi_20260615_004816.jsonl:219:930941323bb26e3444004bfc77c245a06602c64f5a2dd8af28b5b96852a68b95"",""data/metrics_faithfulness_metrics_PickCube-v1_170m_seed42_logpi_20260615_004816.jsonl:220:3d0fbbff9313b9477a659fc87b7dd5265413a5ac0d40715af167334b495cf8dd"",""data/metrics_faithfulness_metrics_PickCube-v1_170m_seed42_logpi_20260615_004816.jsonl:221:9812ff9dbf6609ac4c2d98fb69db4e24dbc3fca523815f7e71b7e1e464231e1b"",""data/metrics_faithfulness_metrics_PickCube-v1_170m_seed42_logpi_20260615_004816.jsonl:222:3e04b4574af4041c43355bd40de8ad52c3e2514ec7c0656235acb2f990a74fa1"",""data/metrics_faithfulness_metrics_PickCube-v1_170m_seed42_logpi_20260615_004816.jsonl:223:ba33a41e469677070d7ffbf1c7a532fce286c7899576165e81cb0f975a2b9ba5"",""data/metrics_faithfulness_metrics_PickCube-v1_170m_seed42_logpi_20260615_004816.jsonl:224:bfb98e3fe18a5d62e5944a1e46e43015a2fe821c899b9c69314fa149cb61d175"",""data/metrics_faithfulness_metrics_PickCube-v1_170m_seed42_logpi_20260615_004816.jsonl:225:d44f2bd606f98b97c2f00ebc915f4dbae3e4e0169e8d73eecb6d4990fe0370b9""]",0.0869315426424249,-0.06359998117460569,0.0
Q:lang:deletion,Q,lang,deletion,860a3dc5f4499c9f3e5253392dca557647000224ab7d5834c454c0dd2935d52b,25,25,0.03697348277477488,"[""data/metrics_faithfulness_metrics_PickCube-v1_170m_seed42_logpi_20260615_004816.jsonl:101:95ccfd435d277fea30b9ec542a2176a8e45733f42da53700b60a2d307881e803"",""data/metrics_faithfulness_metrics_PickCube-v1_170m_seed42_logpi_20260615_004816.jsonl:102:fce851d8a88d547d407bd04f36fbe5eb9aa8daed80550de150c516e51590ad32"",""data/metrics_faithfulness_metrics_PickCube-v1_170m_seed42_logpi_20260615_004816.jsonl:103:a26fde6dd33ba767bc7b953491020d74f26cd0bce33f07628d6f73f3c6340c78"",""data/metrics_faithfulness_metrics_PickCube-v1_170m_seed42_logpi_20260615_004816.jsonl:104:672a1eaaa02cafaf0340fd2cca6053b1006ce80271c4c5562c9f38f56e719102"",""data/metrics_faithfulness_metrics_PickCube-v1_170m_seed42_logpi_20260615_004816.jsonl:105:592d3973a85c22910aca2ade4e756f70ae71a6525907e583a2411181d65c553c"",""data/metrics_faithfulness_metrics_PickCube-v1_170m_seed42_logpi_20260615_004816.jsonl:106:d2a18ff48b114455ed8ca8812354ed7945cd0e211cba54a504d38bbfdeaa89ae"",""data/metrics_faithfulness_metrics_PickCube-v1_170m_seed42_logpi_20260615_004816.jsonl:107:f67ea7b8ceafbf908e2ef9aa5f86f5345d256f8859bd3e315f5215b6113dfecc"",""data/metrics_faithfulness_metrics_PickCube-v1_170m_seed42_logpi_20260615_004816.jsonl:108:4b50f5af05ae15c48bd21715247952152832d4c9752a9ae7e43324aa8623b5b0"",""data/metrics_faithfulness_metrics_PickCube-v1_170m_seed42_logpi_20260615_004816.jsonl:109:5d5de8f028b86031852ff712892129157038188f89433c5888200ced81285daf"",""data/metrics_faithfulness_metrics_PickCube-v1_170m_seed42_logpi_20260615_004816.jsonl:110:648829af48fca7d5a9df14d55ef60f16475219ee4b4717dd8d39a8a1f651bdc5"",""data/metrics_faithfulness_metrics_PickCube-v1_170m_seed42_logpi_20260615_004816.jsonl:111:f8aee473bff6b5a2dfdcb3ec216cdf12bde0462b04f2291873f2b55f8c35fced"",""data/metrics_faithfulness_metrics_PickCube-v1_170m_seed42_logpi_20260615_004816.jsonl:112:6da3427f4c59a6ba12daba36e74c686958690824be682249fc5a560eedd9179b"",""data/metrics_faithfulness_metrics_PickCube-v1_170m_seed42_logpi_20260615_004816.jsonl:113:984d5dbd940ec155640149ed59ab643bb345bd3e3295d6f77918241ae9964c87"",""data/metrics_faithfulness_metrics_PickCube-v1_170m_seed42_logpi_20260615_004816.jsonl:114:ec1cd7c7fc1213053f36bfa5bf6841fc9b78fec5e5f8dd8e3c8a381cda342144"",""data/metrics_faithfulness_metrics_PickCube-v1_170m_seed42_logpi_20260615_004816.jsonl:115:7c7e84970ab4d02d2e704816feb83fb5126dc7e68670c79df75a35019ed0bdb5"",""data/metrics_faithfulness_metrics_PickCube-v1_170m_seed42_logpi_20260615_004816.jsonl:116:c765ebed5528fc96694064586b7909171526693a9d4d8cd0895bebb272e1b84f"",""data/metrics_faithfulness_metrics_PickCube-v1_170m_seed42_logpi_20260615_004816.jsonl:117:0c147b34a581466a772166c57fa018c1c038df2d35f2f1a1aca7e98ad0c692bf"",""data/metrics_faithfulness_metrics_PickCube-v1_170m_seed42_logpi_20260615_004816.jsonl:118:7765696d5493cd391cab5168684641381fd25876ab3e921d5971ad5c4d065f3d"",""data/metrics_faithfulness_metrics_PickCube-v1_170m_seed42_logpi_20260615_004816.jsonl:119:1e6a2790d3ea04843290cd33069985f1b15f45a832713d3f557801d82a8e4e48"",""data/metrics_faithfulness_metrics_PickCube-v1_170m_seed42_logpi_20260615_004816.jsonl:120:fbe41dc70fd2fb3f52809d7ad1fde492f708d194642670fdfe3c79240e0bfe26"",""data/metrics_faithfulness_metrics_PickCube-v1_170m_seed42_logpi_20260615_004816.jsonl:121:4ddf7711fab166713f741c238cfe65bb3a471a4968a7caea3916851b9052cc52"",""data/metrics_faithfulness_metrics_PickCube-v1_170m_seed42_logpi_20260615_004816.jsonl:122:80e29d8d50d3930a4a0dfeab91c9cd3331d7102d250047545a3adcca384d4dcd"",""data/metrics_faithfulness_metrics_PickCube-v1_170m_seed42_logpi_20260615_004816.jsonl:123:334837cd1501a889ca7279c0fc23a8762d9a85af8a355a69acd4427127861896"",""data/metrics_faithfulness_metrics_PickCube-v1_170m_seed42_logpi_20260615_004816.jsonl:124:e9cd986193c63320474f2a269ca4d90fdd13f86d380fec31b2be879e00f26ffa"",""data/metrics_faithfulness_metrics_PickCube-v1_170m_seed42_logpi_20260615_004816.jsonl:125:bdf12bd7819d0760468e91e737bba6a97220bbf4361e9ed269af9f446fe00b3f""]",0.10765996569625738,-0.0706864829214825,0.0
Q:lang:deletion,Q,lang,deletion,89eb57f93f61eb027f51494b520be3e00cd1717cb71c4f147fb40fb27e1e90d4,25,25,0.08525839185751082,"[""data/metrics_faithfulness_metrics_PickCube-v1_170m_seed142_logpi_20260615_004405.jsonl:51:82a72577a13b55ad26117d9fe525352083ec50cb6dac39c33df002d3c1c72a06"",""data/metrics_faithfulness_metrics_PickCube-v1_170m_seed142_logpi_20260615_004405.jsonl:52:35ad33490cbd78c5c78979e636b99c397199432bd093702b81238e154d1a9aac"",""data/metrics_faithfulness_metrics_PickCube-v1_170m_seed142_logpi_20260615_004405.jsonl:53:c6df5f8903995bb19cc540ab6b4785a2e751e5841084ee269bd4bd9cb9466fee"",""data/metrics_faithfulness_metrics_PickCube-v1_170m_seed142_logpi_20260615_004405.jsonl:54:78fcfa0c493b02f62d081e9244b373ffbb213661359a2b24792936265c9398f0"",""data/metrics_faithfulness_metrics_PickCube-v1_170m_seed142_logpi_20260615_004405.jsonl:55:563b420b26180a0ea522bc94d0fe65eb1d18e5f83d2353d17a37767a16b696c7"",""data/metrics_faithfulness_metrics_PickCube-v1_170m_seed142_logpi_20260615_004405.jsonl:56:d4434d30515dd02103413bd9d6081d10189f8aa09e8a128742d0b14a52b5915e"",""data/metrics_faithfulness_metrics_PickCube-v1_170m_seed142_logpi_20260615_004405.jsonl:57:f2cd077289d9a7630d6eb8267bbcde228de9f329d1627328d2bee704d0688680"",""data/metrics_faithfulness_metrics_PickCube-v1_170m_seed142_logpi_20260615_004405.jsonl:58:76ab2ffd739b130db2a337932e89fdb663acbaefa1f5720947f49195b6f1dcce"",""data/metrics_faithfulness_metrics_PickCube-v1_170m_seed142_logpi_20260615_004405.jsonl:59:0fd1b06d3c23c0ecaa6600d96c06382ab9a8a9a4dfbe3d2e7218ada40345ab6a"",""data/metrics_faithfulness_metrics_PickCube-v1_170m_seed142_logpi_20260615_004405.jsonl:60:14b2891dffeb2497149983bfa7c80b0794542326826d921f9b9198e44c8fa80b"",""data/metrics_faithfulness_metrics_PickCube-v1_170m_seed142_logpi_20260615_004405.jsonl:61:f494eeb28285d246c7315bad22361e67bede8f5c80d0da1752c228eeb80f8801"",""data/metrics_faithfulness_metrics_PickCube-v1_170m_seed142_logpi_20260615_004405.jsonl:62:9ca9d71f9aeafd53f1d09d86a0ee0024eabd4377789d83fac5380393d8da2bff"",""data/metrics_faithfulness_metrics_PickCube-v1_170m_seed142_logpi_20260615_004405.jsonl:63:3137b623bceb20bc605201c0f9aac6c7845c32579f7b5d3a2cfecd3a5e98028e"",""data/metrics_faithfulness_metrics_PickCube-v1_170m_seed142_logpi_20260615_004405.jsonl:64:3014e53b1032bdb0ae005e7c91c66908dbba0d9b00d19b410aac98bff326b89f"",""data/metrics_faithfulness_metrics_PickCube-v1_170m_seed142_logpi_20260615_004405.jsonl:65:3dc6861469df7b9e6e8b9f50c6f4229089b4025a3cdebd5aa119634dd2628cc5"",""data/metrics_faithfulness_metrics_PickCube-v1_170m_seed142_logpi_20260615_004405.jsonl:66:669bcf40dfa98e6751eef344d67988044261ed85099241b44b5af87440cc4d10"",""data/metrics_faithfulness_metrics_PickCube-v1_170m_seed142_logpi_20260615_004405.jsonl:67:8d406e59f06162c596a122a953bbdff17709e68281bc726bd34fc6d321097b23"",""data/metrics_faithfulness_metrics_PickCube-v1_170m_seed142_logpi_20260615_004405.jsonl:68:2568c9d2249ee55a74002ff408bdaa61a5715508fa8d24258839149601e42c0b"",""data/metrics_faithfulness_metrics_PickCube-v1_170m_seed142_logpi_20260615_004405.jsonl:69:a7f50818ccbc7f752bac0be0a1b50f3570b21c6d67fa90ef2a253d5a320fa6d0"",""data/metrics_faithfulness_metrics_PickCube-v1_170m_seed142_logpi_20260615_004405.jsonl:70:ef3ca9f7711cf4a636de55f4f8163ae2ff1e9e0af3b3c6309d4db948f5e9bee3"",""data/metrics_faithfulness_metrics_PickCube-v1_170m_seed142_logpi_20260615_004405.jsonl:71:89509e214b4d0ffab395be6c28034f122f44a9a76e73df8f6cc0737dea076121"",""data/metrics_faithfulness_metrics_PickCube-v1_170m_seed142_logpi_20260615_004405.jsonl:72:9042e8e9b5d4f5b5cdc9f883176f6a510b606d109bcf4e476b444e101d4c2bb6"",""data/metrics_faithfulness_metrics_PickCube-v1_170m_seed142_logpi_20260615_004405.jsonl:73:6cd2fd53cfa297725ada245b8af9fbf809a951be97a77e1722724f6790bf2e40"",""data/metrics_faithfulness_metrics_PickCube-v1_170m_seed142_logpi_20260615_004405.jsonl:74:84fbcf0477ffad03e922245731fc065d95b050a5bcc92a7ec2d3bf29e99c1634"",""data/metrics_faithfulness_metrics_PickCube-v1_170m_seed142_logpi_20260615_004405.jsonl:75:f1db0f9113a63af82ae08b66cf8420d1a4f20f8c1bb252edf276a8fd4f72a7f3""]",0.09436747418909229,-0.00910908233158147,0.0
Q:lang:deletion,Q,lang,deletion,8e4d58f7db69b72d935648c23043aa22e63d11af2add7ba9e0eb7c2b8f463ad0,25,25,-0.0497448047641979,"[""data/metrics_faithfulness_metrics_PickCube-v1_170m_seed142_logpi_20260615_004405.jsonl:226:8c3b30c95197d3d7106ad6f31be6787e56c36b9ec1138ef513a50e858ec58633"",""data/metrics_faithfulness_metrics_PickCube-v1_170m_seed142_logpi_20260615_004405.jsonl:227:54e4c3fad92dafa10a52f10f82c700767dd86f8604b538115be4678def6e2076"",""data/metrics_faithfulness_metrics_PickCube-v1_170m_seed142_logpi_20260615_004405.jsonl:228:426b7b842f77413a440c0ba9051d2bbee7931fea742fe1b15aa67df0a7e0ae5c"",""data/metrics_faithfulness_metrics_PickCube-v1_170m_seed142_logpi_20260615_004405.jsonl:229:4bd640502b42806887cb4f897bfe9d17a5a9a55478dbad9adb2a354bee2688be"",""data/metrics_faithfulness_metrics_PickCube-v1_170m_seed142_logpi_20260615_004405.jsonl:230:566f8b54b28af3287a50e43019bdaa4b57e2b191970909ffe1c4dcd8337ddc6d"",""data/metrics_faithfulness_metrics_PickCube-v1_170m_seed142_logpi_20260615_004405.jsonl:231:a47624cbf1a60ce5ecae7e06eb6385692e52332c32e172deea4e43a55e0c8910"",""data/metrics_faithfulness_metrics_PickCube-v1_170m_seed142_logpi_20260615_004405.jsonl:232:ad7fe92a8e16cfd87d0437cc1a26bf61434ac65440a9507cdffe2afb95e52315"",""data/metrics_faithfulness_metrics_PickCube-v1_170m_seed142_logpi_20260615_004405.jsonl:233:6b7d416d11bc1ffb9311a7324d5f5d79c0f6012b28a18f8fca376fd37e8c2ee9"",""data/metrics_faithfulness_metrics_PickCube-v1_170m_seed142_logpi_20260615_004405.jsonl:234:bf3646b236d13a746a40d732cb33c53e2880bda5ddc79487ea860fcce8f3803f"",""data/metrics_faithfulness_metrics_PickCube-v1_170m_seed142_logpi_20260615_004405.jsonl:235:9b346eec671f8f1619447369dcbd6594589c693e62e8f50b1afb0982149f1c6f"",""data/metrics_faithfulness_metrics_PickCube-v1_170m_seed142_logpi_20260615_004405.jsonl:236:b1fa9a054939df889df18b1a42b73bd5ef809c2aa6363a28ecd856a8efe14e6b"",""data/metrics_faithfulness_metrics_PickCube-v1_170m_seed142_logpi_20260615_004405.jsonl:237:be36bb5a9aa1592de586737304aba8761f9f9c1dbd46e5dcac263e6b8b701a10"",""data/metrics_faithfulness_metrics_PickCube-v1_170m_seed142_logpi_20260615_004405.jsonl:238:673469faa6341f7ddf530fea8cd0e60739086bf5d7842152cf9190e186e63946"",""data/metrics_faithfulness_metrics_PickCube-v1_170m_seed142_logpi_20260615_004405.jsonl:239:533ad1d36664632f365e3a2288ddbb9546fefb273875536c971c6609373a3ebc"",""data/metrics_faithfulness_metrics_PickCube-v1_170m_seed142_logpi_20260615_004405.jsonl:240:870902afa2a8cb88d7c63f548e2776cc540fac7caba38790b9fe9038d52680bf"",""data/metrics_faithfulness_metrics_PickCube-v1_170m_seed142_logpi_20260615_004405.jsonl:241:0fdf5c726554ee05f757968379fca457a9af57766f7a0edd4ee882098a48252f"",""data/metrics_faithfulness_metrics_PickCube-v1_170m_seed142_logpi_20260615_004405.jsonl:242:7187540af38f8ec7c4b059dbe70ab0515de59090dec1a6ad979f3aca0db07550"",""data/metrics_faithfulness_metrics_PickCube-v1_170m_seed142_logpi_20260615_004405.jsonl:243:4f3a19428409fa40732c4deeacd33018d1e8fa6276e6904c63f835a653776cd1"",""data/metrics_faithfulness_metrics_PickCube-v1_170m_seed142_logpi_20260615_004405.jsonl:244:9dbf5c320a95cfce244eb3d805e4bef1a1f3652ccdd1c4e9b190bdc8fd2ddca4"",""data/metrics_faithfulness_metrics_PickCube-v1_170m_seed142_logpi_20260615_004405.jsonl:245:e9c4fc9a77e6b859bf80fb2d5c3b6557f0cf4523e5f59b2e5b5e18d19bbe583a"",""data/metrics_faithfulness_metrics_PickCube-v1_170m_seed142_logpi_20260615_004405.jsonl:246:6d60b9bab3cce5a0c8cc62d54c63b65e6cc16984413a146a02efdc9c54b1ead3"",""data/metrics_faithfulness_metrics_PickCube-v1_170m_seed142_logpi_20260615_004405.jsonl:247:1c90e8b8fb2e7fa1efaf8e14ef2301ac484f3382b1ee17adc4fa81e9bfd33680"",""data/metrics_faithfulness_metrics_PickCube-v1_170m_seed142_logpi_20260615_004405.jsonl:248:2877bdeadbf1976d73f8ceb402431f9fc81c7836328e1148f55bfb81a6f82cca"",""data/metrics_faithfulness_metrics_PickCube-v1_170m_seed142_logpi_20260615_004405.jsonl:249:169118ef418ddc36a9d46a8cae6b5e8573707ccd709d8840e0de68362e182d52"",""data/metrics_faithfulness_metrics_PickCube-v1_170m_seed142_logpi_20260615_004405.jsonl:250:6706dc9dddb30129b3d7f5531aa08346d57fe0548e12b7d52b9ffc3aeea3be80""]",0.10575811042623942,-0.15550291519043735,0.0
Q:lang:deletion,Q,lang,deletion,908849fece084ea1c651025791f44fc1febdc739c4abb18f8eff39fe117fcb99,25,25,-0.03673068784574969,"[""data/metrics_faithfulness_metrics_PickCube-v1_170m_seed42_logpi_20260615_004816.jsonl:351:17a6377f6126d7a97eb8aff1d7d6fbf02328ccc6d4dc948bb903347c98f0647c"",""data/metrics_faithfulness_metrics_PickCube-v1_170m_seed42_logpi_20260615_004816.jsonl:352:fe23a88af265da53df62d140376a2661a045f84dc7feafabc8544c26ee1301b8"",""data/metrics_faithfulness_metrics_PickCube-v1_170m_seed42_logpi_20260615_004816.jsonl:353:eff4b391914ccb23ee427fadb10de02bece0101ecb6bba51d36df2e7a5593222"",""data/metrics_faithfulness_metrics_PickCube-v1_170m_seed42_logpi_20260615_004816.jsonl:354:89cea3ff0336d2c4d41e25911e6cc08c83bc14381e77f17b46edd15e5316131e"",""data/metrics_faithfulness_metrics_PickCube-v1_170m_seed42_logpi_20260615_004816.jsonl:355:5f52733bc2f53acab2f722767491a12fab13a758e2d1f3a863aa0037aa447596"",""data/metrics_faithfulness_metrics_PickCube-v1_170m_seed42_logpi_20260615_004816.jsonl:356:f2971a27f80157bcc1f322a325e6d386b728d209749ab7d84641856f926b259e"",""data/metrics_faithfulness_metrics_PickCube-v1_170m_seed42_logpi_20260615_004816.jsonl:357:11c4530cb17a2f41ba79c13f169d41e5212713064b3e44c0ea65fa31281aca1f"",""data/metrics_faithfulness_metrics_PickCube-v1_170m_seed42_logpi_20260615_004816.jsonl:358:54006e330131ed13649ab795aa2d5ad31ede1fa5b27ff5a62bb9ef38f888de13"",""data/metrics_faithfulness_metrics_PickCube-v1_170m_seed42_logpi_20260615_004816.jsonl:359:51d5651290cca5fe984a0094bd09c61849cf25a2e89bb4b0e2f45dabb4411345"",""data/metrics_faithfulness_metrics_PickCube-v1_170m_seed42_logpi_20260615_004816.jsonl:360:340ccc51edd457369f8c6d26347a6785cf68c097ac477ab899f67adef61d04af"",""data/metrics_faithfulness_metrics_PickCube-v1_170m_seed42_logpi_20260615_004816.jsonl:361:b8dbbc65ea0d9d57d997f4f2529666ecd3309fc6b7478fff3994c80bbcd45dcb"",""data/metrics_faithfulness_metrics_PickCube-v1_170m_seed42_logpi_20260615_004816.jsonl:362:bec3c931e45bc571594bb98fe0aa64284e43a5685e68f39ed997347bb9edfebe"",""data/metrics_faithfulness_metrics_PickCube-v1_170m_seed42_logpi_20260615_004816.jsonl:363:1189798ed0e2d73030c017d50deebea316a3bc9e4a1aa8ab1dcfdee7254c4e1e"",""data/metrics_faithfulness_metrics_PickCube-v1_170m_seed42_logpi_20260615_004816.jsonl:364:ab1f71661425499239ae80734c9f32fa9d5f2a367e52d97d417a44ba34e952ac"",""data/metrics_faithfulness_metrics_PickCube-v1_170m_seed42_logpi_20260615_004816.jsonl:365:14ea1193d65da1be8903ae8d3dfa5744d08f7d21fc6e2bedd7b2dacbbde59d1f"",""data/metrics_faithfulness_metrics_PickCube-v1_170m_seed42_logpi_20260615_004816.jsonl:366:76a7b2984bc0b1f099375ef13a8b734df35cda8659d38b1554a01a825a2d231a"",""data/metrics_faithfulness_metrics_PickCube-v1_170m_seed42_logpi_20260615_004816.jsonl:367:a04bb318804a523cf6be5ee1be9d561dff4c3459a33258e00eef56b092396444"",""data/metrics_faithfulness_metrics_PickCube-v1_170m_seed42_logpi_20260615_004816.jsonl:368:53117526ce126ee29dc4660089fbeb5d35f74d2f6c96ab8c30c84a2401575f66"",""data/metrics_faithfulness_metrics_PickCube-v1_170m_seed42_logpi_20260615_004816.jsonl:369:5a29f918f61dff1d30cb85528202290cf2d73565d145ebe3d06c115c8797badb"",""data/metrics_faithfulness_metrics_PickCube-v1_170m_seed42_logpi_20260615_004816.jsonl:370:ec15cd8014a754d909ed1f27f6edebc69cea12608719b55d0a815876d7c40629"",""data/metrics_faithfulness_metrics_PickCube-v1_170m_seed42_logpi_20260615_004816.jsonl:371:09e806de5a4406d7be070707f4e1666d16d31b030efe02a00974f860b0229c42"",""data/metrics_faithfulness_metrics_PickCube-v1_170m_seed42_logpi_20260615_004816.jsonl:372:70b05e479da75958c94177d7fcc3ba680e608c55dbd947ba423f8368258541a6"",""data/metrics_faithfulness_metrics_PickCube-v1_170m_seed42_logpi_20260615_004816.jsonl:373:f8f4c0b7534d637a2b98f0a9da9623c32c4f1d3e3e842c8947cb45a2b8c33e9a"",""data/metrics_faithfulness_metrics_PickCube-v1_170m_seed42_logpi_20260615_004816.jsonl:374:abde868e32d1a4e0aa917c3822a899346f8cd77239eaa273fbab1a4443355e63"",""data/metrics_faithfulness_metrics_PickCube-v1_170m_seed42_logpi_20260615_004816.jsonl:375:efe0709de5be1b4d78e91bfb7301c113d8bb76073268e9200013558c4bd59004""]",0.09847495487906288,-0.13520564272481256,0.0
Q:lang:deletion,Q,lang,deletion,a0990515c1e2815dbe9b8ca5036b78a86c65a3bf848fbdcdf0be9a6ff56b3e52,25,25,0.14305126544661065,"[""data/metrics_faithfulness_metrics_PickCube-v1_170m_seed42_logpi_20260615_004816.jsonl:151:0267a7673ec971b251be4b25f4d9cf85a9739124a54079d2a29d6d7e7a5e47af"",""data/metrics_faithfulness_metrics_PickCube-v1_170m_seed42_logpi_20260615_004816.jsonl:152:56648af2d6dc693da50d6923e07d40d6b6b3a9f427cee368b0e2a35d67439b37"",""data/metrics_faithfulness_metrics_PickCube-v1_170m_seed42_logpi_20260615_004816.jsonl:153:c69311daadecb0eaeb9bc0d0d3f8a40f5c5ca7dc6ad985ea621e66023ac73a20"",""data/metrics_faithfulness_metrics_PickCube-v1_170m_seed42_logpi_20260615_004816.jsonl:154:ce41718aef4eab593939ed2ee002058a61577f689c3b5829edaa70d77d879617"",""data/metrics_faithfulness_metrics_PickCube-v1_170m_seed42_logpi_20260615_004816.jsonl:155:eca386e5a3318e56c6d105d2112418c6c058a9426dbd7b553fb60eeb18ab1724"",""data/metrics_faithfulness_metrics_PickCube-v1_170m_seed42_logpi_20260615_004816.jsonl:156:1fd3d65be8e07facf558b550af804c22ebaef3a42cc3bd9fa768e0730f3aacc7"",""data/metrics_faithfulness_metrics_PickCube-v1_170m_seed42_logpi_20260615_004816.jsonl:157:b82567c8e245f0c8b744498e9b816e071c500a241753896b3023d6d2f42c8428"",""data/metrics_faithfulness_metrics_PickCube-v1_170m_seed42_logpi_20260615_004816.jsonl:158:6f578eaa0b55eb6882d8bbb07a55fc2a5fd65a8fdfb5f006f2e49084ec9caee0"",""data/metrics_faithfulness_metrics_PickCube-v1_170m_seed42_logpi_20260615_004816.jsonl:159:23a570c1d4f5346218dfa9c17098061b12e4eb5f31410fb3f4bf0cc897a97603"",""data/metrics_faithfulness_metrics_PickCube-v1_170m_seed42_logpi_20260615_004816.jsonl:160:2bb1135a6ba43b4ae4c4032d669647e0e08d2da9ea0a54bc6d36150931b5b7a0"",""data/metrics_faithfulness_metrics_PickCube-v1_170m_seed42_logpi_20260615_004816.jsonl:161:d1f5406335460a5e73a34117ab7163f8761b5660016dc25b5a02abd4d46f57e8"",""data/metrics_faithfulness_metrics_PickCube-v1_170m_seed42_logpi_20260615_004816.jsonl:162:46db0c0cfb060d0e64d068be8fae6250bf57db8df9a8f5cfebe6211ab3964a10"",""data/metrics_faithfulness_metrics_PickCube-v1_170m_seed42_logpi_20260615_004816.jsonl:163:2e4b534c7e08678b4c2ab5b80b5e07b01e4d07ce953db0f0a767c0a14156f1f0"",""data/metrics_faithfulness_metrics_PickCube-v1_170m_seed42_logpi_20260615_004816.jsonl:164:13be42729a0974a4495ff91dd59c1b2afc685e67d2860674305730585bc7effc"",""data/metrics_faithfulness_metrics_PickCube-v1_170m_seed42_logpi_20260615_004816.jsonl:165:78c15d8966ce85ba473a4b15c89d7edbfbfce40358b1a2880374856a04bdc1af"",""data/metrics_faithfulness_metrics_PickCube-v1_170m_seed42_logpi_20260615_004816.jsonl:166:0f7c6a3848836b627cf1dcb2bbdbe97b616ab1d33bc4329030c6cb658387609a"",""data/metrics_faithfulness_metrics_PickCube-v1_170m_seed42_logpi_20260615_004816.jsonl:167:e386e57edb13d256e0e57d3bfda9e8cb5f5829a70ba09dab80afd2eca36d2f8b"",""data/metrics_faithfulness_metrics_PickCube-v1_170m_seed42_logpi_20260615_004816.jsonl:168:7f26aec087fc4c900a1b21f70ba033c012de1c117ec270aa4cec77fcd36496c7"",""data/metrics_faithfulness_metrics_PickCube-v1_170m_seed42_logpi_20260615_004816.jsonl:169:be3869957189c71db65e73f0339c980efd34f5fdd9556eab7ae40927f7ae1862"",""data/metrics_faithfulness_metrics_PickCube-v1_170m_seed42_logpi_20260615_004816.jsonl:170:cd9da702ff204a8e2c205508901a30f11ca8ce5899b7cd33d43e148f2482f9fa"",""data/metrics_faithfulness_metrics_PickCube-v1_170m_seed42_logpi_20260615_004816.jsonl:171:bb48b34804700f2d1a9d8028a17de84bf5d8c5fb183cdb5e77eb7f8adf0f6f60"",""data/metrics_faithfulness_metrics_PickCube-v1_170m_seed42_logpi_20260615_004816.jsonl:172:b1fd3d7c286797f7bc9bb33122b34f368419060b67a537f50a3879a2ad7fb750"",""data/metrics_faithfulness_metrics_PickCube-v1_170m_seed42_logpi_20260615_004816.jsonl:173:9078637c1e35be8190f780a76c33a137fdbc8f7c7d607f2a9078038a9f957a37"",""data/metrics_faithfulness_metrics_PickCube-v1_170m_seed42_logpi_20260615_004816.jsonl:174:f9f710fb7b3a29c6e5e65cffe4a37840ac672251e8e40bfe6d040731e34513a3"",""data/metrics_faithfulness_metrics_PickCube-v1_170m_seed42_logpi_20260615_004816.jsonl:175:ddf037e43cbdd8f07490fdd62da72e55903abb569a47892fc5af236606743713""]",0.16652096388164794,-0.023469698435037302,0.0
Q:lang:deletion,Q,lang,deletion,b17c407676aa2a563999504b2144d16b3b51a39b0d34995b1114c6968b39e43c,25,25,-0.813293714855577,"[""data/metrics_faithfulness_metrics_PickCube-v1_170m_seed42_logpi_20260615_004816.jsonl:10:7a54c9d4d3f84d2c617ac7c16ae1f7b6d72f093870f4db3c918522cf49e39aed"",""data/metrics_faithfulness_metrics_PickCube-v1_170m_seed42_logpi_20260615_004816.jsonl:11:c655593cb5b0951daaa752856c04a639087563d4125eb87dd589b13b5ed955c6"",""data/metrics_faithfulness_metrics_PickCube-v1_170m_seed42_logpi_20260615_004816.jsonl:12:8730f813fc819d8c233a414549ec53b04faae3beac0eebd6d97fd948e08c3c68"",""data/metrics_faithfulness_metrics_PickCube-v1_170m_seed42_logpi_20260615_004816.jsonl:13:439a24a613af7b83f9e6f1531b8a6493af3764570ad8f8c6e5a8349f39841859"",""data/metrics_faithfulness_metrics_PickCube-v1_170m_seed42_logpi_20260615_004816.jsonl:14:68c704bd9b2b703056c1e35d3904301a9c769efadab2ae9446d2154b42811ee5"",""data/metrics_faithfulness_metrics_PickCube-v1_170m_seed42_logpi_20260615_004816.jsonl:15:51ab82c6e317d6d0a1c6982c8c3ce070c8b359d4a4f1007c5b16f7bcc088b5de"",""data/metrics_faithfulness_metrics_PickCube-v1_170m_seed42_logpi_20260615_004816.jsonl:16:6591e3c33949249f70c01a161f29cd1397d3df82fbe9160f447df330552de173"",""data/metrics_faithfulness_metrics_PickCube-v1_170m_seed42_logpi_20260615_004816.jsonl:17:ca829978d4bed6cf5a64008b84653b629cf2f25b4db1e4a25075211e19177aac"",""data/metrics_faithfulness_metrics_PickCube-v1_170m_seed42_logpi_20260615_004816.jsonl:18:b87edc8653499c0a70575eb3e73b2558a24b4939016a397fc0834ace79116d8f"",""data/metrics_faithfulness_metrics_PickCube-v1_170m_seed42_logpi_20260615_004816.jsonl:19:2f434997689de1a20068b0e46ed2a1cdb43be8e214559d7a8a02553e78ecf7f6"",""data/metrics_faithfulness_metrics_PickCube-v1_170m_seed42_logpi_20260615_004816.jsonl:1:96d035b5087fb896807a50dd28a22b957a7984d2d71575fa3e2c0cee208bd3cb"",""data/metrics_faithfulness_metrics_PickCube-v1_170m_seed42_logpi_20260615_004816.jsonl:20:f0e086311edb87f565dcd4b04beea727a87f8bed5a95302203869b20c9280a9a"",""data/metrics_faithfulness_metrics_PickCube-v1_170m_seed42_logpi_20260615_004816.jsonl:21:7b70785e50769931eef3d86069451aca643178a4532c71f18fa00f46315a19a3"",""data/metrics_faithfulness_metrics_PickCube-v1_170m_seed42_logpi_20260615_004816.jsonl:22:d6923ace7a26527b0b1b8a3ceb18f864d087561d5f07dc5fa66f79c5ef05bf68"",""data/metrics_faithfulness_metrics_PickCube-v1_170m_seed42_logpi_20260615_004816.jsonl:23:17af34b65acda84eaf9d67b386896f0e160814217df6e0ad8d27c72a295ff664"",""data/metrics_faithfulness_metrics_PickCube-v1_170m_seed42_logpi_20260615_004816.jsonl:24:89991784543b1eb2cbc3c1d653fd30f22ec7864fefcfb86df031e15368b92779"",""data/metrics_faithfulness_metrics_PickCube-v1_170m_seed42_logpi_20260615_004816.jsonl:25:4f8db56ced49eede3df0492171a35601c3b5448e252f41e25c60704bd9096107"",""data/metrics_faithfulness_metrics_PickCube-v1_170m_seed42_logpi_20260615_004816.jsonl:2:97ca44bd53cb96d4a6a0fc2a3cb5b22221df6deda79321809508dd1e8c161b9e"",""data/metrics_faithfulness_metrics_PickCube-v1_170m_seed42_logpi_20260615_004816.jsonl:3:6e7980c80f889a4f774abb49902d3db86758c8a0e20e7825d13535b376cafe61"",""data/metrics_faithfulness_metrics_PickCube-v1_170m_seed42_logpi_20260615_004816.jsonl:4:285ccb73c9814fe3b67dddff6c80f92e428b9c56cbcc293ef5e0d9d528cfbcb5"",""data/metrics_faithfulness_metrics_PickCube-v1_170m_seed42_logpi_20260615_004816.jsonl:5:71f238a2a3b09f7db886f2d19e63e5549a02489865e2f061e7eeffc0ac87d15f"",""data/metrics_faithfulness_metrics_PickCube-v1_170m_seed42_logpi_20260615_004816.jsonl:6:993d4b4c129e47872a06b44957433b8bc7c39437d025337ef29d60bf162c551a"",""data/metrics_faithfulness_metrics_PickCube-v1_170m_seed42_logpi_20260615_004816.jsonl:7:f2cabf2064144d4c6f516f99adb4051a4cf5328f4558cf3c3af3b7c1cdf5c2de"",""data/metrics_faithfulness_metrics_PickCube-v1_170m_seed42_logpi_20260615_004816.jsonl:8:9fbb14da26a7105156cbb4ec942f53c0d0f66fbc736a028c3a906722fc1d3b71"",""data/metrics_faithfulness_metrics_PickCube-v1_170m_seed42_logpi_20260615_004816.jsonl:9:87108c4b8129d0039c1b877cfd7208a6b4a95d705e632cbcb4190ba0062484b3""]",0.14072051660232318,-0.9540142314579001,0.0
Q:lang:deletion,Q,lang,deletion,bbf812e58d7871b288cdf7af8f765a9e55ce5c9a8c620b81684af28e3684ebad,25,25,0.14648699678809665,"[""data/metrics_faithfulness_metrics_PickCube-v1_170m_seed42_logpi_20260615_004816.jsonl:51:70f85d3cc635c98265444291a8a20cc91193456db0683ea738d2d238097cd6fe"",""data/metrics_faithfulness_metrics_PickCube-v1_170m_seed42_logpi_20260615_004816.jsonl:52:6e4c6c11116a2e638d469e62a2a9a3879b255b004965f911a7da9740f93cf042"",""data/metrics_faithfulness_metrics_PickCube-v1_170m_seed42_logpi_20260615_004816.jsonl:53:eb1e5fa84ad1f42ddbc0a33f3af899ef26addf9f2e6467831650ba95639d39d1"",""data/metrics_faithfulness_metrics_PickCube-v1_170m_seed42_logpi_20260615_004816.jsonl:54:8977be2a2a59326e6cbc752e6ba7f3b89a11b2db62bd9df6f47e08ea1587f961"",""data/metrics_faithfulness_metrics_PickCube-v1_170m_seed42_logpi_20260615_004816.jsonl:55:4b95e85dfab7c3222699c2f9dbe51a17e6b9a540e101be2d3f657c41241e2519"",""data/metrics_faithfulness_metrics_PickCube-v1_170m_seed42_logpi_20260615_004816.jsonl:56:b7bfef178ad3a3440a09d18e904966d061613bb0a9a14547a78fdfbe599aee2a"",""data/metrics_faithfulness_metrics_PickCube-v1_170m_seed42_logpi_20260615_004816.jsonl:57:83470f282edfa97e8052840d121775dc31d07aa6cb2267e6980c5b79b7efb10e"",""data/metrics_faithfulness_metrics_PickCube-v1_170m_seed42_logpi_20260615_004816.jsonl:58:5e445d9d22954fb0f1e595d5a30253615c5e3ed7517f7cce7670b9bba39b04ee"",""data/metrics_faithfulness_metrics_PickCube-v1_170m_seed42_logpi_20260615_004816.jsonl:59:794cc9d02d440bca90d7338d1752f1fb7fde1d486ee448de7cad636e374f6230"",""data/metrics_faithfulness_metrics_PickCube-v1_170m_seed42_logpi_20260615_004816.jsonl:60:19adace2f97502593d7fae745b8f2842d1d4eada08aa6d2b6765a88ee6ca5b68"",""data/metrics_faithfulness_metrics_PickCube-v1_170m_seed42_logpi_20260615_004816.jsonl:61:6c374aa7d8289a313b3ac1195170323b9d16a6af46c059ade6faf5c8058d2b5e"",""data/metrics_faithfulness_metrics_PickCube-v1_170m_seed42_logpi_20260615_004816.jsonl:62:a10eab88d0252774bd8386d671e4913a15341c53f551a30ee33cea7275071844"",""data/metrics_faithfulness_metrics_PickCube-v1_170m_seed42_logpi_20260615_004816.jsonl:63:63b21088d2dbfb25f10f33c2fcc6c5e8b117d1716340f69fea15f87405391467"",""data/metrics_faithfulness_metrics_PickCube-v1_170m_seed42_logpi_20260615_004816.jsonl:64:72cf55c2328eca49c4bcad0874ec5bc78e70b70c2c9cc1edad16f9d62f4ac7c0"",""data/metrics_faithfulness_metrics_PickCube-v1_170m_seed42_logpi_20260615_004816.jsonl:65:06337ac4a568c4498c18a13ea63d00dcb770341057e6aee24cc64911dbc83fb8"",""data/metrics_faithfulness_metrics_PickCube-v1_170m_seed42_logpi_20260615_004816.jsonl:66:18519515cbf0cbcb4e431013c4e8dac3dd5c71f6e750edba6231a0e43c112ec4"",""data/metrics_faithfulness_metrics_PickCube-v1_170m_seed42_logpi_20260615_004816.jsonl:67:b6ab398466ad88740262395cbf0ea8fbb2cecc55443609a8689597ad0035eafd"",""data/metrics_faithfulness_metrics_PickCube-v1_170m_seed42_logpi_20260615_004816.jsonl:68:e34db0f7ce35dcd589844e15dd1012a88c3e49d681aaa90acdec936ba07fd3dc"",""data/metrics_faithfulness_metrics_PickCube-v1_170m_seed42_logpi_20260615_004816.jsonl:69:c237d1e56487ca65cf53898d38542819c9f1b038f92e187888070973ccab196f"",""data/metrics_faithfulness_metrics_PickCube-v1_170m_seed42_logpi_20260615_004816.jsonl:70:565efd9f3aadc541908d3d99d1e8fd0cef5d3cd6d60754730c9d836496015792"",""data/metrics_faithfulness_metrics_PickCube-v1_170m_seed42_logpi_20260615_004816.jsonl:71:f92b1d47a51bb7ba98bb1e20387961be66d3b0759a705668bcfcb9a475385ff1"",""data/metrics_faithfulness_metrics_PickCube-v1_170m_seed42_logpi_20260615_004816.jsonl:72:da24a1b84bfe5553dc7c9e2fdd17a98609ad2d203662d8854ccfbd086b28640c"",""data/metrics_faithfulness_metrics_PickCube-v1_170m_seed42_logpi_20260615_004816.jsonl:73:e70465e20f44131591faa7d572b9c67d97e3e778c24906918753b60ad30a97d8"",""data/metrics_faithfulness_metrics_PickCube-v1_170m_seed42_logpi_20260615_004816.jsonl:74:15e8b9dd6889221275f38730cd4727bd5dc7a5b5c1622f41cba18b723a6a98b6"",""data/metrics_faithfulness_metrics_PickCube-v1_170m_seed42_logpi_20260615_004816.jsonl:75:f319cd934ebf4ac6248db3c82bcab39878b9de8bc902a530af1ff2c9cdfccfc7""]",0.14648699678809665,0.0,0.0
Q:lang:deletion,Q,lang,deletion,be748ae9c5de0101536372b21383147fac8bded07ae760aae2a15044db61cba0,25,25,-0.021298134609743023,"[""data/metrics_faithfulness_metrics_PickCube-v1_170m_seed142_logpi_20260615_004405.jsonl:251:95b121016c0ffbeaf1483548dfd54f796ae26e576edf3b2cd123b3b7ae495f15"",""data/metrics_faithfulness_metrics_PickCube-v1_170m_seed142_logpi_20260615_004405.jsonl:252:702a54bc68388b2aa1162987e44850043f75ec26376797ad401967843385bc50"",""data/metrics_faithfulness_metrics_PickCube-v1_170m_seed142_logpi_20260615_004405.jsonl:253:3a9f609cb0bb9669fea745db85bc3b1026c85bc812156d87856e467345fc222c"",""data/metrics_faithfulness_metrics_PickCube-v1_170m_seed142_logpi_20260615_004405.jsonl:254:f43787284a45ac7f60695f267199ee4dacf053b8079f643e42ed110688b2d1cd"",""data/metrics_faithfulness_metrics_PickCube-v1_170m_seed142_logpi_20260615_004405.jsonl:255:32af9d24836ac8f5cc92a22976c7f703b7b417ede6d10b2bc98f1b92c3b360a3"",""data/metrics_faithfulness_metrics_PickCube-v1_170m_seed142_logpi_20260615_004405.jsonl:256:cdbe241075ffc5b4dae4ed2749010bb6b12df687c849221e9d0861e75b50fe67"",""data/metrics_faithfulness_metrics_PickCube-v1_170m_seed142_logpi_20260615_004405.jsonl:257:953872159fb9b19118718d231479b84209bbae2fc2f529e3dccc07d48cf180d6"",""data/metrics_faithfulness_metrics_PickCube-v1_170m_seed142_logpi_20260615_004405.jsonl:258:d9325c44b0f773b90637aa98878ac402f8f588ae6df0e0e5b0567baf62701270"",""data/metrics_faithfulness_metrics_PickCube-v1_170m_seed142_logpi_20260615_004405.jsonl:259:30d33e2f3578db1de4e908c36ab747dc5eba6be59565ba959022e3384ed72437"",""data/metrics_faithfulness_metrics_PickCube-v1_170m_seed142_logpi_20260615_004405.jsonl:260:606f08826016a3cb6056874778615577e080a25b3de647da806a74f896d1c125"",""data/metrics_faithfulness_metrics_PickCube-v1_170m_seed142_logpi_20260615_004405.jsonl:261:4481546bc465b20ede5d34a30b3dede4b2479550e96ed548ee8a91f5e8a2119f"",""data/metrics_faithfulness_metrics_PickCube-v1_170m_seed142_logpi_20260615_004405.jsonl:262:b94ecb8447da5ccdfd86b647d12e81d87aa831d4e2eac9bd3a26ddf6463e4701"",""data/metrics_faithfulness_metrics_PickCube-v1_170m_seed142_logpi_20260615_004405.jsonl:263:ee1374a3a0ab35cd1d6d2cd6b5bb737bb62a0dde733caa168b45245a3b645d8e"",""data/metrics_faithfulness_metrics_PickCube-v1_170m_seed142_logpi_20260615_004405.jsonl:264:119c4cf930891d4e96197b79e7a60f73126011ad6cb264ed23b924e043469778"",""data/metrics_faithfulness_metrics_PickCube-v1_170m_seed142_logpi_20260615_004405.jsonl:265:c2a2643baca9ca79ad6771a92c763587950428a7b092935f099898b351cb7234"",""data/metrics_faithfulness_metrics_PickCube-v1_170m_seed142_logpi_20260615_004405.jsonl:266:a0c9383f609b1e85b5c3326ca381f9a4512ba8c06d719af79b0a1e88fcb32e45"",""data/metrics_faithfulness_metrics_PickCube-v1_170m_seed142_logpi_20260615_004405.jsonl:267:95322cbacd152f9b054be0cca66c7f120a1130af640b2023312f96532aa44a3f"",""data/metrics_faithfulness_metrics_PickCube-v1_170m_seed142_logpi_20260615_004405.jsonl:268:cc90bbbed2af3395fad6ae9386d6a6cc200e4c728df00c6c31fff8a53a250592"",""data/metrics_faithfulness_metrics_PickCube-v1_170m_seed142_logpi_20260615_004405.jsonl:269:e4b12edee0affd130c679e7cee9921de4703adc07d239048391ebfecf15d6eab"",""data/metrics_faithfulness_metrics_PickCube-v1_170m_seed142_logpi_20260615_004405.jsonl:270:0eea57360368da37693f0183c9fa184ec6c9377b891f8314a7b0e02b6a0248c4"",""data/metrics_faithfulness_metrics_PickCube-v1_170m_seed142_logpi_20260615_004405.jsonl:271:1b509c7e8e668f19aaf5e5246be4736e791e0da1308510268e9c6bdad51e0183"",""data/metrics_faithfulness_metrics_PickCube-v1_170m_seed142_logpi_20260615_004405.jsonl:272:853c83ce2d726df81fb9bf85d57a50e599e0fd8597b882122260803a2715d91a"",""data/metrics_faithfulness_metrics_PickCube-v1_170m_seed142_logpi_20260615_004405.jsonl:273:37bf5a2ea443f54bf678d7d601674fcd9f74d770e6e82f7e54d78e00b93425fc"",""data/metrics_faithfulness_metrics_PickCube-v1_170m_seed142_logpi_20260615_004405.jsonl:274:0e562f0adaf04d870b823da15aefadd592b0da85eab2a7cc5d4db33681c72a91"",""data/metrics_faithfulness_metrics_PickCube-v1_170m_seed142_logpi_20260615_004405.jsonl:275:a3393de214ec33feb9f93d0ca75d609e34d241ea01ef97e2eea91b905fe9946c""]",0.09803411291581758,-0.11933224752556065,0.0
Q:lang:deletion,Q,lang,deletion,c083035c868b831868bd070af2e6045826b317b74e5423c8d612fb0ced90012c,25,25,0.13136283043743224,"[""data/metrics_faithfulness_metrics_PickCube-v1_170m_seed142_logpi_20260615_004405.jsonl:326:b8f4cd477167469c682bd17c87a34f3a160897e00c91764d1d77ad83e3a59a93"",""data/metrics_faithfulness_metrics_PickCube-v1_170m_seed142_logpi_20260615_004405.jsonl:327:47ac1a5a4fded47358dfb227c44ca55c520db3ca8715c07f8665cd9d06771c1b"",""data/metrics_faithfulness_metrics_PickCube-v1_170m_seed142_logpi_20260615_004405.jsonl:328:7be1da6d9d160bf3359becee6ccf8e1faa161fec7d9d4863662a9ebe4fef2ded"",""data/metrics_faithfulness_metrics_PickCube-v1_170m_seed142_logpi_20260615_004405.jsonl:329:b5eba947a49f1f95d8972278f446ce4ea929e23e32de4950f3af33003264f29a"",""data/metrics_faithfulness_metrics_PickCube-v1_170m_seed142_logpi_20260615_004405.jsonl:330:9be010d0530e66e74025b28d90c9b09cf219a0d86d6abad55e85065753717d1e"",""data/metrics_faithfulness_metrics_PickCube-v1_170m_seed142_logpi_20260615_004405.jsonl:331:9833cd6890904688498e3d87d232add9d5286d0b2b9be4c9e981cca260da5310"",""data/metrics_faithfulness_metrics_PickCube-v1_170m_seed142_logpi_20260615_004405.jsonl:332:9fc86afc3d3d2e171c536d1b764912701c069c61e9bdd5b05fa36d08b6a68f30"",""data/metrics_faithfulness_metrics_PickCube-v1_170m_seed142_logpi_20260615_004405.jsonl:333:e074cc43b179e4a7e2cb1f5ee500833bfd9c68c96fef20ade8195b2e4f0e48a3"",""data/metrics_faithfulness_metrics_PickCube-v1_170m_seed142_logpi_20260615_004405.jsonl:334:2c6a80f9373c78fbba79063594f66597beb2612c5c5da28d00e2a1d88f708de0"",""data/metrics_faithfulness_metrics_PickCube-v1_170m_seed142_logpi_20260615_004405.jsonl:335:b629ca297c6527b521c0bdf5776c4ebcb2850e0bd245c1afa08a94da92dfeed7"",""data/metrics_faithfulness_metrics_PickCube-v1_170m_seed142_logpi_20260615_004405.jsonl:336:a5c8dba25852e43ff4dcaac09786f8d3dfa0fbab0717a5d2eb10f1447ba3de10"",""data/metrics_faithfulness_metrics_PickCube-v1_170m_seed142_logpi_20260615_004405.jsonl:337:e24d55992f94d896c49192eb7c86e394719ad193d365eb37b96fa2ea17db7484"",""data/metrics_faithfulness_metrics_PickCube-v1_170m_seed142_logpi_20260615_004405.jsonl:338:ac8dbf0bd71267a4a3ad689854f379622142e96b2edd1ef83aa74f4f6f80721a"",""data/metrics_faithfulness_metrics_PickCube-v1_170m_seed142_logpi_20260615_004405.jsonl:339:1f82ad3372f7f08e9cb1894525cfae527c5c8126cb93dbb5ac985427bf813833"",""data/metrics_faithfulness_metrics_PickCube-v1_170m_seed142_logpi_20260615_004405.jsonl:340:e6ca3983388d9b8107874e4a53cf485837ee2f40d2d7c800f8836e6f977d0a89"",""data/metrics_faithfulness_metrics_PickCube-v1_170m_seed142_logpi_20260615_004405.jsonl:341:ca470d883780c90c361201b6464b8cc7f636811c632650fa77409d5b827e125e"",""data/metrics_faithfulness_metrics_PickCube-v1_170m_seed142_logpi_20260615_004405.jsonl:342:d8ddd7e721e8631b45d0027c81f89528ffeebca78659a3007dba022789529dc5"",""data/metrics_faithfulness_metrics_PickCube-v1_170m_seed142_logpi_20260615_004405.jsonl:343:3289c7f4f2bac3eb4b752544d23d7cbd593981b5b7a67d5b60c82121656349c7"",""data/metrics_faithfulness_metrics_PickCube-v1_170m_seed142_logpi_20260615_004405.jsonl:344:a09e7957fd283433220bb4c4aa8315658a73e7191d2c6b23c13c40c57f8d5bf8"",""data/metrics_faithfulness_metrics_PickCube-v1_170m_seed142_logpi_20260615_004405.jsonl:345:a77714b0ab2b81dd8a707e1dcfba7a541b2af9fd60621965e834004069a57258"",""data/metrics_faithfulness_metrics_PickCube-v1_170m_seed142_logpi_20260615_004405.jsonl:346:d2dcae161d282aec2fbcdcf0366b2bf213c2971e19371b3f950c6f2d3b7590e0"",""data/metrics_faithfulness_metrics_PickCube-v1_170m_seed142_logpi_20260615_004405.jsonl:347:a433687dea472282d3ff488894a4d56d5a03437840c6bd7e33c73a58bf1e87ae"",""data/metrics_faithfulness_metrics_PickCube-v1_170m_seed142_logpi_20260615_004405.jsonl:348:381eea21d172aaadcceac83cd1f92d43fc953eb29e24cf945646b85564cd7d8d"",""data/metrics_faithfulness_metrics_PickCube-v1_170m_seed142_logpi_20260615_004405.jsonl:349:b5ec1da6e11823ee89db8ae6cf30d5ccd81d2cf1d7c7a10f519b21c214929f64"",""data/metrics_faithfulness_metrics_PickCube-v1_170m_seed142_logpi_20260615_004405.jsonl:350:789c09629d448fa9e5512c21271381a4d359187fdd1bfe8f1bfd3476a9cc6a47""]",0.13474663437487222,-0.003383803937439937,0.0
Q:lang:deletion,Q,lang,deletion,d6ad43c8e38c7a38642440cff446e83cdd661245e297bb0e5ed52b4ebe72b725,25,25,0.10380557301142286,"[""data/metrics_faithfulness_metrics_PickCube-v1_170m_seed42_logpi_20260615_004816.jsonl:100:4f9bd9ae29d39c56a374b3d66da8018f102a5ce89e30165ca0f9d1dda24474d3"",""data/metrics_faithfulness_metrics_PickCube-v1_170m_seed42_logpi_20260615_004816.jsonl:76:0fc8857668d369fe73a376545e71ea657a904226d32e7d554cd22bac032696f0"",""data/metrics_faithfulness_metrics_PickCube-v1_170m_seed42_logpi_20260615_004816.jsonl:77:d3be9cc0d02a168e93add4b20241d5838b45fc30ffafe20611b0dd757e7e6041"",""data/metrics_faithfulness_metrics_PickCube-v1_170m_seed42_logpi_20260615_004816.jsonl:78:8f1681d51d9f80c0ab48c3375fec7e691f3df88a74599f8285a3bdf4fb6b2b7c"",""data/metrics_faithfulness_metrics_PickCube-v1_170m_seed42_logpi_20260615_004816.jsonl:79:bfc26d8d09e00f2fb2d2466fc06d2b8983fdcbadcf21d9ead49516e24168bf51"",""data/metrics_faithfulness_metrics_PickCube-v1_170m_seed42_logpi_20260615_004816.jsonl:80:f932215db687e8fab0ec0260367aae4484660827778c1fbfe917191270bba272"",""data/metrics_faithfulness_metrics_PickCube-v1_170m_seed42_logpi_20260615_004816.jsonl:81:8e9bba5ee49faedaacfb74ca3ad6308f1ab53a2456f0fd29de15815a5d5dc538"",""data/metrics_faithfulness_metrics_PickCube-v1_170m_seed42_logpi_20260615_004816.jsonl:82:25402e0bfbc6f5ac6ecede4ab725a9b7c1554dd5d1b41b163441ab82e74854ea"",""data/metrics_faithfulness_metrics_PickCube-v1_170m_seed42_logpi_20260615_004816.jsonl:83:226985f3fdd72ca3a56869197a9bc630ccf8ad2513d6932990cbbcd100852a20"",""data/metrics_faithfulness_metrics_PickCube-v1_170m_seed42_logpi_20260615_004816.jsonl:84:05566bde9e7a15c8a4e9da4866431749cfd6fd8a197e53d4a277656d57784df2"",""data/metrics_faithfulness_metrics_PickCube-v1_170m_seed42_logpi_20260615_004816.jsonl:85:cc07f54e980b2b8500da43f87042e29b655f1a18980d16bd6fe18e4c4c2c689d"",""data/metrics_faithfulness_metrics_PickCube-v1_170m_seed42_logpi_20260615_004816.jsonl:86:bb757448b68e1a442a9aa909efe8aef03b314462b9af48e5ce4496196f217edd"",""data/metrics_faithfulness_metrics_PickCube-v1_170m_seed42_logpi_20260615_004816.jsonl:87:1b549adae12cc1dfc9aa8a8047936ef9e936fb7eeb2dc621b09ff61b5ced12e8"",""data/metrics_faithfulness_metrics_PickCube-v1_170m_seed42_logpi_20260615_004816.jsonl:88:05d6f83ae46d640d9d15a492855ee5d39049434cd4e299d802c957bc73c1765a"",""data/metrics_faithfulness_metrics_PickCube-v1_170m_seed42_logpi_20260615_004816.jsonl:89:e5b7c4823cc8f2320617b55d0c969205fad42b485ac623645898488b9cbaa15d"",""data/metrics_faithfulness_metrics_PickCube-v1_170m_seed42_logpi_20260615_004816.jsonl:90:e391b82f425d97bf9dbbd45fb7b60582341cf94d068fbc20d896ce9d39b1c304"",""data/metrics_faithfulness_metrics_PickCube-v1_170m_seed42_logpi_20260615_004816.jsonl:91:fef841642cb62406f3db9250270eae3ba0d4ba59c27eab7e3d0c75c99bb94b14"",""data/metrics_faithfulness_metrics_PickCube-v1_170m_seed42_logpi_20260615_004816.jsonl:92:055b3bc6f1c6fcadb0210b7d9e8fecdfb4275fe102d8bda8964a4eea5c1a86f2"",""data/metrics_faithfulness_metrics_PickCube-v1_170m_seed42_logpi_20260615_004816.jsonl:93:ada71572f0149b1f849f68a65576d4c286a3e6afdf4916e6b4696c4e2e565b9b"",""data/metrics_faithfulness_metrics_PickCube-v1_170m_seed42_logpi_20260615_004816.jsonl:94:896146eb409b3b003652620366428a2288adeb446cd96fe964731e9b5c202e49"",""data/metrics_faithfulness_metrics_PickCube-v1_170m_seed42_logpi_20260615_004816.jsonl:95:8e49530ff9daad303be5d243402d617742a6013b8690b4357d559f8b00c3b670"",""data/metrics_faithfulness_metrics_PickCube-v1_170m_seed42_logpi_20260615_004816.jsonl:96:8a86ff2683ec8d63c0270b7e39e920dab85147735f6c158214d1d52ce997a2b7"",""data/metrics_faithfulness_metrics_PickCube-v1_170m_seed42_logpi_20260615_004816.jsonl:97:0b671699b65fb6497cb6d01be6bee1b4c23e2fdc5bbe1e107ee6ebcdba5c3686"",""data/metrics_faithfulness_metrics_PickCube-v1_170m_seed42_logpi_20260615_004816.jsonl:98:698fb730051783207540786ba725399ca4244064b938f692f500c94cc401017f"",""data/metrics_faithfulness_metrics_PickCube-v1_170m_seed42_logpi_20260615_004816.jsonl:99:a330749b021ce40e0a0e95ca273d1c40e1814e56c2b08f8e1832c115ca1055a2""]",0.13927413814006612,-0.03546856512864324,0.0
Q:lang:deletion,Q,lang,deletion,d81e3412d4f362157588d48d3c2fdb86dbff5c1222902cdf91365f6e1bc2f6cb,25,25,0.14848692925556578,"[""data/metrics_faithfulness_metrics_PickCube-v1_170m_seed42_logpi_20260615_004816.jsonl:301:34e082bc6e86537cd93f5287a5721692535b1f375568ee3073fdf235a649932c"",""data/metrics_faithfulness_metrics_PickCube-v1_170m_seed42_logpi_20260615_004816.jsonl:302:7a699f1ed8c43e9859219024c9f7382f5af4a8315606571c6e3d7bd22cd55bac"",""data/metrics_faithfulness_metrics_PickCube-v1_170m_seed42_logpi_20260615_004816.jsonl:303:e0fabeea087a5d501a3e81920ec5c418ce143b4368154d838f56df30f91456cc"",""data/metrics_faithfulness_metrics_PickCube-v1_170m_seed42_logpi_20260615_004816.jsonl:304:8b1d59816fe298cdd8ddf3006e5c42d181a3a10c7f875648e59b5d1d388c36cd"",""data/metrics_faithfulness_metrics_PickCube-v1_170m_seed42_logpi_20260615_004816.jsonl:305:65f483a1cfc3aa995389890b3c97e9de5a40e55c75cf5aa4292c6cfd1279f22d"",""data/metrics_faithfulness_metrics_PickCube-v1_170m_seed42_logpi_20260615_004816.jsonl:306:f7f53bfddc15ca67e47395bc0e2b04d0a31a318b8a080ba52fae912cbc4e5a71"",""data/metrics_faithfulness_metrics_PickCube-v1_170m_seed42_logpi_20260615_004816.jsonl:307:dede9e84bd9e0339f39ea59713369a6edc9c79ea01f0893a95e190c394922b86"",""data/metrics_faithfulness_metrics_PickCube-v1_170m_seed42_logpi_20260615_004816.jsonl:308:c091331aa0539dc9648683e7a8164ed9b54a9e64035b21477ce7e50a7bb2074c"",""data/metrics_faithfulness_metrics_PickCube-v1_170m_seed42_logpi_20260615_004816.jsonl:309:add10dded82f89d7b45385affa063443f405bffe5cf681cc692c896892520e79"",""data/metrics_faithfulness_metrics_PickCube-v1_170m_seed42_logpi_20260615_004816.jsonl:310:696d90bbf323ad16fc61b7c90f14c7ad09e7619cd0de6bce27a88955f1b8f502"",""data/metrics_faithfulness_metrics_PickCube-v1_170m_seed42_logpi_20260615_004816.jsonl:311:5bf2b2edbf3b8d41f2c7362d210058645853f8ae54b9c329c0d3bdc4538b3895"",""data/metrics_faithfulness_metrics_PickCube-v1_170m_seed42_logpi_20260615_004816.jsonl:312:6efe9cc96c4c47a09890ee798ebea9ffd87955eda97556283c02d4c0d7de4924"",""data/metrics_faithfulness_metrics_PickCube-v1_170m_seed42_logpi_20260615_004816.jsonl:313:a7c8f26ab277af4c0b378e2b545b4a759c7e85f8399cf0ae7858fbca49edf025"",""data/metrics_faithfulness_metrics_PickCube-v1_170m_seed42_logpi_20260615_004816.jsonl:314:5df475fe0ddb4a4429c50158971db45d8bd5e67e60bb5f0db98565321bac0193"",""data/metrics_faithfulness_metrics_PickCube-v1_170m_seed42_logpi_20260615_004816.jsonl:315:34ffe073379e8d1357ad8f02b0d50a26ed4f6252a8b5bbebbb670a0609563913"",""data/metrics_faithfulness_metrics_PickCube-v1_170m_seed42_logpi_20260615_004816.jsonl:316:2bec25f2b43eec8046a8b84ed7a71bac1b68f072830758281eb0016e9b4c7808"",""data/metrics_faithfulness_metrics_PickCube-v1_170m_seed42_logpi_20260615_004816.jsonl:317:505b05dc6664e9d41de3dea1f3468f620b03aba88337f8fdcc91d545e9841b16"",""data/metrics_faithfulness_metrics_PickCube-v1_170m_seed42_logpi_20260615_004816.jsonl:318:e369ea5e72a160ac84c77d9727a8f6bc9ddeb0413a21e3e6a15eb26fd31d6c0a"",""data/metrics_faithfulness_metrics_PickCube-v1_170m_seed42_logpi_20260615_004816.jsonl:319:a09bb095628d8856376040e3fc7035a590a87393b23a2a28aa610715aa754dad"",""data/metrics_faithfulness_metrics_PickCube-v1_170m_seed42_logpi_20260615_004816.jsonl:320:0eafc40a89d7e1c8052bc170a927ee6bfd8d44cbd9ad0fe3d2713e063f7f690f"",""data/metrics_faithfulness_metrics_PickCube-v1_170m_seed42_logpi_20260615_004816.jsonl:321:4ec0b45adb00fe8e01d2ff7bffc857d8bd3ae9de9c0ca99f2a7a71ad33e84775"",""data/metrics_faithfulness_metrics_PickCube-v1_170m_seed42_logpi_20260615_004816.jsonl:322:c975762ff09ccc002a78c70aabaa053587c8e04f235bcde187e98b09c3aef22d"",""data/metrics_faithfulness_metrics_PickCube-v1_170m_seed42_logpi_20260615_004816.jsonl:323:008a7614bbc78104504a471f7ca45a3629fd21c5c8ced8b3dfcda4cdfe132114"",""data/metrics_faithfulness_metrics_PickCube-v1_170m_seed42_logpi_20260615_004816.jsonl:324:73f0616673972ac2d6b35f2aeeefd635554318ab0854faa6ff4ea6c882386eac"",""data/metrics_faithfulness_metrics_PickCube-v1_170m_seed42_logpi_20260615_004816.jsonl:325:d941317401bdbb5374090ac3b9e44ff2226eadd0dd5252ca2d814c2275f713e0""]",0.14848692925556578,0.0,0.0
Q:lang:deletion,Q,lang,deletion,de3cff0cb7342bf6d9929bf9a0c84c6e235c358972351add982e1fa1df7ffc39,25,25,0.141998197583095,"[""data/metrics_faithfulness_metrics_PickCube-v1_170m_seed142_logpi_20260615_004405.jsonl:126:ba6a8e89fe0a7a082d03ab4e5f3210a690bd806f485a7319fdae6ea7f28abe4b"",""data/metrics_faithfulness_metrics_PickCube-v1_170m_seed142_logpi_20260615_004405.jsonl:127:f65487f4a7a8a0ffcc25b740d7d64fb06a17c9678cf08a8a8749cbcbe6cc1bf6"",""data/metrics_faithfulness_metrics_PickCube-v1_170m_seed142_logpi_20260615_004405.jsonl:128:42e72e28606702dca2b8db6d62a712790e87de81ed0e6996a2eb894091a7b709"",""data/metrics_faithfulness_metrics_PickCube-v1_170m_seed142_logpi_20260615_004405.jsonl:129:83f8371523c29d2e229e8a75a6438977f447365c609934c3b994fbb42f0f400d"",""data/metrics_faithfulness_metrics_PickCube-v1_170m_seed142_logpi_20260615_004405.jsonl:130:b840e7f6ccb579827488ff01705b5c7a76ee192370a43ad6ea1da50d78ec8a44"",""data/metrics_faithfulness_metrics_PickCube-v1_170m_seed142_logpi_20260615_004405.jsonl:131:d711f35d24824e5b5bf97bbf8094b604ab1953d76f36fc5b121c4cf41805a3b3"",""data/metrics_faithfulness_metrics_PickCube-v1_170m_seed142_logpi_20260615_004405.jsonl:132:6e4548b6a7cf617ae9a1a2891518be19b5b37b5547e93f6ede6472a68680828b"",""data/metrics_faithfulness_metrics_PickCube-v1_170m_seed142_logpi_20260615_004405.jsonl:133:02fedcdc2abaf465d3ed6c5056d3fa57a7c61c4e49ffbe57b5143376d3066061"",""data/metrics_faithfulness_metrics_PickCube-v1_170m_seed142_logpi_20260615_004405.jsonl:134:2981fb8e06f89b73fcc18ba4d05b14558c6df349e92ce13c0270738ba61c6b19"",""data/metrics_faithfulness_metrics_PickCube-v1_170m_seed142_logpi_20260615_004405.jsonl:135:90e153fb7beffb18860b966e39576eaee8f323b1b42577776ad501f3b7b65740"",""data/metrics_faithfulness_metrics_PickCube-v1_170m_seed142_logpi_20260615_004405.jsonl:136:8e8794628f3ba99200912530167d16f23c7f8b95a284e75606dae62a3b57b786"",""data/metrics_faithfulness_metrics_PickCube-v1_170m_seed142_logpi_20260615_004405.jsonl:137:2e39b1b4f93c3c97d73cb430bf314c0601b136027a7262d624be4aa38c708eaa"",""data/metrics_faithfulness_metrics_PickCube-v1_170m_seed142_logpi_20260615_004405.jsonl:138:a849af6fc4d109cd968b5dd325a907cb7809f7b3c19dd8d6f123bf8c83d6e7cb"",""data/metrics_faithfulness_metrics_PickCube-v1_170m_seed142_logpi_20260615_004405.jsonl:139:edb4bdec09cfe64565aa8f4bc4da9745022b852f1be8793a81795f988bd5dc94"",""data/metrics_faithfulness_metrics_PickCube-v1_170m_seed142_logpi_20260615_004405.jsonl:140:54a09126ab47cf88857e989d27c14828d7ab26897e4fa95a57f1b49bf523a294"",""data/metrics_faithfulness_metrics_PickCube-v1_170m_seed142_logpi_20260615_004405.jsonl:141:3bded5c33feff0cc40f44d51b5ff81dbd62e6725c1f31e5c45430a00b528d098"",""data/metrics_faithfulness_metrics_PickCube-v1_170m_seed142_logpi_20260615_004405.jsonl:142:4e822e1d1372522f45015c79c63589632b285505898d004e4bf44220e1f3628d"",""data/metrics_faithfulness_metrics_PickCube-v1_170m_seed142_logpi_20260615_004405.jsonl:143:19d1e45864942762765755a35a759f924ee755b2b6dedbb50586c5a9b9840386"",""data/metrics_faithfulness_metrics_PickCube-v1_170m_seed142_logpi_20260615_004405.jsonl:144:d7687a21c6cabb70c6db2451a6d7daca47fa51f999f73ca3b4e3d39e2903f34a"",""data/metrics_faithfulness_metrics_PickCube-v1_170m_seed142_logpi_20260615_004405.jsonl:145:66ab273fc47b789f4b94b1ebb9ed73e6bd5cb1951ebaf66529e145d25c585103"",""data/metrics_faithfulness_metrics_PickCube-v1_170m_seed142_logpi_20260615_004405.jsonl:146:223505f163498fa9ee8d11c3d41a2b3548879527d4dcdae55d3326b33ae8c5b4"",""data/metrics_faithfulness_metrics_PickCube-v1_170m_seed142_logpi_20260615_004405.jsonl:147:64c01b7429fdfd6964961fe2cf75965f7d341beaa77c6a7d7ca71b855148e4e1"",""data/metrics_faithfulness_metrics_PickCube-v1_170m_seed142_logpi_20260615_004405.jsonl:148:a9284cf88b99260b68f53edb16416cb679a9274ba451cdb091f93f626ce41079"",""data/metrics_faithfulness_metrics_PickCube-v1_170m_seed142_logpi_20260615_004405.jsonl:149:db3d82278489531c338c53ccff7a330871398d3355b272a30eb485db5350d19a"",""data/metrics_faithfulness_metrics_PickCube-v1_170m_seed142_logpi_20260615_004405.jsonl:150:8a900472bb8769dab7ac60fad6036b294baefb09d82914f647c88e1e21054780""]",0.14199819758309504,0.0,0.0
Q:lang:deletion,Q,lang,deletion,e39e8b1014dc4360addea56b6daea50b5a39d6bb2a9ddadcac919c6a926e4088,25,25,0.05477305213668675,"[""data/metrics_faithfulness_metrics_PickCube-v1_170m_seed142_logpi_20260615_004405.jsonl:351:8ba266c75706d9c800ce04872a953b47a64935e254348300759f213a48d75def"",""data/metrics_faithfulness_metrics_PickCube-v1_170m_seed142_logpi_20260615_004405.jsonl:352:ab9a3f9940b4c4dff27a7b17b24b7078dd714abecae041adc937a98ceef838f4"",""data/metrics_faithfulness_metrics_PickCube-v1_170m_seed142_logpi_20260615_004405.jsonl:353:da0bc7552a4eb9507b77220d5d0d49f2f56a5ed91fca54fc71c840ff64cad10c"",""data/metrics_faithfulness_metrics_PickCube-v1_170m_seed142_logpi_20260615_004405.jsonl:354:0b3c51847a81d759d21a61efa99b68a083d87212e15812ada65d9649ae536639"",""data/metrics_faithfulness_metrics_PickCube-v1_170m_seed142_logpi_20260615_004405.jsonl:355:6698df729868ecf7c6f96127691dffa75db9b5f70546de55701eff80cfdccbdb"",""data/metrics_faithfulness_metrics_PickCube-v1_170m_seed142_logpi_20260615_004405.jsonl:356:33ad658f705096eb13f2b824c5ee9abecd627ca190163b94d7bc0214e767397a"",""data/metrics_faithfulness_metrics_PickCube-v1_170m_seed142_logpi_20260615_004405.jsonl:357:4ab81b232c659c8004e4f337f0c202a3bc4860a0f98db387eba41974904f5b1e"",""data/metrics_faithfulness_metrics_PickCube-v1_170m_seed142_logpi_20260615_004405.jsonl:358:31d6624d2a7a029b739accd1529d78c9aa9e1e86812d46f037837c1f43a4ce92"",""data/metrics_faithfulness_metrics_PickCube-v1_170m_seed142_logpi_20260615_004405.jsonl:359:ee6ad11b0ad434df125fd3e95833206fa856e3588fa4d97943fa18e5122658d2"",""data/metrics_faithfulness_metrics_PickCube-v1_170m_seed142_logpi_20260615_004405.jsonl:360:ec3e25b770e1b54ce6cf76b6c3a177ba04985da8658c96d8c5c35c6b6a39fc01"",""data/metrics_faithfulness_metrics_PickCube-v1_170m_seed142_logpi_20260615_004405.jsonl:361:0bcd31f690f8ca1daf2881b440e5a9643cd3b77f1ff1122aee549a54e07da25f"",""data/metrics_faithfulness_metrics_PickCube-v1_170m_seed142_logpi_20260615_004405.jsonl:362:2e49a5d04e16362183bbceea31fd6f381f921a1266d2e161e3f6ad5e4309a338"",""data/metrics_faithfulness_metrics_PickCube-v1_170m_seed142_logpi_20260615_004405.jsonl:363:bb9c77cbdc4985e9302841a008978a1efd6c2b67ec71f141980788713edc0c03"",""data/metrics_faithfulness_metrics_PickCube-v1_170m_seed142_logpi_20260615_004405.jsonl:364:3a4e2335ce97b74cc9d908ed4729d131dc36d5a142db99a610a1f2affe51f142"",""data/metrics_faithfulness_metrics_PickCube-v1_170m_seed142_logpi_20260615_004405.jsonl:365:ad6c7920bdb72e4f23d3d52c9d5b6a0e0ef9a435c9e813af671ac3761e2506be"",""data/metrics_faithfulness_metrics_PickCube-v1_170m_seed142_logpi_20260615_004405.jsonl:366:bf4179c2026338b98313ec23d784e8058f06d6b296323362a20e546efca5f34f"",""data/metrics_faithfulness_metrics_PickCube-v1_170m_seed142_logpi_20260615_004405.jsonl:367:024760f3b621bb99e7d2a486c170ad4fbf0ac26ce413df0d01baef7a18dae328"",""data/metrics_faithfulness_metrics_PickCube-v1_170m_seed142_logpi_20260615_004405.jsonl:368:c37a53b4130cad4c18804339e27202f5c2624ff3609768fee3c5b264d5e0a73b"",""data/metrics_faithfulness_metrics_PickCube-v1_170m_seed142_logpi_20260615_004405.jsonl:369:6bee4e75c0deb0cd5e09f6e6d78c3398860a96ba39d745e6d5603f0998f30bfa"",""data/metrics_faithfulness_metrics_PickCube-v1_170m_seed142_logpi_20260615_004405.jsonl:370:161a9dd87a898c6a7c22faea3d59cfbf2df3970e1e5245a087227945465212ae"",""data/metrics_faithfulness_metrics_PickCube-v1_170m_seed142_logpi_20260615_004405.jsonl:371:693ca7f03f274fb329619217e5a801e797ec02155f78afc89afaee13c3c79d32"",""data/metrics_faithfulness_metrics_PickCube-v1_170m_seed142_logpi_20260615_004405.jsonl:372:72917f6bfed9227c29aae2675e2635e6009e3f329ffdf712607e322807663884"",""data/metrics_faithfulness_metrics_PickCube-v1_170m_seed142_logpi_20260615_004405.jsonl:373:b974ea97343d7b69f3aaa046339bb0f31d56a7fcbd8632201040544e0411576c"",""data/metrics_faithfulness_metrics_PickCube-v1_170m_seed142_logpi_20260615_004405.jsonl:374:75f76c464a253e15e4ec07827bbb317ddc7bc728cdcd55cf1dd10cd4650a4360"",""data/metrics_faithfulness_metrics_PickCube-v1_170m_seed142_logpi_20260615_004405.jsonl:375:954ce3f16bf85ff22c9155b08a09aa57cf9d5dff9741924dfc7b1bad5fbe2db8""]",0.1130184091520904,-0.05824535701540365,0.0
Q:lang:deletion,Q,lang,deletion,e3a99e407e411281daa72c3b8f5ebf0c6b5fc6286cd0fc22f96769f6596aaee7,25,25,0.15457848657514617,"[""data/metrics_faithfulness_metrics_PickCube-v1_170m_seed42_logpi_20260615_004816.jsonl:326:781a4a55728374ddf103362eebfb6f6ba60ca4d0b5db9a211898d8864ca97da2"",""data/metrics_faithfulness_metrics_PickCube-v1_170m_seed42_logpi_20260615_004816.jsonl:327:86ef20a587cefa412efe078adffac8690e2efddbfb6640c7fef27ed435dbe2df"",""data/metrics_faithfulness_metrics_PickCube-v1_170m_seed42_logpi_20260615_004816.jsonl:328:00c07ed47c0daf01514e882aad42d75b02eb8754de1b2ca0e8bf5869ff7af090"",""data/metrics_faithfulness_metrics_PickCube-v1_170m_seed42_logpi_20260615_004816.jsonl:329:78d7930e3e33c13c5696ce0bc427939874d6f142777824795bdab9922137673b"",""data/metrics_faithfulness_metrics_PickCube-v1_170m_seed42_logpi_20260615_004816.jsonl:330:7cf052266208d2c27d729e3b972210dbdb8e78ebd66372ce583e62039c6718d9"",""data/metrics_faithfulness_metrics_PickCube-v1_170m_seed42_logpi_20260615_004816.jsonl:331:7176b9e869108ee78ce8dc226cb6b08bed2404c3c802741724cbdc54863d7d8e"",""data/metrics_faithfulness_metrics_PickCube-v1_170m_seed42_logpi_20260615_004816.jsonl:332:97a49d92d5bb3e1047f84654ad13a24548260d70d5a7ce809bc42702e6700807"",""data/metrics_faithfulness_metrics_PickCube-v1_170m_seed42_logpi_20260615_004816.jsonl:333:dde1e9bcfb4bf2641bf3e0842ba7d76b9ed79532cbad02d3e27be135d770b60b"",""data/metrics_faithfulness_metrics_PickCube-v1_170m_seed42_logpi_20260615_004816.jsonl:334:64a4308505461393fdc12bffa8de8d5cdac9cd1a2f09e6b680ba5096329bc393"",""data/metrics_faithfulness_metrics_PickCube-v1_170m_seed42_logpi_20260615_004816.jsonl:335:c3cb94c6a1d490120dc1244e4b5e9ada60797164217d6a27a5a12551bb36e954"",""data/metrics_faithfulness_metrics_PickCube-v1_170m_seed42_logpi_20260615_004816.jsonl:336:6b5762632c607f6d539959aa87341abe8e53f84c14e43ef3d6a5178d2eb87456"",""data/metrics_faithfulness_metrics_PickCube-v1_170m_seed42_logpi_20260615_004816.jsonl:337:7df5348b3f46675ebd9b29d8c4c124207b72a1201b19aa0477ee3122ccdf6ef3"",""data/metrics_faithfulness_metrics_PickCube-v1_170m_seed42_logpi_20260615_004816.jsonl:338:dd59265baf1498f5979a8421e1a7e8094dca198194dd25f3d780b7e0a6acb879"",""data/metrics_faithfulness_metrics_PickCube-v1_170m_seed42_logpi_20260615_004816.jsonl:339:cb73bb700ccaac15b6c4bf852c02983143c6eab0048c55e3733c9b75d91b87c3"",""data/metrics_faithfulness_metrics_PickCube-v1_170m_seed42_logpi_20260615_004816.jsonl:340:a4a64f6166129a57a994be4534423b233e4372ed10d3942280812601fb476acf"",""data/metrics_faithfulness_metrics_PickCube-v1_170m_seed42_logpi_20260615_004816.jsonl:341:d5d92bae3a75b21cc7fdf797c286bbcf7fc01dc13c346fe144676f593b18cbb1"",""data/metrics_faithfulness_metrics_PickCube-v1_170m_seed42_logpi_20260615_004816.jsonl:342:2791f0e992a04f343238d24a192073c16ef413da5a67ea204a7cdce15d6b8bee"",""data/metrics_faithfulness_metrics_PickCube-v1_170m_seed42_logpi_20260615_004816.jsonl:343:02da77da04d4b538b7fd3e4e20056c6e8af9da8df6b07502e1f15f41bdc96f5d"",""data/metrics_faithfulness_metrics_PickCube-v1_170m_seed42_logpi_20260615_004816.jsonl:344:48817ea4c07a563fdf3c255210e63fc34c12c6f645f2ed67da5fdbb254370079"",""data/metrics_faithfulness_metrics_PickCube-v1_170m_seed42_logpi_20260615_004816.jsonl:345:d8a78eff5db0a3e0e358a23c17ba6f96903a63cad8a32d6139a2d78dcf1704b5"",""data/metrics_faithfulness_metrics_PickCube-v1_170m_seed42_logpi_20260615_004816.jsonl:346:10ddd873706f71ec390be108989d9f92011f70ac56015fcf726cab68a767d591"",""data/metrics_faithfulness_metrics_PickCube-v1_170m_seed42_logpi_20260615_004816.jsonl:347:333841d609da92908024a42a5069d16e993ba616cf7fed5165846e7d2fbbcefb"",""data/metrics_faithfulness_metrics_PickCube-v1_170m_seed42_logpi_20260615_004816.jsonl:348:4c2cbdd2665fa64f48d06f6829a11fd6b7facb75b648f3d420a324d90dad647b"",""data/metrics_faithfulness_metrics_PickCube-v1_170m_seed42_logpi_20260615_004816.jsonl:349:31ec33916d4e900332093e11b2af2373e97429e21d9fdb92da777c81a3c0a2a9"",""data/metrics_faithfulness_metrics_PickCube-v1_170m_seed42_logpi_20260615_004816.jsonl:350:962fc286eb88e0ee0852c1f5a787962e14468ba2765ff400e8264ca74e51ebf0""]",0.15566945400114093,-0.001090967425994776,0.0
Q:lang:deletion,Q,lang,deletion,f2908d38a9826fba0ee8384967e769698dfa1ed3e3d485e8ac232f37b331a773,25,25,0.1422618257175985,"[""data/metrics_faithfulness_metrics_PickCube-v1_170m_seed142_logpi_20260615_004405.jsonl:301:5b8a2a3bd8b13bcaf7c903c61d2c99054267e31c802e166a856063519c258b35"",""data/metrics_faithfulness_metrics_PickCube-v1_170m_seed142_logpi_20260615_004405.jsonl:302:631fa796026b8f738dd70a81676bce624d8042b30c9a933dc3c640a968f1d933"",""data/metrics_faithfulness_metrics_PickCube-v1_170m_seed142_logpi_20260615_004405.jsonl:303:ea9fb08caa95d4b0bd60d820a4a6cf91b7900bd43a32f8761c0cc0956e37f38c"",""data/metrics_faithfulness_metrics_PickCube-v1_170m_seed142_logpi_20260615_004405.jsonl:304:7e35b6a952d0f76237efe7879399f9b098058e97edf56e409a21e5425c21e5ad"",""data/metrics_faithfulness_metrics_PickCube-v1_170m_seed142_logpi_20260615_004405.jsonl:305:8ace1952a12979ddbe9cd299e5facc39071c60b0095807ddd94a0d97f2c98943"",""data/metrics_faithfulness_metrics_PickCube-v1_170m_seed142_logpi_20260615_004405.jsonl:306:23dd2039be8590a2fbcf8109f05b9954d4aba2238f9270b4b57955c02c3a92fa"",""data/metrics_faithfulness_metrics_PickCube-v1_170m_seed142_logpi_20260615_004405.jsonl:307:746f4441407aa19e2ee952e37bd5d6abde460013b6901737b8145867800d1817"",""data/metrics_faithfulness_metrics_PickCube-v1_170m_seed142_logpi_20260615_004405.jsonl:308:d5d1b65a7cc20c91d66df94aa043ba2b7312cd9c3d27a5dba8eea40e063526a3"",""data/metrics_faithfulness_metrics_PickCube-v1_170m_seed142_logpi_20260615_004405.jsonl:309:ec0fc6d6668ecdf8854c72d58817728bc7de5148e712f56105926a5df5731216"",""data/metrics_faithfulness_metrics_PickCube-v1_170m_seed142_logpi_20260615_004405.jsonl:310:640d8d642cb6c3c919af0d0cef0bf1272c055c1966354aa91e2dc7e0d5cb7771"",""data/metrics_faithfulness_metrics_PickCube-v1_170m_seed142_logpi_20260615_004405.jsonl:311:4cd0a9b85c930a3b4614107e6346245c027db157fccf6d8809dd5915052aa1aa"",""data/metrics_faithfulness_metrics_PickCube-v1_170m_seed142_logpi_20260615_004405.jsonl:312:7ddcd4e1e7870e1287a107940582d30cdfddf55abba084e6952ca1cdad413573"",""data/metrics_faithfulness_metrics_PickCube-v1_170m_seed142_logpi_20260615_004405.jsonl:313:f2083e4b55e0cf6243d56cfbba9464961c265899c78792d8fa32ffef4786402d"",""data/metrics_faithfulness_metrics_PickCube-v1_170m_seed142_logpi_20260615_004405.jsonl:314:f81124cd1183747706f27cbe4ae9de49286033f751cd4a0702f0cc4848f533e1"",""data/metrics_faithfulness_metrics_PickCube-v1_170m_seed142_logpi_20260615_004405.jsonl:315:83f1e48b13816bc3d2ec8168e061d2ec12baefac506679bcbb1d40a985d4c3c3"",""data/metrics_faithfulness_metrics_PickCube-v1_170m_seed142_logpi_20260615_004405.jsonl:316:862462ff018d123ba7f4dd4fc14c45e182ee19596f03a204d6f345de14de0a3b"",""data/metrics_faithfulness_metrics_PickCube-v1_170m_seed142_logpi_20260615_004405.jsonl:317:70840c33350283187594f34066f3e3794aff7b667636e4c9188e92656873f06e"",""data/metrics_faithfulness_metrics_PickCube-v1_170m_seed142_logpi_20260615_004405.jsonl:318:40d48cf36a76a7c207d5f771fc99ebe4a9f67dd12c60b6a43cd7d20afa09aaa3"",""data/metrics_faithfulness_metrics_PickCube-v1_170m_seed142_logpi_20260615_004405.jsonl:319:212291f08ae87b94badf45701f1471da6d817ed4335161c82a53e9af22f5e791"",""data/metrics_faithfulness_metrics_PickCube-v1_170m_seed142_logpi_20260615_004405.jsonl:320:dbaa952792a150bddb55cabd51c2160d4d3652cee8ae0a9ee9280b3056f48d4d"",""data/metrics_faithfulness_metrics_PickCube-v1_170m_seed142_logpi_20260615_004405.jsonl:321:d9e07af7cf1c9c5894efc350d142ebd63e7ca548b55eae5e231f61529c5fe05e"",""data/metrics_faithfulness_metrics_PickCube-v1_170m_seed142_logpi_20260615_004405.jsonl:322:5b706233387d9171ae77e4dd66f015679be64107405ea9e2abce700dd5dbfb6b"",""data/metrics_faithfulness_metrics_PickCube-v1_170m_seed142_logpi_20260615_004405.jsonl:323:09b7369045a6f0fadeb074e9a5c90d278dfe0450a94f6ccfc04aea955ffce145"",""data/metrics_faithfulness_metrics_PickCube-v1_170m_seed142_logpi_20260615_004405.jsonl:324:2c38d0e6dd568ef1cefb72f3e2af307cf1dccea964926ec30f96cdbf5194470d"",""data/metrics_faithfulness_metrics_PickCube-v1_170m_seed142_logpi_20260615_004405.jsonl:325:87989c9e975701c033b60d7365b82c66126228659f7ee20d30535373fd277334""]",0.1422618257175985,0.0,0.0
L2:vision:insertion,L2,vision,insertion,0b54b3fe277a26d0cd055d07e3c55a6758becafd90e2090097a9c09f9b6e418e,25,25,0.07694785100703377,"[""data/metrics_faithfulness_metrics_PickCube-v1_170m_seed142_l2_20260530_082947.jsonl:276:8e919113e8ed86a6b65a78f01b84ffedae644c24428985ad3e9212d00c94b7a9"",""data/metrics_faithfulness_metrics_PickCube-v1_170m_seed142_l2_20260530_082947.jsonl:277:59dec5786c502051186ccba58e3f0adf33c93c015ecf401a4ba52aad12bf07f6"",""data/metrics_faithfulness_metrics_PickCube-v1_170m_seed142_l2_20260530_082947.jsonl:278:5b8232b8f0726329cbebfe5a15736e6272a7a0c03f0dac13aaf6c2c9c6e0f157"",""data/metrics_faithfulness_metrics_PickCube-v1_170m_seed142_l2_20260530_082947.jsonl:279:c60daa1d7399e35c92fbcf898c17388c26b13926ccab3255a5824e2b2aa468e9"",""data/metrics_faithfulness_metrics_PickCube-v1_170m_seed142_l2_20260530_082947.jsonl:280:4266e5b7e109b0cd062fca1ffa65bffce8c05d4e60e4e36521acb8084031479c"",""data/metrics_faithfulness_metrics_PickCube-v1_170m_seed142_l2_20260530_082947.jsonl:281:b558bc1db09eaa3b3e11ec7cac70b56ff25e2a85e01e2d1403af1b2131343b78"",""data/metrics_faithfulness_metrics_PickCube-v1_170m_seed142_l2_20260530_082947.jsonl:282:209b78d0860e800e45b537eb2abf647032a44f9d98748efdea8ad93a9f806655"",""data/metrics_faithfulness_metrics_PickCube-v1_170m_seed142_l2_20260530_082947.jsonl:283:4a580a024b0342567c5416d5a16a6897a7347080090e475e798be57c7b1c535f"",""data/metrics_faithfulness_metrics_PickCube-v1_170m_seed142_l2_20260530_082947.jsonl:284:a0b1b667eb38eb4201df36b257e9cfb58a879784057fcc0a9277e4dde0a8f6af"",""data/metrics_faithfulness_metrics_PickCube-v1_170m_seed142_l2_20260530_082947.jsonl:285:3e8a155533670301edfd7436779d8cc8cb18fadf7734d334976b913a70735bdb"",""data/metrics_faithfulness_metrics_PickCube-v1_170m_seed142_l2_20260530_082947.jsonl:286:856cf79493d762bb6ea711269fa346d17dcc2ce5de3b9575a1d50b9edd537555"",""data/metrics_faithfulness_metrics_PickCube-v1_170m_seed142_l2_20260530_082947.jsonl:287:9a7741c47ea9ef5c9688c2afe2c4dbdbdcb39521cf0251cecde45dc73a5d1226"",""data/metrics_faithfulness_metrics_PickCube-v1_170m_seed142_l2_20260530_082947.jsonl:288:c2adc6839d47ac4d3db581276932687375da023ed9c33d61851e6ec972e9cb59"",""data/metrics_faithfulness_metrics_PickCube-v1_170m_seed142_l2_20260530_082947.jsonl:289:b304e38ce3bd51ed755dc70531bb560ec7feb25bc4d2e0bfb4ef76f490e00ca1"",""data/metrics_faithfulness_metrics_PickCube-v1_170m_seed142_l2_20260530_082947.jsonl:290:7a566d33825b2a0d5adc012952343c52ba3badc286f77cc6929b73f128c7854d"",""data/metrics_faithfulness_metrics_PickCube-v1_170m_seed142_l2_20260530_082947.jsonl:291:299f025f45397c4b07e1b100d38248cdc6cd347e4ffa75e9bf69f38625694f13"",""data/metrics_faithfulness_metrics_PickCube-v1_170m_seed142_l2_20260530_082947.jsonl:292:6918520c2a690bce6a50027d7b4088da6bff63c6c700c3b5a7bd8a4bd0c7a821"",""data/metrics_faithfulness_metrics_PickCube-v1_170m_seed142_l2_20260530_082947.jsonl:293:731ec2f9e4b0252d89cdef1c64b8e89a3a0a134f33507c321dc556b9cb4a2ed7"",""data/metrics_faithfulness_metrics_PickCube-v1_170m_seed142_l2_20260530_082947.jsonl:294:72ff8205e8e3e14158d86c7cb821652732da4853cd559cd81cfa8cadbf75496e"",""data/metrics_faithfulness_metrics_PickCube-v1_170m_seed142_l2_20260530_082947.jsonl:295:647f5059f03857253e51773443508615cc1a9d9610eed1624fcc4e9299cc160f"",""data/metrics_faithfulness_metrics_PickCube-v1_170m_seed142_l2_20260530_082947.jsonl:296:5418cfab4dacfb1a7985d63631fc3d2c7b3cd47271f173ccf364a89c787f0f70"",""data/metrics_faithfulness_metrics_PickCube-v1_170m_seed142_l2_20260530_082947.jsonl:297:bd2637ff5b19c6659ac6500802655ed68ef244742624db30168eeeae3dd790a7"",""data/metrics_faithfulness_metrics_PickCube-v1_170m_seed142_l2_20260530_082947.jsonl:298:dc99acd97f0be889979637a6ae47d13e717c1e179f7e754c9fc0eaebfb3d094b"",""data/metrics_faithfulness_metrics_PickCube-v1_170m_seed142_l2_20260530_082947.jsonl:299:3680d7c7dd3f32672fc4f383c8a6c77c974396eeedb27123b5b765c07a975f3a"",""data/metrics_faithfulness_metrics_PickCube-v1_170m_seed142_l2_20260530_082947.jsonl:300:1a412f6d9753ef75d05de2da7336edabe8ca475c9050150dbdeea1951e0b65d4""]",0.11854862668102405,-0.041600775673990224,0.0
L2:vision:insertion,L2,vision,insertion,103c278f8cea9e190a33210a8da7a4011ad4ef6226ba2f5b84f64ab693b94d02,25,25,0.09608551831647166,"[""data/metrics_faithfulness_metrics_PickCube-v1_170m_seed142_l2_20260530_082947.jsonl:100:c9df18f78bccd98676b76f0f181b6cdc1869ecbfd0333924c93afbb4b50ea405"",""data/metrics_faithfulness_metrics_PickCube-v1_170m_seed142_l2_20260530_082947.jsonl:76:1fd5ca190899dbfd00756872b55f3bbc705a215ddffbb88f0fef371ddc2701b9"",""data/metrics_faithfulness_metrics_PickCube-v1_170m_seed142_l2_20260530_082947.jsonl:77:88cd472894526ab0959156f4fdf19aff96c2bc0437dfc5a40fb3af9d62c7a5a8"",""data/metrics_faithfulness_metrics_PickCube-v1_170m_seed142_l2_20260530_082947.jsonl:78:f75dea264e1c08e86004d408826be450499ff3be0f5d07da6a6ac3d6f2d0c952"",""data/metrics_faithfulness_metrics_PickCube-v1_170m_seed142_l2_20260530_082947.jsonl:79:2b761f40e1cad306ff36989c30d790ac9bee19b9c910518385d4e7f792b613cf"",""data/metrics_faithfulness_metrics_PickCube-v1_170m_seed142_l2_20260530_082947.jsonl:80:c4e70972d9cd12c35a2b1b2989fc625400ef619f271315c44f902cab33502143"",""data/metrics_faithfulness_metrics_PickCube-v1_170m_seed142_l2_20260530_082947.jsonl:81:b38b5fb8f22e11f61b35b8ab4be35040d17cc228ed98c91f7aeaefeb10b4d8d2"",""data/metrics_faithfulness_metrics_PickCube-v1_170m_seed142_l2_20260530_082947.jsonl:82:458081c8dcf79549925bfaa7afa3ea7b3aa733ac2a2b33bf0286a4fd671889ee"",""data/metrics_faithfulness_metrics_PickCube-v1_170m_seed142_l2_20260530_082947.jsonl:83:afca8d849a3a8665326521f88fb39ffb55cb8817a74d340029e44ebdb1bec735"",""data/metrics_faithfulness_metrics_PickCube-v1_170m_seed142_l2_20260530_082947.jsonl:84:49aedeaa0e20df69d88ab187903c63bbde0a823af1f0774bc9a74e7a6e23454e"",""data/metrics_faithfulness_metrics_PickCube-v1_170m_seed142_l2_20260530_082947.jsonl:85:4ec7feb0f4ca8b120a8452ecff8f055ec599a70a7d7689719ff4261e0f67426a"",""data/metrics_faithfulness_metrics_PickCube-v1_170m_seed142_l2_20260530_082947.jsonl:86:a0b37ca2d2b04834c0e0e19ff976e4183a6c94077ba0678cc92fd7dbe39c8da8"",""data/metrics_faithfulness_metrics_PickCube-v1_170m_seed142_l2_20260530_082947.jsonl:87:94e97b7ecbf3c6f2c776f53a6052ba2c13db5f76380035a1d3a5ff864ad92d1a"",""data/metrics_faithfulness_metrics_PickCube-v1_170m_seed142_l2_20260530_082947.jsonl:88:638f21193b4d0edbdcc6de2ce7aea43b8661aa6eebfb9f05c734ab9302c1e3d2"",""data/metrics_faithfulness_metrics_PickCube-v1_170m_seed142_l2_20260530_082947.jsonl:89:6429f55ef05975e174eaa1dd7176e35c4e0a9941c86640bf75e4bdc68d131c83"",""data/metrics_faithfulness_metrics_PickCube-v1_170m_seed142_l2_20260530_082947.jsonl:90:2b0ff7f7a5b15df9e6ffed490e7e53ac3e03f26b13acd5a98eea018e830ffb4a"",""data/metrics_faithfulness_metrics_PickCube-v1_170m_seed142_l2_20260530_082947.jsonl:91:2f240111cfbcdd60bb565815ff417951fc4d263be0282a2e3f01607207286af3"",""data/metrics_faithfulness_metrics_PickCube-v1_170m_seed142_l2_20260530_082947.jsonl:92:22faeb90b6d4f04d1846b4ae7c12da5d716f80fbe3944883503471fcd2eb686f"",""data/metrics_faithfulness_metrics_PickCube-v1_170m_seed142_l2_20260530_082947.jsonl:93:57a761c03e4a0ad723f2d34b1e717951a4bbae04fd517fce0bec3422ae7aa4bf"",""data/metrics_faithfulness_metrics_PickCube-v1_170m_seed142_l2_20260530_082947.jsonl:94:6ec7db4d504b216a19b094193233fbd64d3be86eb1805fb02a599db333974bd0"",""data/metrics_faithfulness_metrics_PickCube-v1_170m_seed142_l2_20260530_082947.jsonl:95:76eed63568d48dd90aaead312fb2afbef71a7ae7e69cbac94ce5c8568f9457b3"",""data/metrics_faithfulness_metrics_PickCube-v1_170m_seed142_l2_20260530_082947.jsonl:96:c3d842284b870ca6c66a6da0f70dcfcc805b85ccbf18887e00e5cb5d6136cc77"",""data/metrics_faithfulness_metrics_PickCube-v1_170m_seed142_l2_20260530_082947.jsonl:97:0ba076cd92632ba23131ecfb7318865d4fcf547e27492a12033833ffc1487d47"",""data/metrics_faithfulness_metrics_PickCube-v1_170m_seed142_l2_20260530_082947.jsonl:98:b8aac2de2ca91b98997a05bcb85e767a64cdd59069045b80567bb4f001aa838a"",""data/metrics_faithfulness_metrics_PickCube-v1_170m_seed142_l2_20260530_082947.jsonl:99:7ef85fc449e9a2bfc219a4ea387ab98fbba19eb45163dd4a041e26167c2d5886""]",0.10532458683285764,-0.009239068516386,0.0
L2:vision:insertion,L2,vision,insertion,2b9c0717e3d744841d5419f0f59691c6a193bad395b90a7b2ba4315a0e2272e0,25,25,-209.80451873629397,"[""data/metrics_faithfulness_metrics_PickCube-v1_170m_seed142_l2_20260530_082947.jsonl:151:0da34d16f6ba39e7aba34114434f39ca130ef20507af096d76656579de282217"",""data/metrics_faithfulness_metrics_PickCube-v1_170m_seed142_l2_20260530_082947.jsonl:152:27eef238e2edc9b56411d525d12a7d2247ecf383298ca1d6918b86eaeaf9921e"",""data/metrics_faithfulness_metrics_PickCube-v1_170m_seed142_l2_20260530_082947.jsonl:153:f1196d1b4642b5b1ecdfb6f605346bfdc5db731276d9cfa1a60db9ff39ba1758"",""data/metrics_faithfulness_metrics_PickCube-v1_170m_seed142_l2_20260530_082947.jsonl:154:6509664149694658cc606788cc8fca493f15d31d3028fc233efd116142b976d4"",""data/metrics_faithfulness_metrics_PickCube-v1_170m_seed142_l2_20260530_082947.jsonl:155:9527038a76be6a70db56b6468621b3e4dd0c0f79b0ebf52b81af7e1d00347687"",""data/metrics_faithfulness_metrics_PickCube-v1_170m_seed142_l2_20260530_082947.jsonl:156:4a1e9991815716c8140c9d5f73264abba4cf64113a43546933599b395acac93b"",""data/metrics_faithfulness_metrics_PickCube-v1_170m_seed142_l2_20260530_082947.jsonl:157:8d6c34f4cb54bb7c4f4c87a8c98f04ea7da3a5ea5eb98b94e4577f1161ba9600"",""data/metrics_faithfulness_metrics_PickCube-v1_170m_seed142_l2_20260530_082947.jsonl:158:15ea39c5269313103b16e6e913d0b496afcbdbdfb771aba10960f905091ab634"",""data/metrics_faithfulness_metrics_PickCube-v1_170m_seed142_l2_20260530_082947.jsonl:159:578bee2598abd68d2b1340a7ae35d527a07ea295a7f6e6ea8746d3258862b56c"",""data/metrics_faithfulness_metrics_PickCube-v1_170m_seed142_l2_20260530_082947.jsonl:160:42deae522bbc84a50c45c94cdf6c14bef6b5545829e148f977787463d3821a12"",""data/metrics_faithfulness_metrics_PickCube-v1_170m_seed142_l2_20260530_082947.jsonl:161:d6378a5ed1d9a49835241fe634706358f3470c980986de5197572463c5a1013f"",""data/metrics_faithfulness_metrics_PickCube-v1_170m_seed142_l2_20260530_082947.jsonl:162:6be80fbd9b839b710dd98b05cfc679e438fd940e893df8734b1163ab1acb3217"",""data/metrics_faithfulness_metrics_PickCube-v1_170m_seed142_l2_20260530_082947.jsonl:163:695fe680c4691475d7f80e640d4ee7dab4024eea809a83aa941e267e3da4583a"",""data/metrics_faithfulness_metrics_PickCube-v1_170m_seed142_l2_20260530_082947.jsonl:164:b74191209474ef45506e91a270026567cc32e96d0dcbf99c4f4a9c14b504c19f"",""data/metrics_faithfulness_metrics_PickCube-v1_170m_seed142_l2_20260530_082947.jsonl:165:2175c216b209db07f7ecc0488bd9acbece7a35d11a51c5ea955716a3557b3ae9"",""data/metrics_faithfulness_metrics_PickCube-v1_170m_seed142_l2_20260530_082947.jsonl:166:0416e1f068b170e77ed955831de4953a675533b9edffe2f8be84663bff5456db"",""data/metrics_faithfulness_metrics_PickCube-v1_170m_seed142_l2_20260530_082947.jsonl:167:b9029e496adba6034fb976c49e018c30748f621386be99233f2e30f415529edd"",""data/metrics_faithfulness_metrics_PickCube-v1_170m_seed142_l2_20260530_082947.jsonl:168:6aed096833d46ff2a0a1c4bf330d7c5b2f80d699d971c7b5d4392bebcda61a6b"",""data/metrics_faithfulness_metrics_PickCube-v1_170m_seed142_l2_20260530_082947.jsonl:169:0af23c32b56b867606776964145dc522ea7a8b172f1cdfc51d7fb1ac726fff52"",""data/metrics_faithfulness_metrics_PickCube-v1_170m_seed142_l2_20260530_082947.jsonl:170:3d367228821249983adacdbe1836e3ba4144dd081f14837d2ac4b6202cbdb0e2"",""data/metrics_faithfulness_metrics_PickCube-v1_170m_seed142_l2_20260530_082947.jsonl:171:fc3f15b0005ed882c667671333873c46f7d24e5921e731726f73f8551baec942"",""data/metrics_faithfulness_metrics_PickCube-v1_170m_seed142_l2_20260530_082947.jsonl:172:237f61f6b3ba903fb8b798182f81d6ff82d55ddc87e2745a4f78d34651ab0bb3"",""data/metrics_faithfulness_metrics_PickCube-v1_170m_seed142_l2_20260530_082947.jsonl:173:646702e091daa0d14a197fb84ccfd9ae3d03edccb5078be8dd0de05821a59552"",""data/metrics_faithfulness_metrics_PickCube-v1_170m_seed142_l2_20260530_082947.jsonl:174:a2f242bbd0d0b4adcbd56898255ad0455a1f9b4cef3efb42e883014268f55e47"",""data/metrics_faithfulness_metrics_PickCube-v1_170m_seed142_l2_20260530_082947.jsonl:175:30fc94b9f17c2edab68a88fb034b2c6bebd189f7e74eb7d7dc421176a4db5c0f""]",0.10374780078816088,-209.90826653708217,0.0
L2:vision:insertion,L2,vision,insertion,33be5890a7a31998672778328fbc10f7c63ade321dc50fff8833bdbec529026e,25,25,0.08372910808091465,"[""data/metrics_faithfulness_metrics_PickCube-v1_170m_seed142_l2_20260530_082947.jsonl:26:4198bd845374ca45d1b2fd30bdcafce34fd222afb6fb60d7db79b155c4b5f9da"",""data/metrics_faithfulness_metrics_PickCube-v1_170m_seed142_l2_20260530_082947.jsonl:27:c4df40ca70111e66cd9b11c410b7cbf2ec140f35c4fa240a30255ef96ebcb98d"",""data/metrics_faithfulness_metrics_PickCube-v1_170m_seed142_l2_20260530_082947.jsonl:28:20fc757c1a707ad98117d1c23fa293352790707367f954394de5e31cf07d5200"",""data/metrics_faithfulness_metrics_PickCube-v1_170m_seed142_l2_20260530_082947.jsonl:29:15c6660c12d9c9a2ff2bc158af6e8d1c6411a491e3d8b7c3a4d9741b8dd80db5"",""data/metrics_faithfulness_metrics_PickCube-v1_170m_seed142_l2_20260530_082947.jsonl:30:0540579ead2f84c75b9837e4d7f85aa5ab83cb5883ad1cbc32eb1a4c85e0ac18"",""data/metrics_faithfulness_metrics_PickCube-v1_170m_seed142_l2_20260530_082947.jsonl:31:a871a48cf3d1f8bd7f6b715a62bcde1b0d20287087ea4f5adc596ce363301007"",""data/metrics_faithfulness_metrics_PickCube-v1_170m_seed142_l2_20260530_082947.jsonl:32:e4d5a52ac59ad8c898e199a77643bdf2376751639ab5c327183562f2914644dc"",""data/metrics_faithfulness_metrics_PickCube-v1_170m_seed142_l2_20260530_082947.jsonl:33:a37bd361c3e14586d7a559152b78fc852b9f7d533aea793dbc52bcdb9e9d3cf3"",""data/metrics_faithfulness_metrics_PickCube-v1_170m_seed142_l2_20260530_082947.jsonl:34:9ba24a0cba621786bb22f41e61d0c1be544674452516cb6314cb030b98211d2c"",""data/metrics_faithfulness_metrics_PickCube-v1_170m_seed142_l2_20260530_082947.jsonl:35:18d3bc9f5cb93683df71668b3854210a3ab0383c93c7664472745892594b343d"",""data/metrics_faithfulness_metrics_PickCube-v1_170m_seed142_l2_20260530_082947.jsonl:36:5096fe3edb456d7f4bb55e7494d14e2a7bdc90e373c262f8666ec2be0456f8c4"",""data/metrics_faithfulness_metrics_PickCube-v1_170m_seed142_l2_20260530_082947.jsonl:37:8550bef3ef5d9e7eb1154a4ddd962381340671a973785a9736cefd60d1c68b23"",""data/metrics_faithfulness_metrics_PickCube-v1_170m_seed142_l2_20260530_082947.jsonl:38:fc741495df3a513a4180fea3f8d038077472a9191877d945c70ed9424f34d581"",""data/metrics_faithfulness_metrics_PickCube-v1_170m_seed142_l2_20260530_082947.jsonl:39:4b2fe2d7f7d2522daec3ceb2301bf1e63b25f29f3641a447c1c30a6c060712f5"",""data/metrics_faithfulness_metrics_PickCube-v1_170m_seed142_l2_20260530_082947.jsonl:40:ee6f90d1551ab8bb0d00ac994a345632b33543e0d3b3df855aa8610702daf5a2"",""data/metrics_faithfulness_metrics_PickCube-v1_170m_seed142_l2_20260530_082947.jsonl:41:bea118734ba98cfbf7fba774b3ec3328c7fcf308974eeda16c056a6f1ba5719c"",""data/metrics_faithfulness_metrics_PickCube-v1_170m_seed142_l2_20260530_082947.jsonl:42:dfbb4a4a9bf7f4597f2c55a3071559834b1e9d7b15b08a78d907bd7424430d20"",""data/metrics_faithfulness_metrics_PickCube-v1_170m_seed142_l2_20260530_082947.jsonl:43:3c0a1336a62c5167e66d062d47b61d1d81296721274367cae512cdd1e39934d7"",""data/metrics_faithfulness_metrics_PickCube-v1_170m_seed142_l2_20260530_082947.jsonl:44:667ed46c0bf1fbd37a79e07c9afcc259541870e5a38a69c88c66999367c961e8"",""data/metrics_faithfulness_metrics_PickCube-v1_170m_seed142_l2_20260530_082947.jsonl:45:f77384e7353c763721bfadea0a4677657fddb4357e8b2fd70529f78c703744c6"",""data/metrics_faithfulness_metrics_PickCube-v1_170m_seed142_l2_20260530_082947.jsonl:46:0e9e3e139f93345c69223b03a25305f8ffc8da438c16b8b5a8741f5fe907a86a"",""data/metrics_faithfulness_metrics_PickCube-v1_170m_seed142_l2_20260530_082947.jsonl:47:0d8913426a6a5de841b23872ecec3669b3f38ccf3d1c47e1b1cec2a480b6e5d7"",""data/metrics_faithfulness_metrics_PickCube-v1_170m_seed142_l2_20260530_082947.jsonl:48:5bc83dbd7aaed119a2b6c4c0f3dad1c3a296c928b6c516909db2b1f37e446ac4"",""data/metrics_faithfulness_metrics_PickCube-v1_170m_seed142_l2_20260530_082947.jsonl:49:021ff1f0e77934f25a5498df27c46918d39e67bfa219ce7f0ec2a350eb80ac8e"",""data/metrics_faithfulness_metrics_PickCube-v1_170m_seed142_l2_20260530_082947.jsonl:50:6845705b222b38b5470aac349b8e589933ef4dff27c3266337d05d5ca508a08a""]",0.09039363155265664,-0.006664523471741988,0.0
L2:vision:insertion,L2,vision,insertion,34a95f0c4056000726fda746879bfef378be8c64c4504a84c65b64ad0cf9cd00,25,25,-0.03148652785149473,"[""data/metrics_faithfulness_metrics_PickCube-v1_170m_seed142_l2_20260530_082947.jsonl:351:2a1730dbfd69635b8f69fe3be84468e022ee18900f6b623dc3f903caa59c0a4e"",""data/metrics_faithfulness_metrics_PickCube-v1_170m_seed142_l2_20260530_082947.jsonl:352:3e6cbf9ef6c4b7e99008e585e50a13773a70f53bebca16268c277ccb7dd56a5f"",""data/metrics_faithfulness_metrics_PickCube-v1_170m_seed142_l2_20260530_082947.jsonl:353:bff0346b965c1d81fc10432d1be139d0a2fb51327f3511b96142f182b0ca2aca"",""data/metrics_faithfulness_metrics_PickCube-v1_170m_seed142_l2_20260530_082947.jsonl:354:7ad88e0f8a0702318eb84506f68174a89ac9b97ef6d08f74cb32f0ca45a33beb"",""data/metrics_faithfulness_metrics_PickCube-v1_170m_seed142_l2_20260530_082947.jsonl:355:16c9471693b892719c7bddb63f7e77aee9c45aea2ea4c87b54cf4d595717465b"",""data/metrics_faithfulness_metrics_PickCube-v1_170m_seed142_l2_20260530_082947.jsonl:356:05178aceb51eb23277fafa53a74c1d80ea050cb67a134446a0aa482134146f05"",""data/metrics_faithfulness_metrics_PickCube-v1_170m_seed142_l2_20260530_082947.jsonl:357:1dfeb3dc0715a820eb5e160a7345bc99f99f8eba14e6a6c4325066c152fa46bb"",""data/metrics_faithfulness_metrics_PickCube-v1_170m_seed142_l2_20260530_082947.jsonl:358:3ad19897e472f806731f3eed51dd46533a7dc20f214ae1eddbe4d131dabdd05f"",""data/metrics_faithfulness_metrics_PickCube-v1_170m_seed142_l2_20260530_082947.jsonl:359:221cf908910e8669e34d7a252b78e6bb6f3dba8905ccd08a48e955278c9ed996"",""data/metrics_faithfulness_metrics_PickCube-v1_170m_seed142_l2_20260530_082947.jsonl:360:463f965b753d19d1ae0d50386d886bb15a0a682790bcccfb308fd9f4dba1e2d7"",""data/metrics_faithfulness_metrics_PickCube-v1_170m_seed142_l2_20260530_082947.jsonl:361:1b3a7a7f45fc997a2ce75152355fdb8cdb99dc119b8b183a38ba4d98d45c5a7b"",""data/metrics_faithfulness_metrics_PickCube-v1_170m_seed142_l2_20260530_082947.jsonl:362:22a05679064a3ebe023ecb4289396189e1f463742b932a789ae94ce687d38bef"",""data/metrics_faithfulness_metrics_PickCube-v1_170m_seed142_l2_20260530_082947.jsonl:363:258386763123bc452ab843c92c29e9add7e2ed3ad0b5d16de5a06387f4d2d29b"",""data/metrics_faithfulness_metrics_PickCube-v1_170m_seed142_l2_20260530_082947.jsonl:364:41398a90bd39d8aff28eb2ca67d4d21dea6deb4cb6e46808c96ce2fcd49fb51d"",""data/metrics_faithfulness_metrics_PickCube-v1_170m_seed142_l2_20260530_082947.jsonl:365:dbc534bc4e708288f9e6b32f717bc68fb9d0c980dcfdab6f28eef91911811882"",""data/metrics_faithfulness_metrics_PickCube-v1_170m_seed142_l2_20260530_082947.jsonl:366:70e56f054b48676999eb5fab33e66b5c9029fc308eb5107d928270dc2d7cb5b9"",""data/metrics_faithfulness_metrics_PickCube-v1_170m_seed142_l2_20260530_082947.jsonl:367:608a4f738297aadd80d610ddb21d86b472ec75796b8cdf46078537ca1398abe4"",""data/metrics_faithfulness_metrics_PickCube-v1_170m_seed142_l2_20260530_082947.jsonl:368:2547989078f7bc253ca86cfd97d6e92582b37802adf631a475f6cbb0260239e9"",""data/metrics_faithfulness_metrics_PickCube-v1_170m_seed142_l2_20260530_082947.jsonl:369:c8ee45616fe2ea5f7f91fa571fd3ec5deb33cc901d272cb329cd4afece7e93c6"",""data/metrics_faithfulness_metrics_PickCube-v1_170m_seed142_l2_20260530_082947.jsonl:370:eeba3be19af972d7260d288b7235256b86a5f3732bec5ddf7e1be9fd534690c1"",""data/metrics_faithfulness_metrics_PickCube-v1_170m_seed142_l2_20260530_082947.jsonl:371:e98e4f69501ad5a86ac6c386ff4b0f93577bc3aac4402960c428b6112bb4a44a"",""data/metrics_faithfulness_metrics_PickCube-v1_170m_seed142_l2_20260530_082947.jsonl:372:f637b8ddf19ba588020eec61b96ad660d930570860f1002108ba9ca798214d32"",""data/metrics_faithfulness_metrics_PickCube-v1_170m_seed142_l2_20260530_082947.jsonl:373:6e9a95f4db27316e65403b75b81aa0d5a93361bb4fe393ed1d064a0e49ced4ea"",""data/metrics_faithfulness_metrics_PickCube-v1_170m_seed142_l2_20260530_082947.jsonl:374:99f237ee0356ea882e2ac2e9e3829201a0bf0e571e5d18b54f86e787491cf6bf"",""data/metrics_faithfulness_metrics_PickCube-v1_170m_seed142_l2_20260530_082947.jsonl:375:0c538f3be7cde9426ed0d70feca59740d51e1e52aa3b3d9e8172952afb47bb1d""]",0.09016485113819693,-0.1216513789896917,0.0
L2:vision:insertion,L2,vision,insertion,34e9497f5a22e2c604984092ddeefe90b8ae63018bd23041885580ef8fd97952,25,25,-0.1952460387056713,"[""data/metrics_faithfulness_metrics_PickCube-v1_170m_seed42_l2_20260530_021658.jsonl:100:a0ffc17ef4bcc5644c6b6961b3af146ea4e4beee8427c37dd6237cbd6d03e42b"",""data/metrics_faithfulness_metrics_PickCube-v1_170m_seed42_l2_20260530_021658.jsonl:76:e0041c1acc94da3c418f7e21aa246260f1ff80ace912d0d2de17e65e8b66cfd0"",""data/metrics_faithfulness_metrics_PickCube-v1_170m_seed42_l2_20260530_021658.jsonl:77:c92f7cd07bc04aa3cd3ecea5b36e854b10f50803d8427f374100d250df4cba0c"",""data/metrics_faithfulness_metrics_PickCube-v1_170m_seed42_l2_20260530_021658.jsonl:78:c15d178780869cbd31f140d8ccd54b654948000b0c5af197a0f4fe03234c9e84"",""data/metrics_faithfulness_metrics_PickCube-v1_170m_seed42_l2_20260530_021658.jsonl:79:e08075e51af5467f89b76151b6c5a0cec2274e1a6d289f62fcfb75ae7be67c1f"",""data/metrics_faithfulness_metrics_PickCube-v1_170m_seed42_l2_20260530_021658.jsonl:80:00a945ad1a83d18eb22877593e4d6671ee4c45d724b4e87ee77f79186574f332"",""data/metrics_faithfulness_metrics_PickCube-v1_170m_seed42_l2_20260530_021658.jsonl:81:32d9b3b4270035f2aeb5686c0fa83ab2793b61e7a3b90a67e678dda14be5262a"",""data/metrics_faithfulness_metrics_PickCube-v1_170m_seed42_l2_20260530_021658.jsonl:82:f71efaec54f5167f0c36b0b4673ff9efae9ee0b23a69285f5e26b783c68420ff"",""data/metrics_faithfulness_metrics_PickCube-v1_170m_seed42_l2_20260530_021658.jsonl:83:146aaf3f31754b329abad77719f44f24bd1ce51b2c86b56fc153e664263c0122"",""data/metrics_faithfulness_metrics_PickCube-v1_170m_seed42_l2_20260530_021658.jsonl:84:de3b698f047b9d702f519ded91e190be3b147c36ef559999c31638c849053ca1"",""data/metrics_faithfulness_metrics_PickCube-v1_170m_seed42_l2_20260530_021658.jsonl:85:8607aaddbfc3fa5a54d2d1b359c1b58016dc484fa0c7a225602d91807f22b37a"",""data/metrics_faithfulness_metrics_PickCube-v1_170m_seed42_l2_20260530_021658.jsonl:86:8b486562b70e47d643436a5e5c0b2239184e66632077c6f6b96ea3761c4f8521"",""data/metrics_faithfulness_metrics_PickCube-v1_170m_seed42_l2_20260530_021658.jsonl:87:6590ea9d1fca933645db9cadf593ba1980cf3072c4dbb6620f5bca7c55aabec7"",""data/metrics_faithfulness_metrics_PickCube-v1_170m_seed42_l2_20260530_021658.jsonl:88:e8678b9770e4cbd2a55246b82eecaf4fc78424912ae1c62896c28d73a40a6c45"",""data/metrics_faithfulness_metrics_PickCube-v1_170m_seed42_l2_20260530_021658.jsonl:89:db4935d9b5d00cfd252d29cf7aa31ffcd3740db81e944933512617f29773ded6"",""data/metrics_faithfulness_metrics_PickCube-v1_170m_seed42_l2_20260530_021658.jsonl:90:2d9086edb980e0b765e185c143a2a73b6cc4b89a04d449a1b24d6a3b9555229b"",""data/metrics_faithfulness_metrics_PickCube-v1_170m_seed42_l2_20260530_021658.jsonl:91:d10da527ddcd6efb8253c489b7c2c6ff2dac8ecd7e3aef40dfc2f81654cb6694"",""data/metrics_faithfulness_metrics_PickCube-v1_170m_seed42_l2_20260530_021658.jsonl:92:230dda46550f1907bfecbb1c85647b8164c4301b4132a7cf3f6c6142528cd27f"",""data/metrics_faithfulness_metrics_PickCube-v1_170m_seed42_l2_20260530_021658.jsonl:93:97bec3a907c3e0b35fc6bbb6cd990e158afb9ac732bc4542431c89184f291209"",""data/metrics_faithfulness_metrics_PickCube-v1_170m_seed42_l2_20260530_021658.jsonl:94:85279a90a246a3f54d09d98f473cc0f0a96b5084d30a2a17c039c144112138cf"",""data/metrics_faithfulness_metrics_PickCube-v1_170m_seed42_l2_20260530_021658.jsonl:95:cbdaba22dc9f0a41d76dccf9a156d369df3efc8decc5240340883e05ce95d729"",""data/metrics_faithfulness_metrics_PickCube-v1_170m_seed42_l2_20260530_021658.jsonl:96:2e5cfabad4c2cc9de4b1b69d0ed047f1f97d2c647f45e6d2fdf023d4a91cd762"",""data/metrics_faithfulness_metrics_PickCube-v1_170m_seed42_l2_20260530_021658.jsonl:97:ea53a8e2b159e0ae274cefc6a1ad1452a2ee4208e5b8e6f942ba6592fed7ad14"",""data/metrics_faithfulness_metrics_PickCube-v1_170m_seed42_l2_20260530_021658.jsonl:98:a6e6745f528a369976b3e62b43109b79901e9af8f613bca9bec74fe1cbce351d"",""data/metrics_faithfulness_metrics_PickCube-v1_170m_seed42_l2_20260530_021658.jsonl:99:10612f64024f2ac9a199dc7de52c30400b0f0042dfb8f0e69d86bfaf8f6ae7ca""]",0.09408815579329781,-0.289334194498969,0.0
L2:vision:insertion,L2,vision,insertion,4ba52ac14e4d61b81a00c3bd307c25cf9b98541ec2a20ec1e957ccd33792cdd1,25,25,-137.55172843858637,"[""data/metrics_faithfulness_metrics_PickCube-v1_170m_seed42_l2_20260530_021658.jsonl:51:2d6aa8dd976bc36c0c7e1f014fa1535d284f1c6c28adf8111bd2df9119b8269d"",""data/metrics_faithfulness_metrics_PickCube-v1_170m_seed42_l2_20260530_021658.jsonl:52:d218a49704d150aab0ad2bf2bc2e7b9b5e02f65d0907e153f0d043e93e4c81f4"",""data/metrics_faithfulness_metrics_PickCube-v1_170m_seed42_l2_20260530_021658.jsonl:53:4af66d135d5511cac49a255e192c6846241e3eacc41149418b63ea1e2763794d"",""data/metrics_faithfulness_metrics_PickCube-v1_170m_seed42_l2_20260530_021658.jsonl:54:3e7d1ca306f3f50619c5dbe2fb2532fcaef01441212ba0bae0193883dd1cf996"",""data/metrics_faithfulness_metrics_PickCube-v1_170m_seed42_l2_20260530_021658.jsonl:55:d3e37d98a017c4497bd90f1d30e6232372abe4779572d5d468f517194d91b837"",""data/metrics_faithfulness_metrics_PickCube-v1_170m_seed42_l2_20260530_021658.jsonl:56:6a8bbf06aebe01dbba425e185112bc5f56c7cbe7d3c53ac3104936daf241cd40"",""data/metrics_faithfulness_metrics_PickCube-v1_170m_seed42_l2_20260530_021658.jsonl:57:a4c2d527937567abb1c0fae978d9d486bbf397f9310a1a9a7ff607de7d643e0b"",""data/metrics_faithfulness_metrics_PickCube-v1_170m_seed42_l2_20260530_021658.jsonl:58:3a24a089606dcbc47b5184c355e00879dbc48217e287525e03572bb196707501"",""data/metrics_faithfulness_metrics_PickCube-v1_170m_seed42_l2_20260530_021658.jsonl:59:6720ea0748444715056de0dc26ad0b79b952785f24cd3ec259a6537850759ce6"",""data/metrics_faithfulness_metrics_PickCube-v1_170m_seed42_l2_20260530_021658.jsonl:60:1252061e6b8fba22cd3e4e2ee55cf1a7d3148987e6de41b8359148f9c5d44492"",""data/metrics_faithfulness_metrics_PickCube-v1_170m_seed42_l2_20260530_021658.jsonl:61:687225a26f292af7b981e7d42287062a6bd0169b5c67aac77fd7a07ba38f8416"",""data/metrics_faithfulness_metrics_PickCube-v1_170m_seed42_l2_20260530_021658.jsonl:62:5ee01bc5ba94d408adcdd9808aa056098544bcb21c36a525eb3e39dd3f54b165"",""data/metrics_faithfulness_metrics_PickCube-v1_170m_seed42_l2_20260530_021658.jsonl:63:ba84a8531f7a1b4adc38b759e8f9318bc2b2f6bc6406a7181a6bd67c5fe535e4"",""data/metrics_faithfulness_metrics_PickCube-v1_170m_seed42_l2_20260530_021658.jsonl:64:a1986b8d5ae3cb06311c9d25f705fc4cc8d6e4a6981f4d028108dc1fe0da9042"",""data/metrics_faithfulness_metrics_PickCube-v1_170m_seed42_l2_20260530_021658.jsonl:65:2b2e1445718cd87252d64c689f64496f239f0f8e06fc00ae9f307bc5663c16e1"",""data/metrics_faithfulness_metrics_PickCube-v1_170m_seed42_l2_20260530_021658.jsonl:66:a81d5b92422e24c0bbf2e4a7c983f26d0e5139e21f0381205be60c3cc56302dc"",""data/metrics_faithfulness_metrics_PickCube-v1_170m_seed42_l2_20260530_021658.jsonl:67:357c50c823fb5560dcb4ea8b9a173269fbe6043d6ea6893b71db7329ccf06776"",""data/metrics_faithfulness_metrics_PickCube-v1_170m_seed42_l2_20260530_021658.jsonl:68:2b1b9816fa49e21619eb6396b2392150352d068a483f321b4dfb0e1b5ef8485d"",""data/metrics_faithfulness_metrics_PickCube-v1_170m_seed42_l2_20260530_021658.jsonl:69:ffbc7b6313f153954ed80d2506553d2a661a2ca215dae07574f5aecb67f5f9c4"",""data/metrics_faithfulness_metrics_PickCube-v1_170m_seed42_l2_20260530_021658.jsonl:70:a49fb44499b7ea6f11f65d81d783866a5b8cd9fb9c032ce311b518b576475fe9"",""data/metrics_faithfulness_metrics_PickCube-v1_170m_seed42_l2_20260530_021658.jsonl:71:e9082cfcea42a068f7a834ddc022132a527d4b667f1a6e5f104ac607205d0f42"",""data/metrics_faithfulness_metrics_PickCube-v1_170m_seed42_l2_20260530_021658.jsonl:72:63b669f041a080d2bddea053350cb3812a4b70630ffbba6365b5bf79df1b67fc"",""data/metrics_faithfulness_metrics_PickCube-v1_170m_seed42_l2_20260530_021658.jsonl:73:78059126835cc2f9b5e92e97bd745b1e07fa62f1278513a303de771392ebac53"",""data/metrics_faithfulness_metrics_PickCube-v1_170m_seed42_l2_20260530_021658.jsonl:74:45e21f055b220da21a58e850cefd741e79a940ce1dcc16f3773ada0999771df7"",""data/metrics_faithfulness_metrics_PickCube-v1_170m_seed42_l2_20260530_021658.jsonl:75:26d58bcaab385d7f0089954b07aee04d0ab9980cf7a44b6c55d558273b448695""]",0.11897995385669231,-137.67070839244306,0.0
L2:vision:insertion,L2,vision,insertion,539f3119298ff207540715033c61e05d655d4e23cf832cd7d943ebf2abc9ac5f,25,25,0.08089856574770257,"[""data/metrics_faithfulness_metrics_PickCube-v1_170m_seed42_l2_20260530_021658.jsonl:10:e06785e8156fe7de875f7ba8e16e205f7e2ddcdbed9ea0ab6764f19aed2e2e2a"",""data/metrics_faithfulness_metrics_PickCube-v1_170m_seed42_l2_20260530_021658.jsonl:11:ce3a5dbdc879b83d3999ec75e9561ef418154b36f9d62d39342f9368fbadf3d8"",""data/metrics_faithfulness_metrics_PickCube-v1_170m_seed42_l2_20260530_021658.jsonl:12:c6ea5c3a7f933952fd7ff9268345b893664ce144746951cf8cd666c757620291"",""data/metrics_faithfulness_metrics_PickCube-v1_170m_seed42_l2_20260530_021658.jsonl:13:54b06e3fd39483bf790c2debd2b70ba599082010077061abfe4cd3c6531a73e3"",""data/metrics_faithfulness_metrics_PickCube-v1_170m_seed42_l2_20260530_021658.jsonl:14:9448eeec09dd61c90b66297ceb9b64b4d703e6962d1a030312372212d1b1cfc0"",""data/metrics_faithfulness_metrics_PickCube-v1_170m_seed42_l2_20260530_021658.jsonl:15:db8bd9872cfe625eeb9ab540113fc979a2f4cac0903433ec3c1b505f44d84e43"",""data/metrics_faithfulness_metrics_PickCube-v1_170m_seed42_l2_20260530_021658.jsonl:16:691f1d6eeadd5ebcabc4aa40c56f5dd0e02041586e8762a82754d4b823be3279"",""data/metrics_faithfulness_metrics_PickCube-v1_170m_seed42_l2_20260530_021658.jsonl:17:88bcf1660059094e570b3a5b24e6382467b4813d48077bdc26b93865edc747a5"",""data/metrics_faithfulness_metrics_PickCube-v1_170m_seed42_l2_20260530_021658.jsonl:18:b87960d9b257840b3d36b41fbf8ba44f9b5b18135bde8445580bd008bb6274ce"",""data/metrics_faithfulness_metrics_PickCube-v1_170m_seed42_l2_20260530_021658.jsonl:19:7cee37498d8cbd373be8e5d0fb71ca779f6f75821f34561a05046f183c8507d2"",""data/metrics_faithfulness_metrics_PickCube-v1_170m_seed42_l2_20260530_021658.jsonl:1:d1bf232c67dd259066efcaeb3ffe5a1e7d5a4d8cdd03f89e3999691c7684b118"",""data/metrics_faithfulness_metrics_PickCube-v1_170m_seed42_l2_20260530_021658.jsonl:20:96f954ebdb3da8cc0878bcc4a6a20290549775b5d6abd6b091e4bcf13c0cf501"",""data/metrics_faithfulness_metrics_PickCube-v1_170m_seed42_l2_20260530_021658.jsonl:21:541157b3aaeb3ade0db18adabdb24d87a92c2e4fa44c2f5179194133e0c37fd0"",""data/metrics_faithfulness_metrics_PickCube-v1_170m_seed42_l2_20260530_021658.jsonl:22:0bd81d53a8e5f30832704a0754f8d39d2ef2452aa407c0a8bd651f27c8ec1ed0"",""data/metrics_faithfulness_metrics_PickCube-v1_170m_seed42_l2_20260530_021658.jsonl:23:02e9fe7c30e205f7e17084214913c32f3b4f4323a815f6a476e1eae2fffe9a20"",""data/metrics_faithfulness_metrics_PickCube-v1_170m_seed42_l2_20260530_021658.jsonl:24:e73e857901ccfa625aa1bb37bc919474c853354888a62eb97db2cf210f433a2b"",""data/metrics_faithfulness_metrics_PickCube-v1_170m_seed42_l2_20260530_021658.jsonl:25:28fbcf208d700f7734522af36a4e5577cfff2697e8312b843ac296177f8600cd"",""data/metrics_faithfulness_metrics_PickCube-v1_170m_seed42_l2_20260530_021658.jsonl:2:a6ed57f52b043b34808e273028363936787ecdd44814f66e57eee89b2e1af623"",""data/metrics_faithfulness_metrics_PickCube-v1_170m_seed42_l2_20260530_021658.jsonl:3:5004c716928d2fa01e245736b5f07d1b40d24872f599cddfd73c7809003d48e2"",""data/metrics_faithfulness_metrics_PickCube-v1_170m_seed42_l2_20260530_021658.jsonl:4:4654e1a88ca98e8cc95d3e65e2043635d594fe24dd84b0999f054c9d10c682ae"",""data/metrics_faithfulness_metrics_PickCube-v1_170m_seed42_l2_20260530_021658.jsonl:5:30d9f05a964720c2a60042adcba3edec143f70caebbcedc2ce13ba9c8220cea6"",""data/metrics_faithfulness_metrics_PickCube-v1_170m_seed42_l2_20260530_021658.jsonl:6:d348292df6c1678af6f74b84247204d8bfb6f715ca213d1d76cdea77fb179b52"",""data/metrics_faithfulness_metrics_PickCube-v1_170m_seed42_l2_20260530_021658.jsonl:7:7092a38b144e52b8d4683eeb7cc62a3446a1609b686303ff845202d073dbb470"",""data/metrics_faithfulness_metrics_PickCube-v1_170m_seed42_l2_20260530_021658.jsonl:8:9470a70cd6b8c4ad1d16759db888e08a26a971e10fa3424cca5b69e465df4bfb"",""data/metrics_faithfulness_metrics_PickCube-v1_170m_seed42_l2_20260530_021658.jsonl:9:89f1892e1e024c71d7d49fa7f756167bc4b48340ea3bc625f4bc0ca7eb8cbd6c""]",0.1168068081293887,-0.03590824238168617,0.0
L2:vision:insertion,L2,vision,insertion,5a2ac6c165766c8a58be74914b2c0ff22d36839045e3383dfef8421e3ec4bbdc,25,25,0.09350249084364474,"[""data/metrics_faithfulness_metrics_PickCube-v1_170m_seed42_l2_20260530_021658.jsonl:151:28dbfd7235f82599f6d1d17be36e113374f09bd1a81bb28c4038347598d5ba92"",""data/metrics_faithfulness_metrics_PickCube-v1_170m_seed42_l2_20260530_021658.jsonl:152:ff6e96c4f798cca8dd4bbee2e8b7e0a6237627cad905b98d526665d8ae2be126"",""data/metrics_faithfulness_metrics_PickCube-v1_170m_seed42_l2_20260530_021658.jsonl:153:ea40c76f7e44c834cb53c37706ccd9c775560c78722d9e834632805b556ba4ae"",""data/metrics_faithfulness_metrics_PickCube-v1_170m_seed42_l2_20260530_021658.jsonl:154:1a56925c3ac476192ad6f70f251516d6500034029403e2860aec95638891e75c"",""data/metrics_faithfulness_metrics_PickCube-v1_170m_seed42_l2_20260530_021658.jsonl:155:0e99458fc71e9533ddc40f50112a92d6118035ae4efc0a7de6ac2b945c002bbb"",""data/metrics_faithfulness_metrics_PickCube-v1_170m_seed42_l2_20260530_021658.jsonl:156:b95824d464a6e8948e2529df2a3d7db9467c9203b471b94a18275ea3d1c27692"",""data/metrics_faithfulness_metrics_PickCube-v1_170m_seed42_l2_20260530_021658.jsonl:157:a1f07b13070c29b29e68046f93cd5a19eeeac94aa2b8abd9e93bd839e5939325"",""data/metrics_faithfulness_metrics_PickCube-v1_170m_seed42_l2_20260530_021658.jsonl:158:5e2d66e4ef7f5eb3f059a743855efb4122a39ed9224aed758dce3fa3abb65bf9"",""data/metrics_faithfulness_metrics_PickCube-v1_170m_seed42_l2_20260530_021658.jsonl:159:0f046e2019061fa7805a37a120f2ecce06f410bad11ad9e47cdc4b5738f51d2c"",""data/metrics_faithfulness_metrics_PickCube-v1_170m_seed42_l2_20260530_021658.jsonl:160:02ecc4b0bd94d8632213f112f753482a45056805d5e9a850a174d8d7417fc582"",""data/metrics_faithfulness_metrics_PickCube-v1_170m_seed42_l2_20260530_021658.jsonl:161:67096b89dde115c2a8464bced67e40d118f23da705d418c9fd1ab6f4d41d0897"",""data/metrics_faithfulness_metrics_PickCube-v1_170m_seed42_l2_20260530_021658.jsonl:162:59464b2af87d4faa8e100d1d69050d4ba597c2b194d856bb46c6a9323742fb03"",""data/metrics_faithfulness_metrics_PickCube-v1_170m_seed42_l2_20260530_021658.jsonl:163:800b8ad17386ee6c8d2c66c4e6450c9f8d696fc3a4bc256a6976cbe8295b8c79"",""data/metrics_faithfulness_metrics_PickCube-v1_170m_seed42_l2_20260530_021658.jsonl:164:cc22f051f2f571c53962a99cb1e400284f1a376998d0c62ad643356cd4dee123"",""data/metrics_faithfulness_metrics_PickCube-v1_170m_seed42_l2_20260530_021658.jsonl:165:9833cb3b1d589211352c062e8b406559c3dfc1f9fae8e410197c1011a31670c3"",""data/metrics_faithfulness_metrics_PickCube-v1_170m_seed42_l2_20260530_021658.jsonl:166:709c7a7fca0806bc1e11dfb6c497be18e082e4aef0073db0dbd882962e82b732"",""data/metrics_faithfulness_metrics_PickCube-v1_170m_seed42_l2_20260530_021658.jsonl:167:8d9f525db668e103e44847b0cf07fbb382f2fdf930042e6efdc0caaf3745a952"",""data/metrics_faithfulness_metrics_PickCube-v1_170m_seed42_l2_20260530_021658.jsonl:168:5e0ece4cc6d6c1740260675f20682e3409e8f1ff6ece569830cc761780d9e26c"",""data/metrics_faithfulness_metrics_PickCube-v1_170m_seed42_l2_20260530_021658.jsonl:169:8ca1713caa979e895369138879f6ebaeea28380122777eefee101d9f186d55a9"",""data/metrics_faithfulness_metrics_PickCube-v1_170m_seed42_l2_20260530_021658.jsonl:170:1e1151564eff2e7536500254865222a0353835032d603bff363eeab81625111b"",""data/metrics_faithfulness_metrics_PickCube-v1_170m_seed42_l2_20260530_021658.jsonl:171:46a26c9b1d8463a0d9982f9eb31ccdb855b8b2ccffdea8be2ba6a2538ee7c23d"",""data/metrics_faithfulness_metrics_PickCube-v1_170m_seed42_l2_20260530_021658.jsonl:172:0340c969d8edd4ee3a6419d8a97430db68a1be47a7e27ebe0defa87aeef3096b"",""data/metrics_faithfulness_metrics_PickCube-v1_170m_seed42_l2_20260530_021658.jsonl:173:2957630721bdf527629298ed5ebf5d95812aa40118c6d1c23f20c2fa4b6a46da"",""data/metrics_faithfulness_metrics_PickCube-v1_170m_seed42_l2_20260530_021658.jsonl:174:93030d4ecd7e6416d6b4ccf6668363f9b9eb5238654685a93c5888144f1e0568"",""data/metrics_faithfulness_metrics_PickCube-v1_170m_seed42_l2_20260530_021658.jsonl:175:aedfdccfade69c43a7999a55073335acc26bc43237c573fb67f333c544835005""]",0.12387755324282045,-0.030375062399175694,0.0
L2:vision:insertion,L2,vision,insertion,5cd75af4d0d0b0ff6a0f09b1c30d94683da19d953843043d77b46b926e5fe5f5,25,25,-0.2522669223484003,"[""data/metrics_faithfulness_metrics_PickCube-v1_170m_seed42_l2_20260530_021658.jsonl:226:993db296ebf82602de15a46d1c08d435cea0311ed7f985b52aab6cd998f3730c"",""data/metrics_faithfulness_metrics_PickCube-v1_170m_seed42_l2_20260530_021658.jsonl:227:6d0d04e994b6c238b56ebc01d66968af0fd584acb5df6e0ceb6f675a262b50fb"",""data/metrics_faithfulness_metrics_PickCube-v1_170m_seed42_l2_20260530_021658.jsonl:228:25033239fa6c031eaaeda5b487fed0672348dc901d50757a1c4760683e4a0244"",""data/metrics_faithfulness_metrics_PickCube-v1_170m_seed42_l2_20260530_021658.jsonl:229:ee64ea8e48b40b45b6634b980d88e919d1aae224047216c8a2ef7a4f10f439e4"",""data/metrics_faithfulness_metrics_PickCube-v1_170m_seed42_l2_20260530_021658.jsonl:230:f91c20f433f862d383d83fb7315b1f658506151187c52a0da3ee612589897da2"",""data/metrics_faithfulness_metrics_PickCube-v1_170m_seed42_l2_20260530_021658.jsonl:231:eed68259d140da87e54e596a114c9bf72b5a7ca6b0a91591bf9f60ebf7ee599d"",""data/metrics_faithfulness_metrics_PickCube-v1_170m_seed42_l2_20260530_021658.jsonl:232:2abf2acf12e113052f3218cc4a274991a9663dbd5733f3bac4b0aba21ca190e7"",""data/metrics_faithfulness_metrics_PickCube-v1_170m_seed42_l2_20260530_021658.jsonl:233:dd76907653f0eb21d09a172eecf0cca2fb0fb330b7854bc1a758f06e8452ebe8"",""data/metrics_faithfulness_metrics_PickCube-v1_170m_seed42_l2_20260530_021658.jsonl:234:f70001b3384af5de8a774f37ccb54f8c37639d8df1b59f7e35652ffad4b8c506"",""data/metrics_faithfulness_metrics_PickCube-v1_170m_seed42_l2_20260530_021658.jsonl:235:5b77c47fa0bcb4573096905aa1b64526185242228285f8eea39ac2f309db510d"",""data/metrics_faithfulness_metrics_PickCube-v1_170m_seed42_l2_20260530_021658.jsonl:236:8de83e9715230609671735e961dc97cfc9ce0f258a40881cefa21b1c73ec07c2"",""data/metrics_faithfulness_metrics_PickCube-v1_170m_seed42_l2_20260530_021658.jsonl:237:2df1bb71954cb401a409fec0ee918947c237dc7ef630acf2599916e39cdb5c6f"",""data/metrics_faithfulness_metrics_PickCube-v1_170m_seed42_l2_20260530_021658.jsonl:238:c650d439b52469cfd43c5283154cf1afee28f9f92d49bd1b8e45085569c2b1ad"",""data/metrics_faithfulness_metrics_PickCube-v1_170m_seed42_l2_20260530_021658.jsonl:239:b49cf18e7e7d0ae977a7af0b66fefaabcb0c0e4f03568544e2ca0b0d200f5335"",""data/metrics_faithfulness_metrics_PickCube-v1_170m_seed42_l2_20260530_021658.jsonl:240:359c091bcbd69f3ea03f0b6001f84ed54ca48b82bdb75893fd2f0c2c5b482bc4"",""data/metrics_faithfulness_metrics_PickCube-v1_170m_seed42_l2_20260530_021658.jsonl:241:81ab7d384471eed74593d4f59c1a0db9120aaaee359a8077b1e60ff54de403af"",""data/metrics_faithfulness_metrics_PickCube-v1_170m_seed42_l2_20260530_021658.jsonl:242:1b0778af409fd0481113c619557cf8a2d04de1704caab2d0c381d6a913dbc7ed"",""data/metrics_faithfulness_metrics_PickCube-v1_170m_seed42_l2_20260530_021658.jsonl:243:afcf5405b3dc5f03c260a223dd1c032b009b90e256b3fa38a5c3b26f1ddb5b1c"",""data/metrics_faithfulness_metrics_PickCube-v1_170m_seed42_l2_20260530_021658.jsonl:244:0a0d6c52f28e7055d27d0bf16d1eed90aa67677a5420c684b3d4c936210deb33"",""data/metrics_faithfulness_metrics_PickCube-v1_170m_seed42_l2_20260530_021658.jsonl:245:a84a433adaf3604c3f634e69fc2c1c3b9435fd459dfe0c6a37665c64902dd503"",""data/metrics_faithfulness_metrics_PickCube-v1_170m_seed42_l2_20260530_021658.jsonl:246:d36ec2bfc274b2dfebaa04bc63ebe9fc62aac1973dc40e60873fc5c1326bfbc8"",""data/metrics_faithfulness_metrics_PickCube-v1_170m_seed42_l2_20260530_021658.jsonl:247:72bd3131d7e020ab321b20b7a65e3afea8d4f87ec13954ad639d7c3acf493b45"",""data/metrics_faithfulness_metrics_PickCube-v1_170m_seed42_l2_20260530_021658.jsonl:248:153c408a136f5809d8870095665a288688599ca21ec426aed8d588983887c40e"",""data/metrics_faithfulness_metrics_PickCube-v1_170m_seed42_l2_20260530_021658.jsonl:249:f5dce8df40b634f89fbe715f4bfc580c58bc7915c0b0822398fe5d5024675c55"",""data/metrics_faithfulness_metrics_PickCube-v1_170m_seed42_l2_20260530_021658.jsonl:250:0b29963ea725ee370fde2e24f4ef0d53b029610ba70210fac9804b933c9e0525""]",0.11143257826234083,-0.3636995006107411,0.0
L2:vision:insertion,L2,vision,insertion,5e8803d8490f1e312b401e429029a07eda3dbca32459452f4b989fda1f73e444,25,25,0.09927443934155626,"[""data/metrics_faithfulness_metrics_PickCube-v1_170m_seed142_l2_20260530_082947.jsonl:201:3fc2c95e8af1d81871b39c9987f1bb0c8f9f2692945e11086141551e78c43a78"",""data/metrics_faithfulness_metrics_PickCube-v1_170m_seed142_l2_20260530_082947.jsonl:202:c8ea7f441ef78504ee7d9bc6e4f7960a459c2dfc0c501a44584c55d1b30b1733"",""data/metrics_faithfulness_metrics_PickCube-v1_170m_seed142_l2_20260530_082947.jsonl:203:2c0de07176b9b67d302accef28f18ba7f3819cccab63710f20f934dbe6e6f15b"",""data/metrics_faithfulness_metrics_PickCube-v1_170m_seed142_l2_20260530_082947.jsonl:204:d4d531c15aaf8034efb091369873556ab76b1dfc12ea696ac2a6f8883c6a33b7"",""data/metrics_faithfulness_metrics_PickCube-v1_170m_seed142_l2_20260530_082947.jsonl:205:f7b9eeeef237cf2ce6109e28548af30b736f8ba08346beda7822e33598feb0eb"",""data/metrics_faithfulness_metrics_PickCube-v1_170m_seed142_l2_20260530_082947.jsonl:206:f3361d71f25385c24f2ba0a7a6474ad8c389ecb32cdedbdbca92a8e1a911a2d9"",""data/metrics_faithfulness_metrics_PickCube-v1_170m_seed142_l2_20260530_082947.jsonl:207:b8cdd40fc8d6176bc3e9f424e6139161804ae0fd70d311b082fc668a3020ac32"",""data/metrics_faithfulness_metrics_PickCube-v1_170m_seed142_l2_20260530_082947.jsonl:208:247a47174c6d2707b6484bb0d11981e62b3430c01ea40044018a8238c8586ca6"",""data/metrics_faithfulness_metrics_PickCube-v1_170m_seed142_l2_20260530_082947.jsonl:209:3390581a77eb96c064a9fc1ca2fbd59232df54ca19801960d294c25a47c02428"",""data/metrics_faithfulness_metrics_PickCube-v1_170m_seed142_l2_20260530_082947.jsonl:210:a2070c87facf76726914d55704778cf6c44f1aca048a99a493e0860c1ffcf96f"",""data/metrics_faithfulness_metrics_PickCube-v1_170m_seed142_l2_20260530_082947.jsonl:211:42f2f1d73eeaa6d6135cb85841656feee6d58df2b6e1b393e2b9d147ddb8f30c"",""data/metrics_faithfulness_metrics_PickCube-v1_170m_seed142_l2_20260530_082947.jsonl:212:529169ff483ce9f4adbf059f11450987975de5ca722e4d89cb2584c787bd7d91"",""data/metrics_faithfulness_metrics_PickCube-v1_170m_seed142_l2_20260530_082947.jsonl:213:f0c368a1ac0ff69922e23da80dbc7c30ba8a1badd3e690044879d9220b392deb"",""data/metrics_faithfulness_metrics_PickCube-v1_170m_seed142_l2_20260530_082947.jsonl:214:97c3f962a9c4cdd21cefc2136b0b9ea7a1e649b042a89d9f75982c11e4d80169"",""data/metrics_faithfulness_metrics_PickCube-v1_170m_seed142_l2_20260530_082947.jsonl:215:9b0f69e1ce4faa116f8115d231848c85fa6c6cf12d67dbb591a9939bc161172a"",""data/metrics_faithfulness_metrics_PickCube-v1_170m_seed142_l2_20260530_082947.jsonl:216:b628c8296f368ec9c59980c6ba7c9e679ea054f3ff77ae83650aad641041d9d6"",""data/metrics_faithfulness_metrics_PickCube-v1_170m_seed142_l2_20260530_082947.jsonl:217:24f0a8b1c73f8ce690492161476bcfd3e84072c497d6a54142bc5e1ba7a38427"",""data/metrics_faithfulness_metrics_PickCube-v1_170m_seed142_l2_20260530_082947.jsonl:218:fc38119eeb4d3da057588a593b9ea7fc8a4a499fdf32d88921e7427b1a18165d"",""data/metrics_faithfulness_metrics_PickCube-v1_170m_seed142_l2_20260530_082947.jsonl:219:765f29c98c890179ed874db81a15cd4f401250b24b1cfa389271f9fe21e7057e"",""data/metrics_faithfulness_metrics_PickCube-v1_170m_seed142_l2_20260530_082947.jsonl:220:a07cce4ffeff3f706b66ebcc7b30b3b51fab2ead7b139ce2d4f9e385d3fbcc63"",""data/metrics_faithfulness_metrics_PickCube-v1_170m_seed142_l2_20260530_082947.jsonl:221:6a7e7763aac09027d9e02f0d75e04e19deaea0ea7d1a2ee282ebccea2ebc1585"",""data/metrics_faithfulness_metrics_PickCube-v1_170m_seed142_l2_20260530_082947.jsonl:222:50e680ad2fc1f971c6a8a89e7ec9c50af42606ae0903f6d1c316a1d672a72d0f"",""data/metrics_faithfulness_metrics_PickCube-v1_170m_seed142_l2_20260530_082947.jsonl:223:65cd57c7971c86f5b6cc70bda9b8ee61e012aa65528f2b54f7e73b70d8dfcb38"",""data/metrics_faithfulness_metrics_PickCube-v1_170m_seed142_l2_20260530_082947.jsonl:224:f05d56af94481af119e4ed881dc35d115ba0157b418849e635568e3d76d83215"",""data/metrics_faithfulness_metrics_PickCube-v1_170m_seed142_l2_20260530_082947.jsonl:225:1525a0ee23137b0dfb17f74e3bf3e8e30873808d6387cdfa1abbfd3439bae2b6""]",0.11137462476187711,-0.012100185420320852,0.0
L2:vision:insertion,L2,vision,insertion,5f23264f00c09f93e3afd102f34c06c654a1d3282d5b630258775374586baa76,25,25,-12.32641205796087,"[""data/metrics_faithfulness_metrics_PickCube-v1_170m_seed42_l2_20260530_021658.jsonl:325:89cefeaceccd1444c8c63faf2e8b62f283961484b8335c198f2c0013b2e6b31e"",""data/metrics_faithfulness_metrics_PickCube-v1_170m_seed42_l2_20260530_021658.jsonl:326:6f6a65ad276f7ce196449c05459f52f37a1d54c00947a5dac7b4c20949e127e1"",""data/metrics_faithfulness_metrics_PickCube-v1_170m_seed42_l2_20260530_021658.jsonl:327:b12f70118a6080e84d7030777a593648b04aa59f79df060b64e171acab514bf3"",""data/metrics_faithfulness_metrics_PickCube-v1_170m_seed42_l2_20260530_021658.jsonl:328:a730e0da28fa56116c7823e075afa4ce02ab16449b738a469ad3c474499ea749"",""data/metrics_faithfulness_metrics_PickCube-v1_170m_seed42_l2_20260530_021658.jsonl:329:6dec0ecb8617a784698fc768f02aa988a07bea7556572ed807a4814e0c54c87c"",""data/metrics_faithfulness_metrics_PickCube-v1_170m_seed42_l2_20260530_021658.jsonl:330:20dfb05b114eaabe5553c035e3b66f9c1f2c28d547ed23fb59ffdc15abcff0ea"",""data/metrics_faithfulness_metrics_PickCube-v1_170m_seed42_l2_20260530_021658.jsonl:331:54d0b35281c2424fcdd0515ad16262cf4f12e25f4668d7313b433ecc6b982d95"",""data/metrics_faithfulness_metrics_PickCube-v1_170m_seed42_l2_20260530_021658.jsonl:332:98defe3995f4d5ffb638bfdd1a4f07a1b36f69b62d3225500885f0b48715f6da"",""data/metrics_faithfulness_metrics_PickCube-v1_170m_seed42_l2_20260530_021658.jsonl:333:b9154ed6056609db964cfa2e78e22cc0b4e9a544da69ebf73ac705eca377e44e"",""data/metrics_faithfulness_metrics_PickCube-v1_170m_seed42_l2_20260530_021658.jsonl:334:538dc8c1c8c52597bd53c8f0c4dd6b9e505a2c819b9c60f787b63a20aa9489f5"",""data/metrics_faithfulness_metrics_PickCube-v1_170m_seed42_l2_20260530_021658.jsonl:335:85799e67f94d5b85660768164791e7bbaabb84a7011aa7f74f2a871769c58717"",""data/metrics_faithfulness_metrics_PickCube-v1_170m_seed42_l2_20260530_021658.jsonl:336:aa8908a44ebcdf92e3af394544971d2b9b7a8266ca1f39a74ca70417c76f637f"",""data/metrics_faithfulness_metrics_PickCube-v1_170m_seed42_l2_20260530_021658.jsonl:337:ff7cdf7dbb22211ed5bbcce66125ad85863850b05e693b9465dac651101eb475"",""data/metrics_faithfulness_metrics_PickCube-v1_170m_seed42_l2_20260530_021658.jsonl:338:a47b452bdfb385e9f8d6d26e18cfa902d628a3dc846fdba41b5f5e3e0884488b"",""data/metrics_faithfulness_metrics_PickCube-v1_170m_seed42_l2_20260530_021658.jsonl:339:c2839f5262e2514c55d2d6c2bf665c3507fdbf616952f6abfa3ef206687f735b"",""data/metrics_faithfulness_metrics_PickCube-v1_170m_seed42_l2_20260530_021658.jsonl:340:2391352864a5965bfdadc05a05950d4cb8d4a9a01f42b79f8d389942c14cd81e"",""data/metrics_faithfulness_metrics_PickCube-v1_170m_seed42_l2_20260530_021658.jsonl:341:11640e06d2a9c4e7fb53ab2f12c8aaac313e0c5050a37a5920614f5042ac6caa"",""data/metrics_faithfulness_metrics_PickCube-v1_170m_seed42_l2_20260530_021658.jsonl:342:ae6baee27618f912f2d9023b5a89d0228117c0453329bc30223c133b621881ee"",""data/metrics_faithfulness_metrics_PickCube-v1_170m_seed42_l2_20260530_021658.jsonl:343:9a3985399d0592568536f5be94be23bf030681756f2cd3fb692cecf4a1269354"",""data/metrics_faithfulness_metrics_PickCube-v1_170m_seed42_l2_20260530_021658.jsonl:344:1e773b7384aa94574ae3298b538097a4484c75c75e8a6c250f39ad3da20d2f02"",""data/metrics_faithfulness_metrics_PickCube-v1_170m_seed42_l2_20260530_021658.jsonl:345:beea8dc6e2b76444af24c84020ed2ace336f86b7e9343dc13b34cd0f2e756d78"",""data/metrics_faithfulness_metrics_PickCube-v1_170m_seed42_l2_20260530_021658.jsonl:346:375b86256521d582629e8b5028fccf063110b77e2c71c1c6e26725672af7838d"",""data/metrics_faithfulness_metrics_PickCube-v1_170m_seed42_l2_20260530_021658.jsonl:347:b1fae0bedae4fbd9232bea5f4b6a21684dcd867d0e90a54996bc70e11ce03a01"",""data/metrics_faithfulness_metrics_PickCube-v1_170m_seed42_l2_20260530_021658.jsonl:348:2c0e3347a0613e33f1f20b504d7deaf78f463dba6d0cfe4f15667390706e0057"",""data/metrics_faithfulness_metrics_PickCube-v1_170m_seed42_l2_20260530_021658.jsonl:349:6995242c44f5771584c87ae025982310f56edb61a96c449c196315105bce33bc""]",0.12746697952799635,-12.453879037488868,0.0
L2:vision:insertion,L2,vision,insertion,7c1a40c6fafe6887a9becfd639acdd8a866b011f8515de954bacd88580805623,25,25,-22.004779864384414,"[""data/metrics_faithfulness_metrics_PickCube-v1_170m_seed42_l2_20260530_021658.jsonl:101:cd438d3b54f8bfe3088fb97aeca056ce7d0fd733d4bda2bce4de85f2beb75edf"",""data/metrics_faithfulness_metrics_PickCube-v1_170m_seed42_l2_20260530_021658.jsonl:102:e3467fd17149d440eb6f7ab7a0bae570c44b2a06b995bb363a9e9b2453edf227"",""data/metrics_faithfulness_metrics_PickCube-v1_170m_seed42_l2_20260530_021658.jsonl:103:4ca144e8152cab8fed6dc7781805de6d5e3e606dd0753b33edf993b3b828113e"",""data/metrics_faithfulness_metrics_PickCube-v1_170m_seed42_l2_20260530_021658.jsonl:104:9cd6ae42c20e11be8da18e6d51309ae763f168964e60c30ccd59e38fe326a089"",""data/metrics_faithfulness_metrics_PickCube-v1_170m_seed42_l2_20260530_021658.jsonl:105:b25dfd486d494bcc70f8907e0617a09b2ef8cc437c5f3dd1fdd4eed8dd56deb2"",""data/metrics_faithfulness_metrics_PickCube-v1_170m_seed42_l2_20260530_021658.jsonl:106:e3943f926bbfe20e4aa43008968d2a2c3a4e823920c2c70ab217f93db142dae4"",""data/metrics_faithfulness_metrics_PickCube-v1_170m_seed42_l2_20260530_021658.jsonl:107:79a6109984251a8f8bde0568c298b2b5a3f4f8edfb9f60dd1004a4be7854c513"",""data/metrics_faithfulness_metrics_PickCube-v1_170m_seed42_l2_20260530_021658.jsonl:108:6035ac7ed9d9fc28a0b1d960f2723b4312f9d1a93952b862e7024272fc5ba6ae"",""data/metrics_faithfulness_metrics_PickCube-v1_170m_seed42_l2_20260530_021658.jsonl:109:6603ff7e24f116490c790329250b7e5bd9ad9da5a6c9c4fb1e313261cac7ac8c"",""data/metrics_faithfulness_metrics_PickCube-v1_170m_seed42_l2_20260530_021658.jsonl:110:e046ade9c3ea4cda6595e984563eb74190213b44db615eb02499e5f08a686ce6"",""data/metrics_faithfulness_metrics_PickCube-v1_170m_seed42_l2_20260530_021658.jsonl:111:7a0cd18892cbffdf941fbc3f8bd82df5820f90329f80ee20506aa7b41048b5ec"",""data/metrics_faithfulness_metrics_PickCube-v1_170m_seed42_l2_20260530_021658.jsonl:112:b223c11ba490d7fd381782620887b100e523c6cdecf5b90f4b31c3b1a766f2d6"",""data/metrics_faithfulness_metrics_PickCube-v1_170m_seed42_l2_20260530_021658.jsonl:113:250a2397421a3fc520ecd6ca1f38f320e82259436fb5d861f15e4ad5d696d3e5"",""data/metrics_faithfulness_metrics_PickCube-v1_170m_seed42_l2_20260530_021658.jsonl:114:90b1ba24ca9b786dc89c878e7e85a6f40ae96e65c1f43161fdac8d5584105cec"",""data/metrics_faithfulness_metrics_PickCube-v1_170m_seed42_l2_20260530_021658.jsonl:115:d380e140dda9cc3c12086e47f9529808e77bb99a415dea4a243e13bc3004795b"",""data/metrics_faithfulness_metrics_PickCube-v1_170m_seed42_l2_20260530_021658.jsonl:116:b4731429d924d850f7d17bcfea3e88619fb946b31772022dcc7d357a29d7cd96"",""data/metrics_faithfulness_metrics_PickCube-v1_170m_seed42_l2_20260530_021658.jsonl:117:28dedf64c45a9c5f6cbd90e828030ff1032bfe9ecbb1906cce28dc1bdeca1feb"",""data/metrics_faithfulness_metrics_PickCube-v1_170m_seed42_l2_20260530_021658.jsonl:118:5c1b1d97f9a33878ab8bbf36c4a0daf2bcf2d6a8846bc5489cb3fa6f0e930423"",""data/metrics_faithfulness_metrics_PickCube-v1_170m_seed42_l2_20260530_021658.jsonl:119:64e5394de505da378f563f678cc9a041284b859c5395f46fa43f239dbba01ae0"",""data/metrics_faithfulness_metrics_PickCube-v1_170m_seed42_l2_20260530_021658.jsonl:120:b465e0654a35a866147a372b97f6561572410a06f30ab118df6170608c6b3acc"",""data/metrics_faithfulness_metrics_PickCube-v1_170m_seed42_l2_20260530_021658.jsonl:121:2205795e8db98bfd1d1348b6dc7c5d9554642c21c0d348aa324832f4f6d65ef0"",""data/metrics_faithfulness_metrics_PickCube-v1_170m_seed42_l2_20260530_021658.jsonl:122:9117c8532e715e08ba128c5db9b13abdf1c9d3d890d6c1cb19c13e0d027aff17"",""data/metrics_faithfulness_metrics_PickCube-v1_170m_seed42_l2_20260530_021658.jsonl:123:2d97a8464d9200eca913dbedb571b1d5e5dadbc64e99a9ae10f806b077981256"",""data/metrics_faithfulness_metrics_PickCube-v1_170m_seed42_l2_20260530_021658.jsonl:124:4da425166a01ecae678f2634848866e9559c1d1ecb80a4305d5dd6f0f9d9a651"",""data/metrics_faithfulness_metrics_PickCube-v1_170m_seed42_l2_20260530_021658.jsonl:125:4f3f6a76efc42f8802a9f7fb6f634ba9e7a8d63583c515eed270dc5f71438cad""]",0.13387131079649314,-22.138651175180897,0.0
L2:vision:insertion,L2,vision,insertion,7e557df621ee9211cea34d332f6b011cfd1a9c35c029e843b0bde6035434f6f5,25,25,-0.025792511713663414,"[""data/metrics_faithfulness_metrics_PickCube-v1_170m_seed142_l2_20260530_082947.jsonl:51:05b24f14d6e00625cf2edfad36dc284d63b71083bd8899d6871dd11bcf7c00e2"",""data/metrics_faithfulness_metrics_PickCube-v1_170m_seed142_l2_20260530_082947.jsonl:52:7896e38a4e491803f862017872ab533eba404fd5a959247e56b28276df68fa79"",""data/metrics_faithfulness_metrics_PickCube-v1_170m_seed142_l2_20260530_082947.jsonl:53:76de0191a4a11bdd721e3a0944d3db997047ae8ba5c2c70e1d680d39f44a4b8d"",""data/metrics_faithfulness_metrics_PickCube-v1_170m_seed142_l2_20260530_082947.jsonl:54:a0607a46dad7c92f803a5a23617408adfcd26310eedf9637c7f8871a69df79ad"",""data/metrics_faithfulness_metrics_PickCube-v1_170m_seed142_l2_20260530_082947.jsonl:55:0acabc9de54955d7fbfa69bfd4787a9a3fb0239b07e52ea4e9fc320b780eb891"",""data/metrics_faithfulness_metrics_PickCube-v1_170m_seed142_l2_20260530_082947.jsonl:56:584f9a2e42fbd1477ccfed3b50ea04847b18623114f9fb06e8bce2b3f7cd4307"",""data/metrics_faithfulness_metrics_PickCube-v1_170m_seed142_l2_20260530_082947.jsonl:57:2db32091931e19aeecec5ae075332d9297aa1eaed866cdc979e76b1ad1c0d4f6"",""data/metrics_faithfulness_metrics_PickCube-v1_170m_seed142_l2_20260530_082947.jsonl:58:ee48cda0973eb9a2b996bda564f7d3af6d88dde2c90fe70803ea20517690f3aa"",""data/metrics_faithfulness_metrics_PickCube-v1_170m_seed142_l2_20260530_082947.jsonl:59:1e03744edfa13fda0932f237b32410d6bc18136996c2fd78012da57db644ff9c"",""data/metrics_faithfulness_metrics_PickCube-v1_170m_seed142_l2_20260530_082947.jsonl:60:37ac96bb25ef8beb0d17ea262111e633a7241a5575a23f659fdc8d0d91f985a8"",""data/metrics_faithfulness_metrics_PickCube-v1_170m_seed142_l2_20260530_082947.jsonl:61:1f9baf3a93cdf6447ef6f9de3d05f49db220b31fd431d5918032ebdb2470bdc2"",""data/metrics_faithfulness_metrics_PickCube-v1_170m_seed142_l2_20260530_082947.jsonl:62:3176b55d0b511fbc6a88649bc7bfd0e72c0eca01a7fe4ece61a9c233fd16be9e"",""data/metrics_faithfulness_metrics_PickCube-v1_170m_seed142_l2_20260530_082947.jsonl:63:50f72a290efad3b36adcce121b70eb550636e674c1ef370f627a38ef30afd248"",""data/metrics_faithfulness_metrics_PickCube-v1_170m_seed142_l2_20260530_082947.jsonl:64:a1c596ada20dce6d578d6ddf995a88479cdf5d68167c06de3765f8db394365c3"",""data/metrics_faithfulness_metrics_PickCube-v1_170m_seed142_l2_20260530_082947.jsonl:65:73e7398db2e353ce9ecbfaf057acbfcab61e52cf4fac6328f8020cdf9304638f"",""data/metrics_faithfulness_metrics_PickCube-v1_170m_seed142_l2_20260530_082947.jsonl:66:17669e2eb186068b8c341e1b7df378a3796df8ad0b36be4c405f75aa058a1580"",""data/metrics_faithfulness_metrics_PickCube-v1_170m_seed142_l2_20260530_082947.jsonl:67:9a0ae782d46df5e79b6dba6292559f50a3ed5e5b7a1ad282060b2c5621793f18"",""data/metrics_faithfulness_metrics_PickCube-v1_170m_seed142_l2_20260530_082947.jsonl:68:cf9de122207c987a9793e5cfc60abbe08911859844bc441e144f344d70c5b48f"",""data/metrics_faithfulness_metrics_PickCube-v1_170m_seed142_l2_20260530_082947.jsonl:69:8b9681300f993f87f6bf52d693b20ee3ed79e046c32e983bc65d5ee15cab11eb"",""data/metrics_faithfulness_metrics_PickCube-v1_170m_seed142_l2_20260530_082947.jsonl:70:b3f8b4f5b7535df82b5e03949b30c4648064f80dff9f29c79fab18f14bf4d744"",""data/metrics_faithfulness_metrics_PickCube-v1_170m_seed142_l2_20260530_082947.jsonl:71:da2fceedb6d11303d34560ef9031801b68d84b53921dec830dc3db2bf82a897a"",""data/metrics_faithfulness_metrics_PickCube-v1_170m_seed142_l2_20260530_082947.jsonl:72:3f7eb4896227250317d1e215c65336a6af6136ccd3a2d3d1db2a7320c62e3f6f"",""data/metrics_faithfulness_metrics_PickCube-v1_170m_seed142_l2_20260530_082947.jsonl:73:40064e72918c6231407bb7ca1acba815e433042ad7b1cd3a094a9dac07ee6402"",""data/metrics_faithfulness_metrics_PickCube-v1_170m_seed142_l2_20260530_082947.jsonl:74:38cea5776ab0551b670683ee5c1044de5743a11155b9f0b7d98fd1711e7d89ce"",""data/metrics_faithfulness_metrics_PickCube-v1_170m_seed142_l2_20260530_082947.jsonl:75:79a42648e54343c81c12932460c8ae1d4ee25a640edc2a8592dd95efccca583e""]",0.10247399443605978,-0.12826650614972324,0.0
L2:vision:insertion,L2,vision,insertion,87b7692725b550f12f1f576abf954a5096cb3bfaf3a356d6e2fce998954d0e33,25,25,0.05566512240970258,"[""data/metrics_faithfulness_metrics_PickCube-v1_170m_seed42_l2_20260530_021658.jsonl:375:979956e2718fc3072cac2b0eb24375b431a49966e90d426c7c6a981dacba95e8"",""data/metrics_faithfulness_metrics_PickCube-v1_170m_seed42_l2_20260530_021658.jsonl:376:230af82e12c364f5079d0c282be1fc5410a4ea17da7d2c1a83ec599220eb97e5"",""data/metrics_faithfulness_metrics_PickCube-v1_170m_seed42_l2_20260530_021658.jsonl:377:4aff9e9f9413325c1f8d5bde6a8a3480753742599937fd6ea3701c08f564898d"",""data/metrics_faithfulness_metrics_PickCube-v1_170m_seed42_l2_20260530_021658.jsonl:378:a60ea1c8eb376e649c59d419ac5c05aa814399d2241afc38993266ce9ebdc17b"",""data/metrics_faithfulness_metrics_PickCube-v1_170m_seed42_l2_20260530_021658.jsonl:379:37ba74168146f967afa0f1d5b5f8448f590c8ff60e3d1ee070849ea129e8b916"",""data/metrics_faithfulness_metrics_PickCube-v1_170m_seed42_l2_20260530_021658.jsonl:380:8713aded612b58730a1fa5b9831f1af27e765038e12eb67c5a27d7e726520851"",""data/metrics_faithfulness_metrics_PickCube-v1_170m_seed42_l2_20260530_021658.jsonl:381:41d16d04f5d2fd923c6e7a05df1af472ebedf329b23582878492c15d297c3338"",""data/metrics_faithfulness_metrics_PickCube-v1_170m_seed42_l2_20260530_021658.jsonl:382:ee698df1e6a7732e1499adb47d34a85b230741648ed70cfc13b48492c14fd8af"",""data/metrics_faithfulness_metrics_PickCube-v1_170m_seed42_l2_20260530_021658.jsonl:383:33992e6af55a1bbaf66f566e8b995be6fba219e7aeb8ab5e7cdde1a4dd894b13"",""data/metrics_faithfulness_metrics_PickCube-v1_170m_seed42_l2_20260530_021658.jsonl:384:f9d5ea347bfeb927f0c8c95648b906a5b0bfb6f3f8da53982d5088b21765b640"",""data/metrics_faithfulness_metrics_PickCube-v1_170m_seed42_l2_20260530_021658.jsonl:385:0b085c1e6d5792fecb7a865a7919ae0f7656e452255ab0f1dbe82ca5a1967ce3"",""data/metrics_faithfulness_metrics_PickCube-v1_170m_seed42_l2_20260530_021658.jsonl:386:870360851ec41f783a0302e7715c6cefc68d2a2ec46cba1d5b64008427df148b"",""data/metrics_faithfulness_metrics_PickCube-v1_170m_seed42_l2_20260530_021658.jsonl:387:dbfa1908f5a078853ebbfacc2225aa285903b9b01f4a897b4d959763068df330"",""data/metrics_faithfulness_metrics_PickCube-v1_170m_seed42_l2_20260530_021658.jsonl:388:f4d888720390cdfde49ffecf158980a24f58237850173f9fd3fdff6958cac6de"",""data/metrics_faithfulness_metrics_PickCube-v1_170m_seed42_l2_20260530_021658.jsonl:389:73f2ed9b36824eb21390a33617aa4fc10c6c09836d0821f7db906abab05f2ae3"",""data/metrics_faithfulness_metrics_PickCube-v1_170m_seed42_l2_20260530_021658.jsonl:390:86052c7794d424adf49aa11b5327c1f9cbc2bd3f2265405694aeaf9b3ed11f6f"",""data/metrics_faithfulness_metrics_PickCube-v1_170m_seed42_l2_20260530_021658.jsonl:391:cb03022135f741e059cea9a301b984876f5a5a3d7a5aa334fdf17d748e76f447"",""data/metrics_faithfulness_metrics_PickCube-v1_170m_seed42_l2_20260530_021658.jsonl:392:bb4613188aae887b345d5456f4b98faf84209b1748fb3c3ace899fb99e983d0a"",""data/metrics_faithfulness_metrics_PickCube-v1_170m_seed42_l2_20260530_021658.jsonl:393:0d13d9f2ba5641859f1529a39b0f62fb1154bce7cedbc51d0dce0df6edb3d611"",""data/metrics_faithfulness_metrics_PickCube-v1_170m_seed42_l2_20260530_021658.jsonl:394:8c76f255d70f59e32175ea388f253e69cf6495be94e2df35a370225ec41db44e"",""data/metrics_faithfulness_metrics_PickCube-v1_170m_seed42_l2_20260530_021658.jsonl:395:da00be7c19f639b8b940898fa79563af0565c2f55eb043cec3dfdd3a76752f0b"",""data/metrics_faithfulness_metrics_PickCube-v1_170m_seed42_l2_20260530_021658.jsonl:396:fd7c25fd576c7c8abbd5e4e81e2d744bcf546e7cedbf7e75073be1630530694a"",""data/metrics_faithfulness_metrics_PickCube-v1_170m_seed42_l2_20260530_021658.jsonl:397:f4fc6342f38e82755f2cd3b013c74ef9172ba046f3a4788e7cd8f3eb0a594f98"",""data/metrics_faithfulness_metrics_PickCube-v1_170m_seed42_l2_20260530_021658.jsonl:398:3a58cfed073724fb7db82ba3fd870f949f0d9f20b6030bf52505dfe9606cd4d6"",""data/metrics_faithfulness_metrics_PickCube-v1_170m_seed42_l2_20260530_021658.jsonl:399:04042ae05a4a60d88d5a704eacd40053cbb71d804aad3df6842896dbbfad4850""]",0.11569686892477446,-0.06003174651507189,0.0
L2:vision:insertion,L2,vision,insertion,889812fac5a22c6142ca8ae49fb39d5545e72a080e19891eb6e51ff5fbbd598b,25,25,0.08630969453176371,"[""data/metrics_faithfulness_metrics_PickCube-v1_170m_seed142_l2_20260530_082947.jsonl:10:6753847dc0d0f44ed129bdb66d9304513ea4d474e71396cdb61553b786d5d08f"",""data/metrics_faithfulness_metrics_PickCube-v1_170m_seed142_l2_20260530_082947.jsonl:11:c28d50696b8897b65c0fe6c61db660c95b7f3d05c2ab3f088f24531e48921de1"",""data/metrics_faithfulness_metrics_PickCube-v1_170m_seed142_l2_20260530_082947.jsonl:12:a3b1740dd3b9dbd44b287897e7056e00e4c1a21f5ce88b342782e0b39cfea9be"",""data/metrics_faithfulness_metrics_PickCube-v1_170m_seed142_l2_20260530_082947.jsonl:13:63635432a165cf24fb947e444a35180410d7b5d8cf8145811ecea15ca0f23dbf"",""data/metrics_faithfulness_metrics_PickCube-v1_170m_seed142_l2_20260530_082947.jsonl:14:ada42c810126ed4d80ab5b190151e8facf8b7c022d67d543e0929787e96304f2"",""data/metrics_faithfulness_metrics_PickCube-v1_170m_seed142_l2_20260530_082947.jsonl:15:ebf724bb617e97a4067bf74b9963cf0cd6cd9baa14dd4b616e018ce589c1c6b7"",""data/metrics_faithfulness_metrics_PickCube-v1_170m_seed142_l2_20260530_082947.jsonl:16:e265f4a51dd04d55cd7ca4650b2e64994b3bdf779757d04138c3820a944986a0"",""data/metrics_faithfulness_metrics_PickCube-v1_170m_seed142_l2_20260530_082947.jsonl:17:071a34d81b383c5e771c40c06dbb55ec2f11fd3eddbeea909afe13ec53e876e5"",""data/metrics_faithfulness_metrics_PickCube-v1_170m_seed142_l2_20260530_082947.jsonl:18:1efa4ada596af214a9e09c9ce1401af7b3a2ecee44f4c99c4ff818ce562166df"",""data/metrics_faithfulness_metrics_PickCube-v1_170m_seed142_l2_20260530_082947.jsonl:19:82650e985656eeb181f7825a84c35ea6364c75e741fbad32394377e7440324fb"",""data/metrics_faithfulness_metrics_PickCube-v1_170m_seed142_l2_20260530_082947.jsonl:1:4c9f3fa3e2c116ee9288810bc18f0272bf3466665d57cf0860d7adae056fcba9"",""data/metrics_faithfulness_metrics_PickCube-v1_170m_seed142_l2_20260530_082947.jsonl:20:f3d694f8df1fcd98ad22ba1e7d60212cb4b7ebfbe76f58e3d84351a40f1c5130"",""data/metrics_faithfulness_metrics_PickCube-v1_170m_seed142_l2_20260530_082947.jsonl:21:323654ba73e7f071c02801970ad40d4edfaf0997d0a41d9cb152159e6f77fe04"",""data/metrics_faithfulness_metrics_PickCube-v1_170m_seed142_l2_20260530_082947.jsonl:22:6c4abd1ee0e73606572d726a76c257cc073a0388b3e50d00952be5c0eb09ddc9"",""data/metrics_faithfulness_metrics_PickCube-v1_170m_seed142_l2_20260530_082947.jsonl:23:28664978f110c4a11c70526a9eb8d2eebeaa22119145cf49c67236c4261f6526"",""data/metrics_faithfulness_metrics_PickCube-v1_170m_seed142_l2_20260530_082947.jsonl:24:e3533d10423d1a67e18d5ab3902821e4cec8cca124c9a7163ef2f4711b107e4e"",""data/metrics_faithfulness_metrics_PickCube-v1_170m_seed142_l2_20260530_082947.jsonl:25:caf99d25554e74bff613cb725a074d0766c1da4687ae4416842d89dc026388e9"",""data/metrics_faithfulness_metrics_PickCube-v1_170m_seed142_l2_20260530_082947.jsonl:2:427bb8a6111bad34c96ed02fcb721a44dbe3f958de2b5805e3295bc681717ea7"",""data/metrics_faithfulness_metrics_PickCube-v1_170m_seed142_l2_20260530_082947.jsonl:3:8ca635b44d0de41b1f81923e0a18b36fed5cd518d4f7b566ce63a4db28a98f18"",""data/metrics_faithfulness_metrics_PickCube-v1_170m_seed142_l2_20260530_082947.jsonl:4:84453318e8466e0be5226d42e5dbf0f23b9fa9812101d2503c02ba14d33182fd"",""data/metrics_faithfulness_metrics_PickCube-v1_170m_seed142_l2_20260530_082947.jsonl:5:24ced3e2360a54f32763268220d6cd4c43913c1398828047e39519c16d33b60a"",""data/metrics_faithfulness_metrics_PickCube-v1_170m_seed142_l2_20260530_082947.jsonl:6:3f1ef82e512c3f1a80f48950703e6c2ff4dec6e357c0a04137cf73c86f09cc28"",""data/metrics_faithfulness_metrics_PickCube-v1_170m_seed142_l2_20260530_082947.jsonl:7:feab0cbdb786350bc09325da582e87d6d72f4d09152a2cce54073732b694d9a2"",""data/metrics_faithfulness_metrics_PickCube-v1_170m_seed142_l2_20260530_082947.jsonl:8:2eeb1a86e7cf21c216ede8ea6581b5e222b21c0be7a60e193545f633ab1b7f64"",""data/metrics_faithfulness_metrics_PickCube-v1_170m_seed142_l2_20260530_082947.jsonl:9:f2f188477ed851dd61298b84bd2c6afea07279a8bf7225b8c0b58a46f7e399fb""]",0.11114400664607763,-0.024834312114313892,0.0
L2:vision:insertion,L2,vision,insertion,9fecf6201925247a12d653e3e1a2f2733ea3d7ecff78193743b7b89203299b2e,25,25,-0.03638802125456538,"[""data/metrics_faithfulness_metrics_PickCube-v1_170m_seed142_l2_20260530_082947.jsonl:226:8e8bbb757c2ad78cd964c94078ffbc6031b8d9b96340a6055c320772eab5b499"",""data/metrics_faithfulness_metrics_PickCube-v1_170m_seed142_l2_20260530_082947.jsonl:227:d5cba5b599683c7e7408f0119aad1a98502b5f0183b781368ef5c7acaf8c27d6"",""data/metrics_faithfulness_metrics_PickCube-v1_170m_seed142_l2_20260530_082947.jsonl:228:79f17f07b5b8b15768842bc20d54198c5cb7ceac19b51c637f7e0fc8ccc6122e"",""data/metrics_faithfulness_metrics_PickCube-v1_170m_seed142_l2_20260530_082947.jsonl:229:599c554b1f9a2024eed50e16dd86243e217fcd576b4abc3142ed19c27b4eef27"",""data/metrics_faithfulness_metrics_PickCube-v1_170m_seed142_l2_20260530_082947.jsonl:230:a6e5c721172c8aafd768f12557103897a77ecd908b9fe5b23c038d92453441fe"",""data/metrics_faithfulness_metrics_PickCube-v1_170m_seed142_l2_20260530_082947.jsonl:231:3e5e0bdf12a57135bd4998f499fcdd1e5cc5c57fac9657a730e5459d69d6d612"",""data/metrics_faithfulness_metrics_PickCube-v1_170m_seed142_l2_20260530_082947.jsonl:232:b400d05f13c5b44e6bdfaee66c16067af1d3fc913de08fd7bca9da0b0683334f"",""data/metrics_faithfulness_metrics_PickCube-v1_170m_seed142_l2_20260530_082947.jsonl:233:44711776c27b6c0d0a430f7a5ed96fdf4a3104d23468560fdd390beb0f1a7d71"",""data/metrics_faithfulness_metrics_PickCube-v1_170m_seed142_l2_20260530_082947.jsonl:234:220531c9346c289a61ad4353e2933ed81f6624bb2aab9be5d2866698e46181a4"",""data/metrics_faithfulness_metrics_PickCube-v1_170m_seed142_l2_20260530_082947.jsonl:235:e0980c5cd7b0236aa6488fe2be1d9b87fa7e6e7b64ba9a297c6e08ad6abd7eae"",""data/metrics_faithfulness_metrics_PickCube-v1_170m_seed142_l2_20260530_082947.jsonl:236:6bffac65216ef784328b8159922a2b5a2357ff5bdbea9832e60978a18e90e3f4"",""data/metrics_faithfulness_metrics_PickCube-v1_170m_seed142_l2_20260530_082947.jsonl:237:aa47f2897b25a247a0094840b2da1e1de507f02f7aeacaa6ca093bc3544f7da2"",""data/metrics_faithfulness_metrics_PickCube-v1_170m_seed142_l2_20260530_082947.jsonl:238:f866b10ae8dbd19a93438b6bfb5b15536159ffd8c8f2bc46b8dacaf75c638582"",""data/metrics_faithfulness_metrics_PickCube-v1_170m_seed142_l2_20260530_082947.jsonl:239:5abe635717302a28b5d6ca22802454cb894e63e10ff54bbaedc8474063dd31c9"",""data/metrics_faithfulness_metrics_PickCube-v1_170m_seed142_l2_20260530_082947.jsonl:240:abbbba6611b4aab84b9dfa572f8ae999cce4b6d45b4c2e236f8198cd416f42fd"",""data/metrics_faithfulness_metrics_PickCube-v1_170m_seed142_l2_20260530_082947.jsonl:241:1e58f3cfa6c5cf15a3afdd68a9b4d9eb5448c25925601b2d12f0ba769599227f"",""data/metrics_faithfulness_metrics_PickCube-v1_170m_seed142_l2_20260530_082947.jsonl:242:21f76d5fece73f23fa8bf4dad1860dcd1d85b723ec02d82c80e95f3b5846233c"",""data/metrics_faithfulness_metrics_PickCube-v1_170m_seed142_l2_20260530_082947.jsonl:243:50423558ecdd1919f14c4d3301e8b1edb9b119bc03f35c60bfe8e1c5f3fdbcce"",""data/metrics_faithfulness_metrics_PickCube-v1_170m_seed142_l2_20260530_082947.jsonl:244:5fbd41eb44a095efb234a71c44d12ea6fa1e30e59eccd1919ee5565b33f2e04d"",""data/metrics_faithfulness_metrics_PickCube-v1_170m_seed142_l2_20260530_082947.jsonl:245:9aa6a3b9f564bfe1b1acfeec18cbe74251a4980cf1f889f324e26d0815b5a356"",""data/metrics_faithfulness_metrics_PickCube-v1_170m_seed142_l2_20260530_082947.jsonl:246:a164d6db952e4bc2ebd09c6b2933baa7d7e7269ff8f707e33576b1adb70b6e67"",""data/metrics_faithfulness_metrics_PickCube-v1_170m_seed142_l2_20260530_082947.jsonl:247:1d72b815229dba904bf1a4bc3fe480fd96384b7bc05f2e375787c97577923b6c"",""data/metrics_faithfulness_metrics_PickCube-v1_170m_seed142_l2_20260530_082947.jsonl:248:d89c9fb04cf1c2a288191ab8b6c2c1dad7e49ea569e777a699b7567a00c0ca51"",""data/metrics_faithfulness_metrics_PickCube-v1_170m_seed142_l2_20260530_082947.jsonl:249:e197d5cbbb3453283488d081b35eef4757c3f779989aa4609b4030666a0ab4a5"",""data/metrics_faithfulness_metrics_PickCube-v1_170m_seed142_l2_20260530_082947.jsonl:250:93f33c254c2e7f42ed6c35fc36c954199ee75f9fc8246b0d19fc79b185d5203d""]",0.12261323554041775,-0.15900125679498314,0.0
L2:vision:insertion,L2,vision,insertion,bc55e90f1455903ad5834ec909c76df43ac8ebebc4c86eca12aacd2451d6c45a,25,25,0.05242271369206621,"[""data/metrics_faithfulness_metrics_PickCube-v1_170m_seed42_l2_20260530_021658.jsonl:176:96f06aaa4b14616f7d7c9ac3b55bb2fc81172b8c634467a739cdefede6229f0f"",""data/metrics_faithfulness_metrics_PickCube-v1_170m_seed42_l2_20260530_021658.jsonl:177:99e3ca80e092fbe3261f7b56f686a5b3593412cfd8100bdc5120fe3a35345003"",""data/metrics_faithfulness_metrics_PickCube-v1_170m_seed42_l2_20260530_021658.jsonl:178:945e5bdb403769075a09a4a20bb93401288f680bca2c85ff415b82fbca3a9409"",""data/metrics_faithfulness_metrics_PickCube-v1_170m_seed42_l2_20260530_021658.jsonl:179:c18cd4f3de55a8cd1cc00d629bc9367f15cec4cc7e6f0df91ac1cb3dab32101e"",""data/metrics_faithfulness_metrics_PickCube-v1_170m_seed42_l2_20260530_021658.jsonl:180:490945cc1622a93cb6d5fe97c2bce6b6e3f0a294bf7f26dd1c1d9c003b19e869"",""data/metrics_faithfulness_metrics_PickCube-v1_170m_seed42_l2_20260530_021658.jsonl:181:03edb4b8c09f51f85f36d8cf9150696f4ee0fea9de8adab1d8974b7bd36436e7"",""data/metrics_faithfulness_metrics_PickCube-v1_170m_seed42_l2_20260530_021658.jsonl:182:074361779a997f10fc62480a95d43df60da926612a00398b14677e35cd9631e8"",""data/metrics_faithfulness_metrics_PickCube-v1_170m_seed42_l2_20260530_021658.jsonl:183:ebb524a99f14d8861d22d258b1279d57c8c189aab6370a4dc3b26f5c5bb3d2b6"",""data/metrics_faithfulness_metrics_PickCube-v1_170m_seed42_l2_20260530_021658.jsonl:184:1a5bd51e05e34a97c1864a521ee451b36638989f5c1f1c81f541360a6dead4ac"",""data/metrics_faithfulness_metrics_PickCube-v1_170m_seed42_l2_20260530_021658.jsonl:185:65d7bb1fb25f35d73c16d09a80c6be49f14b3775601a09f8ae01c16abbacd9a9"",""data/metrics_faithfulness_metrics_PickCube-v1_170m_seed42_l2_20260530_021658.jsonl:186:c6e547e79ae05c3fef5fb42583dece659e7377f341950febec62ba694e0a616a"",""data/metrics_faithfulness_metrics_PickCube-v1_170m_seed42_l2_20260530_021658.jsonl:187:6436ce315d4033a9ee8fb37046fa4dd8bb1a21a5f43cd4fe63a44a9dca8a39d4"",""data/metrics_faithfulness_metrics_PickCube-v1_170m_seed42_l2_20260530_021658.jsonl:188:a54724ba4824838d9f9d74249b709862e55c5256f3655f96a34d089899e29147"",""data/metrics_faithfulness_metrics_PickCube-v1_170m_seed42_l2_20260530_021658.jsonl:189:90b028983d1edc7351190b5cf206ad253e895b4efb07a46e5ab07cc459357901"",""data/metrics_faithfulness_metrics_PickCube-v1_170m_seed42_l2_20260530_021658.jsonl:190:c28b33a6d08463cabfe5a4267382136d73737494502d7d70f9cbe2b1fca941cc"",""data/metrics_faithfulness_metrics_PickCube-v1_170m_seed42_l2_20260530_021658.jsonl:191:0a16c9607258501fb16630a6be43d1dd88f12bd63b70d12d609d7e5c1f7a064f"",""data/metrics_faithfulness_metrics_PickCube-v1_170m_seed42_l2_20260530_021658.jsonl:192:ffd4dcb3ed3551358a2ed8f710023a9aebd630301f34b674bfc9cec573cdd47c"",""data/metrics_faithfulness_metrics_PickCube-v1_170m_seed42_l2_20260530_021658.jsonl:193:8d3e91a5e4b9c9e239ad350baa8b2bdadce3c30fe91d98dd7ec0ceae6e758839"",""data/metrics_faithfulness_metrics_PickCube-v1_170m_seed42_l2_20260530_021658.jsonl:194:2bf70c7d8e2c63da1e6474c09b2840de7ef4b55fe2e5739b9cc448cf19158e0c"",""data/metrics_faithfulness_metrics_PickCube-v1_170m_seed42_l2_20260530_021658.jsonl:195:a8c1ddda905ea568ddbfd2f1649b85e78b9560eaa0dcce8fc98bb8d4c6780cec"",""data/metrics_faithfulness_metrics_PickCube-v1_170m_seed42_l2_20260530_021658.jsonl:196:2aaad428be4657e3e80198953a6ba2f9dbf42edbf9ef0a3ec71b2809d64a39f3"",""data/metrics_faithfulness_metrics_PickCube-v1_170m_seed42_l2_20260530_021658.jsonl:197:8dc0a22c380c521a8908764b215aeb38b1730ab0e12b4587a9a5ba72b57c5d70"",""data/metrics_faithfulness_metrics_PickCube-v1_170m_seed42_l2_20260530_021658.jsonl:198:22b80eacc86b476aa0bd72d6f148aeaee410242fb930ae6435e9b2dfaa603e1d"",""data/metrics_faithfulness_metrics_PickCube-v1_170m_seed42_l2_20260530_021658.jsonl:199:8b43d0c6a245603a227c211e97ab205cf10d2169416979e1c8167bf60fa0ff2c"",""data/metrics_faithfulness_metrics_PickCube-v1_170m_seed42_l2_20260530_021658.jsonl:200:2c5a373c675f80bd15cec88ffb29742efc62704dc79649e9cefff10a36802acb""]",0.12513259537298002,-0.0727098816809138,0.0
L2:vision:insertion,L2,vision,insertion,bcbf2755c5ba45133d58caed68a4e5b515a2040e9a00cfa301785998dbde936f,25,25,-129.4064023764125,"[""data/metrics_faithfulness_metrics_PickCube-v1_170m_seed142_l2_20260530_082947.jsonl:126:218fa9b094f643eb6388ab86fd6e69dc8a9d42686bb2fb0863d00a062589f5db"",""data/metrics_faithfulness_metrics_PickCube-v1_170m_seed142_l2_20260530_082947.jsonl:127:447e6de87b3d994a1f16524b130074cb3cecaed353d554d2388d841df063789d"",""data/metrics_faithfulness_metrics_PickCube-v1_170m_seed142_l2_20260530_082947.jsonl:128:3efe22e701454ad4ba1dac9e471e997addfac0ccf6635261ada4603042ce5d7a"",""data/metrics_faithfulness_metrics_PickCube-v1_170m_seed142_l2_20260530_082947.jsonl:129:7ebff259d968154b37789b6352f4c7dc4d97cc3378be99f664d8516b1b710e29"",""data/metrics_faithfulness_metrics_PickCube-v1_170m_seed142_l2_20260530_082947.jsonl:130:2ddcc04920dd17739c114befffbd4aaa47edae0e0ebe2459a5a053d32b5e407b"",""data/metrics_faithfulness_metrics_PickCube-v1_170m_seed142_l2_20260530_082947.jsonl:131:0649660109ca7101ce641b32aa0a717bb8fe923b25b9c4a1d7b061defd0cdd13"",""data/metrics_faithfulness_metrics_PickCube-v1_170m_seed142_l2_20260530_082947.jsonl:132:22be8e33686998873f32d401c5e09cc66526ae054b514a812204735c28e55d55"",""data/metrics_faithfulness_metrics_PickCube-v1_170m_seed142_l2_20260530_082947.jsonl:133:d48cfee68ed875bfbfa6cfec7f3f70ad41d3fa939f847a71d3fcef3171c68d56"",""data/metrics_faithfulness_metrics_PickCube-v1_170m_seed142_l2_20260530_082947.jsonl:134:ed3ec5ed84a20f6a2321bbd766708062c5bd9e27a7d65b310fe54613ad116328"",""data/metrics_faithfulness_metrics_PickCube-v1_170m_seed142_l2_20260530_082947.jsonl:135:ef0bdb50b872450dda700591640f6c99bc7e38caf1256f4a3658924b005f6372"",""data/metrics_faithfulness_metrics_PickCube-v1_170m_seed142_l2_20260530_082947.jsonl:136:3d8aba667514a02a28d5a99d3a5d342a10e3b8c4653f5bb2da39fdc05fe5165f"",""data/metrics_faithfulness_metrics_PickCube-v1_170m_seed142_l2_20260530_082947.jsonl:137:912b2a1be23a077e41a396344f43c9779dd183259b15821aa6cb24dddeed3578"",""data/metrics_faithfulness_metrics_PickCube-v1_170m_seed142_l2_20260530_082947.jsonl:138:4a8dd2d209c641efa0ab6caf6818b9fb1ee557da164a7aae0a804b9e67de6f08"",""data/metrics_faithfulness_metrics_PickCube-v1_170m_seed142_l2_20260530_082947.jsonl:139:544ce3ff18f0c3d44afda8907015a3d6a270d5fbd69d1a91aeaa3470dc6660fa"",""data/metrics_faithfulness_metrics_PickCube-v1_170m_seed142_l2_20260530_082947.jsonl:140:68e3c1a2b5215fdfd0b5d78cd17216530491ad8a63b521634bc6ca39d3f1487f"",""data/metrics_faithfulness_metrics_PickCube-v1_170m_seed142_l2_20260530_082947.jsonl:141:ccbd3a4d5b2aee9b7027c8541b0db146c991779a0caeeafd75df84733d951317"",""data/metrics_faithfulness_metrics_PickCube-v1_170m_seed142_l2_20260530_082947.jsonl:142:7436f5c01d2d515790e38b8c28cb1d17185ce3cc9394ff56cd55e2c8ef37cab3"",""data/metrics_faithfulness_metrics_PickCube-v1_170m_seed142_l2_20260530_082947.jsonl:143:84ced88c4b481cf117703649502272f73fd899e3fb30a14a80864aa1149cbf51"",""data/metrics_faithfulness_metrics_PickCube-v1_170m_seed142_l2_20260530_082947.jsonl:144:ffac57b75d8717e51886931c90d1e42f5be09656d0e427f9c86920390c5c41c1"",""data/metrics_faithfulness_metrics_PickCube-v1_170m_seed142_l2_20260530_082947.jsonl:145:f4413216ce388837f1e37513919f4b8d36fb453dc64843f422144f4655da7177"",""data/metrics_faithfulness_metrics_PickCube-v1_170m_seed142_l2_20260530_082947.jsonl:146:0f16258f82378cb1460bad38bfec9a3d2e320a28257871082268540ac3ca8bcc"",""data/metrics_faithfulness_metrics_PickCube-v1_170m_seed142_l2_20260530_082947.jsonl:147:f48bf88ea1f9307b90ee497ba1d96d45da84f290e51a860a073ecffeabc936e9"",""data/metrics_faithfulness_metrics_PickCube-v1_170m_seed142_l2_20260530_082947.jsonl:148:50ff9c521f3750e1d8b967c10a757a752c7b3e4bb39ac4b4cebbbe5c6e455286"",""data/metrics_faithfulness_metrics_PickCube-v1_170m_seed142_l2_20260530_082947.jsonl:149:2c359204f8d4a2f7ba74b40dcc151037c1f847826676040d2d71a41da705f80b"",""data/metrics_faithfulness_metrics_PickCube-v1_170m_seed142_l2_20260530_082947.jsonl:150:769e1469c9edef2f0696f3d674c66252f9dceac9c25585791a3d7dfe415a8ba3""]",0.1259784091610103,-129.5323807855735,0.0
L2:vision:insertion,L2,vision,insertion,bd303d173cf1c3a9f237843bb02c00163e8434208332abe5b93ac1910ec3fd10,25,25,0.1475616648760007,"[""data/metrics_faithfulness_metrics_PickCube-v1_170m_seed142_l2_20260530_082947.jsonl:176:a7fc58b6d62fddd9a9c0646be8d0da53ca068326fd975a4e619aea081438e8af"",""data/metrics_faithfulness_metrics_PickCube-v1_170m_seed142_l2_20260530_082947.jsonl:177:df75b317c0afc024dc6c1154367271d844d2eba9e838e826b1acdb446918e8af"",""data/metrics_faithfulness_metrics_PickCube-v1_170m_seed142_l2_20260530_082947.jsonl:178:9732ef03125321f3d6329c66a88bba43499753532ef14e70fe1d41d61a4821d8"",""data/metrics_faithfulness_metrics_PickCube-v1_170m_seed142_l2_20260530_082947.jsonl:179:e9c531e966af321ec5852ffe2798812076cd248a0259915d2dd439bd733b286b"",""data/metrics_faithfulness_metrics_PickCube-v1_170m_seed142_l2_20260530_082947.jsonl:180:188b5879930ba98ca049902fa885bdd9888c2f242ae7c7ca954e82c39ce9483c"",""data/metrics_faithfulness_metrics_PickCube-v1_170m_seed142_l2_20260530_082947.jsonl:181:0e504125265abcc81351f262266aca601360f85b4121fdb47f503861d93b6e25"",""data/metrics_faithfulness_metrics_PickCube-v1_170m_seed142_l2_20260530_082947.jsonl:182:95b825394e94498a1f1f8dd3b681685118f4e89fb3547535d316917aca4478a6"",""data/metrics_faithfulness_metrics_PickCube-v1_170m_seed142_l2_20260530_082947.jsonl:183:f14bdc2f73dc1f16c05066be113cf5f307604583e4623e4007d8940f264ba529"",""data/metrics_faithfulness_metrics_PickCube-v1_170m_seed142_l2_20260530_082947.jsonl:184:63d576568d9ad1dd078f57134d5e7cf19e6e2c35c46e583d22b76d76aee311c2"",""data/metrics_faithfulness_metrics_PickCube-v1_170m_seed142_l2_20260530_082947.jsonl:185:4fd58494eaf5c98d283d2b682c7626d361737c31d6df5bddc1cef22b1d597510"",""data/metrics_faithfulness_metrics_PickCube-v1_170m_seed142_l2_20260530_082947.jsonl:186:145c7d708d3e29d5096e21158067989107a4ea365ce32fb761e234bf98053e0a"",""data/metrics_faithfulness_metrics_PickCube-v1_170m_seed142_l2_20260530_082947.jsonl:187:449fa066ed3bc92fb44f7679b9522123dea3e26ba460836e41c78c4ecf24f82b"",""data/metrics_faithfulness_metrics_PickCube-v1_170m_seed142_l2_20260530_082947.jsonl:188:ab8350809ee1969df2b1286d650113be2233879b7ca964271b2d63235ec2a093"",""data/metrics_faithfulness_metrics_PickCube-v1_170m_seed142_l2_20260530_082947.jsonl:189:d87ed3186052c7ff5c7de6d77a0220682c694138aba5affcaf0d335d73416c9d"",""data/metrics_faithfulness_metrics_PickCube-v1_170m_seed142_l2_20260530_082947.jsonl:190:04fd53ae16bbb5b34bff8a0a41174eba11324fd0fb930fb354981366e57e4c34"",""data/metrics_faithfulness_metrics_PickCube-v1_170m_seed142_l2_20260530_082947.jsonl:191:73bbfe524b04e14ac4eecf1503875d8357182c7ec475b14b47bd926cf9089926"",""data/metrics_faithfulness_metrics_PickCube-v1_170m_seed142_l2_20260530_082947.jsonl:192:4f210bec5ea44bcbbea7b3566e30b9bd993c56a4e76d42ab9573046265d6ecc9"",""data/metrics_faithfulness_metrics_PickCube-v1_170m_seed142_l2_20260530_082947.jsonl:193:522b3d3ce722eb9c8d214ffd6378abf627755f8e3629040a38f0696cb45d1a78"",""data/metrics_faithfulness_metrics_PickCube-v1_170m_seed142_l2_20260530_082947.jsonl:194:c0c87dcaeb4b284c04a21f39bb480b82fb99b1ce35e2c29960c04c0fd6a4731e"",""data/metrics_faithfulness_metrics_PickCube-v1_170m_seed142_l2_20260530_082947.jsonl:195:62a464688430614e169acacd8a69789b1b9db106bc98e1431c8ca877029f15ac"",""data/metrics_faithfulness_metrics_PickCube-v1_170m_seed142_l2_20260530_082947.jsonl:196:fe7a9a9355e5c4f87dee992085054dd8910092adf99e1276f02722be5b8c02de"",""data/metrics_faithfulness_metrics_PickCube-v1_170m_seed142_l2_20260530_082947.jsonl:197:1c958e882c0a3df7a035b9ac29f03fd24ea3676c41510cf574448bf787defe62"",""data/metrics_faithfulness_metrics_PickCube-v1_170m_seed142_l2_20260530_082947.jsonl:198:c5680c3692b156b25b42c9f018ca702d5b06d2fd0c403547c4bbb7009c593075"",""data/metrics_faithfulness_metrics_PickCube-v1_170m_seed142_l2_20260530_082947.jsonl:199:cff8f2b923eb6d96dd401903c62b8fc732f73275988fc8b44b33eb20a7f60a92"",""data/metrics_faithfulness_metrics_PickCube-v1_170m_seed142_l2_20260530_082947.jsonl:200:d85d2160a7e04c90fc4da4cca75f2d5073e481fc7a19105f8feb477084f5d3fc""]",0.1521283850026753,-0.004566720126674615,0.0
L2:vision:insertion,L2,vision,insertion,bef465c46618357b8eef160ddfcee7c26fd8364862fdc5b7156eb63e6f6e1b70,25,25,-0.5043840983756356,"[""data/metrics_faithfulness_metrics_PickCube-v1_170m_seed42_l2_20260530_021658.jsonl:251:9dd64405aa16f22982434832cde4d0088012f234d6ab847c6ef1da5315abbe23"",""data/metrics_faithfulness_metrics_PickCube-v1_170m_seed42_l2_20260530_021658.jsonl:252:66dfc76c1c1e9dc13f404d4fa1454cff0087fe0e699221407d689cef62af02c1"",""data/metrics_faithfulness_metrics_PickCube-v1_170m_seed42_l2_20260530_021658.jsonl:253:90d7ede43315bdd2033423fa41e68128d0678d968e83478cb2b08fbbb6f22649"",""data/metrics_faithfulness_metrics_PickCube-v1_170m_seed42_l2_20260530_021658.jsonl:254:8aceb050cc1284f364a90b58b37b4f0d98a3a870cbbec88e6d05d4a6c3067af7"",""data/metrics_faithfulness_metrics_PickCube-v1_170m_seed42_l2_20260530_021658.jsonl:255:931134d812a61718790d0e120cdb7881935b71a1107bcfc8c17ecf31a0525376"",""data/metrics_faithfulness_metrics_PickCube-v1_170m_seed42_l2_20260530_021658.jsonl:256:ad28f4b1a684b9d1494a50ac729207f2fe52d8be2c2719a95d69e970a54aa590"",""data/metrics_faithfulness_metrics_PickCube-v1_170m_seed42_l2_20260530_021658.jsonl:257:f198d2d08748b04a6a5f171d85e0fe50d30a075a8e20e0e4cb3f39384f57137b"",""data/metrics_faithfulness_metrics_PickCube-v1_170m_seed42_l2_20260530_021658.jsonl:258:befdc164060a6044ee919d657d1c591fcd1c54691042c03ec05fca2859ac08d8"",""data/metrics_faithfulness_metrics_PickCube-v1_170m_seed42_l2_20260530_021658.jsonl:259:a60eb3ca91ad01f5f178cf3219258721cc0f9dbe5cf3fb4e366ee60daacfe82f"",""data/metrics_faithfulness_metrics_PickCube-v1_170m_seed42_l2_20260530_021658.jsonl:260:6a63e43399d08f80ee12443e5ff45fc992eb57f7542ec653aaf8914528a29e70"",""data/metrics_faithfulness_metrics_PickCube-v1_170m_seed42_l2_20260530_021658.jsonl:261:b46b9b90976c507b19d062b17cd0c097dc1300845f27f65fa9639d19c2de3992"",""data/metrics_faithfulness_metrics_PickCube-v1_170m_seed42_l2_20260530_021658.jsonl:262:745c536587e7bcfbb2c50228f6ae99ec95ab31517b55812a7e7ce7a884c33969"",""data/metrics_faithfulness_metrics_PickCube-v1_170m_seed42_l2_20260530_021658.jsonl:263:51c66bd6610e7f626831c5ec8c8013666313d3933da58a1211081f19ad6e0efa"",""data/metrics_faithfulness_metrics_PickCube-v1_170m_seed42_l2_20260530_021658.jsonl:264:bde495b8f0d5feb2912ee0a3259264206c90d1944db5eb0d08d908fe42234181"",""data/metrics_faithfulness_metrics_PickCube-v1_170m_seed42_l2_20260530_021658.jsonl:265:f6ef890fd643d0b03df7b6c3a007c3aa911c9044bf04c78e9f556c027e8e14e6"",""data/metrics_faithfulness_metrics_PickCube-v1_170m_seed42_l2_20260530_021658.jsonl:266:584d3402d539b33bda8dd39cce9f6b8f08f0884fcb3a2c7798bd7686a1fae1c8"",""data/metrics_faithfulness_metrics_PickCube-v1_170m_seed42_l2_20260530_021658.jsonl:267:e4382090fdd33796b900582cc4088fc7e176e12bb79808d4e6e810697fbc609d"",""data/metrics_faithfulness_metrics_PickCube-v1_170m_seed42_l2_20260530_021658.jsonl:268:9d617c78834658de1505a11e7db740003c5516592bd91d7d8c23e7c8c8c6de96"",""data/metrics_faithfulness_metrics_PickCube-v1_170m_seed42_l2_20260530_021658.jsonl:269:27e8eac7108be2f7231e285ef35a725a51760e472b6e335b4832076d6d4c9774"",""data/metrics_faithfulness_metrics_PickCube-v1_170m_seed42_l2_20260530_021658.jsonl:270:25a5c76a0d8b0d1c9303c947661d62024ed1c2e9302d72b4b3c276fc14e2c181"",""data/metrics_faithfulness_metrics_PickCube-v1_170m_seed42_l2_20260530_021658.jsonl:271:b7ee3d527d43e0329d3050353715c0320bf61a84369f7f62b48747e895645c3f"",""data/metrics_faithfulness_metrics_PickCube-v1_170m_seed42_l2_20260530_021658.jsonl:272:5bd2ef36bda24838cc1f3637e9806aeb01c4bc0ef9b452cf9f3b3a6969a9edc1"",""data/metrics_faithfulness_metrics_PickCube-v1_170m_seed42_l2_20260530_021658.jsonl:273:35fd60f1689950f2fa983437134e1bf59d160dd04347de4e244265b6c2902521"",""data/metrics_faithfulness_metrics_PickCube-v1_170m_seed42_l2_20260530_021658.jsonl:274:58d5ef53079c724cdf19d121f835c24029035a1a969f97700d797e7ba7154bd9"",""data/metrics_faithfulness_metrics_PickCube-v1_170m_seed42_l2_20260530_021658.jsonl:275:6dc84d84c03f73eeb6af7ea73bc89e0f1eebad8592882907959182ecd1841f76""]",0.09535449519152675,-0.5997385935671624,0.0
L2:vision:insertion,L2,vision,insertion,c5cc09d93bb26552cfe5989f5f87b4f9f4d7a7a4f6619db4de9c074038b0a896,25,25,0.08217816044023976,"[""data/metrics_faithfulness_metrics_PickCube-v1_170m_seed42_l2_20260530_021658.jsonl:26:45903faa5f3d207e1ffa280bcf5fe5b658d7d6bb155c72055ac07895217fb5f3"",""data/metrics_faithfulness_metrics_PickCube-v1_170m_seed42_l2_20260530_021658.jsonl:27:05997ad74b15bc86dde50cb67a6973feb32c014a430a69f9198369009616baa3"",""data/metrics_faithfulness_metrics_PickCube-v1_170m_seed42_l2_20260530_021658.jsonl:28:b119a2f857e192267461818169556e1dd5e9bb768aa0ad3bb010ee62c47dff07"",""data/metrics_faithfulness_metrics_PickCube-v1_170m_seed42_l2_20260530_021658.jsonl:29:8382c8a2863cec262ac5061fae5fda533a9e9f7fca1185743c82780e1efc15dc"",""data/metrics_faithfulness_metrics_PickCube-v1_170m_seed42_l2_20260530_021658.jsonl:30:f42222fb386566d4e2211c90f86f863a59e7d0c67cdeb3137959c2bebf8f4889"",""data/metrics_faithfulness_metrics_PickCube-v1_170m_seed42_l2_20260530_021658.jsonl:31:c310ed804e173c8cc965888ba63faa132ced9c144cede9d7233bed01db1bc567"",""data/metrics_faithfulness_metrics_PickCube-v1_170m_seed42_l2_20260530_021658.jsonl:32:e82d293eca99d31827f7465a0c42364a19d4d92f5825371be8bd8bdfbf7a3b7e"",""data/metrics_faithfulness_metrics_PickCube-v1_170m_seed42_l2_20260530_021658.jsonl:33:0742ad6bf18ba383c876a27f010918c765d694c1e7dcced0a143037ae6206d3f"",""data/metrics_faithfulness_metrics_PickCube-v1_170m_seed42_l2_20260530_021658.jsonl:34:8de95d915d7f4dd99903f7d64630e9ce7b2e58b68087cfb16a6663d7b0c92811"",""data/metrics_faithfulness_metrics_PickCube-v1_170m_seed42_l2_20260530_021658.jsonl:35:b7019f46c9070a51de7ecc26fe8a499513cb58962cb6186011324061f5c2b08a"",""data/metrics_faithfulness_metrics_PickCube-v1_170m_seed42_l2_20260530_021658.jsonl:36:ea6b8da47baf1f69c4c8cf1cbb442416ba0265de591b99a8bedf58eef0d1ee44"",""data/metrics_faithfulness_metrics_PickCube-v1_170m_seed42_l2_20260530_021658.jsonl:37:0df432a0a941c1ccccfa910122761fa81f0fad3e1ed6bf9c539516969b4860bb"",""data/metrics_faithfulness_metrics_PickCube-v1_170m_seed42_l2_20260530_021658.jsonl:38:0f4a1d832c23fceb9b4a12d8f2d6fc16ef89a5ef8d022cee7f6617a717ec15cb"",""data/metrics_faithfulness_metrics_PickCube-v1_170m_seed42_l2_20260530_021658.jsonl:39:2e8a3e8616defce531f74a5309c8b86b5077bd44cf57bbc5e0c47e0e02db259d"",""data/metrics_faithfulness_metrics_PickCube-v1_170m_seed42_l2_20260530_021658.jsonl:40:cea504eddbe38efe40d0786ff5066afd5ba91dc681d67e979e8c1b48d0372536"",""data/metrics_faithfulness_metrics_PickCube-v1_170m_seed42_l2_20260530_021658.jsonl:41:c2ca9d8d079efe6b93425301d4a5b822566d07ea6916a713ca5b2bb229b73f96"",""data/metrics_faithfulness_metrics_PickCube-v1_170m_seed42_l2_20260530_021658.jsonl:42:1628113f4b64d52561010a6701c0b0eebfd040c477e66d411e8eb4e86b270cb5"",""data/metrics_faithfulness_metrics_PickCube-v1_170m_seed42_l2_20260530_021658.jsonl:43:0be478766ae410b5daa9a755f1e8c943c4531ba813b49ef45ea80de107c31082"",""data/metrics_faithfulness_metrics_PickCube-v1_170m_seed42_l2_20260530_021658.jsonl:44:9373f627ba707e7ebca480b030d51912e6b86da1314d4dcadc1d35bc53d386d5"",""data/metrics_faithfulness_metrics_PickCube-v1_170m_seed42_l2_20260530_021658.jsonl:45:54e02478bdb5adc63815aa83e21230cba01fcf11e32dea73d3ed1e8a880d65e6"",""data/metrics_faithfulness_metrics_PickCube-v1_170m_seed42_l2_20260530_021658.jsonl:46:3590e710d3d8841bea64c662db8d20d2bd30bac4d14be6c1a97d21505c84bbcd"",""data/metrics_faithfulness_metrics_PickCube-v1_170m_seed42_l2_20260530_021658.jsonl:47:94fcb8512428fa66fc078cdc67b295cf158b0016992ab27d4f77e44fb2b1c173"",""data/metrics_faithfulness_metrics_PickCube-v1_170m_seed42_l2_20260530_021658.jsonl:48:de6e8fc5b6e13ad409fe402d74861848c57ea8d442b261d404d9b32c02afd553"",""data/metrics_faithfulness_metrics_PickCube-v1_170m_seed42_l2_20260530_021658.jsonl:49:629c3dfbd1bf12f35e69b2ee9454910aed323dbcd9c7613eb2d4594eb70967cf"",""data/metrics_faithfulness_metrics_PickCube-v1_170m_seed42_l2_20260530_021658.jsonl:50:ed8370ad00a3aaf11f0d319faee7a4d07030b5e5fed785ea2010acfcbd747c76""]",0.11614286309166502,-0.033964702651425205,0.0
L2:vision:insertion,L2,vision,insertion,dc779925631fe13fdb891355904d829844e180bfdb79b0e4a2240f7f2fc82455,25,25,0.09514064003300088,"[""data/metrics_faithfulness_metrics_PickCube-v1_170m_seed142_l2_20260530_082947.jsonl:101:33cedb898395011efd0266c3d56f3a80c4bd5d0ecc587f406e4932135e56efc8"",""data/metrics_faithfulness_metrics_PickCube-v1_170m_seed142_l2_20260530_082947.jsonl:102:3a1f4658fd17898942a38d1480379c8b507048098c5d32ed41ea2f209b039eff"",""data/metrics_faithfulness_metrics_PickCube-v1_170m_seed142_l2_20260530_082947.jsonl:103:114e1fbf56c797bb2d8d2ab99c3eec3522c9b442e64a8ebaed7a9560208fb8a8"",""data/metrics_faithfulness_metrics_PickCube-v1_170m_seed142_l2_20260530_082947.jsonl:104:c97102a3270b82159f6f7d370f1ef6597ab76ec8f0d0a89468cbf5524587a817"",""data/metrics_faithfulness_metrics_PickCube-v1_170m_seed142_l2_20260530_082947.jsonl:105:4e433bd3432bc80091e968c33372ea689594bc461daf224aaf328834f095219a"",""data/metrics_faithfulness_metrics_PickCube-v1_170m_seed142_l2_20260530_082947.jsonl:106:dc114a5545562e2e8b50a2070ed5f88182e5796756d0a3f256905863338344ff"",""data/metrics_faithfulness_metrics_PickCube-v1_170m_seed142_l2_20260530_082947.jsonl:107:70365b6ef7ddd4af26632cb7ea63fb0f6d58033defbb2b19537f8b44121fbf5a"",""data/metrics_faithfulness_metrics_PickCube-v1_170m_seed142_l2_20260530_082947.jsonl:108:e3565203bd30cac140495d35008d63c18b311053a06dc419d157aa2b842e4f8f"",""data/metrics_faithfulness_metrics_PickCube-v1_170m_seed142_l2_20260530_082947.jsonl:109:3e517776ab2b40028ad2b4419d2a3bb4d034a477ee550c845f85d8fceb7fb84c"",""data/metrics_faithfulness_metrics_PickCube-v1_170m_seed142_l2_20260530_082947.jsonl:110:4ff85ad1f6dfcbc903471f25ab7cb7f0ea901785649ba74dd3da793c84583209"",""data/metrics_faithfulness_metrics_PickCube-v1_170m_seed142_l2_20260530_082947.jsonl:111:6619a57f8ddac21b0510ec214d5449a53ae52ce3a41badb3a276e2cab5d85f60"",""data/metrics_faithfulness_metrics_PickCube-v1_170m_seed142_l2_20260530_082947.jsonl:112:c0dbc3a3f9ce0a65014d4477126efce334e3ecbe0fbdbad8c00cddc0d12c3357"",""data/metrics_faithfulness_metrics_PickCube-v1_170m_seed142_l2_20260530_082947.jsonl:113:3b33b0f9bfe84b2ce906329567808a83a624acc6b8221c1592c57ccd55e585eb"",""data/metrics_faithfulness_metrics_PickCube-v1_170m_seed142_l2_20260530_082947.jsonl:114:8a618bc1064dcda3d775dd0f98444eb378f156c82d29f97a131c74b5dfbfa555"",""data/metrics_faithfulness_metrics_PickCube-v1_170m_seed142_l2_20260530_082947.jsonl:115:30cef07aaa228b5ddd59b1b7a627db7449ffe77eccf22b9c7d679d8bf8da5b38"",""data/metrics_faithfulness_metrics_PickCube-v1_170m_seed142_l2_20260530_082947.jsonl:116:ea5d113ade914965a6d356d8eb1ea3d6fab6bdfb8eb306fbbfec192be0e6dc8c"",""data/metrics_faithfulness_metrics_PickCube-v1_170m_seed142_l2_20260530_082947.jsonl:117:0e9bdd6a8df784664e46560b74bacb226ed69125905b5abae3c9f82124985aa2"",""data/metrics_faithfulness_metrics_PickCube-v1_170m_seed142_l2_20260530_082947.jsonl:118:b607b937bbc14a0becc32ec71383771a2f3cc58ea4c786e819c19bef7ac34810"",""data/metrics_faithfulness_metrics_PickCube-v1_170m_seed142_l2_20260530_082947.jsonl:119:cf1c7e808fbe0eefc9d85b72834c8eb04953b2e982159ad454583c72ad1416de"",""data/metrics_faithfulness_metrics_PickCube-v1_170m_seed142_l2_20260530_082947.jsonl:120:b1cb9d3b888916043b199b1a240159f5827ba710a61fd15bec28b7a4ea04e2b3"",""data/metrics_faithfulness_metrics_PickCube-v1_170m_seed142_l2_20260530_082947.jsonl:121:8e52bafb50c47c8f5b772ce8ae26bd4c15291dab9aec6f12a9052dedaba1d3e1"",""data/metrics_faithfulness_metrics_PickCube-v1_170m_seed142_l2_20260530_082947.jsonl:122:66fb43efa268a5c4ca35752c6bd3f66c365afd91f4a432ce0329c17f162b9d01"",""data/metrics_faithfulness_metrics_PickCube-v1_170m_seed142_l2_20260530_082947.jsonl:123:3033cb1ccf0752fa9e5baa0f55f3e6d99db430b1b5814cd38303a03eac7cbbed"",""data/metrics_faithfulness_metrics_PickCube-v1_170m_seed142_l2_20260530_082947.jsonl:124:d4c573bd698d467078d0f594e6e8a27dc2919f2326af66f4abe1e165ecf2d4ef"",""data/metrics_faithfulness_metrics_PickCube-v1_170m_seed142_l2_20260530_082947.jsonl:125:cb3a7758e24a25b5262cef79b433cc29fdbb46152002bfdf8effdb5f8748f45d""]",0.09698620286536393,-0.0018455628323630513,0.0
L2:vision:insertion,L2,vision,insertion,e388414ba782e700c2ab97ce5ce140068d4fedd7be8c387789d620fc86a66b33,25,25,-0.15642436618564268,"[""data/metrics_faithfulness_metrics_PickCube-v1_170m_seed142_l2_20260530_082947.jsonl:326:7a83cb8274e7efbee25a89842eb142e6a4dc140d10d802340df3e98559c89b8e"",""data/metrics_faithfulness_metrics_PickCube-v1_170m_seed142_l2_20260530_082947.jsonl:327:c2c34e70917234067b1ffdaf9e3f39ae5d154a113d1595fc11d09bb81e237481"",""data/metrics_faithfulness_metrics_PickCube-v1_170m_seed142_l2_20260530_082947.jsonl:328:2df465d271792af31b16b4e877bfc8c66f23fb692f905d70f72c5d577896768f"",""data/metrics_faithfulness_metrics_PickCube-v1_170m_seed142_l2_20260530_082947.jsonl:329:e0feed1f01fbadf4ab8c5d1bf7b73bfb3ff9eb8b002a6f04a7f17f8170ab73e9"",""data/metrics_faithfulness_metrics_PickCube-v1_170m_seed142_l2_20260530_082947.jsonl:330:4de0e370806977b1a79959445eb60374651259fff9ce127d2c4f83fd7c1e459f"",""data/metrics_faithfulness_metrics_PickCube-v1_170m_seed142_l2_20260530_082947.jsonl:331:12b528540106c24ffc32670ad25a6f4bd8a9746a181dd1ac8f30fdbe572588ec"",""data/metrics_faithfulness_metrics_PickCube-v1_170m_seed142_l2_20260530_082947.jsonl:332:f323603b411f54791f563ff4da32690a768a9fe0a881829e4aec0ae4a7c8e4b1"",""data/metrics_faithfulness_metrics_PickCube-v1_170m_seed142_l2_20260530_082947.jsonl:333:8a3e645baa9114c341e963e1028dd07d803a13f23fa2942840f6112f96598b9a"",""data/metrics_faithfulness_metrics_PickCube-v1_170m_seed142_l2_20260530_082947.jsonl:334:7b7d39492112b9d9def518608b0a15441d0fe7194efb626fbb58ac286557ab77"",""data/metrics_faithfulness_metrics_PickCube-v1_170m_seed142_l2_20260530_082947.jsonl:335:3277b63c9f9e8b1ef649951c06a44aa32f423059a0331857f5c80abe40db1715"",""data/metrics_faithfulness_metrics_PickCube-v1_170m_seed142_l2_20260530_082947.jsonl:336:a374c9d3827a10392eb3b382820f83ee6ba2017dff16b4f9c1333f8db7b900e4"",""data/metrics_faithfulness_metrics_PickCube-v1_170m_seed142_l2_20260530_082947.jsonl:337:7e562596eee0ee01ed684d2401095b4ca2bc3b72e89b551ceef683511d608760"",""data/metrics_faithfulness_metrics_PickCube-v1_170m_seed142_l2_20260530_082947.jsonl:338:fa91dac1122222d973124f5c8735511488ce67256f3d43ffb0f793ccd38fef05"",""data/metrics_faithfulness_metrics_PickCube-v1_170m_seed142_l2_20260530_082947.jsonl:339:30e811982707c8c477c6faeec645345570d4befcf306ac9d8229b19b6458282a"",""data/metrics_faithfulness_metrics_PickCube-v1_170m_seed142_l2_20260530_082947.jsonl:340:f0a62803e7b36ac84f482cf6fe0c8a1700051935923285da632100275b6a9104"",""data/metrics_faithfulness_metrics_PickCube-v1_170m_seed142_l2_20260530_082947.jsonl:341:c478003c18899a98e948f2a4b60c11b7ca7d81d120f488fd6c6c72f7e2f1b8ef"",""data/metrics_faithfulness_metrics_PickCube-v1_170m_seed142_l2_20260530_082947.jsonl:342:5a3c390be845a9d46daed4fdb0f4b8f084a6731324994b71302b6dfd8ee51c86"",""data/metrics_faithfulness_metrics_PickCube-v1_170m_seed142_l2_20260530_082947.jsonl:343:7ec1a8e13d58060d9f7e2cfab18da73e67da31b9846a0f311af66558a7c22741"",""data/metrics_faithfulness_metrics_PickCube-v1_170m_seed142_l2_20260530_082947.jsonl:344:409fe2420449e089c50b3f47f7bc5854d697fd4c2b320b41f81a5f1a08574c49"",""data/metrics_faithfulness_metrics_PickCube-v1_170m_seed142_l2_20260530_082947.jsonl:345:35b5fd52570206a62788592fccb650bc6e09fc21bae8df58fa41664e72b80972"",""data/metrics_faithfulness_metrics_PickCube-v1_170m_seed142_l2_20260530_082947.jsonl:346:08fbda471c6b0cc5c9520086136bf4d98180ef69d22e9103457021836bc29571"",""data/metrics_faithfulness_metrics_PickCube-v1_170m_seed142_l2_20260530_082947.jsonl:347:8d2b30898ce646333b6dcf14b6ee47774f379ecf317bd623809c5fffde524cd1"",""data/metrics_faithfulness_metrics_PickCube-v1_170m_seed142_l2_20260530_082947.jsonl:348:0dbf54b4c15f7286d37bb5fcc077920c7247e616a4414db19679b2327dd9a82d"",""data/metrics_faithfulness_metrics_PickCube-v1_170m_seed142_l2_20260530_082947.jsonl:349:8d2be57d65168752bcb4e5972764937a716539cebca5f87f6e856e32ba4b1fa6"",""data/metrics_faithfulness_metrics_PickCube-v1_170m_seed142_l2_20260530_082947.jsonl:350:7351cb0bcfb50f71f266438cfcb90c6a3168df7887e902af2d90121a373d88c7""]",0.12530097031061455,-0.28172533649625725,0.0
L2:vision:insertion,L2,vision,insertion,e950613bb1901a8cfbfe491f9ec8b7ab8a3104dbdef76984399c552f7442587d,25,25,-26.52806056783782,"[""data/metrics_faithfulness_metrics_PickCube-v1_170m_seed42_l2_20260530_021658.jsonl:201:d7241f1a4983d08b473b44388a3d404b695049810dc7ad5c3923c5b746dcf5b3"",""data/metrics_faithfulness_metrics_PickCube-v1_170m_seed42_l2_20260530_021658.jsonl:202:cb08013c27bd66bce362629b397bb0d9044480fe5f346d0fcbb7b06d5dabe109"",""data/metrics_faithfulness_metrics_PickCube-v1_170m_seed42_l2_20260530_021658.jsonl:203:c8269162f560b631409e6fbbab9f864f8695c01037ed2b95a0d8a5d7c99bfcc0"",""data/metrics_faithfulness_metrics_PickCube-v1_170m_seed42_l2_20260530_021658.jsonl:204:942e19ab19f8841595f75cfd213980f6743971e9a47d764b0915214529f2f4ba"",""data/metrics_faithfulness_metrics_PickCube-v1_170m_seed42_l2_20260530_021658.jsonl:205:ddd57ab863f62bbc1550af5d91cdbdff459fcf5bfacb4a7637aba517f526fd57"",""data/metrics_faithfulness_metrics_PickCube-v1_170m_seed42_l2_20260530_021658.jsonl:206:2952298b9d5216e46be4912b418b618a62da94955dce63d2e603935594302e63"",""data/metrics_faithfulness_metrics_PickCube-v1_170m_seed42_l2_20260530_021658.jsonl:207:dbb09078079b2a6f2be17e82eaa334eeee1dd1b8d08b574bb8e68168b97c9487"",""data/metrics_faithfulness_metrics_PickCube-v1_170m_seed42_l2_20260530_021658.jsonl:208:8d1cfe2cf05b98eddf96dbac731ba24cef9c89860c51894a936fa69ac6b3ae91"",""data/metrics_faithfulness_metrics_PickCube-v1_170m_seed42_l2_20260530_021658.jsonl:209:a020a05a70d453086897650ef6f497704d90762b99a9e64de9178e777c14f368"",""data/metrics_faithfulness_metrics_PickCube-v1_170m_seed42_l2_20260530_021658.jsonl:210:9a751a7db0909cd741aa4df46f0afbbaa60af3c610af7d9021799648bc1651ac"",""data/metrics_faithfulness_metrics_PickCube-v1_170m_seed42_l2_20260530_021658.jsonl:211:550648b341f1883d0370e41ca3d2050177df381caf6e763918de3e08b3a44fc8"",""data/metrics_faithfulness_metrics_PickCube-v1_170m_seed42_l2_20260530_021658.jsonl:212:74fda0544604427c925e215aa74fd418c4a0dfd2f734bb85210910494baa95ef"",""data/metrics_faithfulness_metrics_PickCube-v1_170m_seed42_l2_20260530_021658.jsonl:213:cecf3df3a85dd6d85bba91e5d3d7780234062b0765074c6a78db17bf2881a1cf"",""data/metrics_faithfulness_metrics_PickCube-v1_170m_seed42_l2_20260530_021658.jsonl:214:1abb65bbec29b23f893aaaf4e1d381b6edd5c07f81a9546feddd357ab75163c7"",""data/metrics_faithfulness_metrics_PickCube-v1_170m_seed42_l2_20260530_021658.jsonl:215:06f0164d8ccd03fd2e951024161b77e80f4e25121a90b6f44e8f2351bdb43e1c"",""data/metrics_faithfulness_metrics_PickCube-v1_170m_seed42_l2_20260530_021658.jsonl:216:cc2b44ef8b946ca337bcf4196ae61fadf0aeb221311b1f93e1eb4964b0041002"",""data/metrics_faithfulness_metrics_PickCube-v1_170m_seed42_l2_20260530_021658.jsonl:217:38bc432a229a3162e3810ef79eed99507072af8102f0caf1998e521dec3e2c43"",""data/metrics_faithfulness_metrics_PickCube-v1_170m_seed42_l2_20260530_021658.jsonl:218:e85fe1bcb6b9e905631dc0c5adde83cae6652d7e4364a8b9a8da899503f7dede"",""data/metrics_faithfulness_metrics_PickCube-v1_170m_seed42_l2_20260530_021658.jsonl:219:263ae5b6f1b496d91f0f836a54f260ae0fd306c0ca166a22dc73ce7367984992"",""data/metrics_faithfulness_metrics_PickCube-v1_170m_seed42_l2_20260530_021658.jsonl:220:096a00aad2f298774a2977a29c1fe73cafcd0980d74e2cd2e38213341ff5764a"",""data/metrics_faithfulness_metrics_PickCube-v1_170m_seed42_l2_20260530_021658.jsonl:221:d9cb772269fc6e78e8ac56458344a4a0880b7531a21cfea4ba184a1d78f758d4"",""data/metrics_faithfulness_metrics_PickCube-v1_170m_seed42_l2_20260530_021658.jsonl:222:7c6fa086904f837c11a35ab91a3c887253551521b07285e0dd6e6e01eb2bb9b9"",""data/metrics_faithfulness_metrics_PickCube-v1_170m_seed42_l2_20260530_021658.jsonl:223:1d9d83ad2d0ccb1a3cc6ef62a23186347e50ca4bed936725f9c3a69f4e5910e2"",""data/metrics_faithfulness_metrics_PickCube-v1_170m_seed42_l2_20260530_021658.jsonl:224:91a0a64e54cbc66a67605585230b6bd059d2c87b879051cd3ab6a26738b92e37"",""data/metrics_faithfulness_metrics_PickCube-v1_170m_seed42_l2_20260530_021658.jsonl:225:597821f286855059b19552bcb6fb6eadbd601c08806793307d1faf4d834b1b79""]",0.1011472390958164,-26.629207806933643,0.0
L2:vision:insertion,L2,vision,insertion,ee2ec670fe253a182d6e483b082fdad2d27b3953861b30b64a55d26dc8a80759,25,25,0.055994162542339,"[""data/metrics_faithfulness_metrics_PickCube-v1_170m_seed42_l2_20260530_021658.jsonl:276:dc18d5ddb52298e2e582f5d9c635d0c34d1c3ac290135082e24e5210df47531f"",""data/metrics_faithfulness_metrics_PickCube-v1_170m_seed42_l2_20260530_021658.jsonl:277:47e6a4ca96d6327a18ad44b865c0af8cd4a9ad4b591ae3a5d55fa9d9614597b7"",""data/metrics_faithfulness_metrics_PickCube-v1_170m_seed42_l2_20260530_021658.jsonl:278:0fb9952a38fbb45868b4d247470ae9aecec2366e6d9673a949cd16d6b27b9b6f"",""data/metrics_faithfulness_metrics_PickCube-v1_170m_seed42_l2_20260530_021658.jsonl:279:d424023b427f3844000883c9aae1404000f2ed3e9dec1c01993faa803644289e"",""data/metrics_faithfulness_metrics_PickCube-v1_170m_seed42_l2_20260530_021658.jsonl:280:6f67da9c7acbc57ae70a9d0bcdb731b4f66904c97b2b2803fca63ae7bd737108"",""data/metrics_faithfulness_metrics_PickCube-v1_170m_seed42_l2_20260530_021658.jsonl:281:a7ba131295118c99b9fd8b2629702e61573534e48fa42154417a8c3b0ae4952a"",""data/metrics_faithfulness_metrics_PickCube-v1_170m_seed42_l2_20260530_021658.jsonl:282:4c20c5258aa28a1c534b997aa2e6d5e7402f2fd3e9f829d11804e868abdbf4ee"",""data/metrics_faithfulness_metrics_PickCube-v1_170m_seed42_l2_20260530_021658.jsonl:283:c6eae6aa439e41389390d7186eddcdb4c11b65dd14a963eec216e288b01eb9cb"",""data/metrics_faithfulness_metrics_PickCube-v1_170m_seed42_l2_20260530_021658.jsonl:284:25e71d8c541b801aea9a345363fdaa5a05e33729f0b4505f0fcc1afc1a5c243e"",""data/metrics_faithfulness_metrics_PickCube-v1_170m_seed42_l2_20260530_021658.jsonl:285:d2d62fa5e9287946ccff2802a510916d28dea55257dd9dc682b15adeb50f0a02"",""data/metrics_faithfulness_metrics_PickCube-v1_170m_seed42_l2_20260530_021658.jsonl:286:e7ce93ec0dc23cf17799b4d180efdaf045fea4698e691dfe66318240ffa1d4b9"",""data/metrics_faithfulness_metrics_PickCube-v1_170m_seed42_l2_20260530_021658.jsonl:287:4f67d9258160b1ef2f9eb7581f92a126d0a0e1ef6b03338376019133f3cd7864"",""data/metrics_faithfulness_metrics_PickCube-v1_170m_seed42_l2_20260530_021658.jsonl:288:e741c7e619d8e4d6fb7e82a9e5fd881beaac758391a464667a0d019a1b57830b"",""data/metrics_faithfulness_metrics_PickCube-v1_170m_seed42_l2_20260530_021658.jsonl:289:f93605778086ba6c36e43675eae6452a38b11a93be489d7f7095d51effb94f1a"",""data/metrics_faithfulness_metrics_PickCube-v1_170m_seed42_l2_20260530_021658.jsonl:290:f5c6b91992e30ad7f00697337bd937009bfbcdf011d76982f9af65a0117d80c5"",""data/metrics_faithfulness_metrics_PickCube-v1_170m_seed42_l2_20260530_021658.jsonl:291:035ffd9554e158d4f2d4203310aee37f2c1705b1d219179c4de4939c49dc1379"",""data/metrics_faithfulness_metrics_PickCube-v1_170m_seed42_l2_20260530_021658.jsonl:292:f15a0e7d5c6ed2fcb7f4a8d403af537d692d7abdc97e5113702a4108c5e1b9df"",""data/metrics_faithfulness_metrics_PickCube-v1_170m_seed42_l2_20260530_021658.jsonl:293:c6798c0ae28c4d12e9bc58db5e18d461c2481a11943673e4cd6918ebaaac6a3c"",""data/metrics_faithfulness_metrics_PickCube-v1_170m_seed42_l2_20260530_021658.jsonl:294:905aa2a0affcdc884a7578f227ad2b652a827d36fad3dd798c6dae23d699bc08"",""data/metrics_faithfulness_metrics_PickCube-v1_170m_seed42_l2_20260530_021658.jsonl:295:143bb139db803712307c2005cdd4599a91aa42d68624690a3a83f4e6513e3e78"",""data/metrics_faithfulness_metrics_PickCube-v1_170m_seed42_l2_20260530_021658.jsonl:296:079c16caf23ceec2cbca954ff58b86e70dc1fea02ea79cc659d8615dc1e71b42"",""data/metrics_faithfulness_metrics_PickCube-v1_170m_seed42_l2_20260530_021658.jsonl:297:afb5963440cad300f64a8849377cb93d850bff32c8c74f3762d5a9513a30e8d6"",""data/metrics_faithfulness_metrics_PickCube-v1_170m_seed42_l2_20260530_021658.jsonl:298:9ff1d9d354f9bceae9fccc99d98022418770e90be3832f108fd32e13a2ca1963"",""data/metrics_faithfulness_metrics_PickCube-v1_170m_seed42_l2_20260530_021658.jsonl:299:f9982f7160ef9a6d6d4e2a7b20a5869758e081891c18f47788e4272391fda2a3"",""data/metrics_faithfulness_metrics_PickCube-v1_170m_seed42_l2_20260530_021658.jsonl:300:489a049fe6b7600a7f03837e39a9ac4f5d01bfc4c5632c40a149667420a4f723""]",0.10226960300537467,-0.04627544046303566,0.0
L2:vision:insertion,L2,vision,insertion,f67073a51e251437dfcac7024a9c224100b6ff0ae4d8897318b2931fcd4b52c9,25,25,-19.320436965833498,"[""data/metrics_faithfulness_metrics_PickCube-v1_170m_seed42_l2_20260530_021658.jsonl:350:12463597b216df03faf47bab571a6c4429ea9a9daaaa0032b2a3a43dc46291bc"",""data/metrics_faithfulness_metrics_PickCube-v1_170m_seed42_l2_20260530_021658.jsonl:351:9142c411cfb6d0d471794e8c655161e7660ab46e983cf9388b59d5dafc910b51"",""data/metrics_faithfulness_metrics_PickCube-v1_170m_seed42_l2_20260530_021658.jsonl:352:47daab7ebcf8434e7b1d6a25b08fcd589e486cbb014f1be3506d77c81115b10c"",""data/metrics_faithfulness_metrics_PickCube-v1_170m_seed42_l2_20260530_021658.jsonl:353:8d6db2059bbca1acf289e96824391284f3ca47a1c94625db3476a072fdfe57bf"",""data/metrics_faithfulness_metrics_PickCube-v1_170m_seed42_l2_20260530_021658.jsonl:354:f61d67011840c96127fe859b1dafa541b5c4ff4f215660bd66aa71cae37c70c3"",""data/metrics_faithfulness_metrics_PickCube-v1_170m_seed42_l2_20260530_021658.jsonl:355:5571ce6d156caf851fe7c88047b2581fd4811fe0bb6fe27a715d2a428626cf03"",""data/metrics_faithfulness_metrics_PickCube-v1_170m_seed42_l2_20260530_021658.jsonl:356:d056358aa161b80eb928115c008ce92d876c6f5615f499c9de421fcb55eb79ed"",""data/metrics_faithfulness_metrics_PickCube-v1_170m_seed42_l2_20260530_021658.jsonl:357:d2e13010e5164f7410133a356ffa98fce2c97767c0a65c6aa14dc9370ff26ae5"",""data/metrics_faithfulness_metrics_PickCube-v1_170m_seed42_l2_20260530_021658.jsonl:358:c65d2c1613a229485bfb3585d39c461a6280b8ebc9a3af4ad59b8a2317801feb"",""data/metrics_faithfulness_metrics_PickCube-v1_170m_seed42_l2_20260530_021658.jsonl:359:73d18499e2db16466ca267cb3a3526f1a8f538dd4abbe579ec9f6a611bbe6b3c"",""data/metrics_faithfulness_metrics_PickCube-v1_170m_seed42_l2_20260530_021658.jsonl:360:9ec3e7847b3b03fee2b14c341ba922c5e97371f1d94961ab039819740d3f468e"",""data/metrics_faithfulness_metrics_PickCube-v1_170m_seed42_l2_20260530_021658.jsonl:361:c8a2b9a9db3a71b261ca6e4214b0292d2bcfea848b3bf01c72572688a77f9d13"",""data/metrics_faithfulness_metrics_PickCube-v1_170m_seed42_l2_20260530_021658.jsonl:362:6f3722984a7fe2af76122fba82a99e187a32917634d5521eb62894761e504d76"",""data/metrics_faithfulness_metrics_PickCube-v1_170m_seed42_l2_20260530_021658.jsonl:363:a921efd598bfac3f9e10aac7eb487cc6ec0d16a0dabce57f68c376821481fe4f"",""data/metrics_faithfulness_metrics_PickCube-v1_170m_seed42_l2_20260530_021658.jsonl:364:9a9ee87955dcc3b4fe9597e29c4c3aab2bb63c4efaeba93d0463e675f60279cd"",""data/metrics_faithfulness_metrics_PickCube-v1_170m_seed42_l2_20260530_021658.jsonl:365:2607830c1b57eb4329c63db8b07bba5d3672e8d06adc4b68ff4578ca100eca83"",""data/metrics_faithfulness_metrics_PickCube-v1_170m_seed42_l2_20260530_021658.jsonl:366:d0aeae3384d2900a046a4222f6a97159b3dfa9187fbec821e6cb34a4b8bd4a89"",""data/metrics_faithfulness_metrics_PickCube-v1_170m_seed42_l2_20260530_021658.jsonl:367:5fb442924c69a3b20de02d36e730e14865bf11c1bdae15e14913a4bf83bc86a6"",""data/metrics_faithfulness_metrics_PickCube-v1_170m_seed42_l2_20260530_021658.jsonl:368:d794e7ef7d1e1f93e2c22cf083dcce475102c075ef6f167038c0afd1088b0853"",""data/metrics_faithfulness_metrics_PickCube-v1_170m_seed42_l2_20260530_021658.jsonl:369:996d7a7770254e41260fa33c8e1d1deaa5fdbcf6bbed6844eabb90d01f43c1f4"",""data/metrics_faithfulness_metrics_PickCube-v1_170m_seed42_l2_20260530_021658.jsonl:370:84d582b8d09a73050c2143c3b5e2707143c5029636aa94c2ddf39a4a3baad44a"",""data/metrics_faithfulness_metrics_PickCube-v1_170m_seed42_l2_20260530_021658.jsonl:371:2deabcf078a0de122c78adffead5da7e18ce97bbf8865a5885427e73510a07f6"",""data/metrics_faithfulness_metrics_PickCube-v1_170m_seed42_l2_20260530_021658.jsonl:372:91892e270b0e65d860ad1c8da3e60608dbc3d876bda06faad04e866a704a4cfd"",""data/metrics_faithfulness_metrics_PickCube-v1_170m_seed42_l2_20260530_021658.jsonl:373:1c9155c6796f2a1c436cdc22d5ad6e06edd87d88c39fe87b4ce45908e337e346"",""data/metrics_faithfulness_metrics_PickCube-v1_170m_seed42_l2_20260530_021658.jsonl:374:d3bc05e758cbe3f3a6cac57ea90f85a9de4d595d3ec9672657671f5091f5e166""]",0.13065214938275996,-19.451089115216256,0.0
L2:vision:insertion,L2,vision,insertion,fc3bf3cb3162aa158fc353e843ea58ab343fd7226f91079a7d3380acfafff3c4,25,25,0.07198426703642367,"[""data/metrics_faithfulness_metrics_PickCube-v1_170m_seed142_l2_20260530_082947.jsonl:251:a47773ac7d9897112f2cfa02eb0c9dc79f311f34351aa3b47639fb01471321b1"",""data/metrics_faithfulness_metrics_PickCube-v1_170m_seed142_l2_20260530_082947.jsonl:252:5834497a7ab974475e5c145e64660c40f794b1a8504a64f7504fcf04a9f16eb6"",""data/metrics_faithfulness_metrics_PickCube-v1_170m_seed142_l2_20260530_082947.jsonl:253:3c65bf22eb1aa7c3b2611dd4f45ff61c07193252816bb037c2532671d354b14c"",""data/metrics_faithfulness_metrics_PickCube-v1_170m_seed142_l2_20260530_082947.jsonl:254:2fc2ac811a9dd407348b7b8b43e100d817181d40db07303b96da3f88cc514e1b"",""data/metrics_faithfulness_metrics_PickCube-v1_170m_seed142_l2_20260530_082947.jsonl:255:933fb6acd032d7e1f9c76284aa395497a89c64daf6197252e48c7806ce9d0b6c"",""data/metrics_faithfulness_metrics_PickCube-v1_170m_seed142_l2_20260530_082947.jsonl:256:b15c9d0005152110cd4fb8ef73060b39cbc6279222cc704c378b179b72ee3baf"",""data/metrics_faithfulness_metrics_PickCube-v1_170m_seed142_l2_20260530_082947.jsonl:257:1332b419dac7267e3fdada7cfe7bf715cb88cd56a9baa54267e8cdaa8c3ab65c"",""data/metrics_faithfulness_metrics_PickCube-v1_170m_seed142_l2_20260530_082947.jsonl:258:d1c09e73bf8a1fa56ac6f3e45d424639d98ba20a87228528fdebebb3821901c1"",""data/metrics_faithfulness_metrics_PickCube-v1_170m_seed142_l2_20260530_082947.jsonl:259:82b43a0b7e90b6569947bbfbb1df9d1811a37188d35e6372112f7a7d2fc9f8da"",""data/metrics_faithfulness_metrics_PickCube-v1_170m_seed142_l2_20260530_082947.jsonl:260:b0ca789a9f8498e67975af715e8af24353474434987b937a002863428e2d1f8d"",""data/metrics_faithfulness_metrics_PickCube-v1_170m_seed142_l2_20260530_082947.jsonl:261:847ae68942e1fe3718f9eaa26e6e287428bc136acf51f54d7234e6edbfc61bc3"",""data/metrics_faithfulness_metrics_PickCube-v1_170m_seed142_l2_20260530_082947.jsonl:262:4abb0c201cc5df20f758b2777c23b7e44ee97a066ce97cf91920fc8134829fda"",""data/metrics_faithfulness_metrics_PickCube-v1_170m_seed142_l2_20260530_082947.jsonl:263:c74ac415f2ba9a0b5de5ef8560bb7b9cff318e8a70180f1ce2042164017185e1"",""data/metrics_faithfulness_metrics_PickCube-v1_170m_seed142_l2_20260530_082947.jsonl:264:3a6a1cf5e27663776459874ef1218317c9893c1fd96b110a36c4a97a5f4d12d8"",""data/metrics_faithfulness_metrics_PickCube-v1_170m_seed142_l2_20260530_082947.jsonl:265:22ab40e5a654f91ed01040d6044dbde8eb398b2d4707062a39a03db42baabd79"",""data/metrics_faithfulness_metrics_PickCube-v1_170m_seed142_l2_20260530_082947.jsonl:266:87c2c2e44cd07cb78113387721616a974131e814daca32ec484d0834bbdf804f"",""data/metrics_faithfulness_metrics_PickCube-v1_170m_seed142_l2_20260530_082947.jsonl:267:9349ce6e8246d253881a1165bec60bbc54f8f5ee811b476a03cd6a0d999032b2"",""data/metrics_faithfulness_metrics_PickCube-v1_170m_seed142_l2_20260530_082947.jsonl:268:b7f3ab2eab23550bc11e0d7d01ba7a8b9b86f284893401274be00f0ef09f41e0"",""data/metrics_faithfulness_metrics_PickCube-v1_170m_seed142_l2_20260530_082947.jsonl:269:31ae65959045810ad727ce0f8ee642524cf96bdba87225cf22671425879971e9"",""data/metrics_faithfulness_metrics_PickCube-v1_170m_seed142_l2_20260530_082947.jsonl:270:5d7d9a1470bdda0e171fac63f44e4e046c320caccc156b657dc38d69dcff0fb4"",""data/metrics_faithfulness_metrics_PickCube-v1_170m_seed142_l2_20260530_082947.jsonl:271:2666a38c1b6776f8407bda278411205e5e696c17d4a65b759e093ed3640f809f"",""data/metrics_faithfulness_metrics_PickCube-v1_170m_seed142_l2_20260530_082947.jsonl:272:b24bea235d52afea38b2aa1abcf553daeb0a9998fcf41ebca1dd40144c4b3822"",""data/metrics_faithfulness_metrics_PickCube-v1_170m_seed142_l2_20260530_082947.jsonl:273:318d3033010d8f753c366203bc8451a77b58c0a07fa5ecacb7df7e089628578e"",""data/metrics_faithfulness_metrics_PickCube-v1_170m_seed142_l2_20260530_082947.jsonl:274:8427f5095d6b6d441c163482621163ce4755479b4d5adf64306cda5d4d9081e9"",""data/metrics_faithfulness_metrics_PickCube-v1_170m_seed142_l2_20260530_082947.jsonl:275:8516f7e67dd15fa9a93d4d2c5d754fbc60d24c0eb8c556107e9d740fccfb49fa""]",0.10841443788367028,-0.036430170847246646,0.0
L2:vision:insertion,L2,vision,insertion,fc7d525a108575036e5527da179df56881e097183c830a7987fecbca160ace37,25,25,0.14071656810862687,"[""data/metrics_faithfulness_metrics_PickCube-v1_170m_seed142_l2_20260530_082947.jsonl:301:6832d3d40f23bb4ea72048c33ae014491a5b18ad99608afe0b4048921dab0e0f"",""data/metrics_faithfulness_metrics_PickCube-v1_170m_seed142_l2_20260530_082947.jsonl:302:bbc02e3b8b8eab7ee8092503fe49d1b655f13c4344fac8fc47129e9807fe3594"",""data/metrics_faithfulness_metrics_PickCube-v1_170m_seed142_l2_20260530_082947.jsonl:303:b5e2bdf2abb6a55e4137a9c20076f250b35a8337a1ce96fe72832f87e5965df6"",""data/metrics_faithfulness_metrics_PickCube-v1_170m_seed142_l2_20260530_082947.jsonl:304:96841e0e9b313cf779d11e2e134b931f5ed10fa43756faab8bfbd49b1ae4d8aa"",""data/metrics_faithfulness_metrics_PickCube-v1_170m_seed142_l2_20260530_082947.jsonl:305:a1c5a65756079590a9ccd11759993bafec3b8bb4cc67d935d32d7c879531d44a"",""data/metrics_faithfulness_metrics_PickCube-v1_170m_seed142_l2_20260530_082947.jsonl:306:b15b65068694056b4c6d585f0d31d93cc169777604e3341076155caea6d5e28a"",""data/metrics_faithfulness_metrics_PickCube-v1_170m_seed142_l2_20260530_082947.jsonl:307:2e0ee80eb6f863127b475dab299479b7ace4723b8b5d9da1523a36ddc76f6b3c"",""data/metrics_faithfulness_metrics_PickCube-v1_170m_seed142_l2_20260530_082947.jsonl:308:8f180c70ccaeb53e1a91f928524f8cc2d7263978b76a3a4cd8fef933319fceee"",""data/metrics_faithfulness_metrics_PickCube-v1_170m_seed142_l2_20260530_082947.jsonl:309:94e7e768e7331891c053796b50cb3d39d5c049b3d6cedb9aa6e68dc3dc7896de"",""data/metrics_faithfulness_metrics_PickCube-v1_170m_seed142_l2_20260530_082947.jsonl:310:ff105fbd0076b30bed402741f4af8c63692e8d5a497ccdbc9df6086044912510"",""data/metrics_faithfulness_metrics_PickCube-v1_170m_seed142_l2_20260530_082947.jsonl:311:017b2bcf4fc788296def3d31b5b00091b76abbfec9cfe08dad4459250f81e577"",""data/metrics_faithfulness_metrics_PickCube-v1_170m_seed142_l2_20260530_082947.jsonl:312:d36b1e4648ecf139980ba517c506185f88e45b81c87abfe33706c75daf1ee902"",""data/metrics_faithfulness_metrics_PickCube-v1_170m_seed142_l2_20260530_082947.jsonl:313:d3115ec175843187d9ea03435e73ee222fc33643da46a7da8b6d5261c7d74ac8"",""data/metrics_faithfulness_metrics_PickCube-v1_170m_seed142_l2_20260530_082947.jsonl:314:f9e174d00fa82ce4bba84f4f3d1d4f261d579720cdb7fd1dd124dfa8ae9cfd57"",""data/metrics_faithfulness_metrics_PickCube-v1_170m_seed142_l2_20260530_082947.jsonl:315:2a53e3d365fb310cd377a3e0397f42704380e9ee62cd179fcabba5d4388e8cf6"",""data/metrics_faithfulness_metrics_PickCube-v1_170m_seed142_l2_20260530_082947.jsonl:316:3ec1bb6fe1f617ed4b696c5decefa66a586f0b8adad6a22ca9ed818cb6fdafb0"",""data/metrics_faithfulness_metrics_PickCube-v1_170m_seed142_l2_20260530_082947.jsonl:317:7db028389a8f6d7f9fcc77912b8569a12fcf7bab0ca57c50c96e688022dde921"",""data/metrics_faithfulness_metrics_PickCube-v1_170m_seed142_l2_20260530_082947.jsonl:318:1cf303893266408bcde0cb54fef4f3f4392fa1d0d528e11b0da55d837f21445b"",""data/metrics_faithfulness_metrics_PickCube-v1_170m_seed142_l2_20260530_082947.jsonl:319:daceeb82a5ad8498e40ae2fbe546788822b06ef4ce432630b86feeb797a9937d"",""data/metrics_faithfulness_metrics_PickCube-v1_170m_seed142_l2_20260530_082947.jsonl:320:1e9360c2782bb5ea4c0e76c30188b679c8620b33110b714914194a1298dd43c0"",""data/metrics_faithfulness_metrics_PickCube-v1_170m_seed142_l2_20260530_082947.jsonl:321:5d0af7f474c5d129814eafb0b166df122782d948d31207ab259ea23b0299544b"",""data/metrics_faithfulness_metrics_PickCube-v1_170m_seed142_l2_20260530_082947.jsonl:322:c825fae007f4086145c3a73af3513ba1115bf9623c0ee1278433d45202945075"",""data/metrics_faithfulness_metrics_PickCube-v1_170m_seed142_l2_20260530_082947.jsonl:323:db18d64749410027efab0cf00eafe0c16b39545e2be4bc4926c28ffad67b0cb2"",""data/metrics_faithfulness_metrics_PickCube-v1_170m_seed142_l2_20260530_082947.jsonl:324:f4802f786be95c5d4ddab459d0b18609fbce570d4165482072a685b0ceb08f3c"",""data/metrics_faithfulness_metrics_PickCube-v1_170m_seed142_l2_20260530_082947.jsonl:325:a9d899ff8a7596703677c4fa2d73d2771ae94dd860939f28408c38e7ef04421e""]",0.14195944198467683,-0.0012428738760499663,0.0
L2:vision:insertion,L2,vision,insertion,fe86f3f78070d01a03dbdd22e378167bb234810e3fcfe9a8f58fafc8578eff8c,25,25,-0.03352656389535143,"[""data/metrics_faithfulness_metrics_PickCube-v1_170m_seed42_l2_20260530_021658.jsonl:126:6fa5b21f81a3e2e63057c3798766077740d2966d88fa4466b562402451ccad9d"",""data/metrics_faithfulness_metrics_PickCube-v1_170m_seed42_l2_20260530_021658.jsonl:127:72d030d5aa6af04ef1066c9d3406c6cfdf61a1efc26fee16727d10c72975f233"",""data/metrics_faithfulness_metrics_PickCube-v1_170m_seed42_l2_20260530_021658.jsonl:128:b566cc269f47f943b42217ec5c37d68daa3e2e444ff0f5d15762baabe442e363"",""data/metrics_faithfulness_metrics_PickCube-v1_170m_seed42_l2_20260530_021658.jsonl:129:17e2a8de506349fe395de90e72c25b0781a295cf41291194fa164720531a76a4"",""data/metrics_faithfulness_metrics_PickCube-v1_170m_seed42_l2_20260530_021658.jsonl:130:a1661cf97f41d2ac68fcfc508ec3184260bf7df34384421d45e79d6dce9df0c8"",""data/metrics_faithfulness_metrics_PickCube-v1_170m_seed42_l2_20260530_021658.jsonl:131:98ae8bc9da3b08cefdb0295fc5467cc0e270a51b742aa141495f2f352880e086"",""data/metrics_faithfulness_metrics_PickCube-v1_170m_seed42_l2_20260530_021658.jsonl:132:bfa494e3eb3ab36d1c6e0726f32655a293b80fca7904407effcce5447eae0f2e"",""data/metrics_faithfulness_metrics_PickCube-v1_170m_seed42_l2_20260530_021658.jsonl:133:f33e316be8bf031dd996b7d48ae386665c06eb25602a3e82593cd6d521acf129"",""data/metrics_faithfulness_metrics_PickCube-v1_170m_seed42_l2_20260530_021658.jsonl:134:477b7eb342bf92296efb9da9814a7175060caffaf7c200e42c4e7927bba0c356"",""data/metrics_faithfulness_metrics_PickCube-v1_170m_seed42_l2_20260530_021658.jsonl:135:4c55f22d390969f297a5027e5cfffda00aae83030fe2f641b90228aae839b48f"",""data/metrics_faithfulness_metrics_PickCube-v1_170m_seed42_l2_20260530_021658.jsonl:136:4a531525ac6d588aa22a3d6609114249ffbed0c9c7290baf3e8bcce92dfba491"",""data/metrics_faithfulness_metrics_PickCube-v1_170m_seed42_l2_20260530_021658.jsonl:137:5f1805f1e8342b3e51c50bb1c31542dfd844cab4375ecaca90ac22fab91f5643"",""data/metrics_faithfulness_metrics_PickCube-v1_170m_seed42_l2_20260530_021658.jsonl:138:f74e2a55370b2c4a7eeeb921f8097ce38c3ae6ea2ab631c1667035127af232fc"",""data/metrics_faithfulness_metrics_PickCube-v1_170m_seed42_l2_20260530_021658.jsonl:139:89a634d49290cf9ece4d849f0b178ddc98eb4a9c0134c2bae28d9aec7a306a96"",""data/metrics_faithfulness_metrics_PickCube-v1_170m_seed42_l2_20260530_021658.jsonl:140:249cb575e48493d738bcc2503412bc7e71ad09d77fcd52ffeb3ed332a94b9079"",""data/metrics_faithfulness_metrics_PickCube-v1_170m_seed42_l2_20260530_021658.jsonl:141:7fddad48cc4643f1ea22ce17b9a56aea47a75477c532fb72b5956c7ffb391b24"",""data/metrics_faithfulness_metrics_PickCube-v1_170m_seed42_l2_20260530_021658.jsonl:142:dbe11678275c9838ad870a9456f88f0471319861b0be0326fd699c075d86d336"",""data/metrics_faithfulness_metrics_PickCube-v1_170m_seed42_l2_20260530_021658.jsonl:143:9d9c1c40751d63708747447184d1663a1a26322711e2132f305bef84651e3876"",""data/metrics_faithfulness_metrics_PickCube-v1_170m_seed42_l2_20260530_021658.jsonl:144:8633393e1f7ed2511fe03cd452fa91cea4cca2092e8caf1ac52c9724dec6f480"",""data/metrics_faithfulness_metrics_PickCube-v1_170m_seed42_l2_20260530_021658.jsonl:145:dac610c1ab7249ac6399a60baee41fed070d6ce0af2561daac289e5d0a489f7a"",""data/metrics_faithfulness_metrics_PickCube-v1_170m_seed42_l2_20260530_021658.jsonl:146:a5366b118254bc37be2f346c43b71b472e52414d375a7df8692bcc737da51850"",""data/metrics_faithfulness_metrics_PickCube-v1_170m_seed42_l2_20260530_021658.jsonl:147:2770aad35fbb11659b4f0499fcb6cc3ca5b98355444be045c8e5e9a59a438f15"",""data/metrics_faithfulness_metrics_PickCube-v1_170m_seed42_l2_20260530_021658.jsonl:148:4235108f63bde06bfc3079dfab4fd9167dc39016ff9ef49bbc1fcaa72c90088a"",""data/metrics_faithfulness_metrics_PickCube-v1_170m_seed42_l2_20260530_021658.jsonl:149:59f2c96dbff7c7c39c0bc1d5495181b0bf1516a9a783b70f49039f59d9590fd4"",""data/metrics_faithfulness_metrics_PickCube-v1_170m_seed42_l2_20260530_021658.jsonl:150:acc8aa0f2a807e48e02fb91f17ade95fd8d5062e80894baa2e52d79e3f3adee4""]",0.09525344346567063,-0.12878000736102208,0.0
L2:vision:deletion,L2,vision,deletion,0b54b3fe277a26d0cd055d07e3c55a6758becafd90e2090097a9c09f9b6e418e,25,25,0.16302273543356083,"[""data/metrics_faithfulness_metrics_PickCube-v1_170m_seed142_l2_20260530_082947.jsonl:276:8e919113e8ed86a6b65a78f01b84ffedae644c24428985ad3e9212d00c94b7a9"",""data/metrics_faithfulness_metrics_PickCube-v1_170m_seed142_l2_20260530_082947.jsonl:277:59dec5786c502051186ccba58e3f0adf33c93c015ecf401a4ba52aad12bf07f6"",""data/metrics_faithfulness_metrics_PickCube-v1_170m_seed142_l2_20260530_082947.jsonl:278:5b8232b8f0726329cbebfe5a15736e6272a7a0c03f0dac13aaf6c2c9c6e0f157"",""data/metrics_faithfulness_metrics_PickCube-v1_170m_seed142_l2_20260530_082947.jsonl:279:c60daa1d7399e35c92fbcf898c17388c26b13926ccab3255a5824e2b2aa468e9"",""data/metrics_faithfulness_metrics_PickCube-v1_170m_seed142_l2_20260530_082947.jsonl:280:4266e5b7e109b0cd062fca1ffa65bffce8c05d4e60e4e36521acb8084031479c"",""data/metrics_faithfulness_metrics_PickCube-v1_170m_seed142_l2_20260530_082947.jsonl:281:b558bc1db09eaa3b3e11ec7cac70b56ff25e2a85e01e2d1403af1b2131343b78"",""data/metrics_faithfulness_metrics_PickCube-v1_170m_seed142_l2_20260530_082947.jsonl:282:209b78d0860e800e45b537eb2abf647032a44f9d98748efdea8ad93a9f806655"",""data/metrics_faithfulness_metrics_PickCube-v1_170m_seed142_l2_20260530_082947.jsonl:283:4a580a024b0342567c5416d5a16a6897a7347080090e475e798be57c7b1c535f"",""data/metrics_faithfulness_metrics_PickCube-v1_170m_seed142_l2_20260530_082947.jsonl:284:a0b1b667eb38eb4201df36b257e9cfb58a879784057fcc0a9277e4dde0a8f6af"",""data/metrics_faithfulness_metrics_PickCube-v1_170m_seed142_l2_20260530_082947.jsonl:285:3e8a155533670301edfd7436779d8cc8cb18fadf7734d334976b913a70735bdb"",""data/metrics_faithfulness_metrics_PickCube-v1_170m_seed142_l2_20260530_082947.jsonl:286:856cf79493d762bb6ea711269fa346d17dcc2ce5de3b9575a1d50b9edd537555"",""data/metrics_faithfulness_metrics_PickCube-v1_170m_seed142_l2_20260530_082947.jsonl:287:9a7741c47ea9ef5c9688c2afe2c4dbdbdcb39521cf0251cecde45dc73a5d1226"",""data/metrics_faithfulness_metrics_PickCube-v1_170m_seed142_l2_20260530_082947.jsonl:288:c2adc6839d47ac4d3db581276932687375da023ed9c33d61851e6ec972e9cb59"",""data/metrics_faithfulness_metrics_PickCube-v1_170m_seed142_l2_20260530_082947.jsonl:289:b304e38ce3bd51ed755dc70531bb560ec7feb25bc4d2e0bfb4ef76f490e00ca1"",""data/metrics_faithfulness_metrics_PickCube-v1_170m_seed142_l2_20260530_082947.jsonl:290:7a566d33825b2a0d5adc012952343c52ba3badc286f77cc6929b73f128c7854d"",""data/metrics_faithfulness_metrics_PickCube-v1_170m_seed142_l2_20260530_082947.jsonl:291:299f025f45397c4b07e1b100d38248cdc6cd347e4ffa75e9bf69f38625694f13"",""data/metrics_faithfulness_metrics_PickCube-v1_170m_seed142_l2_20260530_082947.jsonl:292:6918520c2a690bce6a50027d7b4088da6bff63c6c700c3b5a7bd8a4bd0c7a821"",""data/metrics_faithfulness_metrics_PickCube-v1_170m_seed142_l2_20260530_082947.jsonl:293:731ec2f9e4b0252d89cdef1c64b8e89a3a0a134f33507c321dc556b9cb4a2ed7"",""data/metrics_faithfulness_metrics_PickCube-v1_170m_seed142_l2_20260530_082947.jsonl:294:72ff8205e8e3e14158d86c7cb821652732da4853cd559cd81cfa8cadbf75496e"",""data/metrics_faithfulness_metrics_PickCube-v1_170m_seed142_l2_20260530_082947.jsonl:295:647f5059f03857253e51773443508615cc1a9d9610eed1624fcc4e9299cc160f"",""data/metrics_faithfulness_metrics_PickCube-v1_170m_seed142_l2_20260530_082947.jsonl:296:5418cfab4dacfb1a7985d63631fc3d2c7b3cd47271f173ccf364a89c787f0f70"",""data/metrics_faithfulness_metrics_PickCube-v1_170m_seed142_l2_20260530_082947.jsonl:297:bd2637ff5b19c6659ac6500802655ed68ef244742624db30168eeeae3dd790a7"",""data/metrics_faithfulness_metrics_PickCube-v1_170m_seed142_l2_20260530_082947.jsonl:298:dc99acd97f0be889979637a6ae47d13e717c1e179f7e754c9fc0eaebfb3d094b"",""data/metrics_faithfulness_metrics_PickCube-v1_170m_seed142_l2_20260530_082947.jsonl:299:3680d7c7dd3f32672fc4f383c8a6c77c974396eeedb27123b5b765c07a975f3a"",""data/metrics_faithfulness_metrics_PickCube-v1_170m_seed142_l2_20260530_082947.jsonl:300:1a412f6d9753ef75d05de2da7336edabe8ca475c9050150dbdeea1951e0b65d4""]",0.16304960914989208,-2.6873716331231682e-05,0.0
L2:vision:deletion,L2,vision,deletion,103c278f8cea9e190a33210a8da7a4011ad4ef6226ba2f5b84f64ab693b94d02,25,25,0.11542899304753552,"[""data/metrics_faithfulness_metrics_PickCube-v1_170m_seed142_l2_20260530_082947.jsonl:100:c9df18f78bccd98676b76f0f181b6cdc1869ecbfd0333924c93afbb4b50ea405"",""data/metrics_faithfulness_metrics_PickCube-v1_170m_seed142_l2_20260530_082947.jsonl:76:1fd5ca190899dbfd00756872b55f3bbc705a215ddffbb88f0fef371ddc2701b9"",""data/metrics_faithfulness_metrics_PickCube-v1_170m_seed142_l2_20260530_082947.jsonl:77:88cd472894526ab0959156f4fdf19aff96c2bc0437dfc5a40fb3af9d62c7a5a8"",""data/metrics_faithfulness_metrics_PickCube-v1_170m_seed142_l2_20260530_082947.jsonl:78:f75dea264e1c08e86004d408826be450499ff3be0f5d07da6a6ac3d6f2d0c952"",""data/metrics_faithfulness_metrics_PickCube-v1_170m_seed142_l2_20260530_082947.jsonl:79:2b761f40e1cad306ff36989c30d790ac9bee19b9c910518385d4e7f792b613cf"",""data/metrics_faithfulness_metrics_PickCube-v1_170m_seed142_l2_20260530_082947.jsonl:80:c4e70972d9cd12c35a2b1b2989fc625400ef619f271315c44f902cab33502143"",""data/metrics_faithfulness_metrics_PickCube-v1_170m_seed142_l2_20260530_082947.jsonl:81:b38b5fb8f22e11f61b35b8ab4be35040d17cc228ed98c91f7aeaefeb10b4d8d2"",""data/metrics_faithfulness_metrics_PickCube-v1_170m_seed142_l2_20260530_082947.jsonl:82:458081c8dcf79549925bfaa7afa3ea7b3aa733ac2a2b33bf0286a4fd671889ee"",""data/metrics_faithfulness_metrics_PickCube-v1_170m_seed142_l2_20260530_082947.jsonl:83:afca8d849a3a8665326521f88fb39ffb55cb8817a74d340029e44ebdb1bec735"",""data/metrics_faithfulness_metrics_PickCube-v1_170m_seed142_l2_20260530_082947.jsonl:84:49aedeaa0e20df69d88ab187903c63bbde0a823af1f0774bc9a74e7a6e23454e"",""data/metrics_faithfulness_metrics_PickCube-v1_170m_seed142_l2_20260530_082947.jsonl:85:4ec7feb0f4ca8b120a8452ecff8f055ec599a70a7d7689719ff4261e0f67426a"",""data/metrics_faithfulness_metrics_PickCube-v1_170m_seed142_l2_20260530_082947.jsonl:86:a0b37ca2d2b04834c0e0e19ff976e4183a6c94077ba0678cc92fd7dbe39c8da8"",""data/metrics_faithfulness_metrics_PickCube-v1_170m_seed142_l2_20260530_082947.jsonl:87:94e97b7ecbf3c6f2c776f53a6052ba2c13db5f76380035a1d3a5ff864ad92d1a"",""data/metrics_faithfulness_metrics_PickCube-v1_170m_seed142_l2_20260530_082947.jsonl:88:638f21193b4d0edbdcc6de2ce7aea43b8661aa6eebfb9f05c734ab9302c1e3d2"",""data/metrics_faithfulness_metrics_PickCube-v1_170m_seed142_l2_20260530_082947.jsonl:89:6429f55ef05975e174eaa1dd7176e35c4e0a9941c86640bf75e4bdc68d131c83"",""data/metrics_faithfulness_metrics_PickCube-v1_170m_seed142_l2_20260530_082947.jsonl:90:2b0ff7f7a5b15df9e6ffed490e7e53ac3e03f26b13acd5a98eea018e830ffb4a"",""data/metrics_faithfulness_metrics_PickCube-v1_170m_seed142_l2_20260530_082947.jsonl:91:2f240111cfbcdd60bb565815ff417951fc4d263be0282a2e3f01607207286af3"",""data/metrics_faithfulness_metrics_PickCube-v1_170m_seed142_l2_20260530_082947.jsonl:92:22faeb90b6d4f04d1846b4ae7c12da5d716f80fbe3944883503471fcd2eb686f"",""data/metrics_faithfulness_metrics_PickCube-v1_170m_seed142_l2_20260530_082947.jsonl:93:57a761c03e4a0ad723f2d34b1e717951a4bbae04fd517fce0bec3422ae7aa4bf"",""data/metrics_faithfulness_metrics_PickCube-v1_170m_seed142_l2_20260530_082947.jsonl:94:6ec7db4d504b216a19b094193233fbd64d3be86eb1805fb02a599db333974bd0"",""data/metrics_faithfulness_metrics_PickCube-v1_170m_seed142_l2_20260530_082947.jsonl:95:76eed63568d48dd90aaead312fb2afbef71a7ae7e69cbac94ce5c8568f9457b3"",""data/metrics_faithfulness_metrics_PickCube-v1_170m_seed142_l2_20260530_082947.jsonl:96:c3d842284b870ca6c66a6da0f70dcfcc805b85ccbf18887e00e5cb5d6136cc77"",""data/metrics_faithfulness_metrics_PickCube-v1_170m_seed142_l2_20260530_082947.jsonl:97:0ba076cd92632ba23131ecfb7318865d4fcf547e27492a12033833ffc1487d47"",""data/metrics_faithfulness_metrics_PickCube-v1_170m_seed142_l2_20260530_082947.jsonl:98:b8aac2de2ca91b98997a05bcb85e767a64cdd59069045b80567bb4f001aa838a"",""data/metrics_faithfulness_metrics_PickCube-v1_170m_seed142_l2_20260530_082947.jsonl:99:7ef85fc449e9a2bfc219a4ea387ab98fbba19eb45163dd4a041e26167c2d5886""]",0.12819325795799372,-0.012764264910458192,0.0
L2:vision:deletion,L2,vision,deletion,2b9c0717e3d744841d5419f0f59691c6a193bad395b90a7b2ba4315a0e2272e0,25,25,-0.025604282853423574,"[""data/metrics_faithfulness_metrics_PickCube-v1_170m_seed142_l2_20260530_082947.jsonl:151:0da34d16f6ba39e7aba34114434f39ca130ef20507af096d76656579de282217"",""data/metrics_faithfulness_metrics_PickCube-v1_170m_seed142_l2_20260530_082947.jsonl:152:27eef238e2edc9b56411d525d12a7d2247ecf383298ca1d6918b86eaeaf9921e"",""data/metrics_faithfulness_metrics_PickCube-v1_170m_seed142_l2_20260530_082947.jsonl:153:f1196d1b4642b5b1ecdfb6f605346bfdc5db731276d9cfa1a60db9ff39ba1758"",""data/metrics_faithfulness_metrics_PickCube-v1_170m_seed142_l2_20260530_082947.jsonl:154:6509664149694658cc606788cc8fca493f15d31d3028fc233efd116142b976d4"",""data/metrics_faithfulness_metrics_PickCube-v1_170m_seed142_l2_20260530_082947.jsonl:155:9527038a76be6a70db56b6468621b3e4dd0c0f79b0ebf52b81af7e1d00347687"",""data/metrics_faithfulness_metrics_PickCube-v1_170m_seed142_l2_20260530_082947.jsonl:156:4a1e9991815716c8140c9d5f73264abba4cf64113a43546933599b395acac93b"",""data/metrics_faithfulness_metrics_PickCube-v1_170m_seed142_l2_20260530_082947.jsonl:157:8d6c34f4cb54bb7c4f4c87a8c98f04ea7da3a5ea5eb98b94e4577f1161ba9600"",""data/metrics_faithfulness_metrics_PickCube-v1_170m_seed142_l2_20260530_082947.jsonl:158:15ea39c5269313103b16e6e913d0b496afcbdbdfb771aba10960f905091ab634"",""data/metrics_faithfulness_metrics_PickCube-v1_170m_seed142_l2_20260530_082947.jsonl:159:578bee2598abd68d2b1340a7ae35d527a07ea295a7f6e6ea8746d3258862b56c"",""data/metrics_faithfulness_metrics_PickCube-v1_170m_seed142_l2_20260530_082947.jsonl:160:42deae522bbc84a50c45c94cdf6c14bef6b5545829e148f977787463d3821a12"",""data/metrics_faithfulness_metrics_PickCube-v1_170m_seed142_l2_20260530_082947.jsonl:161:d6378a5ed1d9a49835241fe634706358f3470c980986de5197572463c5a1013f"",""data/metrics_faithfulness_metrics_PickCube-v1_170m_seed142_l2_20260530_082947.jsonl:162:6be80fbd9b839b710dd98b05cfc679e438fd940e893df8734b1163ab1acb3217"",""data/metrics_faithfulness_metrics_PickCube-v1_170m_seed142_l2_20260530_082947.jsonl:163:695fe680c4691475d7f80e640d4ee7dab4024eea809a83aa941e267e3da4583a"",""data/metrics_faithfulness_metrics_PickCube-v1_170m_seed142_l2_20260530_082947.jsonl:164:b74191209474ef45506e91a270026567cc32e96d0dcbf99c4f4a9c14b504c19f"",""data/metrics_faithfulness_metrics_PickCube-v1_170m_seed142_l2_20260530_082947.jsonl:165:2175c216b209db07f7ecc0488bd9acbece7a35d11a51c5ea955716a3557b3ae9"",""data/metrics_faithfulness_metrics_PickCube-v1_170m_seed142_l2_20260530_082947.jsonl:166:0416e1f068b170e77ed955831de4953a675533b9edffe2f8be84663bff5456db"",""data/metrics_faithfulness_metrics_PickCube-v1_170m_seed142_l2_20260530_082947.jsonl:167:b9029e496adba6034fb976c49e018c30748f621386be99233f2e30f415529edd"",""data/metrics_faithfulness_metrics_PickCube-v1_170m_seed142_l2_20260530_082947.jsonl:168:6aed096833d46ff2a0a1c4bf330d7c5b2f80d699d971c7b5d4392bebcda61a6b"",""data/metrics_faithfulness_metrics_PickCube-v1_170m_seed142_l2_20260530_082947.jsonl:169:0af23c32b56b867606776964145dc522ea7a8b172f1cdfc51d7fb1ac726fff52"",""data/metrics_faithfulness_metrics_PickCube-v1_170m_seed142_l2_20260530_082947.jsonl:170:3d367228821249983adacdbe1836e3ba4144dd081f14837d2ac4b6202cbdb0e2"",""data/metrics_faithfulness_metrics_PickCube-v1_170m_seed142_l2_20260530_082947.jsonl:171:fc3f15b0005ed882c667671333873c46f7d24e5921e731726f73f8551baec942"",""data/metrics_faithfulness_metrics_PickCube-v1_170m_seed142_l2_20260530_082947.jsonl:172:237f61f6b3ba903fb8b798182f81d6ff82d55ddc87e2745a4f78d34651ab0bb3"",""data/metrics_faithfulness_metrics_PickCube-v1_170m_seed142_l2_20260530_082947.jsonl:173:646702e091daa0d14a197fb84ccfd9ae3d03edccb5078be8dd0de05821a59552"",""data/metrics_faithfulness_metrics_PickCube-v1_170m_seed142_l2_20260530_082947.jsonl:174:a2f242bbd0d0b4adcbd56898255ad0455a1f9b4cef3efb42e883014268f55e47"",""data/metrics_faithfulness_metrics_PickCube-v1_170m_seed142_l2_20260530_082947.jsonl:175:30fc94b9f17c2edab68a88fb034b2c6bebd189f7e74eb7d7dc421176a4db5c0f""]",0.14028148238122354,-0.16588576523464707,0.0
L2:vision:deletion,L2,vision,deletion,33be5890a7a31998672778328fbc10f7c63ade321dc50fff8833bdbec529026e,25,25,0.16459647902996447,"[""data/metrics_faithfulness_metrics_PickCube-v1_170m_seed142_l2_20260530_082947.jsonl:26:4198bd845374ca45d1b2fd30bdcafce34fd222afb6fb60d7db79b155c4b5f9da"",""data/metrics_faithfulness_metrics_PickCube-v1_170m_seed142_l2_20260530_082947.jsonl:27:c4df40ca70111e66cd9b11c410b7cbf2ec140f35c4fa240a30255ef96ebcb98d"",""data/metrics_faithfulness_metrics_PickCube-v1_170m_seed142_l2_20260530_082947.jsonl:28:20fc757c1a707ad98117d1c23fa293352790707367f954394de5e31cf07d5200"",""data/metrics_faithfulness_metrics_PickCube-v1_170m_seed142_l2_20260530_082947.jsonl:29:15c6660c12d9c9a2ff2bc158af6e8d1c6411a491e3d8b7c3a4d9741b8dd80db5"",""data/metrics_faithfulness_metrics_PickCube-v1_170m_seed142_l2_20260530_082947.jsonl:30:0540579ead2f84c75b9837e4d7f85aa5ab83cb5883ad1cbc32eb1a4c85e0ac18"",""data/metrics_faithfulness_metrics_PickCube-v1_170m_seed142_l2_20260530_082947.jsonl:31:a871a48cf3d1f8bd7f6b715a62bcde1b0d20287087ea4f5adc596ce363301007"",""data/metrics_faithfulness_metrics_PickCube-v1_170m_seed142_l2_20260530_082947.jsonl:32:e4d5a52ac59ad8c898e199a77643bdf2376751639ab5c327183562f2914644dc"",""data/metrics_faithfulness_metrics_PickCube-v1_170m_seed142_l2_20260530_082947.jsonl:33:a37bd361c3e14586d7a559152b78fc852b9f7d533aea793dbc52bcdb9e9d3cf3"",""data/metrics_faithfulness_metrics_PickCube-v1_170m_seed142_l2_20260530_082947.jsonl:34:9ba24a0cba621786bb22f41e61d0c1be544674452516cb6314cb030b98211d2c"",""data/metrics_faithfulness_metrics_PickCube-v1_170m_seed142_l2_20260530_082947.jsonl:35:18d3bc9f5cb93683df71668b3854210a3ab0383c93c7664472745892594b343d"",""data/metrics_faithfulness_metrics_PickCube-v1_170m_seed142_l2_20260530_082947.jsonl:36:5096fe3edb456d7f4bb55e7494d14e2a7bdc90e373c262f8666ec2be0456f8c4"",""data/metrics_faithfulness_metrics_PickCube-v1_170m_seed142_l2_20260530_082947.jsonl:37:8550bef3ef5d9e7eb1154a4ddd962381340671a973785a9736cefd60d1c68b23"",""data/metrics_faithfulness_metrics_PickCube-v1_170m_seed142_l2_20260530_082947.jsonl:38:fc741495df3a513a4180fea3f8d038077472a9191877d945c70ed9424f34d581"",""data/metrics_faithfulness_metrics_PickCube-v1_170m_seed142_l2_20260530_082947.jsonl:39:4b2fe2d7f7d2522daec3ceb2301bf1e63b25f29f3641a447c1c30a6c060712f5"",""data/metrics_faithfulness_metrics_PickCube-v1_170m_seed142_l2_20260530_082947.jsonl:40:ee6f90d1551ab8bb0d00ac994a345632b33543e0d3b3df855aa8610702daf5a2"",""data/metrics_faithfulness_metrics_PickCube-v1_170m_seed142_l2_20260530_082947.jsonl:41:bea118734ba98cfbf7fba774b3ec3328c7fcf308974eeda16c056a6f1ba5719c"",""data/metrics_faithfulness_metrics_PickCube-v1_170m_seed142_l2_20260530_082947.jsonl:42:dfbb4a4a9bf7f4597f2c55a3071559834b1e9d7b15b08a78d907bd7424430d20"",""data/metrics_faithfulness_metrics_PickCube-v1_170m_seed142_l2_20260530_082947.jsonl:43:3c0a1336a62c5167e66d062d47b61d1d81296721274367cae512cdd1e39934d7"",""data/metrics_faithfulness_metrics_PickCube-v1_170m_seed142_l2_20260530_082947.jsonl:44:667ed46c0bf1fbd37a79e07c9afcc259541870e5a38a69c88c66999367c961e8"",""data/metrics_faithfulness_metrics_PickCube-v1_170m_seed142_l2_20260530_082947.jsonl:45:f77384e7353c763721bfadea0a4677657fddb4357e8b2fd70529f78c703744c6"",""data/metrics_faithfulness_metrics_PickCube-v1_170m_seed142_l2_20260530_082947.jsonl:46:0e9e3e139f93345c69223b03a25305f8ffc8da438c16b8b5a8741f5fe907a86a"",""data/metrics_faithfulness_metrics_PickCube-v1_170m_seed142_l2_20260530_082947.jsonl:47:0d8913426a6a5de841b23872ecec3669b3f38ccf3d1c47e1b1cec2a480b6e5d7"",""data/metrics_faithfulness_metrics_PickCube-v1_170m_seed142_l2_20260530_082947.jsonl:48:5bc83dbd7aaed119a2b6c4c0f3dad1c3a296c928b6c516909db2b1f37e446ac4"",""data/metrics_faithfulness_metrics_PickCube-v1_170m_seed142_l2_20260530_082947.jsonl:49:021ff1f0e77934f25a5498df27c46918d39e67bfa219ce7f0ec2a350eb80ac8e"",""data/metrics_faithfulness_metrics_PickCube-v1_170m_seed142_l2_20260530_082947.jsonl:50:6845705b222b38b5470aac349b8e589933ef4dff27c3266337d05d5ca508a08a""]",0.16462112150474847,-2.4642474784030283e-05,0.0
L2:vision:deletion,L2,vision,deletion,34a95f0c4056000726fda746879bfef378be8c64c4504a84c65b64ad0cf9cd00,25,25,0.07432827588225066,"[""data/metrics_faithfulness_metrics_PickCube-v1_170m_seed142_l2_20260530_082947.jsonl:351:2a1730dbfd69635b8f69fe3be84468e022ee18900f6b623dc3f903caa59c0a4e"",""data/metrics_faithfulness_metrics_PickCube-v1_170m_seed142_l2_20260530_082947.jsonl:352:3e6cbf9ef6c4b7e99008e585e50a13773a70f53bebca16268c277ccb7dd56a5f"",""data/metrics_faithfulness_metrics_PickCube-v1_170m_seed142_l2_20260530_082947.jsonl:353:bff0346b965c1d81fc10432d1be139d0a2fb51327f3511b96142f182b0ca2aca"",""data/metrics_faithfulness_metrics_PickCube-v1_170m_seed142_l2_20260530_082947.jsonl:354:7ad88e0f8a0702318eb84506f68174a89ac9b97ef6d08f74cb32f0ca45a33beb"",""data/metrics_faithfulness_metrics_PickCube-v1_170m_seed142_l2_20260530_082947.jsonl:355:16c9471693b892719c7bddb63f7e77aee9c45aea2ea4c87b54cf4d595717465b"",""data/metrics_faithfulness_metrics_PickCube-v1_170m_seed142_l2_20260530_082947.jsonl:356:05178aceb51eb23277fafa53a74c1d80ea050cb67a134446a0aa482134146f05"",""data/metrics_faithfulness_metrics_PickCube-v1_170m_seed142_l2_20260530_082947.jsonl:357:1dfeb3dc0715a820eb5e160a7345bc99f99f8eba14e6a6c4325066c152fa46bb"",""data/metrics_faithfulness_metrics_PickCube-v1_170m_seed142_l2_20260530_082947.jsonl:358:3ad19897e472f806731f3eed51dd46533a7dc20f214ae1eddbe4d131dabdd05f"",""data/metrics_faithfulness_metrics_PickCube-v1_170m_seed142_l2_20260530_082947.jsonl:359:221cf908910e8669e34d7a252b78e6bb6f3dba8905ccd08a48e955278c9ed996"",""data/metrics_faithfulness_metrics_PickCube-v1_170m_seed142_l2_20260530_082947.jsonl:360:463f965b753d19d1ae0d50386d886bb15a0a682790bcccfb308fd9f4dba1e2d7"",""data/metrics_faithfulness_metrics_PickCube-v1_170m_seed142_l2_20260530_082947.jsonl:361:1b3a7a7f45fc997a2ce75152355fdb8cdb99dc119b8b183a38ba4d98d45c5a7b"",""data/metrics_faithfulness_metrics_PickCube-v1_170m_seed142_l2_20260530_082947.jsonl:362:22a05679064a3ebe023ecb4289396189e1f463742b932a789ae94ce687d38bef"",""data/metrics_faithfulness_metrics_PickCube-v1_170m_seed142_l2_20260530_082947.jsonl:363:258386763123bc452ab843c92c29e9add7e2ed3ad0b5d16de5a06387f4d2d29b"",""data/metrics_faithfulness_metrics_PickCube-v1_170m_seed142_l2_20260530_082947.jsonl:364:41398a90bd39d8aff28eb2ca67d4d21dea6deb4cb6e46808c96ce2fcd49fb51d"",""data/metrics_faithfulness_metrics_PickCube-v1_170m_seed142_l2_20260530_082947.jsonl:365:dbc534bc4e708288f9e6b32f717bc68fb9d0c980dcfdab6f28eef91911811882"",""data/metrics_faithfulness_metrics_PickCube-v1_170m_seed142_l2_20260530_082947.jsonl:366:70e56f054b48676999eb5fab33e66b5c9029fc308eb5107d928270dc2d7cb5b9"",""data/metrics_faithfulness_metrics_PickCube-v1_170m_seed142_l2_20260530_082947.jsonl:367:608a4f738297aadd80d610ddb21d86b472ec75796b8cdf46078537ca1398abe4"",""data/metrics_faithfulness_metrics_PickCube-v1_170m_seed142_l2_20260530_082947.jsonl:368:2547989078f7bc253ca86cfd97d6e92582b37802adf631a475f6cbb0260239e9"",""data/metrics_faithfulness_metrics_PickCube-v1_170m_seed142_l2_20260530_082947.jsonl:369:c8ee45616fe2ea5f7f91fa571fd3ec5deb33cc901d272cb329cd4afece7e93c6"",""data/metrics_faithfulness_metrics_PickCube-v1_170m_seed142_l2_20260530_082947.jsonl:370:eeba3be19af972d7260d288b7235256b86a5f3732bec5ddf7e1be9fd534690c1"",""data/metrics_faithfulness_metrics_PickCube-v1_170m_seed142_l2_20260530_082947.jsonl:371:e98e4f69501ad5a86ac6c386ff4b0f93577bc3aac4402960c428b6112bb4a44a"",""data/metrics_faithfulness_metrics_PickCube-v1_170m_seed142_l2_20260530_082947.jsonl:372:f637b8ddf19ba588020eec61b96ad660d930570860f1002108ba9ca798214d32"",""data/metrics_faithfulness_metrics_PickCube-v1_170m_seed142_l2_20260530_082947.jsonl:373:6e9a95f4db27316e65403b75b81aa0d5a93361bb4fe393ed1d064a0e49ced4ea"",""data/metrics_faithfulness_metrics_PickCube-v1_170m_seed142_l2_20260530_082947.jsonl:374:99f237ee0356ea882e2ac2e9e3829201a0bf0e571e5d18b54f86e787491cf6bf"",""data/metrics_faithfulness_metrics_PickCube-v1_170m_seed142_l2_20260530_082947.jsonl:375:0c538f3be7cde9426ed0d70feca59740d51e1e52aa3b3d9e8172952afb47bb1d""]",0.1493405453149629,-0.07501226943271226,0.0
L2:vision:deletion,L2,vision,deletion,34e9497f5a22e2c604984092ddeefe90b8ae63018bd23041885580ef8fd97952,25,25,0.06392963347522743,"[""data/metrics_faithfulness_metrics_PickCube-v1_170m_seed42_l2_20260530_021658.jsonl:100:a0ffc17ef4bcc5644c6b6961b3af146ea4e4beee8427c37dd6237cbd6d03e42b"",""data/metrics_faithfulness_metrics_PickCube-v1_170m_seed42_l2_20260530_021658.jsonl:76:e0041c1acc94da3c418f7e21aa246260f1ff80ace912d0d2de17e65e8b66cfd0"",""data/metrics_faithfulness_metrics_PickCube-v1_170m_seed42_l2_20260530_021658.jsonl:77:c92f7cd07bc04aa3cd3ecea5b36e854b10f50803d8427f374100d250df4cba0c"",""data/metrics_faithfulness_metrics_PickCube-v1_170m_seed42_l2_20260530_021658.jsonl:78:c15d178780869cbd31f140d8ccd54b654948000b0c5af197a0f4fe03234c9e84"",""data/metrics_faithfulness_metrics_PickCube-v1_170m_seed42_l2_20260530_021658.jsonl:79:e08075e51af5467f89b76151b6c5a0cec2274e1a6d289f62fcfb75ae7be67c1f"",""data/metrics_faithfulness_metrics_PickCube-v1_170m_seed42_l2_20260530_021658.jsonl:80:00a945ad1a83d18eb22877593e4d6671ee4c45d724b4e87ee77f79186574f332"",""data/metrics_faithfulness_metrics_PickCube-v1_170m_seed42_l2_20260530_021658.jsonl:81:32d9b3b4270035f2aeb5686c0fa83ab2793b61e7a3b90a67e678dda14be5262a"",""data/metrics_faithfulness_metrics_PickCube-v1_170m_seed42_l2_20260530_021658.jsonl:82:f71efaec54f5167f0c36b0b4673ff9efae9ee0b23a69285f5e26b783c68420ff"",""data/metrics_faithfulness_metrics_PickCube-v1_170m_seed42_l2_20260530_021658.jsonl:83:146aaf3f31754b329abad77719f44f24bd1ce51b2c86b56fc153e664263c0122"",""data/metrics_faithfulness_metrics_PickCube-v1_170m_seed42_l2_20260530_021658.jsonl:84:de3b698f047b9d702f519ded91e190be3b147c36ef559999c31638c849053ca1"",""data/metrics_faithfulness_metrics_PickCube-v1_170m_seed42_l2_20260530_021658.jsonl:85:8607aaddbfc3fa5a54d2d1b359c1b58016dc484fa0c7a225602d91807f22b37a"",""data/metrics_faithfulness_metrics_PickCube-v1_170m_seed42_l2_20260530_021658.jsonl:86:8b486562b70e47d643436a5e5c0b2239184e66632077c6f6b96ea3761c4f8521"",""data/metrics_faithfulness_metrics_PickCube-v1_170m_seed42_l2_20260530_021658.jsonl:87:6590ea9d1fca933645db9cadf593ba1980cf3072c4dbb6620f5bca7c55aabec7"",""data/metrics_faithfulness_metrics_PickCube-v1_170m_seed42_l2_20260530_021658.jsonl:88:e8678b9770e4cbd2a55246b82eecaf4fc78424912ae1c62896c28d73a40a6c45"",""data/metrics_faithfulness_metrics_PickCube-v1_170m_seed42_l2_20260530_021658.jsonl:89:db4935d9b5d00cfd252d29cf7aa31ffcd3740db81e944933512617f29773ded6"",""data/metrics_faithfulness_metrics_PickCube-v1_170m_seed42_l2_20260530_021658.jsonl:90:2d9086edb980e0b765e185c143a2a73b6cc4b89a04d449a1b24d6a3b9555229b"",""data/metrics_faithfulness_metrics_PickCube-v1_170m_seed42_l2_20260530_021658.jsonl:91:d10da527ddcd6efb8253c489b7c2c6ff2dac8ecd7e3aef40dfc2f81654cb6694"",""data/metrics_faithfulness_metrics_PickCube-v1_170m_seed42_l2_20260530_021658.jsonl:92:230dda46550f1907bfecbb1c85647b8164c4301b4132a7cf3f6c6142528cd27f"",""data/metrics_faithfulness_metrics_PickCube-v1_170m_seed42_l2_20260530_021658.jsonl:93:97bec3a907c3e0b35fc6bbb6cd990e158afb9ac732bc4542431c89184f291209"",""data/metrics_faithfulness_metrics_PickCube-v1_170m_seed42_l2_20260530_021658.jsonl:94:85279a90a246a3f54d09d98f473cc0f0a96b5084d30a2a17c039c144112138cf"",""data/metrics_faithfulness_metrics_PickCube-v1_170m_seed42_l2_20260530_021658.jsonl:95:cbdaba22dc9f0a41d76dccf9a156d369df3efc8decc5240340883e05ce95d729"",""data/metrics_faithfulness_metrics_PickCube-v1_170m_seed42_l2_20260530_021658.jsonl:96:2e5cfabad4c2cc9de4b1b69d0ed047f1f97d2c647f45e6d2fdf023d4a91cd762"",""data/metrics_faithfulness_metrics_PickCube-v1_170m_seed42_l2_20260530_021658.jsonl:97:ea53a8e2b159e0ae274cefc6a1ad1452a2ee4208e5b8e6f942ba6592fed7ad14"",""data/metrics_faithfulness_metrics_PickCube-v1_170m_seed42_l2_20260530_021658.jsonl:98:a6e6745f528a369976b3e62b43109b79901e9af8f613bca9bec74fe1cbce351d"",""data/metrics_faithfulness_metrics_PickCube-v1_170m_seed42_l2_20260530_021658.jsonl:99:10612f64024f2ac9a199dc7de52c30400b0f0042dfb8f0e69d86bfaf8f6ae7ca""]",0.08279373810562589,-0.018864104630398476,0.0
L2:vision:deletion,L2,vision,deletion,4ba52ac14e4d61b81a00c3bd307c25cf9b98541ec2a20ec1e957ccd33792cdd1,25,25,0.1485273647676008,"[""data/metrics_faithfulness_metrics_PickCube-v1_170m_seed42_l2_20260530_021658.jsonl:51:2d6aa8dd976bc36c0c7e1f014fa1535d284f1c6c28adf8111bd2df9119b8269d"",""data/metrics_faithfulness_metrics_PickCube-v1_170m_seed42_l2_20260530_021658.jsonl:52:d218a49704d150aab0ad2bf2bc2e7b9b5e02f65d0907e153f0d043e93e4c81f4"",""data/metrics_faithfulness_metrics_PickCube-v1_170m_seed42_l2_20260530_021658.jsonl:53:4af66d135d5511cac49a255e192c6846241e3eacc41149418b63ea1e2763794d"",""data/metrics_faithfulness_metrics_PickCube-v1_170m_seed42_l2_20260530_021658.jsonl:54:3e7d1ca306f3f50619c5dbe2fb2532fcaef01441212ba0bae0193883dd1cf996"",""data/metrics_faithfulness_metrics_PickCube-v1_170m_seed42_l2_20260530_021658.jsonl:55:d3e37d98a017c4497bd90f1d30e6232372abe4779572d5d468f517194d91b837"",""data/metrics_faithfulness_metrics_PickCube-v1_170m_seed42_l2_20260530_021658.jsonl:56:6a8bbf06aebe01dbba425e185112bc5f56c7cbe7d3c53ac3104936daf241cd40"",""data/metrics_faithfulness_metrics_PickCube-v1_170m_seed42_l2_20260530_021658.jsonl:57:a4c2d527937567abb1c0fae978d9d486bbf397f9310a1a9a7ff607de7d643e0b"",""data/metrics_faithfulness_metrics_PickCube-v1_170m_seed42_l2_20260530_021658.jsonl:58:3a24a089606dcbc47b5184c355e00879dbc48217e287525e03572bb196707501"",""data/metrics_faithfulness_metrics_PickCube-v1_170m_seed42_l2_20260530_021658.jsonl:59:6720ea0748444715056de0dc26ad0b79b952785f24cd3ec259a6537850759ce6"",""data/metrics_faithfulness_metrics_PickCube-v1_170m_seed42_l2_20260530_021658.jsonl:60:1252061e6b8fba22cd3e4e2ee55cf1a7d3148987e6de41b8359148f9c5d44492"",""data/metrics_faithfulness_metrics_PickCube-v1_170m_seed42_l2_20260530_021658.jsonl:61:687225a26f292af7b981e7d42287062a6bd0169b5c67aac77fd7a07ba38f8416"",""data/metrics_faithfulness_metrics_PickCube-v1_170m_seed42_l2_20260530_021658.jsonl:62:5ee01bc5ba94d408adcdd9808aa056098544bcb21c36a525eb3e39dd3f54b165"",""data/metrics_faithfulness_metrics_PickCube-v1_170m_seed42_l2_20260530_021658.jsonl:63:ba84a8531f7a1b4adc38b759e8f9318bc2b2f6bc6406a7181a6bd67c5fe535e4"",""data/metrics_faithfulness_metrics_PickCube-v1_170m_seed42_l2_20260530_021658.jsonl:64:a1986b8d5ae3cb06311c9d25f705fc4cc8d6e4a6981f4d028108dc1fe0da9042"",""data/metrics_faithfulness_metrics_PickCube-v1_170m_seed42_l2_20260530_021658.jsonl:65:2b2e1445718cd87252d64c689f64496f239f0f8e06fc00ae9f307bc5663c16e1"",""data/metrics_faithfulness_metrics_PickCube-v1_170m_seed42_l2_20260530_021658.jsonl:66:a81d5b92422e24c0bbf2e4a7c983f26d0e5139e21f0381205be60c3cc56302dc"",""data/metrics_faithfulness_metrics_PickCube-v1_170m_seed42_l2_20260530_021658.jsonl:67:357c50c823fb5560dcb4ea8b9a173269fbe6043d6ea6893b71db7329ccf06776"",""data/metrics_faithfulness_metrics_PickCube-v1_170m_seed42_l2_20260530_021658.jsonl:68:2b1b9816fa49e21619eb6396b2392150352d068a483f321b4dfb0e1b5ef8485d"",""data/metrics_faithfulness_metrics_PickCube-v1_170m_seed42_l2_20260530_021658.jsonl:69:ffbc7b6313f153954ed80d2506553d2a661a2ca215dae07574f5aecb67f5f9c4"",""data/metrics_faithfulness_metrics_PickCube-v1_170m_seed42_l2_20260530_021658.jsonl:70:a49fb44499b7ea6f11f65d81d783866a5b8cd9fb9c032ce311b518b576475fe9"",""data/metrics_faithfulness_metrics_PickCube-v1_170m_seed42_l2_20260530_021658.jsonl:71:e9082cfcea42a068f7a834ddc022132a527d4b667f1a6e5f104ac607205d0f42"",""data/metrics_faithfulness_metrics_PickCube-v1_170m_seed42_l2_20260530_021658.jsonl:72:63b669f041a080d2bddea053350cb3812a4b70630ffbba6365b5bf79df1b67fc"",""data/metrics_faithfulness_metrics_PickCube-v1_170m_seed42_l2_20260530_021658.jsonl:73:78059126835cc2f9b5e92e97bd745b1e07fa62f1278513a303de771392ebac53"",""data/metrics_faithfulness_metrics_PickCube-v1_170m_seed42_l2_20260530_021658.jsonl:74:45e21f055b220da21a58e850cefd741e79a940ce1dcc16f3773ada0999771df7"",""data/metrics_faithfulness_metrics_PickCube-v1_170m_seed42_l2_20260530_021658.jsonl:75:26d58bcaab385d7f0089954b07aee04d0ab9980cf7a44b6c55d558273b448695""]",0.15837287621132062,-0.009845511443719795,0.0
L2:vision:deletion,L2,vision,deletion,539f3119298ff207540715033c61e05d655d4e23cf832cd7d943ebf2abc9ac5f,25,25,0.17041468516226996,"[""data/metrics_faithfulness_metrics_PickCube-v1_170m_seed42_l2_20260530_021658.jsonl:10:e06785e8156fe7de875f7ba8e16e205f7e2ddcdbed9ea0ab6764f19aed2e2e2a"",""data/metrics_faithfulness_metrics_PickCube-v1_170m_seed42_l2_20260530_021658.jsonl:11:ce3a5dbdc879b83d3999ec75e9561ef418154b36f9d62d39342f9368fbadf3d8"",""data/metrics_faithfulness_metrics_PickCube-v1_170m_seed42_l2_20260530_021658.jsonl:12:c6ea5c3a7f933952fd7ff9268345b893664ce144746951cf8cd666c757620291"",""data/metrics_faithfulness_metrics_PickCube-v1_170m_seed42_l2_20260530_021658.jsonl:13:54b06e3fd39483bf790c2debd2b70ba599082010077061abfe4cd3c6531a73e3"",""data/metrics_faithfulness_metrics_PickCube-v1_170m_seed42_l2_20260530_021658.jsonl:14:9448eeec09dd61c90b66297ceb9b64b4d703e6962d1a030312372212d1b1cfc0"",""data/metrics_faithfulness_metrics_PickCube-v1_170m_seed42_l2_20260530_021658.jsonl:15:db8bd9872cfe625eeb9ab540113fc979a2f4cac0903433ec3c1b505f44d84e43"",""data/metrics_faithfulness_metrics_PickCube-v1_170m_seed42_l2_20260530_021658.jsonl:16:691f1d6eeadd5ebcabc4aa40c56f5dd0e02041586e8762a82754d4b823be3279"",""data/metrics_faithfulness_metrics_PickCube-v1_170m_seed42_l2_20260530_021658.jsonl:17:88bcf1660059094e570b3a5b24e6382467b4813d48077bdc26b93865edc747a5"",""data/metrics_faithfulness_metrics_PickCube-v1_170m_seed42_l2_20260530_021658.jsonl:18:b87960d9b257840b3d36b41fbf8ba44f9b5b18135bde8445580bd008bb6274ce"",""data/metrics_faithfulness_metrics_PickCube-v1_170m_seed42_l2_20260530_021658.jsonl:19:7cee37498d8cbd373be8e5d0fb71ca779f6f75821f34561a05046f183c8507d2"",""data/metrics_faithfulness_metrics_PickCube-v1_170m_seed42_l2_20260530_021658.jsonl:1:d1bf232c67dd259066efcaeb3ffe5a1e7d5a4d8cdd03f89e3999691c7684b118"",""data/metrics_faithfulness_metrics_PickCube-v1_170m_seed42_l2_20260530_021658.jsonl:20:96f954ebdb3da8cc0878bcc4a6a20290549775b5d6abd6b091e4bcf13c0cf501"",""data/metrics_faithfulness_metrics_PickCube-v1_170m_seed42_l2_20260530_021658.jsonl:21:541157b3aaeb3ade0db18adabdb24d87a92c2e4fa44c2f5179194133e0c37fd0"",""data/metrics_faithfulness_metrics_PickCube-v1_170m_seed42_l2_20260530_021658.jsonl:22:0bd81d53a8e5f30832704a0754f8d39d2ef2452aa407c0a8bd651f27c8ec1ed0"",""data/metrics_faithfulness_metrics_PickCube-v1_170m_seed42_l2_20260530_021658.jsonl:23:02e9fe7c30e205f7e17084214913c32f3b4f4323a815f6a476e1eae2fffe9a20"",""data/metrics_faithfulness_metrics_PickCube-v1_170m_seed42_l2_20260530_021658.jsonl:24:e73e857901ccfa625aa1bb37bc919474c853354888a62eb97db2cf210f433a2b"",""data/metrics_faithfulness_metrics_PickCube-v1_170m_seed42_l2_20260530_021658.jsonl:25:28fbcf208d700f7734522af36a4e5577cfff2697e8312b843ac296177f8600cd"",""data/metrics_faithfulness_metrics_PickCube-v1_170m_seed42_l2_20260530_021658.jsonl:2:a6ed57f52b043b34808e273028363936787ecdd44814f66e57eee89b2e1af623"",""data/metrics_faithfulness_metrics_PickCube-v1_170m_seed42_l2_20260530_021658.jsonl:3:5004c716928d2fa01e245736b5f07d1b40d24872f599cddfd73c7809003d48e2"",""data/metrics_faithfulness_metrics_PickCube-v1_170m_seed42_l2_20260530_021658.jsonl:4:4654e1a88ca98e8cc95d3e65e2043635d594fe24dd84b0999f054c9d10c682ae"",""data/metrics_faithfulness_metrics_PickCube-v1_170m_seed42_l2_20260530_021658.jsonl:5:30d9f05a964720c2a60042adcba3edec143f70caebbcedc2ce13ba9c8220cea6"",""data/metrics_faithfulness_metrics_PickCube-v1_170m_seed42_l2_20260530_021658.jsonl:6:d348292df6c1678af6f74b84247204d8bfb6f715ca213d1d76cdea77fb179b52"",""data/metrics_faithfulness_metrics_PickCube-v1_170m_seed42_l2_20260530_021658.jsonl:7:7092a38b144e52b8d4683eeb7cc62a3446a1609b686303ff845202d073dbb470"",""data/metrics_faithfulness_metrics_PickCube-v1_170m_seed42_l2_20260530_021658.jsonl:8:9470a70cd6b8c4ad1d16759db888e08a26a971e10fa3424cca5b69e465df4bfb"",""data/metrics_faithfulness_metrics_PickCube-v1_170m_seed42_l2_20260530_021658.jsonl:9:89f1892e1e024c71d7d49fa7f756167bc4b48340ea3bc625f4bc0ca7eb8cbd6c""]",0.17052067954978664,-0.00010599438751670395,0.0
L2:vision:deletion,L2,vision,deletion,5a2ac6c165766c8a58be74914b2c0ff22d36839045e3383dfef8421e3ec4bbdc,25,25,0.1221869214240115,"[""data/metrics_faithfulness_metrics_PickCube-v1_170m_seed42_l2_20260530_021658.jsonl:151:28dbfd7235f82599f6d1d17be36e113374f09bd1a81bb28c4038347598d5ba92"",""data/metrics_faithfulness_metrics_PickCube-v1_170m_seed42_l2_20260530_021658.jsonl:152:ff6e96c4f798cca8dd4bbee2e8b7e0a6237627cad905b98d526665d8ae2be126"",""data/metrics_faithfulness_metrics_PickCube-v1_170m_seed42_l2_20260530_021658.jsonl:153:ea40c76f7e44c834cb53c37706ccd9c775560c78722d9e834632805b556ba4ae"",""data/metrics_faithfulness_metrics_PickCube-v1_170m_seed42_l2_20260530_021658.jsonl:154:1a56925c3ac476192ad6f70f251516d6500034029403e2860aec95638891e75c"",""data/metrics_faithfulness_metrics_PickCube-v1_170m_seed42_l2_20260530_021658.jsonl:155:0e99458fc71e9533ddc40f50112a92d6118035ae4efc0a7de6ac2b945c002bbb"",""data/metrics_faithfulness_metrics_PickCube-v1_170m_seed42_l2_20260530_021658.jsonl:156:b95824d464a6e8948e2529df2a3d7db9467c9203b471b94a18275ea3d1c27692"",""data/metrics_faithfulness_metrics_PickCube-v1_170m_seed42_l2_20260530_021658.jsonl:157:a1f07b13070c29b29e68046f93cd5a19eeeac94aa2b8abd9e93bd839e5939325"",""data/metrics_faithfulness_metrics_PickCube-v1_170m_seed42_l2_20260530_021658.jsonl:158:5e2d66e4ef7f5eb3f059a743855efb4122a39ed9224aed758dce3fa3abb65bf9"",""data/metrics_faithfulness_metrics_PickCube-v1_170m_seed42_l2_20260530_021658.jsonl:159:0f046e2019061fa7805a37a120f2ecce06f410bad11ad9e47cdc4b5738f51d2c"",""data/metrics_faithfulness_metrics_PickCube-v1_170m_seed42_l2_20260530_021658.jsonl:160:02ecc4b0bd94d8632213f112f753482a45056805d5e9a850a174d8d7417fc582"",""data/metrics_faithfulness_metrics_PickCube-v1_170m_seed42_l2_20260530_021658.jsonl:161:67096b89dde115c2a8464bced67e40d118f23da705d418c9fd1ab6f4d41d0897"",""data/metrics_faithfulness_metrics_PickCube-v1_170m_seed42_l2_20260530_021658.jsonl:162:59464b2af87d4faa8e100d1d69050d4ba597c2b194d856bb46c6a9323742fb03"",""data/metrics_faithfulness_metrics_PickCube-v1_170m_seed42_l2_20260530_021658.jsonl:163:800b8ad17386ee6c8d2c66c4e6450c9f8d696fc3a4bc256a6976cbe8295b8c79"",""data/metrics_faithfulness_metrics_PickCube-v1_170m_seed42_l2_20260530_021658.jsonl:164:cc22f051f2f571c53962a99cb1e400284f1a376998d0c62ad643356cd4dee123"",""data/metrics_faithfulness_metrics_PickCube-v1_170m_seed42_l2_20260530_021658.jsonl:165:9833cb3b1d589211352c062e8b406559c3dfc1f9fae8e410197c1011a31670c3"",""data/metrics_faithfulness_metrics_PickCube-v1_170m_seed42_l2_20260530_021658.jsonl:166:709c7a7fca0806bc1e11dfb6c497be18e082e4aef0073db0dbd882962e82b732"",""data/metrics_faithfulness_metrics_PickCube-v1_170m_seed42_l2_20260530_021658.jsonl:167:8d9f525db668e103e44847b0cf07fbb382f2fdf930042e6efdc0caaf3745a952"",""data/metrics_faithfulness_metrics_PickCube-v1_170m_seed42_l2_20260530_021658.jsonl:168:5e0ece4cc6d6c1740260675f20682e3409e8f1ff6ece569830cc761780d9e26c"",""data/metrics_faithfulness_metrics_PickCube-v1_170m_seed42_l2_20260530_021658.jsonl:169:8ca1713caa979e895369138879f6ebaeea28380122777eefee101d9f186d55a9"",""data/metrics_faithfulness_metrics_PickCube-v1_170m_seed42_l2_20260530_021658.jsonl:170:1e1151564eff2e7536500254865222a0353835032d603bff363eeab81625111b"",""data/metrics_faithfulness_metrics_PickCube-v1_170m_seed42_l2_20260530_021658.jsonl:171:46a26c9b1d8463a0d9982f9eb31ccdb855b8b2ccffdea8be2ba6a2538ee7c23d"",""data/metrics_faithfulness_metrics_PickCube-v1_170m_seed42_l2_20260530_021658.jsonl:172:0340c969d8edd4ee3a6419d8a97430db68a1be47a7e27ebe0defa87aeef3096b"",""data/metrics_faithfulness_metrics_PickCube-v1_170m_seed42_l2_20260530_021658.jsonl:173:2957630721bdf527629298ed5ebf5d95812aa40118c6d1c23f20c2fa4b6a46da"",""data/metrics_faithfulness_metrics_PickCube-v1_170m_seed42_l2_20260530_021658.jsonl:174:93030d4ecd7e6416d6b4ccf6668363f9b9eb5238654685a93c5888144f1e0568"",""data/metrics_faithfulness_metrics_PickCube-v1_170m_seed42_l2_20260530_021658.jsonl:175:aedfdccfade69c43a7999a55073335acc26bc43237c573fb67f333c544835005""]",0.13017404413948744,-0.007987122715475952,0.0
L2:vision:deletion,L2,vision,deletion,5cd75af4d0d0b0ff6a0f09b1c30d94683da19d953843043d77b46b926e5fe5f5,25,25,0.1694246551923704,"[""data/metrics_faithfulness_metrics_PickCube-v1_170m_seed42_l2_20260530_021658.jsonl:226:993db296ebf82602de15a46d1c08d435cea0311ed7f985b52aab6cd998f3730c"",""data/metrics_faithfulness_metrics_PickCube-v1_170m_seed42_l2_20260530_021658.jsonl:227:6d0d04e994b6c238b56ebc01d66968af0fd584acb5df6e0ceb6f675a262b50fb"",""data/metrics_faithfulness_metrics_PickCube-v1_170m_seed42_l2_20260530_021658.jsonl:228:25033239fa6c031eaaeda5b487fed0672348dc901d50757a1c4760683e4a0244"",""data/metrics_faithfulness_metrics_PickCube-v1_170m_seed42_l2_20260530_021658.jsonl:229:ee64ea8e48b40b45b6634b980d88e919d1aae224047216c8a2ef7a4f10f439e4"",""data/metrics_faithfulness_metrics_PickCube-v1_170m_seed42_l2_20260530_021658.jsonl:230:f91c20f433f862d383d83fb7315b1f658506151187c52a0da3ee612589897da2"",""data/metrics_faithfulness_metrics_PickCube-v1_170m_seed42_l2_20260530_021658.jsonl:231:eed68259d140da87e54e596a114c9bf72b5a7ca6b0a91591bf9f60ebf7ee599d"",""data/metrics_faithfulness_metrics_PickCube-v1_170m_seed42_l2_20260530_021658.jsonl:232:2abf2acf12e113052f3218cc4a274991a9663dbd5733f3bac4b0aba21ca190e7"",""data/metrics_faithfulness_metrics_PickCube-v1_170m_seed42_l2_20260530_021658.jsonl:233:dd76907653f0eb21d09a172eecf0cca2fb0fb330b7854bc1a758f06e8452ebe8"",""data/metrics_faithfulness_metrics_PickCube-v1_170m_seed42_l2_20260530_021658.jsonl:234:f70001b3384af5de8a774f37ccb54f8c37639d8df1b59f7e35652ffad4b8c506"",""data/metrics_faithfulness_metrics_PickCube-v1_170m_seed42_l2_20260530_021658.jsonl:235:5b77c47fa0bcb4573096905aa1b64526185242228285f8eea39ac2f309db510d"",""data/metrics_faithfulness_metrics_PickCube-v1_170m_seed42_l2_20260530_021658.jsonl:236:8de83e9715230609671735e961dc97cfc9ce0f258a40881cefa21b1c73ec07c2"",""data/metrics_faithfulness_metrics_PickCube-v1_170m_seed42_l2_20260530_021658.jsonl:237:2df1bb71954cb401a409fec0ee918947c237dc7ef630acf2599916e39cdb5c6f"",""data/metrics_faithfulness_metrics_PickCube-v1_170m_seed42_l2_20260530_021658.jsonl:238:c650d439b52469cfd43c5283154cf1afee28f9f92d49bd1b8e45085569c2b1ad"",""data/metrics_faithfulness_metrics_PickCube-v1_170m_seed42_l2_20260530_021658.jsonl:239:b49cf18e7e7d0ae977a7af0b66fefaabcb0c0e4f03568544e2ca0b0d200f5335"",""data/metrics_faithfulness_metrics_PickCube-v1_170m_seed42_l2_20260530_021658.jsonl:240:359c091bcbd69f3ea03f0b6001f84ed54ca48b82bdb75893fd2f0c2c5b482bc4"",""data/metrics_faithfulness_metrics_PickCube-v1_170m_seed42_l2_20260530_021658.jsonl:241:81ab7d384471eed74593d4f59c1a0db9120aaaee359a8077b1e60ff54de403af"",""data/metrics_faithfulness_metrics_PickCube-v1_170m_seed42_l2_20260530_021658.jsonl:242:1b0778af409fd0481113c619557cf8a2d04de1704caab2d0c381d6a913dbc7ed"",""data/metrics_faithfulness_metrics_PickCube-v1_170m_seed42_l2_20260530_021658.jsonl:243:afcf5405b3dc5f03c260a223dd1c032b009b90e256b3fa38a5c3b26f1ddb5b1c"",""data/metrics_faithfulness_metrics_PickCube-v1_170m_seed42_l2_20260530_021658.jsonl:244:0a0d6c52f28e7055d27d0bf16d1eed90aa67677a5420c684b3d4c936210deb33"",""data/metrics_faithfulness_metrics_PickCube-v1_170m_seed42_l2_20260530_021658.jsonl:245:a84a433adaf3604c3f634e69fc2c1c3b9435fd459dfe0c6a37665c64902dd503"",""data/metrics_faithfulness_metrics_PickCube-v1_170m_seed42_l2_20260530_021658.jsonl:246:d36ec2bfc274b2dfebaa04bc63ebe9fc62aac1973dc40e60873fc5c1326bfbc8"",""data/metrics_faithfulness_metrics_PickCube-v1_170m_seed42_l2_20260530_021658.jsonl:247:72bd3131d7e020ab321b20b7a65e3afea8d4f87ec13954ad639d7c3acf493b45"",""data/metrics_faithfulness_metrics_PickCube-v1_170m_seed42_l2_20260530_021658.jsonl:248:153c408a136f5809d8870095665a288688599ca21ec426aed8d588983887c40e"",""data/metrics_faithfulness_metrics_PickCube-v1_170m_seed42_l2_20260530_021658.jsonl:249:f5dce8df40b634f89fbe715f4bfc580c58bc7915c0b0822398fe5d5024675c55"",""data/metrics_faithfulness_metrics_PickCube-v1_170m_seed42_l2_20260530_021658.jsonl:250:0b29963ea725ee370fde2e24f4ef0d53b029610ba70210fac9804b933c9e0525""]",0.17013616368985815,-0.0007115084974877524,0.0
L2:vision:deletion,L2,vision,deletion,5e8803d8490f1e312b401e429029a07eda3dbca32459452f4b989fda1f73e444,25,25,0.14502437432287935,"[""data/metrics_faithfulness_metrics_PickCube-v1_170m_seed142_l2_20260530_082947.jsonl:201:3fc2c95e8af1d81871b39c9987f1bb0c8f9f2692945e11086141551e78c43a78"",""data/metrics_faithfulness_metrics_PickCube-v1_170m_seed142_l2_20260530_082947.jsonl:202:c8ea7f441ef78504ee7d9bc6e4f7960a459c2dfc0c501a44584c55d1b30b1733"",""data/metrics_faithfulness_metrics_PickCube-v1_170m_seed142_l2_20260530_082947.jsonl:203:2c0de07176b9b67d302accef28f18ba7f3819cccab63710f20f934dbe6e6f15b"",""data/metrics_faithfulness_metrics_PickCube-v1_170m_seed142_l2_20260530_082947.jsonl:204:d4d531c15aaf8034efb091369873556ab76b1dfc12ea696ac2a6f8883c6a33b7"",""data/metrics_faithfulness_metrics_PickCube-v1_170m_seed142_l2_20260530_082947.jsonl:205:f7b9eeeef237cf2ce6109e28548af30b736f8ba08346beda7822e33598feb0eb"",""data/metrics_faithfulness_metrics_PickCube-v1_170m_seed142_l2_20260530_082947.jsonl:206:f3361d71f25385c24f2ba0a7a6474ad8c389ecb32cdedbdbca92a8e1a911a2d9"",""data/metrics_faithfulness_metrics_PickCube-v1_170m_seed142_l2_20260530_082947.jsonl:207:b8cdd40fc8d6176bc3e9f424e6139161804ae0fd70d311b082fc668a3020ac32"",""data/metrics_faithfulness_metrics_PickCube-v1_170m_seed142_l2_20260530_082947.jsonl:208:247a47174c6d2707b6484bb0d11981e62b3430c01ea40044018a8238c8586ca6"",""data/metrics_faithfulness_metrics_PickCube-v1_170m_seed142_l2_20260530_082947.jsonl:209:3390581a77eb96c064a9fc1ca2fbd59232df54ca19801960d294c25a47c02428"",""data/metrics_faithfulness_metrics_PickCube-v1_170m_seed142_l2_20260530_082947.jsonl:210:a2070c87facf76726914d55704778cf6c44f1aca048a99a493e0860c1ffcf96f"",""data/metrics_faithfulness_metrics_PickCube-v1_170m_seed142_l2_20260530_082947.jsonl:211:42f2f1d73eeaa6d6135cb85841656feee6d58df2b6e1b393e2b9d147ddb8f30c"",""data/metrics_faithfulness_metrics_PickCube-v1_170m_seed142_l2_20260530_082947.jsonl:212:529169ff483ce9f4adbf059f11450987975de5ca722e4d89cb2584c787bd7d91"",""data/metrics_faithfulness_metrics_PickCube-v1_170m_seed142_l2_20260530_082947.jsonl:213:f0c368a1ac0ff69922e23da80dbc7c30ba8a1badd3e690044879d9220b392deb"",""data/metrics_faithfulness_metrics_PickCube-v1_170m_seed142_l2_20260530_082947.jsonl:214:97c3f962a9c4cdd21cefc2136b0b9ea7a1e649b042a89d9f75982c11e4d80169"",""data/metrics_faithfulness_metrics_PickCube-v1_170m_seed142_l2_20260530_082947.jsonl:215:9b0f69e1ce4faa116f8115d231848c85fa6c6cf12d67dbb591a9939bc161172a"",""data/metrics_faithfulness_metrics_PickCube-v1_170m_seed142_l2_20260530_082947.jsonl:216:b628c8296f368ec9c59980c6ba7c9e679ea054f3ff77ae83650aad641041d9d6"",""data/metrics_faithfulness_metrics_PickCube-v1_170m_seed142_l2_20260530_082947.jsonl:217:24f0a8b1c73f8ce690492161476bcfd3e84072c497d6a54142bc5e1ba7a38427"",""data/metrics_faithfulness_metrics_PickCube-v1_170m_seed142_l2_20260530_082947.jsonl:218:fc38119eeb4d3da057588a593b9ea7fc8a4a499fdf32d88921e7427b1a18165d"",""data/metrics_faithfulness_metrics_PickCube-v1_170m_seed142_l2_20260530_082947.jsonl:219:765f29c98c890179ed874db81a15cd4f401250b24b1cfa389271f9fe21e7057e"",""data/metrics_faithfulness_metrics_PickCube-v1_170m_seed142_l2_20260530_082947.jsonl:220:a07cce4ffeff3f706b66ebcc7b30b3b51fab2ead7b139ce2d4f9e385d3fbcc63"",""data/metrics_faithfulness_metrics_PickCube-v1_170m_seed142_l2_20260530_082947.jsonl:221:6a7e7763aac09027d9e02f0d75e04e19deaea0ea7d1a2ee282ebccea2ebc1585"",""data/metrics_faithfulness_metrics_PickCube-v1_170m_seed142_l2_20260530_082947.jsonl:222:50e680ad2fc1f971c6a8a89e7ec9c50af42606ae0903f6d1c316a1d672a72d0f"",""data/metrics_faithfulness_metrics_PickCube-v1_170m_seed142_l2_20260530_082947.jsonl:223:65cd57c7971c86f5b6cc70bda9b8ee61e012aa65528f2b54f7e73b70d8dfcb38"",""data/metrics_faithfulness_metrics_PickCube-v1_170m_seed142_l2_20260530_082947.jsonl:224:f05d56af94481af119e4ed881dc35d115ba0157b418849e635568e3d76d83215"",""data/metrics_faithfulness_metrics_PickCube-v1_170m_seed142_l2_20260530_082947.jsonl:225:1525a0ee23137b0dfb17f74e3bf3e8e30873808d6387cdfa1abbfd3439bae2b6""]",0.15593599509663936,-0.010911620773760036,0.0
L2:vision:deletion,L2,vision,deletion,5f23264f00c09f93e3afd102f34c06c654a1d3282d5b630258775374586baa76,25,25,0.1415161422787923,"[""data/metrics_faithfulness_metrics_PickCube-v1_170m_seed42_l2_20260530_021658.jsonl:325:89cefeaceccd1444c8c63faf2e8b62f283961484b8335c198f2c0013b2e6b31e"",""data/metrics_faithfulness_metrics_PickCube-v1_170m_seed42_l2_20260530_021658.jsonl:326:6f6a65ad276f7ce196449c05459f52f37a1d54c00947a5dac7b4c20949e127e1"",""data/metrics_faithfulness_metrics_PickCube-v1_170m_seed42_l2_20260530_021658.jsonl:327:b12f70118a6080e84d7030777a593648b04aa59f79df060b64e171acab514bf3"",""data/metrics_faithfulness_metrics_PickCube-v1_170m_seed42_l2_20260530_021658.jsonl:328:a730e0da28fa56116c7823e075afa4ce02ab16449b738a469ad3c474499ea749"",""data/metrics_faithfulness_metrics_PickCube-v1_170m_seed42_l2_20260530_021658.jsonl:329:6dec0ecb8617a784698fc768f02aa988a07bea7556572ed807a4814e0c54c87c"",""data/metrics_faithfulness_metrics_PickCube-v1_170m_seed42_l2_20260530_021658.jsonl:330:20dfb05b114eaabe5553c035e3b66f9c1f2c28d547ed23fb59ffdc15abcff0ea"",""data/metrics_faithfulness_metrics_PickCube-v1_170m_seed42_l2_20260530_021658.jsonl:331:54d0b35281c2424fcdd0515ad16262cf4f12e25f4668d7313b433ecc6b982d95"",""data/metrics_faithfulness_metrics_PickCube-v1_170m_seed42_l2_20260530_021658.jsonl:332:98defe3995f4d5ffb638bfdd1a4f07a1b36f69b62d3225500885f0b48715f6da"",""data/metrics_faithfulness_metrics_PickCube-v1_170m_seed42_l2_20260530_021658.jsonl:333:b9154ed6056609db964cfa2e78e22cc0b4e9a544da69ebf73ac705eca377e44e"",""data/metrics_faithfulness_metrics_PickCube-v1_170m_seed42_l2_20260530_021658.jsonl:334:538dc8c1c8c52597bd53c8f0c4dd6b9e505a2c819b9c60f787b63a20aa9489f5"",""data/metrics_faithfulness_metrics_PickCube-v1_170m_seed42_l2_20260530_021658.jsonl:335:85799e67f94d5b85660768164791e7bbaabb84a7011aa7f74f2a871769c58717"",""data/metrics_faithfulness_metrics_PickCube-v1_170m_seed42_l2_20260530_021658.jsonl:336:aa8908a44ebcdf92e3af394544971d2b9b7a8266ca1f39a74ca70417c76f637f"",""data/metrics_faithfulness_metrics_PickCube-v1_170m_seed42_l2_20260530_021658.jsonl:337:ff7cdf7dbb22211ed5bbcce66125ad85863850b05e693b9465dac651101eb475"",""data/metrics_faithfulness_metrics_PickCube-v1_170m_seed42_l2_20260530_021658.jsonl:338:a47b452bdfb385e9f8d6d26e18cfa902d628a3dc846fdba41b5f5e3e0884488b"",""data/metrics_faithfulness_metrics_PickCube-v1_170m_seed42_l2_20260530_021658.jsonl:339:c2839f5262e2514c55d2d6c2bf665c3507fdbf616952f6abfa3ef206687f735b"",""data/metrics_faithfulness_metrics_PickCube-v1_170m_seed42_l2_20260530_021658.jsonl:340:2391352864a5965bfdadc05a05950d4cb8d4a9a01f42b79f8d389942c14cd81e"",""data/metrics_faithfulness_metrics_PickCube-v1_170m_seed42_l2_20260530_021658.jsonl:341:11640e06d2a9c4e7fb53ab2f12c8aaac313e0c5050a37a5920614f5042ac6caa"",""data/metrics_faithfulness_metrics_PickCube-v1_170m_seed42_l2_20260530_021658.jsonl:342:ae6baee27618f912f2d9023b5a89d0228117c0453329bc30223c133b621881ee"",""data/metrics_faithfulness_metrics_PickCube-v1_170m_seed42_l2_20260530_021658.jsonl:343:9a3985399d0592568536f5be94be23bf030681756f2cd3fb692cecf4a1269354"",""data/metrics_faithfulness_metrics_PickCube-v1_170m_seed42_l2_20260530_021658.jsonl:344:1e773b7384aa94574ae3298b538097a4484c75c75e8a6c250f39ad3da20d2f02"",""data/metrics_faithfulness_metrics_PickCube-v1_170m_seed42_l2_20260530_021658.jsonl:345:beea8dc6e2b76444af24c84020ed2ace336f86b7e9343dc13b34cd0f2e756d78"",""data/metrics_faithfulness_metrics_PickCube-v1_170m_seed42_l2_20260530_021658.jsonl:346:375b86256521d582629e8b5028fccf063110b77e2c71c1c6e26725672af7838d"",""data/metrics_faithfulness_metrics_PickCube-v1_170m_seed42_l2_20260530_021658.jsonl:347:b1fae0bedae4fbd9232bea5f4b6a21684dcd867d0e90a54996bc70e11ce03a01"",""data/metrics_faithfulness_metrics_PickCube-v1_170m_seed42_l2_20260530_021658.jsonl:348:2c0e3347a0613e33f1f20b504d7deaf78f463dba6d0cfe4f15667390706e0057"",""data/metrics_faithfulness_metrics_PickCube-v1_170m_seed42_l2_20260530_021658.jsonl:349:6995242c44f5771584c87ae025982310f56edb61a96c449c196315105bce33bc""]",0.1523008888752084,-0.010784746596416116,0.0
L2:vision:deletion,L2,vision,deletion,7c1a40c6fafe6887a9becfd639acdd8a866b011f8515de954bacd88580805623,25,25,0.14099861373532568,"[""data/metrics_faithfulness_metrics_PickCube-v1_170m_seed42_l2_20260530_021658.jsonl:101:cd438d3b54f8bfe3088fb97aeca056ce7d0fd733d4bda2bce4de85f2beb75edf"",""data/metrics_faithfulness_metrics_PickCube-v1_170m_seed42_l2_20260530_021658.jsonl:102:e3467fd17149d440eb6f7ab7a0bae570c44b2a06b995bb363a9e9b2453edf227"",""data/metrics_faithfulness_metrics_PickCube-v1_170m_seed42_l2_20260530_021658.jsonl:103:4ca144e8152cab8fed6dc7781805de6d5e3e606dd0753b33edf993b3b828113e"",""data/metrics_faithfulness_metrics_PickCube-v1_170m_seed42_l2_20260530_021658.jsonl:104:9cd6ae42c20e11be8da18e6d51309ae763f168964e60c30ccd59e38fe326a089"",""data/metrics_faithfulness_metrics_PickCube-v1_170m_seed42_l2_20260530_021658.jsonl:105:b25dfd486d494bcc70f8907e0617a09b2ef8cc437c5f3dd1fdd4eed8dd56deb2"",""data/metrics_faithfulness_metrics_PickCube-v1_170m_seed42_l2_20260530_021658.jsonl:106:e3943f926bbfe20e4aa43008968d2a2c3a4e823920c2c70ab217f93db142dae4"",""data/metrics_faithfulness_metrics_PickCube-v1_170m_seed42_l2_20260530_021658.jsonl:107:79a6109984251a8f8bde0568c298b2b5a3f4f8edfb9f60dd1004a4be7854c513"",""data/metrics_faithfulness_metrics_PickCube-v1_170m_seed42_l2_20260530_021658.jsonl:108:6035ac7ed9d9fc28a0b1d960f2723b4312f9d1a93952b862e7024272fc5ba6ae"",""data/metrics_faithfulness_metrics_PickCube-v1_170m_seed42_l2_20260530_021658.jsonl:109:6603ff7e24f116490c790329250b7e5bd9ad9da5a6c9c4fb1e313261cac7ac8c"",""data/metrics_faithfulness_metrics_PickCube-v1_170m_seed42_l2_20260530_021658.jsonl:110:e046ade9c3ea4cda6595e984563eb74190213b44db615eb02499e5f08a686ce6"",""data/metrics_faithfulness_metrics_PickCube-v1_170m_seed42_l2_20260530_021658.jsonl:111:7a0cd18892cbffdf941fbc3f8bd82df5820f90329f80ee20506aa7b41048b5ec"",""data/metrics_faithfulness_metrics_PickCube-v1_170m_seed42_l2_20260530_021658.jsonl:112:b223c11ba490d7fd381782620887b100e523c6cdecf5b90f4b31c3b1a766f2d6"",""data/metrics_faithfulness_metrics_PickCube-v1_170m_seed42_l2_20260530_021658.jsonl:113:250a2397421a3fc520ecd6ca1f38f320e82259436fb5d861f15e4ad5d696d3e5"",""data/metrics_faithfulness_metrics_PickCube-v1_170m_seed42_l2_20260530_021658.jsonl:114:90b1ba24ca9b786dc89c878e7e85a6f40ae96e65c1f43161fdac8d5584105cec"",""data/metrics_faithfulness_metrics_PickCube-v1_170m_seed42_l2_20260530_021658.jsonl:115:d380e140dda9cc3c12086e47f9529808e77bb99a415dea4a243e13bc3004795b"",""data/metrics_faithfulness_metrics_PickCube-v1_170m_seed42_l2_20260530_021658.jsonl:116:b4731429d924d850f7d17bcfea3e88619fb946b31772022dcc7d357a29d7cd96"",""data/metrics_faithfulness_metrics_PickCube-v1_170m_seed42_l2_20260530_021658.jsonl:117:28dedf64c45a9c5f6cbd90e828030ff1032bfe9ecbb1906cce28dc1bdeca1feb"",""data/metrics_faithfulness_metrics_PickCube-v1_170m_seed42_l2_20260530_021658.jsonl:118:5c1b1d97f9a33878ab8bbf36c4a0daf2bcf2d6a8846bc5489cb3fa6f0e930423"",""data/metrics_faithfulness_metrics_PickCube-v1_170m_seed42_l2_20260530_021658.jsonl:119:64e5394de505da378f563f678cc9a041284b859c5395f46fa43f239dbba01ae0"",""data/metrics_faithfulness_metrics_PickCube-v1_170m_seed42_l2_20260530_021658.jsonl:120:b465e0654a35a866147a372b97f6561572410a06f30ab118df6170608c6b3acc"",""data/metrics_faithfulness_metrics_PickCube-v1_170m_seed42_l2_20260530_021658.jsonl:121:2205795e8db98bfd1d1348b6dc7c5d9554642c21c0d348aa324832f4f6d65ef0"",""data/metrics_faithfulness_metrics_PickCube-v1_170m_seed42_l2_20260530_021658.jsonl:122:9117c8532e715e08ba128c5db9b13abdf1c9d3d890d6c1cb19c13e0d027aff17"",""data/metrics_faithfulness_metrics_PickCube-v1_170m_seed42_l2_20260530_021658.jsonl:123:2d97a8464d9200eca913dbedb571b1d5e5dadbc64e99a9ae10f806b077981256"",""data/metrics_faithfulness_metrics_PickCube-v1_170m_seed42_l2_20260530_021658.jsonl:124:4da425166a01ecae678f2634848866e9559c1d1ecb80a4305d5dd6f0f9d9a651"",""data/metrics_faithfulness_metrics_PickCube-v1_170m_seed42_l2_20260530_021658.jsonl:125:4f3f6a76efc42f8802a9f7fb6f634ba9e7a8d63583c515eed270dc5f71438cad""]",0.15533629453203532,-0.014337680796709641,0.0
L2:vision:deletion,L2,vision,deletion,7e557df621ee9211cea34d332f6b011cfd1a9c35c029e843b0bde6035434f6f5,25,25,0.12308930418817812,"[""data/metrics_faithfulness_metrics_PickCube-v1_170m_seed142_l2_20260530_082947.jsonl:51:05b24f14d6e00625cf2edfad36dc284d63b71083bd8899d6871dd11bcf7c00e2"",""data/metrics_faithfulness_metrics_PickCube-v1_170m_seed142_l2_20260530_082947.jsonl:52:7896e38a4e491803f862017872ab533eba404fd5a959247e56b28276df68fa79"",""data/metrics_faithfulness_metrics_PickCube-v1_170m_seed142_l2_20260530_082947.jsonl:53:76de0191a4a11bdd721e3a0944d3db997047ae8ba5c2c70e1d680d39f44a4b8d"",""data/metrics_faithfulness_metrics_PickCube-v1_170m_seed142_l2_20260530_082947.jsonl:54:a0607a46dad7c92f803a5a23617408adfcd26310eedf9637c7f8871a69df79ad"",""data/metrics_faithfulness_metrics_PickCube-v1_170m_seed142_l2_20260530_082947.jsonl:55:0acabc9de54955d7fbfa69bfd4787a9a3fb0239b07e52ea4e9fc320b780eb891"",""data/metrics_faithfulness_metrics_PickCube-v1_170m_seed142_l2_20260530_082947.jsonl:56:584f9a2e42fbd1477ccfed3b50ea04847b18623114f9fb06e8bce2b3f7cd4307"",""data/metrics_faithfulness_metrics_PickCube-v1_170m_seed142_l2_20260530_082947.jsonl:57:2db32091931e19aeecec5ae075332d9297aa1eaed866cdc979e76b1ad1c0d4f6"",""data/metrics_faithfulness_metrics_PickCube-v1_170m_seed142_l2_20260530_082947.jsonl:58:ee48cda0973eb9a2b996bda564f7d3af6d88dde2c90fe70803ea20517690f3aa"",""data/metrics_faithfulness_metrics_PickCube-v1_170m_seed142_l2_20260530_082947.jsonl:59:1e03744edfa13fda0932f237b32410d6bc18136996c2fd78012da57db644ff9c"",""data/metrics_faithfulness_metrics_PickCube-v1_170m_seed142_l2_20260530_082947.jsonl:60:37ac96bb25ef8beb0d17ea262111e633a7241a5575a23f659fdc8d0d91f985a8"",""data/metrics_faithfulness_metrics_PickCube-v1_170m_seed142_l2_20260530_082947.jsonl:61:1f9baf3a93cdf6447ef6f9de3d05f49db220b31fd431d5918032ebdb2470bdc2"",""data/metrics_faithfulness_metrics_PickCube-v1_170m_seed142_l2_20260530_082947.jsonl:62:3176b55d0b511fbc6a88649bc7bfd0e72c0eca01a7fe4ece61a9c233fd16be9e"",""data/metrics_faithfulness_metrics_PickCube-v1_170m_seed142_l2_20260530_082947.jsonl:63:50f72a290efad3b36adcce121b70eb550636e674c1ef370f627a38ef30afd248"",""data/metrics_faithfulness_metrics_PickCube-v1_170m_seed142_l2_20260530_082947.jsonl:64:a1c596ada20dce6d578d6ddf995a88479cdf5d68167c06de3765f8db394365c3"",""data/metrics_faithfulness_metrics_PickCube-v1_170m_seed142_l2_20260530_082947.jsonl:65:73e7398db2e353ce9ecbfaf057acbfcab61e52cf4fac6328f8020cdf9304638f"",""data/metrics_faithfulness_metrics_PickCube-v1_170m_seed142_l2_20260530_082947.jsonl:66:17669e2eb186068b8c341e1b7df378a3796df8ad0b36be4c405f75aa058a1580"",""data/metrics_faithfulness_metrics_PickCube-v1_170m_seed142_l2_20260530_082947.jsonl:67:9a0ae782d46df5e79b6dba6292559f50a3ed5e5b7a1ad282060b2c5621793f18"",""data/metrics_faithfulness_metrics_PickCube-v1_170m_seed142_l2_20260530_082947.jsonl:68:cf9de122207c987a9793e5cfc60abbe08911859844bc441e144f344d70c5b48f"",""data/metrics_faithfulness_metrics_PickCube-v1_170m_seed142_l2_20260530_082947.jsonl:69:8b9681300f993f87f6bf52d693b20ee3ed79e046c32e983bc65d5ee15cab11eb"",""data/metrics_faithfulness_metrics_PickCube-v1_170m_seed142_l2_20260530_082947.jsonl:70:b3f8b4f5b7535df82b5e03949b30c4648064f80dff9f29c79fab18f14bf4d744"",""data/metrics_faithfulness_metrics_PickCube-v1_170m_seed142_l2_20260530_082947.jsonl:71:da2fceedb6d11303d34560ef9031801b68d84b53921dec830dc3db2bf82a897a"",""data/metrics_faithfulness_metrics_PickCube-v1_170m_seed142_l2_20260530_082947.jsonl:72:3f7eb4896227250317d1e215c65336a6af6136ccd3a2d3d1db2a7320c62e3f6f"",""data/metrics_faithfulness_metrics_PickCube-v1_170m_seed142_l2_20260530_082947.jsonl:73:40064e72918c6231407bb7ca1acba815e433042ad7b1cd3a094a9dac07ee6402"",""data/metrics_faithfulness_metrics_PickCube-v1_170m_seed142_l2_20260530_082947.jsonl:74:38cea5776ab0551b670683ee5c1044de5743a11155b9f0b7d98fd1711e7d89ce"",""data/metrics_faithfulness_metrics_PickCube-v1_170m_seed142_l2_20260530_082947.jsonl:75:79a42648e54343c81c12932460c8ae1d4ee25a640edc2a8592dd95efccca583e""]",0.13453394633571933,-0.011444642147541196,0.0
L2:vision:deletion,L2,vision,deletion,87b7692725b550f12f1f576abf954a5096cb3bfaf3a356d6e2fce998954d0e33,25,25,0.11663942911110721,"[""data/metrics_faithfulness_metrics_PickCube-v1_170m_seed42_l2_20260530_021658.jsonl:375:979956e2718fc3072cac2b0eb24375b431a49966e90d426c7c6a981dacba95e8"",""data/metrics_faithfulness_metrics_PickCube-v1_170m_seed42_l2_20260530_021658.jsonl:376:230af82e12c364f5079d0c282be1fc5410a4ea17da7d2c1a83ec599220eb97e5"",""data/metrics_faithfulness_metrics_PickCube-v1_170m_seed42_l2_20260530_021658.jsonl:377:4aff9e9f9413325c1f8d5bde6a8a3480753742599937fd6ea3701c08f564898d"",""data/metrics_faithfulness_metrics_PickCube-v1_170m_seed42_l2_20260530_021658.jsonl:378:a60ea1c8eb376e649c59d419ac5c05aa814399d2241afc38993266ce9ebdc17b"",""data/metrics_faithfulness_metrics_PickCube-v1_170m_seed42_l2_20260530_021658.jsonl:379:37ba74168146f967afa0f1d5b5f8448f590c8ff60e3d1ee070849ea129e8b916"",""data/metrics_faithfulness_metrics_PickCube-v1_170m_seed42_l2_20260530_021658.jsonl:380:8713aded612b58730a1fa5b9831f1af27e765038e12eb67c5a27d7e726520851"",""data/metrics_faithfulness_metrics_PickCube-v1_170m_seed42_l2_20260530_021658.jsonl:381:41d16d04f5d2fd923c6e7a05df1af472ebedf329b23582878492c15d297c3338"",""data/metrics_faithfulness_metrics_PickCube-v1_170m_seed42_l2_20260530_021658.jsonl:382:ee698df1e6a7732e1499adb47d34a85b230741648ed70cfc13b48492c14fd8af"",""data/metrics_faithfulness_metrics_PickCube-v1_170m_seed42_l2_20260530_021658.jsonl:383:33992e6af55a1bbaf66f566e8b995be6fba219e7aeb8ab5e7cdde1a4dd894b13"",""data/metrics_faithfulness_metrics_PickCube-v1_170m_seed42_l2_20260530_021658.jsonl:384:f9d5ea347bfeb927f0c8c95648b906a5b0bfb6f3f8da53982d5088b21765b640"",""data/metrics_faithfulness_metrics_PickCube-v1_170m_seed42_l2_20260530_021658.jsonl:385:0b085c1e6d5792fecb7a865a7919ae0f7656e452255ab0f1dbe82ca5a1967ce3"",""data/metrics_faithfulness_metrics_PickCube-v1_170m_seed42_l2_20260530_021658.jsonl:386:870360851ec41f783a0302e7715c6cefc68d2a2ec46cba1d5b64008427df148b"",""data/metrics_faithfulness_metrics_PickCube-v1_170m_seed42_l2_20260530_021658.jsonl:387:dbfa1908f5a078853ebbfacc2225aa285903b9b01f4a897b4d959763068df330"",""data/metrics_faithfulness_metrics_PickCube-v1_170m_seed42_l2_20260530_021658.jsonl:388:f4d888720390cdfde49ffecf158980a24f58237850173f9fd3fdff6958cac6de"",""data/metrics_faithfulness_metrics_PickCube-v1_170m_seed42_l2_20260530_021658.jsonl:389:73f2ed9b36824eb21390a33617aa4fc10c6c09836d0821f7db906abab05f2ae3"",""data/metrics_faithfulness_metrics_PickCube-v1_170m_seed42_l2_20260530_021658.jsonl:390:86052c7794d424adf49aa11b5327c1f9cbc2bd3f2265405694aeaf9b3ed11f6f"",""data/metrics_faithfulness_metrics_PickCube-v1_170m_seed42_l2_20260530_021658.jsonl:391:cb03022135f741e059cea9a301b984876f5a5a3d7a5aa334fdf17d748e76f447"",""data/metrics_faithfulness_metrics_PickCube-v1_170m_seed42_l2_20260530_021658.jsonl:392:bb4613188aae887b345d5456f4b98faf84209b1748fb3c3ace899fb99e983d0a"",""data/metrics_faithfulness_metrics_PickCube-v1_170m_seed42_l2_20260530_021658.jsonl:393:0d13d9f2ba5641859f1529a39b0f62fb1154bce7cedbc51d0dce0df6edb3d611"",""data/metrics_faithfulness_metrics_PickCube-v1_170m_seed42_l2_20260530_021658.jsonl:394:8c76f255d70f59e32175ea388f253e69cf6495be94e2df35a370225ec41db44e"",""data/metrics_faithfulness_metrics_PickCube-v1_170m_seed42_l2_20260530_021658.jsonl:395:da00be7c19f639b8b940898fa79563af0565c2f55eb043cec3dfdd3a76752f0b"",""data/metrics_faithfulness_metrics_PickCube-v1_170m_seed42_l2_20260530_021658.jsonl:396:fd7c25fd576c7c8abbd5e4e81e2d744bcf546e7cedbf7e75073be1630530694a"",""data/metrics_faithfulness_metrics_PickCube-v1_170m_seed42_l2_20260530_021658.jsonl:397:f4fc6342f38e82755f2cd3b013c74ef9172ba046f3a4788e7cd8f3eb0a594f98"",""data/metrics_faithfulness_metrics_PickCube-v1_170m_seed42_l2_20260530_021658.jsonl:398:3a58cfed073724fb7db82ba3fd870f949f0d9f20b6030bf52505dfe9606cd4d6"",""data/metrics_faithfulness_metrics_PickCube-v1_170m_seed42_l2_20260530_021658.jsonl:399:04042ae05a4a60d88d5a704eacd40053cbb71d804aad3df6842896dbbfad4850""]",0.11681328026484014,-0.00017385115373292918,0.0
L2:vision:deletion,L2,vision,deletion,889812fac5a22c6142ca8ae49fb39d5545e72a080e19891eb6e51ff5fbbd598b,25,25,0.15448895735894672,"[""data/metrics_faithfulness_metrics_PickCube-v1_170m_seed142_l2_20260530_082947.jsonl:10:6753847dc0d0f44ed129bdb66d9304513ea4d474e71396cdb61553b786d5d08f"",""data/metrics_faithfulness_metrics_PickCube-v1_170m_seed142_l2_20260530_082947.jsonl:11:c28d50696b8897b65c0fe6c61db660c95b7f3d05c2ab3f088f24531e48921de1"",""data/metrics_faithfulness_metrics_PickCube-v1_170m_seed142_l2_20260530_082947.jsonl:12:a3b1740dd3b9dbd44b287897e7056e00e4c1a21f5ce88b342782e0b39cfea9be"",""data/metrics_faithfulness_metrics_PickCube-v1_170m_seed142_l2_20260530_082947.jsonl:13:63635432a165cf24fb947e444a35180410d7b5d8cf8145811ecea15ca0f23dbf"",""data/metrics_faithfulness_metrics_PickCube-v1_170m_seed142_l2_20260530_082947.jsonl:14:ada42c810126ed4d80ab5b190151e8facf8b7c022d67d543e0929787e96304f2"",""data/metrics_faithfulness_metrics_PickCube-v1_170m_seed142_l2_20260530_082947.jsonl:15:ebf724bb617e97a4067bf74b9963cf0cd6cd9baa14dd4b616e018ce589c1c6b7"",""data/metrics_faithfulness_metrics_PickCube-v1_170m_seed142_l2_20260530_082947.jsonl:16:e265f4a51dd04d55cd7ca4650b2e64994b3bdf779757d04138c3820a944986a0"",""data/metrics_faithfulness_metrics_PickCube-v1_170m_seed142_l2_20260530_082947.jsonl:17:071a34d81b383c5e771c40c06dbb55ec2f11fd3eddbeea909afe13ec53e876e5"",""data/metrics_faithfulness_metrics_PickCube-v1_170m_seed142_l2_20260530_082947.jsonl:18:1efa4ada596af214a9e09c9ce1401af7b3a2ecee44f4c99c4ff818ce562166df"",""data/metrics_faithfulness_metrics_PickCube-v1_170m_seed142_l2_20260530_082947.jsonl:19:82650e985656eeb181f7825a84c35ea6364c75e741fbad32394377e7440324fb"",""data/metrics_faithfulness_metrics_PickCube-v1_170m_seed142_l2_20260530_082947.jsonl:1:4c9f3fa3e2c116ee9288810bc18f0272bf3466665d57cf0860d7adae056fcba9"",""data/metrics_faithfulness_metrics_PickCube-v1_170m_seed142_l2_20260530_082947.jsonl:20:f3d694f8df1fcd98ad22ba1e7d60212cb4b7ebfbe76f58e3d84351a40f1c5130"",""data/metrics_faithfulness_metrics_PickCube-v1_170m_seed142_l2_20260530_082947.jsonl:21:323654ba73e7f071c02801970ad40d4edfaf0997d0a41d9cb152159e6f77fe04"",""data/metrics_faithfulness_metrics_PickCube-v1_170m_seed142_l2_20260530_082947.jsonl:22:6c4abd1ee0e73606572d726a76c257cc073a0388b3e50d00952be5c0eb09ddc9"",""data/metrics_faithfulness_metrics_PickCube-v1_170m_seed142_l2_20260530_082947.jsonl:23:28664978f110c4a11c70526a9eb8d2eebeaa22119145cf49c67236c4261f6526"",""data/metrics_faithfulness_metrics_PickCube-v1_170m_seed142_l2_20260530_082947.jsonl:24:e3533d10423d1a67e18d5ab3902821e4cec8cca124c9a7163ef2f4711b107e4e"",""data/metrics_faithfulness_metrics_PickCube-v1_170m_seed142_l2_20260530_082947.jsonl:25:caf99d25554e74bff613cb725a074d0766c1da4687ae4416842d89dc026388e9"",""data/metrics_faithfulness_metrics_PickCube-v1_170m_seed142_l2_20260530_082947.jsonl:2:427bb8a6111bad34c96ed02fcb721a44dbe3f958de2b5805e3295bc681717ea7"",""data/metrics_faithfulness_metrics_PickCube-v1_170m_seed142_l2_20260530_082947.jsonl:3:8ca635b44d0de41b1f81923e0a18b36fed5cd518d4f7b566ce63a4db28a98f18"",""data/metrics_faithfulness_metrics_PickCube-v1_170m_seed142_l2_20260530_082947.jsonl:4:84453318e8466e0be5226d42e5dbf0f23b9fa9812101d2503c02ba14d33182fd"",""data/metrics_faithfulness_metrics_PickCube-v1_170m_seed142_l2_20260530_082947.jsonl:5:24ced3e2360a54f32763268220d6cd4c43913c1398828047e39519c16d33b60a"",""data/metrics_faithfulness_metrics_PickCube-v1_170m_seed142_l2_20260530_082947.jsonl:6:3f1ef82e512c3f1a80f48950703e6c2ff4dec6e357c0a04137cf73c86f09cc28"",""data/metrics_faithfulness_metrics_PickCube-v1_170m_seed142_l2_20260530_082947.jsonl:7:feab0cbdb786350bc09325da582e87d6d72f4d09152a2cce54073732b694d9a2"",""data/metrics_faithfulness_metrics_PickCube-v1_170m_seed142_l2_20260530_082947.jsonl:8:2eeb1a86e7cf21c216ede8ea6581b5e222b21c0be7a60e193545f633ab1b7f64"",""data/metrics_faithfulness_metrics_PickCube-v1_170m_seed142_l2_20260530_082947.jsonl:9:f2f188477ed851dd61298b84bd2c6afea07279a8bf7225b8c0b58a46f7e399fb""]",0.15504408951182827,-0.0005551321528815401,0.0
L2:vision:deletion,L2,vision,deletion,9fecf6201925247a12d653e3e1a2f2733ea3d7ecff78193743b7b89203299b2e,25,25,0.1167022691956824,"[""data/metrics_faithfulness_metrics_PickCube-v1_170m_seed142_l2_20260530_082947.jsonl:226:8e8bbb757c2ad78cd964c94078ffbc6031b8d9b96340a6055c320772eab5b499"",""data/metrics_faithfulness_metrics_PickCube-v1_170m_seed142_l2_20260530_082947.jsonl:227:d5cba5b599683c7e7408f0119aad1a98502b5f0183b781368ef5c7acaf8c27d6"",""data/metrics_faithfulness_metrics_PickCube-v1_170m_seed142_l2_20260530_082947.jsonl:228:79f17f07b5b8b15768842bc20d54198c5cb7ceac19b51c637f7e0fc8ccc6122e"",""data/metrics_faithfulness_metrics_PickCube-v1_170m_seed142_l2_20260530_082947.jsonl:229:599c554b1f9a2024eed50e16dd86243e217fcd576b4abc3142ed19c27b4eef27"",""data/metrics_faithfulness_metrics_PickCube-v1_170m_seed142_l2_20260530_082947.jsonl:230:a6e5c721172c8aafd768f12557103897a77ecd908b9fe5b23c038d92453441fe"",""data/metrics_faithfulness_metrics_PickCube-v1_170m_seed142_l2_20260530_082947.jsonl:231:3e5e0bdf12a57135bd4998f499fcdd1e5cc5c57fac9657a730e5459d69d6d612"",""data/metrics_faithfulness_metrics_PickCube-v1_170m_seed142_l2_20260530_082947.jsonl:232:b400d05f13c5b44e6bdfaee66c16067af1d3fc913de08fd7bca9da0b0683334f"",""data/metrics_faithfulness_metrics_PickCube-v1_170m_seed142_l2_20260530_082947.jsonl:233:44711776c27b6c0d0a430f7a5ed96fdf4a3104d23468560fdd390beb0f1a7d71"",""data/metrics_faithfulness_metrics_PickCube-v1_170m_seed142_l2_20260530_082947.jsonl:234:220531c9346c289a61ad4353e2933ed81f6624bb2aab9be5d2866698e46181a4"",""data/metrics_faithfulness_metrics_PickCube-v1_170m_seed142_l2_20260530_082947.jsonl:235:e0980c5cd7b0236aa6488fe2be1d9b87fa7e6e7b64ba9a297c6e08ad6abd7eae"",""data/metrics_faithfulness_metrics_PickCube-v1_170m_seed142_l2_20260530_082947.jsonl:236:6bffac65216ef784328b8159922a2b5a2357ff5bdbea9832e60978a18e90e3f4"",""data/metrics_faithfulness_metrics_PickCube-v1_170m_seed142_l2_20260530_082947.jsonl:237:aa47f2897b25a247a0094840b2da1e1de507f02f7aeacaa6ca093bc3544f7da2"",""data/metrics_faithfulness_metrics_PickCube-v1_170m_seed142_l2_20260530_082947.jsonl:238:f866b10ae8dbd19a93438b6bfb5b15536159ffd8c8f2bc46b8dacaf75c638582"",""data/metrics_faithfulness_metrics_PickCube-v1_170m_seed142_l2_20260530_082947.jsonl:239:5abe635717302a28b5d6ca22802454cb894e63e10ff54bbaedc8474063dd31c9"",""data/metrics_faithfulness_metrics_PickCube-v1_170m_seed142_l2_20260530_082947.jsonl:240:abbbba6611b4aab84b9dfa572f8ae999cce4b6d45b4c2e236f8198cd416f42fd"",""data/metrics_faithfulness_metrics_PickCube-v1_170m_seed142_l2_20260530_082947.jsonl:241:1e58f3cfa6c5cf15a3afdd68a9b4d9eb5448c25925601b2d12f0ba769599227f"",""data/metrics_faithfulness_metrics_PickCube-v1_170m_seed142_l2_20260530_082947.jsonl:242:21f76d5fece73f23fa8bf4dad1860dcd1d85b723ec02d82c80e95f3b5846233c"",""data/metrics_faithfulness_metrics_PickCube-v1_170m_seed142_l2_20260530_082947.jsonl:243:50423558ecdd1919f14c4d3301e8b1edb9b119bc03f35c60bfe8e1c5f3fdbcce"",""data/metrics_faithfulness_metrics_PickCube-v1_170m_seed142_l2_20260530_082947.jsonl:244:5fbd41eb44a095efb234a71c44d12ea6fa1e30e59eccd1919ee5565b33f2e04d"",""data/metrics_faithfulness_metrics_PickCube-v1_170m_seed142_l2_20260530_082947.jsonl:245:9aa6a3b9f564bfe1b1acfeec18cbe74251a4980cf1f889f324e26d0815b5a356"",""data/metrics_faithfulness_metrics_PickCube-v1_170m_seed142_l2_20260530_082947.jsonl:246:a164d6db952e4bc2ebd09c6b2933baa7d7e7269ff8f707e33576b1adb70b6e67"",""data/metrics_faithfulness_metrics_PickCube-v1_170m_seed142_l2_20260530_082947.jsonl:247:1d72b815229dba904bf1a4bc3fe480fd96384b7bc05f2e375787c97577923b6c"",""data/metrics_faithfulness_metrics_PickCube-v1_170m_seed142_l2_20260530_082947.jsonl:248:d89c9fb04cf1c2a288191ab8b6c2c1dad7e49ea569e777a699b7567a00c0ca51"",""data/metrics_faithfulness_metrics_PickCube-v1_170m_seed142_l2_20260530_082947.jsonl:249:e197d5cbbb3453283488d081b35eef4757c3f779989aa4609b4030666a0ab4a5"",""data/metrics_faithfulness_metrics_PickCube-v1_170m_seed142_l2_20260530_082947.jsonl:250:93f33c254c2e7f42ed6c35fc36c954199ee75f9fc8246b0d19fc79b185d5203d""]",0.12854336611073314,-0.011841096915050727,0.0
L2:vision:deletion,L2,vision,deletion,bc55e90f1455903ad5834ec909c76df43ac8ebebc4c86eca12aacd2451d6c45a,25,25,0.1489458597115393,"[""data/metrics_faithfulness_metrics_PickCube-v1_170m_seed42_l2_20260530_021658.jsonl:176:96f06aaa4b14616f7d7c9ac3b55bb2fc81172b8c634467a739cdefede6229f0f"",""data/metrics_faithfulness_metrics_PickCube-v1_170m_seed42_l2_20260530_021658.jsonl:177:99e3ca80e092fbe3261f7b56f686a5b3593412cfd8100bdc5120fe3a35345003"",""data/metrics_faithfulness_metrics_PickCube-v1_170m_seed42_l2_20260530_021658.jsonl:178:945e5bdb403769075a09a4a20bb93401288f680bca2c85ff415b82fbca3a9409"",""data/metrics_faithfulness_metrics_PickCube-v1_170m_seed42_l2_20260530_021658.jsonl:179:c18cd4f3de55a8cd1cc00d629bc9367f15cec4cc7e6f0df91ac1cb3dab32101e"",""data/metrics_faithfulness_metrics_PickCube-v1_170m_seed42_l2_20260530_021658.jsonl:180:490945cc1622a93cb6d5fe97c2bce6b6e3f0a294bf7f26dd1c1d9c003b19e869"",""data/metrics_faithfulness_metrics_PickCube-v1_170m_seed42_l2_20260530_021658.jsonl:181:03edb4b8c09f51f85f36d8cf9150696f4ee0fea9de8adab1d8974b7bd36436e7"",""data/metrics_faithfulness_metrics_PickCube-v1_170m_seed42_l2_20260530_021658.jsonl:182:074361779a997f10fc62480a95d43df60da926612a00398b14677e35cd9631e8"",""data/metrics_faithfulness_metrics_PickCube-v1_170m_seed42_l2_20260530_021658.jsonl:183:ebb524a99f14d8861d22d258b1279d57c8c189aab6370a4dc3b26f5c5bb3d2b6"",""data/metrics_faithfulness_metrics_PickCube-v1_170m_seed42_l2_20260530_021658.jsonl:184:1a5bd51e05e34a97c1864a521ee451b36638989f5c1f1c81f541360a6dead4ac"",""data/metrics_faithfulness_metrics_PickCube-v1_170m_seed42_l2_20260530_021658.jsonl:185:65d7bb1fb25f35d73c16d09a80c6be49f14b3775601a09f8ae01c16abbacd9a9"",""data/metrics_faithfulness_metrics_PickCube-v1_170m_seed42_l2_20260530_021658.jsonl:186:c6e547e79ae05c3fef5fb42583dece659e7377f341950febec62ba694e0a616a"",""data/metrics_faithfulness_metrics_PickCube-v1_170m_seed42_l2_20260530_021658.jsonl:187:6436ce315d4033a9ee8fb37046fa4dd8bb1a21a5f43cd4fe63a44a9dca8a39d4"",""data/metrics_faithfulness_metrics_PickCube-v1_170m_seed42_l2_20260530_021658.jsonl:188:a54724ba4824838d9f9d74249b709862e55c5256f3655f96a34d089899e29147"",""data/metrics_faithfulness_metrics_PickCube-v1_170m_seed42_l2_20260530_021658.jsonl:189:90b028983d1edc7351190b5cf206ad253e895b4efb07a46e5ab07cc459357901"",""data/metrics_faithfulness_metrics_PickCube-v1_170m_seed42_l2_20260530_021658.jsonl:190:c28b33a6d08463cabfe5a4267382136d73737494502d7d70f9cbe2b1fca941cc"",""data/metrics_faithfulness_metrics_PickCube-v1_170m_seed42_l2_20260530_021658.jsonl:191:0a16c9607258501fb16630a6be43d1dd88f12bd63b70d12d609d7e5c1f7a064f"",""data/metrics_faithfulness_metrics_PickCube-v1_170m_seed42_l2_20260530_021658.jsonl:192:ffd4dcb3ed3551358a2ed8f710023a9aebd630301f34b674bfc9cec573cdd47c"",""data/metrics_faithfulness_metrics_PickCube-v1_170m_seed42_l2_20260530_021658.jsonl:193:8d3e91a5e4b9c9e239ad350baa8b2bdadce3c30fe91d98dd7ec0ceae6e758839"",""data/metrics_faithfulness_metrics_PickCube-v1_170m_seed42_l2_20260530_021658.jsonl:194:2bf70c7d8e2c63da1e6474c09b2840de7ef4b55fe2e5739b9cc448cf19158e0c"",""data/metrics_faithfulness_metrics_PickCube-v1_170m_seed42_l2_20260530_021658.jsonl:195:a8c1ddda905ea568ddbfd2f1649b85e78b9560eaa0dcce8fc98bb8d4c6780cec"",""data/metrics_faithfulness_metrics_PickCube-v1_170m_seed42_l2_20260530_021658.jsonl:196:2aaad428be4657e3e80198953a6ba2f9dbf42edbf9ef0a3ec71b2809d64a39f3"",""data/metrics_faithfulness_metrics_PickCube-v1_170m_seed42_l2_20260530_021658.jsonl:197:8dc0a22c380c521a8908764b215aeb38b1730ab0e12b4587a9a5ba72b57c5d70"",""data/metrics_faithfulness_metrics_PickCube-v1_170m_seed42_l2_20260530_021658.jsonl:198:22b80eacc86b476aa0bd72d6f148aeaee410242fb930ae6435e9b2dfaa603e1d"",""data/metrics_faithfulness_metrics_PickCube-v1_170m_seed42_l2_20260530_021658.jsonl:199:8b43d0c6a245603a227c211e97ab205cf10d2169416979e1c8167bf60fa0ff2c"",""data/metrics_faithfulness_metrics_PickCube-v1_170m_seed42_l2_20260530_021658.jsonl:200:2c5a373c675f80bd15cec88ffb29742efc62704dc79649e9cefff10a36802acb""]",0.1709571490532941,-0.02201128934175479,0.0
L2:vision:deletion,L2,vision,deletion,bcbf2755c5ba45133d58caed68a4e5b515a2040e9a00cfa301785998dbde936f,25,25,-3.1126288170957532,"[""data/metrics_faithfulness_metrics_PickCube-v1_170m_seed142_l2_20260530_082947.jsonl:126:218fa9b094f643eb6388ab86fd6e69dc8a9d42686bb2fb0863d00a062589f5db"",""data/metrics_faithfulness_metrics_PickCube-v1_170m_seed142_l2_20260530_082947.jsonl:127:447e6de87b3d994a1f16524b130074cb3cecaed353d554d2388d841df063789d"",""data/metrics_faithfulness_metrics_PickCube-v1_170m_seed142_l2_20260530_082947.jsonl:128:3efe22e701454ad4ba1dac9e471e997addfac0ccf6635261ada4603042ce5d7a"",""data/metrics_faithfulness_metrics_PickCube-v1_170m_seed142_l2_20260530_082947.jsonl:129:7ebff259d968154b37789b6352f4c7dc4d97cc3378be99f664d8516b1b710e29"",""data/metrics_faithfulness_metrics_PickCube-v1_170m_seed142_l2_20260530_082947.jsonl:130:2ddcc04920dd17739c114befffbd4aaa47edae0e0ebe2459a5a053d32b5e407b"",""data/metrics_faithfulness_metrics_PickCube-v1_170m_seed142_l2_20260530_082947.jsonl:131:0649660109ca7101ce641b32aa0a717bb8fe923b25b9c4a1d7b061defd0cdd13"",""data/metrics_faithfulness_metrics_PickCube-v1_170m_seed142_l2_20260530_082947.jsonl:132:22be8e33686998873f32d401c5e09cc66526ae054b514a812204735c28e55d55"",""data/metrics_faithfulness_metrics_PickCube-v1_170m_seed142_l2_20260530_082947.jsonl:133:d48cfee68ed875bfbfa6cfec7f3f70ad41d3fa939f847a71d3fcef3171c68d56"",""data/metrics_faithfulness_metrics_PickCube-v1_170m_seed142_l2_20260530_082947.jsonl:134:ed3ec5ed84a20f6a2321bbd766708062c5bd9e27a7d65b310fe54613ad116328"",""data/metrics_faithfulness_metrics_PickCube-v1_170m_seed142_l2_20260530_082947.jsonl:135:ef0bdb50b872450dda700591640f6c99bc7e38caf1256f4a3658924b005f6372"",""data/metrics_faithfulness_metrics_PickCube-v1_170m_seed142_l2_20260530_082947.jsonl:136:3d8aba667514a02a28d5a99d3a5d342a10e3b8c4653f5bb2da39fdc05fe5165f"",""data/metrics_faithfulness_metrics_PickCube-v1_170m_seed142_l2_20260530_082947.jsonl:137:912b2a1be23a077e41a396344f43c9779dd183259b15821aa6cb24dddeed3578"",""data/metrics_faithfulness_metrics_PickCube-v1_170m_seed142_l2_20260530_082947.jsonl:138:4a8dd2d209c641efa0ab6caf6818b9fb1ee557da164a7aae0a804b9e67de6f08"",""data/metrics_faithfulness_metrics_PickCube-v1_170m_seed142_l2_20260530_082947.jsonl:139:544ce3ff18f0c3d44afda8907015a3d6a270d5fbd69d1a91aeaa3470dc6660fa"",""data/metrics_faithfulness_metrics_PickCube-v1_170m_seed142_l2_20260530_082947.jsonl:140:68e3c1a2b5215fdfd0b5d78cd17216530491ad8a63b521634bc6ca39d3f1487f"",""data/metrics_faithfulness_metrics_PickCube-v1_170m_seed142_l2_20260530_082947.jsonl:141:ccbd3a4d5b2aee9b7027c8541b0db146c991779a0caeeafd75df84733d951317"",""data/metrics_faithfulness_metrics_PickCube-v1_170m_seed142_l2_20260530_082947.jsonl:142:7436f5c01d2d515790e38b8c28cb1d17185ce3cc9394ff56cd55e2c8ef37cab3"",""data/metrics_faithfulness_metrics_PickCube-v1_170m_seed142_l2_20260530_082947.jsonl:143:84ced88c4b481cf117703649502272f73fd899e3fb30a14a80864aa1149cbf51"",""data/metrics_faithfulness_metrics_PickCube-v1_170m_seed142_l2_20260530_082947.jsonl:144:ffac57b75d8717e51886931c90d1e42f5be09656d0e427f9c86920390c5c41c1"",""data/metrics_faithfulness_metrics_PickCube-v1_170m_seed142_l2_20260530_082947.jsonl:145:f4413216ce388837f1e37513919f4b8d36fb453dc64843f422144f4655da7177"",""data/metrics_faithfulness_metrics_PickCube-v1_170m_seed142_l2_20260530_082947.jsonl:146:0f16258f82378cb1460bad38bfec9a3d2e320a28257871082268540ac3ca8bcc"",""data/metrics_faithfulness_metrics_PickCube-v1_170m_seed142_l2_20260530_082947.jsonl:147:f48bf88ea1f9307b90ee497ba1d96d45da84f290e51a860a073ecffeabc936e9"",""data/metrics_faithfulness_metrics_PickCube-v1_170m_seed142_l2_20260530_082947.jsonl:148:50ff9c521f3750e1d8b967c10a757a752c7b3e4bb39ac4b4cebbbe5c6e455286"",""data/metrics_faithfulness_metrics_PickCube-v1_170m_seed142_l2_20260530_082947.jsonl:149:2c359204f8d4a2f7ba74b40dcc151037c1f847826676040d2d71a41da705f80b"",""data/metrics_faithfulness_metrics_PickCube-v1_170m_seed142_l2_20260530_082947.jsonl:150:769e1469c9edef2f0696f3d674c66252f9dceac9c25585791a3d7dfe415a8ba3""]",0.11046322865316452,-3.223092045748918,0.0
L2:vision:deletion,L2,vision,deletion,bd303d173cf1c3a9f237843bb02c00163e8434208332abe5b93ac1910ec3fd10,25,25,0.08697099728914709,"[""data/metrics_faithfulness_metrics_PickCube-v1_170m_seed142_l2_20260530_082947.jsonl:176:a7fc58b6d62fddd9a9c0646be8d0da53ca068326fd975a4e619aea081438e8af"",""data/metrics_faithfulness_metrics_PickCube-v1_170m_seed142_l2_20260530_082947.jsonl:177:df75b317c0afc024dc6c1154367271d844d2eba9e838e826b1acdb446918e8af"",""data/metrics_faithfulness_metrics_PickCube-v1_170m_seed142_l2_20260530_082947.jsonl:178:9732ef03125321f3d6329c66a88bba43499753532ef14e70fe1d41d61a4821d8"",""data/metrics_faithfulness_metrics_PickCube-v1_170m_seed142_l2_20260530_082947.jsonl:179:e9c531e966af321ec5852ffe2798812076cd248a0259915d2dd439bd733b286b"",""data/metrics_faithfulness_metrics_PickCube-v1_170m_seed142_l2_20260530_082947.jsonl:180:188b5879930ba98ca049902fa885bdd9888c2f242ae7c7ca954e82c39ce9483c"",""data/metrics_faithfulness_metrics_PickCube-v1_170m_seed142_l2_20260530_082947.jsonl:181:0e504125265abcc81351f262266aca601360f85b4121fdb47f503861d93b6e25"",""data/metrics_faithfulness_metrics_PickCube-v1_170m_seed142_l2_20260530_082947.jsonl:182:95b825394e94498a1f1f8dd3b681685118f4e89fb3547535d316917aca4478a6"",""data/metrics_faithfulness_metrics_PickCube-v1_170m_seed142_l2_20260530_082947.jsonl:183:f14bdc2f73dc1f16c05066be113cf5f307604583e4623e4007d8940f264ba529"",""data/metrics_faithfulness_metrics_PickCube-v1_170m_seed142_l2_20260530_082947.jsonl:184:63d576568d9ad1dd078f57134d5e7cf19e6e2c35c46e583d22b76d76aee311c2"",""data/metrics_faithfulness_metrics_PickCube-v1_170m_seed142_l2_20260530_082947.jsonl:185:4fd58494eaf5c98d283d2b682c7626d361737c31d6df5bddc1cef22b1d597510"",""data/metrics_faithfulness_metrics_PickCube-v1_170m_seed142_l2_20260530_082947.jsonl:186:145c7d708d3e29d5096e21158067989107a4ea365ce32fb761e234bf98053e0a"",""data/metrics_faithfulness_metrics_PickCube-v1_170m_seed142_l2_20260530_082947.jsonl:187:449fa066ed3bc92fb44f7679b9522123dea3e26ba460836e41c78c4ecf24f82b"",""data/metrics_faithfulness_metrics_PickCube-v1_170m_seed142_l2_20260530_082947.jsonl:188:ab8350809ee1969df2b1286d650113be2233879b7ca964271b2d63235ec2a093"",""data/metrics_faithfulness_metrics_PickCube-v1_170m_seed142_l2_20260530_082947.jsonl:189:d87ed3186052c7ff5c7de6d77a0220682c694138aba5affcaf0d335d73416c9d"",""data/metrics_faithfulness_metrics_PickCube-v1_170m_seed142_l2_20260530_082947.jsonl:190:04fd53ae16bbb5b34bff8a0a41174eba11324fd0fb930fb354981366e57e4c34"",""data/metrics_faithfulness_metrics_PickCube-v1_170m_seed142_l2_20260530_082947.jsonl:191:73bbfe524b04e14ac4eecf1503875d8357182c7ec475b14b47bd926cf9089926"",""data/metrics_faithfulness_metrics_PickCube-v1_170m_seed142_l2_20260530_082947.jsonl:192:4f210bec5ea44bcbbea7b3566e30b9bd993c56a4e76d42ab9573046265d6ecc9"",""data/metrics_faithfulness_metrics_PickCube-v1_170m_seed142_l2_20260530_082947.jsonl:193:522b3d3ce722eb9c8d214ffd6378abf627755f8e3629040a38f0696cb45d1a78"",""data/metrics_faithfulness_metrics_PickCube-v1_170m_seed142_l2_20260530_082947.jsonl:194:c0c87dcaeb4b284c04a21f39bb480b82fb99b1ce35e2c29960c04c0fd6a4731e"",""data/metrics_faithfulness_metrics_PickCube-v1_170m_seed142_l2_20260530_082947.jsonl:195:62a464688430614e169acacd8a69789b1b9db106bc98e1431c8ca877029f15ac"",""data/metrics_faithfulness_metrics_PickCube-v1_170m_seed142_l2_20260530_082947.jsonl:196:fe7a9a9355e5c4f87dee992085054dd8910092adf99e1276f02722be5b8c02de"",""data/metrics_faithfulness_metrics_PickCube-v1_170m_seed142_l2_20260530_082947.jsonl:197:1c958e882c0a3df7a035b9ac29f03fd24ea3676c41510cf574448bf787defe62"",""data/metrics_faithfulness_metrics_PickCube-v1_170m_seed142_l2_20260530_082947.jsonl:198:c5680c3692b156b25b42c9f018ca702d5b06d2fd0c403547c4bbb7009c593075"",""data/metrics_faithfulness_metrics_PickCube-v1_170m_seed142_l2_20260530_082947.jsonl:199:cff8f2b923eb6d96dd401903c62b8fc732f73275988fc8b44b33eb20a7f60a92"",""data/metrics_faithfulness_metrics_PickCube-v1_170m_seed142_l2_20260530_082947.jsonl:200:d85d2160a7e04c90fc4da4cca75f2d5073e481fc7a19105f8feb477084f5d3fc""]",0.09517275948424446,-0.008201762195097361,0.0
L2:vision:deletion,L2,vision,deletion,bef465c46618357b8eef160ddfcee7c26fd8364862fdc5b7156eb63e6f6e1b70,25,25,0.15585123993727346,"[""data/metrics_faithfulness_metrics_PickCube-v1_170m_seed42_l2_20260530_021658.jsonl:251:9dd64405aa16f22982434832cde4d0088012f234d6ab847c6ef1da5315abbe23"",""data/metrics_faithfulness_metrics_PickCube-v1_170m_seed42_l2_20260530_021658.jsonl:252:66dfc76c1c1e9dc13f404d4fa1454cff0087fe0e699221407d689cef62af02c1"",""data/metrics_faithfulness_metrics_PickCube-v1_170m_seed42_l2_20260530_021658.jsonl:253:90d7ede43315bdd2033423fa41e68128d0678d968e83478cb2b08fbbb6f22649"",""data/metrics_faithfulness_metrics_PickCube-v1_170m_seed42_l2_20260530_021658.jsonl:254:8aceb050cc1284f364a90b58b37b4f0d98a3a870cbbec88e6d05d4a6c3067af7"",""data/metrics_faithfulness_metrics_PickCube-v1_170m_seed42_l2_20260530_021658.jsonl:255:931134d812a61718790d0e120cdb7881935b71a1107bcfc8c17ecf31a0525376"",""data/metrics_faithfulness_metrics_PickCube-v1_170m_seed42_l2_20260530_021658.jsonl:256:ad28f4b1a684b9d1494a50ac729207f2fe52d8be2c2719a95d69e970a54aa590"",""data/metrics_faithfulness_metrics_PickCube-v1_170m_seed42_l2_20260530_021658.jsonl:257:f198d2d08748b04a6a5f171d85e0fe50d30a075a8e20e0e4cb3f39384f57137b"",""data/metrics_faithfulness_metrics_PickCube-v1_170m_seed42_l2_20260530_021658.jsonl:258:befdc164060a6044ee919d657d1c591fcd1c54691042c03ec05fca2859ac08d8"",""data/metrics_faithfulness_metrics_PickCube-v1_170m_seed42_l2_20260530_021658.jsonl:259:a60eb3ca91ad01f5f178cf3219258721cc0f9dbe5cf3fb4e366ee60daacfe82f"",""data/metrics_faithfulness_metrics_PickCube-v1_170m_seed42_l2_20260530_021658.jsonl:260:6a63e43399d08f80ee12443e5ff45fc992eb57f7542ec653aaf8914528a29e70"",""data/metrics_faithfulness_metrics_PickCube-v1_170m_seed42_l2_20260530_021658.jsonl:261:b46b9b90976c507b19d062b17cd0c097dc1300845f27f65fa9639d19c2de3992"",""data/metrics_faithfulness_metrics_PickCube-v1_170m_seed42_l2_20260530_021658.jsonl:262:745c536587e7bcfbb2c50228f6ae99ec95ab31517b55812a7e7ce7a884c33969"",""data/metrics_faithfulness_metrics_PickCube-v1_170m_seed42_l2_20260530_021658.jsonl:263:51c66bd6610e7f626831c5ec8c8013666313d3933da58a1211081f19ad6e0efa"",""data/metrics_faithfulness_metrics_PickCube-v1_170m_seed42_l2_20260530_021658.jsonl:264:bde495b8f0d5feb2912ee0a3259264206c90d1944db5eb0d08d908fe42234181"",""data/metrics_faithfulness_metrics_PickCube-v1_170m_seed42_l2_20260530_021658.jsonl:265:f6ef890fd643d0b03df7b6c3a007c3aa911c9044bf04c78e9f556c027e8e14e6"",""data/metrics_faithfulness_metrics_PickCube-v1_170m_seed42_l2_20260530_021658.jsonl:266:584d3402d539b33bda8dd39cce9f6b8f08f0884fcb3a2c7798bd7686a1fae1c8"",""data/metrics_faithfulness_metrics_PickCube-v1_170m_seed42_l2_20260530_021658.jsonl:267:e4382090fdd33796b900582cc4088fc7e176e12bb79808d4e6e810697fbc609d"",""data/metrics_faithfulness_metrics_PickCube-v1_170m_seed42_l2_20260530_021658.jsonl:268:9d617c78834658de1505a11e7db740003c5516592bd91d7d8c23e7c8c8c6de96"",""data/metrics_faithfulness_metrics_PickCube-v1_170m_seed42_l2_20260530_021658.jsonl:269:27e8eac7108be2f7231e285ef35a725a51760e472b6e335b4832076d6d4c9774"",""data/metrics_faithfulness_metrics_PickCube-v1_170m_seed42_l2_20260530_021658.jsonl:270:25a5c76a0d8b0d1c9303c947661d62024ed1c2e9302d72b4b3c276fc14e2c181"",""data/metrics_faithfulness_metrics_PickCube-v1_170m_seed42_l2_20260530_021658.jsonl:271:b7ee3d527d43e0329d3050353715c0320bf61a84369f7f62b48747e895645c3f"",""data/metrics_faithfulness_metrics_PickCube-v1_170m_seed42_l2_20260530_021658.jsonl:272:5bd2ef36bda24838cc1f3637e9806aeb01c4bc0ef9b452cf9f3b3a6969a9edc1"",""data/metrics_faithfulness_metrics_PickCube-v1_170m_seed42_l2_20260530_021658.jsonl:273:35fd60f1689950f2fa983437134e1bf59d160dd04347de4e244265b6c2902521"",""data/metrics_faithfulness_metrics_PickCube-v1_170m_seed42_l2_20260530_021658.jsonl:274:58d5ef53079c724cdf19d121f835c24029035a1a969f97700d797e7ba7154bd9"",""data/metrics_faithfulness_metrics_PickCube-v1_170m_seed42_l2_20260530_021658.jsonl:275:6dc84d84c03f73eeb6af7ea73bc89e0f1eebad8592882907959182ecd1841f76""]",0.1576980007820313,-0.001846760844757855,0.0
L2:vision:deletion,L2,vision,deletion,c5cc09d93bb26552cfe5989f5f87b4f9f4d7a7a4f6619db4de9c074038b0a896,25,25,0.15931785268286333,"[""data/metrics_faithfulness_metrics_PickCube-v1_170m_seed42_l2_20260530_021658.jsonl:26:45903faa5f3d207e1ffa280bcf5fe5b658d7d6bb155c72055ac07895217fb5f3"",""data/metrics_faithfulness_metrics_PickCube-v1_170m_seed42_l2_20260530_021658.jsonl:27:05997ad74b15bc86dde50cb67a6973feb32c014a430a69f9198369009616baa3"",""data/metrics_faithfulness_metrics_PickCube-v1_170m_seed42_l2_20260530_021658.jsonl:28:b119a2f857e192267461818169556e1dd5e9bb768aa0ad3bb010ee62c47dff07"",""data/metrics_faithfulness_metrics_PickCube-v1_170m_seed42_l2_20260530_021658.jsonl:29:8382c8a2863cec262ac5061fae5fda533a9e9f7fca1185743c82780e1efc15dc"",""data/metrics_faithfulness_metrics_PickCube-v1_170m_seed42_l2_20260530_021658.jsonl:30:f42222fb386566d4e2211c90f86f863a59e7d0c67cdeb3137959c2bebf8f4889"",""data/metrics_faithfulness_metrics_PickCube-v1_170m_seed42_l2_20260530_021658.jsonl:31:c310ed804e173c8cc965888ba63faa132ced9c144cede9d7233bed01db1bc567"",""data/metrics_faithfulness_metrics_PickCube-v1_170m_seed42_l2_20260530_021658.jsonl:32:e82d293eca99d31827f7465a0c42364a19d4d92f5825371be8bd8bdfbf7a3b7e"",""data/metrics_faithfulness_metrics_PickCube-v1_170m_seed42_l2_20260530_021658.jsonl:33:0742ad6bf18ba383c876a27f010918c765d694c1e7dcced0a143037ae6206d3f"",""data/metrics_faithfulness_metrics_PickCube-v1_170m_seed42_l2_20260530_021658.jsonl:34:8de95d915d7f4dd99903f7d64630e9ce7b2e58b68087cfb16a6663d7b0c92811"",""data/metrics_faithfulness_metrics_PickCube-v1_170m_seed42_l2_20260530_021658.jsonl:35:b7019f46c9070a51de7ecc26fe8a499513cb58962cb6186011324061f5c2b08a"",""data/metrics_faithfulness_metrics_PickCube-v1_170m_seed42_l2_20260530_021658.jsonl:36:ea6b8da47baf1f69c4c8cf1cbb442416ba0265de591b99a8bedf58eef0d1ee44"",""data/metrics_faithfulness_metrics_PickCube-v1_170m_seed42_l2_20260530_021658.jsonl:37:0df432a0a941c1ccccfa910122761fa81f0fad3e1ed6bf9c539516969b4860bb"",""data/metrics_faithfulness_metrics_PickCube-v1_170m_seed42_l2_20260530_021658.jsonl:38:0f4a1d832c23fceb9b4a12d8f2d6fc16ef89a5ef8d022cee7f6617a717ec15cb"",""data/metrics_faithfulness_metrics_PickCube-v1_170m_seed42_l2_20260530_021658.jsonl:39:2e8a3e8616defce531f74a5309c8b86b5077bd44cf57bbc5e0c47e0e02db259d"",""data/metrics_faithfulness_metrics_PickCube-v1_170m_seed42_l2_20260530_021658.jsonl:40:cea504eddbe38efe40d0786ff5066afd5ba91dc681d67e979e8c1b48d0372536"",""data/metrics_faithfulness_metrics_PickCube-v1_170m_seed42_l2_20260530_021658.jsonl:41:c2ca9d8d079efe6b93425301d4a5b822566d07ea6916a713ca5b2bb229b73f96"",""data/metrics_faithfulness_metrics_PickCube-v1_170m_seed42_l2_20260530_021658.jsonl:42:1628113f4b64d52561010a6701c0b0eebfd040c477e66d411e8eb4e86b270cb5"",""data/metrics_faithfulness_metrics_PickCube-v1_170m_seed42_l2_20260530_021658.jsonl:43:0be478766ae410b5daa9a755f1e8c943c4531ba813b49ef45ea80de107c31082"",""data/metrics_faithfulness_metrics_PickCube-v1_170m_seed42_l2_20260530_021658.jsonl:44:9373f627ba707e7ebca480b030d51912e6b86da1314d4dcadc1d35bc53d386d5"",""data/metrics_faithfulness_metrics_PickCube-v1_170m_seed42_l2_20260530_021658.jsonl:45:54e02478bdb5adc63815aa83e21230cba01fcf11e32dea73d3ed1e8a880d65e6"",""data/metrics_faithfulness_metrics_PickCube-v1_170m_seed42_l2_20260530_021658.jsonl:46:3590e710d3d8841bea64c662db8d20d2bd30bac4d14be6c1a97d21505c84bbcd"",""data/metrics_faithfulness_metrics_PickCube-v1_170m_seed42_l2_20260530_021658.jsonl:47:94fcb8512428fa66fc078cdc67b295cf158b0016992ab27d4f77e44fb2b1c173"",""data/metrics_faithfulness_metrics_PickCube-v1_170m_seed42_l2_20260530_021658.jsonl:48:de6e8fc5b6e13ad409fe402d74861848c57ea8d442b261d404d9b32c02afd553"",""data/metrics_faithfulness_metrics_PickCube-v1_170m_seed42_l2_20260530_021658.jsonl:49:629c3dfbd1bf12f35e69b2ee9454910aed323dbcd9c7613eb2d4594eb70967cf"",""data/metrics_faithfulness_metrics_PickCube-v1_170m_seed42_l2_20260530_021658.jsonl:50:ed8370ad00a3aaf11f0d319faee7a4d07030b5e5fed785ea2010acfcbd747c76""]",0.1607203651243568,-0.0014025124414934643,0.0
L2:vision:deletion,L2,vision,deletion,dc779925631fe13fdb891355904d829844e180bfdb79b0e4a2240f7f2fc82455,25,25,0.09441524490442273,"[""data/metrics_faithfulness_metrics_PickCube-v1_170m_seed142_l2_20260530_082947.jsonl:101:33cedb898395011efd0266c3d56f3a80c4bd5d0ecc587f406e4932135e56efc8"",""data/metrics_faithfulness_metrics_PickCube-v1_170m_seed142_l2_20260530_082947.jsonl:102:3a1f4658fd17898942a38d1480379c8b507048098c5d32ed41ea2f209b039eff"",""data/metrics_faithfulness_metrics_PickCube-v1_170m_seed142_l2_20260530_082947.jsonl:103:114e1fbf56c797bb2d8d2ab99c3eec3522c9b442e64a8ebaed7a9560208fb8a8"",""data/metrics_faithfulness_metrics_PickCube-v1_170m_seed142_l2_20260530_082947.jsonl:104:c97102a3270b82159f6f7d370f1ef6597ab76ec8f0d0a89468cbf5524587a817"",""data/metrics_faithfulness_metrics_PickCube-v1_170m_seed142_l2_20260530_082947.jsonl:105:4e433bd3432bc80091e968c33372ea689594bc461daf224aaf328834f095219a"",""data/metrics_faithfulness_metrics_PickCube-v1_170m_seed142_l2_20260530_082947.jsonl:106:dc114a5545562e2e8b50a2070ed5f88182e5796756d0a3f256905863338344ff"",""data/metrics_faithfulness_metrics_PickCube-v1_170m_seed142_l2_20260530_082947.jsonl:107:70365b6ef7ddd4af26632cb7ea63fb0f6d58033defbb2b19537f8b44121fbf5a"",""data/metrics_faithfulness_metrics_PickCube-v1_170m_seed142_l2_20260530_082947.jsonl:108:e3565203bd30cac140495d35008d63c18b311053a06dc419d157aa2b842e4f8f"",""data/metrics_faithfulness_metrics_PickCube-v1_170m_seed142_l2_20260530_082947.jsonl:109:3e517776ab2b40028ad2b4419d2a3bb4d034a477ee550c845f85d8fceb7fb84c"",""data/metrics_faithfulness_metrics_PickCube-v1_170m_seed142_l2_20260530_082947.jsonl:110:4ff85ad1f6dfcbc903471f25ab7cb7f0ea901785649ba74dd3da793c84583209"",""data/metrics_faithfulness_metrics_PickCube-v1_170m_seed142_l2_20260530_082947.jsonl:111:6619a57f8ddac21b0510ec214d5449a53ae52ce3a41badb3a276e2cab5d85f60"",""data/metrics_faithfulness_metrics_PickCube-v1_170m_seed142_l2_20260530_082947.jsonl:112:c0dbc3a3f9ce0a65014d4477126efce334e3ecbe0fbdbad8c00cddc0d12c3357"",""data/metrics_faithfulness_metrics_PickCube-v1_170m_seed142_l2_20260530_082947.jsonl:113:3b33b0f9bfe84b2ce906329567808a83a624acc6b8221c1592c57ccd55e585eb"",""data/metrics_faithfulness_metrics_PickCube-v1_170m_seed142_l2_20260530_082947.jsonl:114:8a618bc1064dcda3d775dd0f98444eb378f156c82d29f97a131c74b5dfbfa555"",""data/metrics_faithfulness_metrics_PickCube-v1_170m_seed142_l2_20260530_082947.jsonl:115:30cef07aaa228b5ddd59b1b7a627db7449ffe77eccf22b9c7d679d8bf8da5b38"",""data/metrics_faithfulness_metrics_PickCube-v1_170m_seed142_l2_20260530_082947.jsonl:116:ea5d113ade914965a6d356d8eb1ea3d6fab6bdfb8eb306fbbfec192be0e6dc8c"",""data/metrics_faithfulness_metrics_PickCube-v1_170m_seed142_l2_20260530_082947.jsonl:117:0e9bdd6a8df784664e46560b74bacb226ed69125905b5abae3c9f82124985aa2"",""data/metrics_faithfulness_metrics_PickCube-v1_170m_seed142_l2_20260530_082947.jsonl:118:b607b937bbc14a0becc32ec71383771a2f3cc58ea4c786e819c19bef7ac34810"",""data/metrics_faithfulness_metrics_PickCube-v1_170m_seed142_l2_20260530_082947.jsonl:119:cf1c7e808fbe0eefc9d85b72834c8eb04953b2e982159ad454583c72ad1416de"",""data/metrics_faithfulness_metrics_PickCube-v1_170m_seed142_l2_20260530_082947.jsonl:120:b1cb9d3b888916043b199b1a240159f5827ba710a61fd15bec28b7a4ea04e2b3"",""data/metrics_faithfulness_metrics_PickCube-v1_170m_seed142_l2_20260530_082947.jsonl:121:8e52bafb50c47c8f5b772ce8ae26bd4c15291dab9aec6f12a9052dedaba1d3e1"",""data/metrics_faithfulness_metrics_PickCube-v1_170m_seed142_l2_20260530_082947.jsonl:122:66fb43efa268a5c4ca35752c6bd3f66c365afd91f4a432ce0329c17f162b9d01"",""data/metrics_faithfulness_metrics_PickCube-v1_170m_seed142_l2_20260530_082947.jsonl:123:3033cb1ccf0752fa9e5baa0f55f3e6d99db430b1b5814cd38303a03eac7cbbed"",""data/metrics_faithfulness_metrics_PickCube-v1_170m_seed142_l2_20260530_082947.jsonl:124:d4c573bd698d467078d0f594e6e8a27dc2919f2326af66f4abe1e165ecf2d4ef"",""data/metrics_faithfulness_metrics_PickCube-v1_170m_seed142_l2_20260530_082947.jsonl:125:cb3a7758e24a25b5262cef79b433cc29fdbb46152002bfdf8effdb5f8748f45d""]",0.13649279382478777,-0.042077548920365054,0.0
L2:vision:deletion,L2,vision,deletion,e388414ba782e700c2ab97ce5ce140068d4fedd7be8c387789d620fc86a66b33,25,25,0.15554508455104762,"[""data/metrics_faithfulness_metrics_PickCube-v1_170m_seed142_l2_20260530_082947.jsonl:326:7a83cb8274e7efbee25a89842eb142e6a4dc140d10d802340df3e98559c89b8e"",""data/metrics_faithfulness_metrics_PickCube-v1_170m_seed142_l2_20260530_082947.jsonl:327:c2c34e70917234067b1ffdaf9e3f39ae5d154a113d1595fc11d09bb81e237481"",""data/metrics_faithfulness_metrics_PickCube-v1_170m_seed142_l2_20260530_082947.jsonl:328:2df465d271792af31b16b4e877bfc8c66f23fb692f905d70f72c5d577896768f"",""data/metrics_faithfulness_metrics_PickCube-v1_170m_seed142_l2_20260530_082947.jsonl:329:e0feed1f01fbadf4ab8c5d1bf7b73bfb3ff9eb8b002a6f04a7f17f8170ab73e9"",""data/metrics_faithfulness_metrics_PickCube-v1_170m_seed142_l2_20260530_082947.jsonl:330:4de0e370806977b1a79959445eb60374651259fff9ce127d2c4f83fd7c1e459f"",""data/metrics_faithfulness_metrics_PickCube-v1_170m_seed142_l2_20260530_082947.jsonl:331:12b528540106c24ffc32670ad25a6f4bd8a9746a181dd1ac8f30fdbe572588ec"",""data/metrics_faithfulness_metrics_PickCube-v1_170m_seed142_l2_20260530_082947.jsonl:332:f323603b411f54791f563ff4da32690a768a9fe0a881829e4aec0ae4a7c8e4b1"",""data/metrics_faithfulness_metrics_PickCube-v1_170m_seed142_l2_20260530_082947.jsonl:333:8a3e645baa9114c341e963e1028dd07d803a13f23fa2942840f6112f96598b9a"",""data/metrics_faithfulness_metrics_PickCube-v1_170m_seed142_l2_20260530_082947.jsonl:334:7b7d39492112b9d9def518608b0a15441d0fe7194efb626fbb58ac286557ab77"",""data/metrics_faithfulness_metrics_PickCube-v1_170m_seed142_l2_20260530_082947.jsonl:335:3277b63c9f9e8b1ef649951c06a44aa32f423059a0331857f5c80abe40db1715"",""data/metrics_faithfulness_metrics_PickCube-v1_170m_seed142_l2_20260530_082947.jsonl:336:a374c9d3827a10392eb3b382820f83ee6ba2017dff16b4f9c1333f8db7b900e4"",""data/metrics_faithfulness_metrics_PickCube-v1_170m_seed142_l2_20260530_082947.jsonl:337:7e562596eee0ee01ed684d2401095b4ca2bc3b72e89b551ceef683511d608760"",""data/metrics_faithfulness_metrics_PickCube-v1_170m_seed142_l2_20260530_082947.jsonl:338:fa91dac1122222d973124f5c8735511488ce67256f3d43ffb0f793ccd38fef05"",""data/metrics_faithfulness_metrics_PickCube-v1_170m_seed142_l2_20260530_082947.jsonl:339:30e811982707c8c477c6faeec645345570d4befcf306ac9d8229b19b6458282a"",""data/metrics_faithfulness_metrics_PickCube-v1_170m_seed142_l2_20260530_082947.jsonl:340:f0a62803e7b36ac84f482cf6fe0c8a1700051935923285da632100275b6a9104"",""data/metrics_faithfulness_metrics_PickCube-v1_170m_seed142_l2_20260530_082947.jsonl:341:c478003c18899a98e948f2a4b60c11b7ca7d81d120f488fd6c6c72f7e2f1b8ef"",""data/metrics_faithfulness_metrics_PickCube-v1_170m_seed142_l2_20260530_082947.jsonl:342:5a3c390be845a9d46daed4fdb0f4b8f084a6731324994b71302b6dfd8ee51c86"",""data/metrics_faithfulness_metrics_PickCube-v1_170m_seed142_l2_20260530_082947.jsonl:343:7ec1a8e13d58060d9f7e2cfab18da73e67da31b9846a0f311af66558a7c22741"",""data/metrics_faithfulness_metrics_PickCube-v1_170m_seed142_l2_20260530_082947.jsonl:344:409fe2420449e089c50b3f47f7bc5854d697fd4c2b320b41f81a5f1a08574c49"",""data/metrics_faithfulness_metrics_PickCube-v1_170m_seed142_l2_20260530_082947.jsonl:345:35b5fd52570206a62788592fccb650bc6e09fc21bae8df58fa41664e72b80972"",""data/metrics_faithfulness_metrics_PickCube-v1_170m_seed142_l2_20260530_082947.jsonl:346:08fbda471c6b0cc5c9520086136bf4d98180ef69d22e9103457021836bc29571"",""data/metrics_faithfulness_metrics_PickCube-v1_170m_seed142_l2_20260530_082947.jsonl:347:8d2b30898ce646333b6dcf14b6ee47774f379ecf317bd623809c5fffde524cd1"",""data/metrics_faithfulness_metrics_PickCube-v1_170m_seed142_l2_20260530_082947.jsonl:348:0dbf54b4c15f7286d37bb5fcc077920c7247e616a4414db19679b2327dd9a82d"",""data/metrics_faithfulness_metrics_PickCube-v1_170m_seed142_l2_20260530_082947.jsonl:349:8d2be57d65168752bcb4e5972764937a716539cebca5f87f6e856e32ba4b1fa6"",""data/metrics_faithfulness_metrics_PickCube-v1_170m_seed142_l2_20260530_082947.jsonl:350:7351cb0bcfb50f71f266438cfcb90c6a3168df7887e902af2d90121a373d88c7""]",0.15817075260767285,-0.0026256680566252265,0.0
L2:vision:deletion,L2,vision,deletion,e950613bb1901a8cfbfe491f9ec8b7ab8a3104dbdef76984399c552f7442587d,25,25,0.13597492753471524,"[""data/metrics_faithfulness_metrics_PickCube-v1_170m_seed42_l2_20260530_021658.jsonl:201:d7241f1a4983d08b473b44388a3d404b695049810dc7ad5c3923c5b746dcf5b3"",""data/metrics_faithfulness_metrics_PickCube-v1_170m_seed42_l2_20260530_021658.jsonl:202:cb08013c27bd66bce362629b397bb0d9044480fe5f346d0fcbb7b06d5dabe109"",""data/metrics_faithfulness_metrics_PickCube-v1_170m_seed42_l2_20260530_021658.jsonl:203:c8269162f560b631409e6fbbab9f864f8695c01037ed2b95a0d8a5d7c99bfcc0"",""data/metrics_faithfulness_metrics_PickCube-v1_170m_seed42_l2_20260530_021658.jsonl:204:942e19ab19f8841595f75cfd213980f6743971e9a47d764b0915214529f2f4ba"",""data/metrics_faithfulness_metrics_PickCube-v1_170m_seed42_l2_20260530_021658.jsonl:205:ddd57ab863f62bbc1550af5d91cdbdff459fcf5bfacb4a7637aba517f526fd57"",""data/metrics_faithfulness_metrics_PickCube-v1_170m_seed42_l2_20260530_021658.jsonl:206:2952298b9d5216e46be4912b418b618a62da94955dce63d2e603935594302e63"",""data/metrics_faithfulness_metrics_PickCube-v1_170m_seed42_l2_20260530_021658.jsonl:207:dbb09078079b2a6f2be17e82eaa334eeee1dd1b8d08b574bb8e68168b97c9487"",""data/metrics_faithfulness_metrics_PickCube-v1_170m_seed42_l2_20260530_021658.jsonl:208:8d1cfe2cf05b98eddf96dbac731ba24cef9c89860c51894a936fa69ac6b3ae91"",""data/metrics_faithfulness_metrics_PickCube-v1_170m_seed42_l2_20260530_021658.jsonl:209:a020a05a70d453086897650ef6f497704d90762b99a9e64de9178e777c14f368"",""data/metrics_faithfulness_metrics_PickCube-v1_170m_seed42_l2_20260530_021658.jsonl:210:9a751a7db0909cd741aa4df46f0afbbaa60af3c610af7d9021799648bc1651ac"",""data/metrics_faithfulness_metrics_PickCube-v1_170m_seed42_l2_20260530_021658.jsonl:211:550648b341f1883d0370e41ca3d2050177df381caf6e763918de3e08b3a44fc8"",""data/metrics_faithfulness_metrics_PickCube-v1_170m_seed42_l2_20260530_021658.jsonl:212:74fda0544604427c925e215aa74fd418c4a0dfd2f734bb85210910494baa95ef"",""data/metrics_faithfulness_metrics_PickCube-v1_170m_seed42_l2_20260530_021658.jsonl:213:cecf3df3a85dd6d85bba91e5d3d7780234062b0765074c6a78db17bf2881a1cf"",""data/metrics_faithfulness_metrics_PickCube-v1_170m_seed42_l2_20260530_021658.jsonl:214:1abb65bbec29b23f893aaaf4e1d381b6edd5c07f81a9546feddd357ab75163c7"",""data/metrics_faithfulness_metrics_PickCube-v1_170m_seed42_l2_20260530_021658.jsonl:215:06f0164d8ccd03fd2e951024161b77e80f4e25121a90b6f44e8f2351bdb43e1c"",""data/metrics_faithfulness_metrics_PickCube-v1_170m_seed42_l2_20260530_021658.jsonl:216:cc2b44ef8b946ca337bcf4196ae61fadf0aeb221311b1f93e1eb4964b0041002"",""data/metrics_faithfulness_metrics_PickCube-v1_170m_seed42_l2_20260530_021658.jsonl:217:38bc432a229a3162e3810ef79eed99507072af8102f0caf1998e521dec3e2c43"",""data/metrics_faithfulness_metrics_PickCube-v1_170m_seed42_l2_20260530_021658.jsonl:218:e85fe1bcb6b9e905631dc0c5adde83cae6652d7e4364a8b9a8da899503f7dede"",""data/metrics_faithfulness_metrics_PickCube-v1_170m_seed42_l2_20260530_021658.jsonl:219:263ae5b6f1b496d91f0f836a54f260ae0fd306c0ca166a22dc73ce7367984992"",""data/metrics_faithfulness_metrics_PickCube-v1_170m_seed42_l2_20260530_021658.jsonl:220:096a00aad2f298774a2977a29c1fe73cafcd0980d74e2cd2e38213341ff5764a"",""data/metrics_faithfulness_metrics_PickCube-v1_170m_seed42_l2_20260530_021658.jsonl:221:d9cb772269fc6e78e8ac56458344a4a0880b7531a21cfea4ba184a1d78f758d4"",""data/metrics_faithfulness_metrics_PickCube-v1_170m_seed42_l2_20260530_021658.jsonl:222:7c6fa086904f837c11a35ab91a3c887253551521b07285e0dd6e6e01eb2bb9b9"",""data/metrics_faithfulness_metrics_PickCube-v1_170m_seed42_l2_20260530_021658.jsonl:223:1d9d83ad2d0ccb1a3cc6ef62a23186347e50ca4bed936725f9c3a69f4e5910e2"",""data/metrics_faithfulness_metrics_PickCube-v1_170m_seed42_l2_20260530_021658.jsonl:224:91a0a64e54cbc66a67605585230b6bd059d2c87b879051cd3ab6a26738b92e37"",""data/metrics_faithfulness_metrics_PickCube-v1_170m_seed42_l2_20260530_021658.jsonl:225:597821f286855059b19552bcb6fb6eadbd601c08806793307d1faf4d834b1b79""]",0.1534562128148905,-0.01748128528017526,0.0
L2:vision:deletion,L2,vision,deletion,ee2ec670fe253a182d6e483b082fdad2d27b3953861b30b64a55d26dc8a80759,25,25,0.1245091947140565,"[""data/metrics_faithfulness_metrics_PickCube-v1_170m_seed42_l2_20260530_021658.jsonl:276:dc18d5ddb52298e2e582f5d9c635d0c34d1c3ac290135082e24e5210df47531f"",""data/metrics_faithfulness_metrics_PickCube-v1_170m_seed42_l2_20260530_021658.jsonl:277:47e6a4ca96d6327a18ad44b865c0af8cd4a9ad4b591ae3a5d55fa9d9614597b7"",""data/metrics_faithfulness_metrics_PickCube-v1_170m_seed42_l2_20260530_021658.jsonl:278:0fb9952a38fbb45868b4d247470ae9aecec2366e6d9673a949cd16d6b27b9b6f"",""data/metrics_faithfulness_metrics_PickCube-v1_170m_seed42_l2_20260530_021658.jsonl:279:d424023b427f3844000883c9aae1404000f2ed3e9dec1c01993faa803644289e"",""data/metrics_faithfulness_metrics_PickCube-v1_170m_seed42_l2_20260530_021658.jsonl:280:6f67da9c7acbc57ae70a9d0bcdb731b4f66904c97b2b2803fca63ae7bd737108"",""data/metrics_faithfulness_metrics_PickCube-v1_170m_seed42_l2_20260530_021658.jsonl:281:a7ba131295118c99b9fd8b2629702e61573534e48fa42154417a8c3b0ae4952a"",""data/metrics_faithfulness_metrics_PickCube-v1_170m_seed42_l2_20260530_021658.jsonl:282:4c20c5258aa28a1c534b997aa2e6d5e7402f2fd3e9f829d11804e868abdbf4ee"",""data/metrics_faithfulness_metrics_PickCube-v1_170m_seed42_l2_20260530_021658.jsonl:283:c6eae6aa439e41389390d7186eddcdb4c11b65dd14a963eec216e288b01eb9cb"",""data/metrics_faithfulness_metrics_PickCube-v1_170m_seed42_l2_20260530_021658.jsonl:284:25e71d8c541b801aea9a345363fdaa5a05e33729f0b4505f0fcc1afc1a5c243e"",""data/metrics_faithfulness_metrics_PickCube-v1_170m_seed42_l2_20260530_021658.jsonl:285:d2d62fa5e9287946ccff2802a510916d28dea55257dd9dc682b15adeb50f0a02"",""data/metrics_faithfulness_metrics_PickCube-v1_170m_seed42_l2_20260530_021658.jsonl:286:e7ce93ec0dc23cf17799b4d180efdaf045fea4698e691dfe66318240ffa1d4b9"",""data/metrics_faithfulness_metrics_PickCube-v1_170m_seed42_l2_20260530_021658.jsonl:287:4f67d9258160b1ef2f9eb7581f92a126d0a0e1ef6b03338376019133f3cd7864"",""data/metrics_faithfulness_metrics_PickCube-v1_170m_seed42_l2_20260530_021658.jsonl:288:e741c7e619d8e4d6fb7e82a9e5fd881beaac758391a464667a0d019a1b57830b"",""data/metrics_faithfulness_metrics_PickCube-v1_170m_seed42_l2_20260530_021658.jsonl:289:f93605778086ba6c36e43675eae6452a38b11a93be489d7f7095d51effb94f1a"",""data/metrics_faithfulness_metrics_PickCube-v1_170m_seed42_l2_20260530_021658.jsonl:290:f5c6b91992e30ad7f00697337bd937009bfbcdf011d76982f9af65a0117d80c5"",""data/metrics_faithfulness_metrics_PickCube-v1_170m_seed42_l2_20260530_021658.jsonl:291:035ffd9554e158d4f2d4203310aee37f2c1705b1d219179c4de4939c49dc1379"",""data/metrics_faithfulness_metrics_PickCube-v1_170m_seed42_l2_20260530_021658.jsonl:292:f15a0e7d5c6ed2fcb7f4a8d403af537d692d7abdc97e5113702a4108c5e1b9df"",""data/metrics_faithfulness_metrics_PickCube-v1_170m_seed42_l2_20260530_021658.jsonl:293:c6798c0ae28c4d12e9bc58db5e18d461c2481a11943673e4cd6918ebaaac6a3c"",""data/metrics_faithfulness_metrics_PickCube-v1_170m_seed42_l2_20260530_021658.jsonl:294:905aa2a0affcdc884a7578f227ad2b652a827d36fad3dd798c6dae23d699bc08"",""data/metrics_faithfulness_metrics_PickCube-v1_170m_seed42_l2_20260530_021658.jsonl:295:143bb139db803712307c2005cdd4599a91aa42d68624690a3a83f4e6513e3e78"",""data/metrics_faithfulness_metrics_PickCube-v1_170m_seed42_l2_20260530_021658.jsonl:296:079c16caf23ceec2cbca954ff58b86e70dc1fea02ea79cc659d8615dc1e71b42"",""data/metrics_faithfulness_metrics_PickCube-v1_170m_seed42_l2_20260530_021658.jsonl:297:afb5963440cad300f64a8849377cb93d850bff32c8c74f3762d5a9513a30e8d6"",""data/metrics_faithfulness_metrics_PickCube-v1_170m_seed42_l2_20260530_021658.jsonl:298:9ff1d9d354f9bceae9fccc99d98022418770e90be3832f108fd32e13a2ca1963"",""data/metrics_faithfulness_metrics_PickCube-v1_170m_seed42_l2_20260530_021658.jsonl:299:f9982f7160ef9a6d6d4e2a7b20a5869758e081891c18f47788e4272391fda2a3"",""data/metrics_faithfulness_metrics_PickCube-v1_170m_seed42_l2_20260530_021658.jsonl:300:489a049fe6b7600a7f03837e39a9ac4f5d01bfc4c5632c40a149667420a4f723""]",0.13182435363222397,-0.007315158918167502,0.0
L2:vision:deletion,L2,vision,deletion,f67073a51e251437dfcac7024a9c224100b6ff0ae4d8897318b2931fcd4b52c9,25,25,0.18022786437687066,"[""data/metrics_faithfulness_metrics_PickCube-v1_170m_seed42_l2_20260530_021658.jsonl:350:12463597b216df03faf47bab571a6c4429ea9a9daaaa0032b2a3a43dc46291bc"",""data/metrics_faithfulness_metrics_PickCube-v1_170m_seed42_l2_20260530_021658.jsonl:351:9142c411cfb6d0d471794e8c655161e7660ab46e983cf9388b59d5dafc910b51"",""data/metrics_faithfulness_metrics_PickCube-v1_170m_seed42_l2_20260530_021658.jsonl:352:47daab7ebcf8434e7b1d6a25b08fcd589e486cbb014f1be3506d77c81115b10c"",""data/metrics_faithfulness_metrics_PickCube-v1_170m_seed42_l2_20260530_021658.jsonl:353:8d6db2059bbca1acf289e96824391284f3ca47a1c94625db3476a072fdfe57bf"",""data/metrics_faithfulness_metrics_PickCube-v1_170m_seed42_l2_20260530_021658.jsonl:354:f61d67011840c96127fe859b1dafa541b5c4ff4f215660bd66aa71cae37c70c3"",""data/metrics_faithfulness_metrics_PickCube-v1_170m_seed42_l2_20260530_021658.jsonl:355:5571ce6d156caf851fe7c88047b2581fd4811fe0bb6fe27a715d2a428626cf03"",""data/metrics_faithfulness_metrics_PickCube-v1_170m_seed42_l2_20260530_021658.jsonl:356:d056358aa161b80eb928115c008ce92d876c6f5615f499c9de421fcb55eb79ed"",""data/metrics_faithfulness_metrics_PickCube-v1_170m_seed42_l2_20260530_021658.jsonl:357:d2e13010e5164f7410133a356ffa98fce2c97767c0a65c6aa14dc9370ff26ae5"",""data/metrics_faithfulness_metrics_PickCube-v1_170m_seed42_l2_20260530_021658.jsonl:358:c65d2c1613a229485bfb3585d39c461a6280b8ebc9a3af4ad59b8a2317801feb"",""data/metrics_faithfulness_metrics_PickCube-v1_170m_seed42_l2_20260530_021658.jsonl:359:73d18499e2db16466ca267cb3a3526f1a8f538dd4abbe579ec9f6a611bbe6b3c"",""data/metrics_faithfulness_metrics_PickCube-v1_170m_seed42_l2_20260530_021658.jsonl:360:9ec3e7847b3b03fee2b14c341ba922c5e97371f1d94961ab039819740d3f468e"",""data/metrics_faithfulness_metrics_PickCube-v1_170m_seed42_l2_20260530_021658.jsonl:361:c8a2b9a9db3a71b261ca6e4214b0292d2bcfea848b3bf01c72572688a77f9d13"",""data/metrics_faithfulness_metrics_PickCube-v1_170m_seed42_l2_20260530_021658.jsonl:362:6f3722984a7fe2af76122fba82a99e187a32917634d5521eb62894761e504d76"",""data/metrics_faithfulness_metrics_PickCube-v1_170m_seed42_l2_20260530_021658.jsonl:363:a921efd598bfac3f9e10aac7eb487cc6ec0d16a0dabce57f68c376821481fe4f"",""data/metrics_faithfulness_metrics_PickCube-v1_170m_seed42_l2_20260530_021658.jsonl:364:9a9ee87955dcc3b4fe9597e29c4c3aab2bb63c4efaeba93d0463e675f60279cd"",""data/metrics_faithfulness_metrics_PickCube-v1_170m_seed42_l2_20260530_021658.jsonl:365:2607830c1b57eb4329c63db8b07bba5d3672e8d06adc4b68ff4578ca100eca83"",""data/metrics_faithfulness_metrics_PickCube-v1_170m_seed42_l2_20260530_021658.jsonl:366:d0aeae3384d2900a046a4222f6a97159b3dfa9187fbec821e6cb34a4b8bd4a89"",""data/metrics_faithfulness_metrics_PickCube-v1_170m_seed42_l2_20260530_021658.jsonl:367:5fb442924c69a3b20de02d36e730e14865bf11c1bdae15e14913a4bf83bc86a6"",""data/metrics_faithfulness_metrics_PickCube-v1_170m_seed42_l2_20260530_021658.jsonl:368:d794e7ef7d1e1f93e2c22cf083dcce475102c075ef6f167038c0afd1088b0853"",""data/metrics_faithfulness_metrics_PickCube-v1_170m_seed42_l2_20260530_021658.jsonl:369:996d7a7770254e41260fa33c8e1d1deaa5fdbcf6bbed6844eabb90d01f43c1f4"",""data/metrics_faithfulness_metrics_PickCube-v1_170m_seed42_l2_20260530_021658.jsonl:370:84d582b8d09a73050c2143c3b5e2707143c5029636aa94c2ddf39a4a3baad44a"",""data/metrics_faithfulness_metrics_PickCube-v1_170m_seed42_l2_20260530_021658.jsonl:371:2deabcf078a0de122c78adffead5da7e18ce97bbf8865a5885427e73510a07f6"",""data/metrics_faithfulness_metrics_PickCube-v1_170m_seed42_l2_20260530_021658.jsonl:372:91892e270b0e65d860ad1c8da3e60608dbc3d876bda06faad04e866a704a4cfd"",""data/metrics_faithfulness_metrics_PickCube-v1_170m_seed42_l2_20260530_021658.jsonl:373:1c9155c6796f2a1c436cdc22d5ad6e06edd87d88c39fe87b4ce45908e337e346"",""data/metrics_faithfulness_metrics_PickCube-v1_170m_seed42_l2_20260530_021658.jsonl:374:d3bc05e758cbe3f3a6cac57ea90f85a9de4d595d3ec9672657671f5091f5e166""]",0.18345294063397233,-0.0032250762571016957,0.0
L2:vision:deletion,L2,vision,deletion,fc3bf3cb3162aa158fc353e843ea58ab343fd7226f91079a7d3380acfafff3c4,25,25,0.12992476707812334,"[""data/metrics_faithfulness_metrics_PickCube-v1_170m_seed142_l2_20260530_082947.jsonl:251:a47773ac7d9897112f2cfa02eb0c9dc79f311f34351aa3b47639fb01471321b1"",""data/metrics_faithfulness_metrics_PickCube-v1_170m_seed142_l2_20260530_082947.jsonl:252:5834497a7ab974475e5c145e64660c40f794b1a8504a64f7504fcf04a9f16eb6"",""data/metrics_faithfulness_metrics_PickCube-v1_170m_seed142_l2_20260530_082947.jsonl:253:3c65bf22eb1aa7c3b2611dd4f45ff61c07193252816bb037c2532671d354b14c"",""data/metrics_faithfulness_metrics_PickCube-v1_170m_seed142_l2_20260530_082947.jsonl:254:2fc2ac811a9dd407348b7b8b43e100d817181d40db07303b96da3f88cc514e1b"",""data/metrics_faithfulness_metrics_PickCube-v1_170m_seed142_l2_20260530_082947.jsonl:255:933fb6acd032d7e1f9c76284aa395497a89c64daf6197252e48c7806ce9d0b6c"",""data/metrics_faithfulness_metrics_PickCube-v1_170m_seed142_l2_20260530_082947.jsonl:256:b15c9d0005152110cd4fb8ef73060b39cbc6279222cc704c378b179b72ee3baf"",""data/metrics_faithfulness_metrics_PickCube-v1_170m_seed142_l2_20260530_082947.jsonl:257:1332b419dac7267e3fdada7cfe7bf715cb88cd56a9baa54267e8cdaa8c3ab65c"",""data/metrics_faithfulness_metrics_PickCube-v1_170m_seed142_l2_20260530_082947.jsonl:258:d1c09e73bf8a1fa56ac6f3e45d424639d98ba20a87228528fdebebb3821901c1"",""data/metrics_faithfulness_metrics_PickCube-v1_170m_seed142_l2_20260530_082947.jsonl:259:82b43a0b7e90b6569947bbfbb1df9d1811a37188d35e6372112f7a7d2fc9f8da"",""data/metrics_faithfulness_metrics_PickCube-v1_170m_seed142_l2_20260530_082947.jsonl:260:b0ca789a9f8498e67975af715e8af24353474434987b937a002863428e2d1f8d"",""data/metrics_faithfulness_metrics_PickCube-v1_170m_seed142_l2_20260530_082947.jsonl:261:847ae68942e1fe3718f9eaa26e6e287428bc136acf51f54d7234e6edbfc61bc3"",""data/metrics_faithfulness_metrics_PickCube-v1_170m_seed142_l2_20260530_082947.jsonl:262:4abb0c201cc5df20f758b2777c23b7e44ee97a066ce97cf91920fc8134829fda"",""data/metrics_faithfulness_metrics_PickCube-v1_170m_seed142_l2_20260530_082947.jsonl:263:c74ac415f2ba9a0b5de5ef8560bb7b9cff318e8a70180f1ce2042164017185e1"",""data/metrics_faithfulness_metrics_PickCube-v1_170m_seed142_l2_20260530_082947.jsonl:264:3a6a1cf5e27663776459874ef1218317c9893c1fd96b110a36c4a97a5f4d12d8"",""data/metrics_faithfulness_metrics_PickCube-v1_170m_seed142_l2_20260530_082947.jsonl:265:22ab40e5a654f91ed01040d6044dbde8eb398b2d4707062a39a03db42baabd79"",""data/metrics_faithfulness_metrics_PickCube-v1_170m_seed142_l2_20260530_082947.jsonl:266:87c2c2e44cd07cb78113387721616a974131e814daca32ec484d0834bbdf804f"",""data/metrics_faithfulness_metrics_PickCube-v1_170m_seed142_l2_20260530_082947.jsonl:267:9349ce6e8246d253881a1165bec60bbc54f8f5ee811b476a03cd6a0d999032b2"",""data/metrics_faithfulness_metrics_PickCube-v1_170m_seed142_l2_20260530_082947.jsonl:268:b7f3ab2eab23550bc11e0d7d01ba7a8b9b86f284893401274be00f0ef09f41e0"",""data/metrics_faithfulness_metrics_PickCube-v1_170m_seed142_l2_20260530_082947.jsonl:269:31ae65959045810ad727ce0f8ee642524cf96bdba87225cf22671425879971e9"",""data/metrics_faithfulness_metrics_PickCube-v1_170m_seed142_l2_20260530_082947.jsonl:270:5d7d9a1470bdda0e171fac63f44e4e046c320caccc156b657dc38d69dcff0fb4"",""data/metrics_faithfulness_metrics_PickCube-v1_170m_seed142_l2_20260530_082947.jsonl:271:2666a38c1b6776f8407bda278411205e5e696c17d4a65b759e093ed3640f809f"",""data/metrics_faithfulness_metrics_PickCube-v1_170m_seed142_l2_20260530_082947.jsonl:272:b24bea235d52afea38b2aa1abcf553daeb0a9998fcf41ebca1dd40144c4b3822"",""data/metrics_faithfulness_metrics_PickCube-v1_170m_seed142_l2_20260530_082947.jsonl:273:318d3033010d8f753c366203bc8451a77b58c0a07fa5ecacb7df7e089628578e"",""data/metrics_faithfulness_metrics_PickCube-v1_170m_seed142_l2_20260530_082947.jsonl:274:8427f5095d6b6d441c163482621163ce4755479b4d5adf64306cda5d4d9081e9"",""data/metrics_faithfulness_metrics_PickCube-v1_170m_seed142_l2_20260530_082947.jsonl:275:8516f7e67dd15fa9a93d4d2c5d754fbc60d24c0eb8c556107e9d740fccfb49fa""]",0.14845964915511844,-0.018534882076995097,0.0
L2:vision:deletion,L2,vision,deletion,fc7d525a108575036e5527da179df56881e097183c830a7987fecbca160ace37,25,25,0.04085628767625301,"[""data/metrics_faithfulness_metrics_PickCube-v1_170m_seed142_l2_20260530_082947.jsonl:301:6832d3d40f23bb4ea72048c33ae014491a5b18ad99608afe0b4048921dab0e0f"",""data/metrics_faithfulness_metrics_PickCube-v1_170m_seed142_l2_20260530_082947.jsonl:302:bbc02e3b8b8eab7ee8092503fe49d1b655f13c4344fac8fc47129e9807fe3594"",""data/metrics_faithfulness_metrics_PickCube-v1_170m_seed142_l2_20260530_082947.jsonl:303:b5e2bdf2abb6a55e4137a9c20076f250b35a8337a1ce96fe72832f87e5965df6"",""data/metrics_faithfulness_metrics_PickCube-v1_170m_seed142_l2_20260530_082947.jsonl:304:96841e0e9b313cf779d11e2e134b931f5ed10fa43756faab8bfbd49b1ae4d8aa"",""data/metrics_faithfulness_metrics_PickCube-v1_170m_seed142_l2_20260530_082947.jsonl:305:a1c5a65756079590a9ccd11759993bafec3b8bb4cc67d935d32d7c879531d44a"",""data/metrics_faithfulness_metrics_PickCube-v1_170m_seed142_l2_20260530_082947.jsonl:306:b15b65068694056b4c6d585f0d31d93cc169777604e3341076155caea6d5e28a"",""data/metrics_faithfulness_metrics_PickCube-v1_170m_seed142_l2_20260530_082947.jsonl:307:2e0ee80eb6f863127b475dab299479b7ace4723b8b5d9da1523a36ddc76f6b3c"",""data/metrics_faithfulness_metrics_PickCube-v1_170m_seed142_l2_20260530_082947.jsonl:308:8f180c70ccaeb53e1a91f928524f8cc2d7263978b76a3a4cd8fef933319fceee"",""data/metrics_faithfulness_metrics_PickCube-v1_170m_seed142_l2_20260530_082947.jsonl:309:94e7e768e7331891c053796b50cb3d39d5c049b3d6cedb9aa6e68dc3dc7896de"",""data/metrics_faithfulness_metrics_PickCube-v1_170m_seed142_l2_20260530_082947.jsonl:310:ff105fbd0076b30bed402741f4af8c63692e8d5a497ccdbc9df6086044912510"",""data/metrics_faithfulness_metrics_PickCube-v1_170m_seed142_l2_20260530_082947.jsonl:311:017b2bcf4fc788296def3d31b5b00091b76abbfec9cfe08dad4459250f81e577"",""data/metrics_faithfulness_metrics_PickCube-v1_170m_seed142_l2_20260530_082947.jsonl:312:d36b1e4648ecf139980ba517c506185f88e45b81c87abfe33706c75daf1ee902"",""data/metrics_faithfulness_metrics_PickCube-v1_170m_seed142_l2_20260530_082947.jsonl:313:d3115ec175843187d9ea03435e73ee222fc33643da46a7da8b6d5261c7d74ac8"",""data/metrics_faithfulness_metrics_PickCube-v1_170m_seed142_l2_20260530_082947.jsonl:314:f9e174d00fa82ce4bba84f4f3d1d4f261d579720cdb7fd1dd124dfa8ae9cfd57"",""data/metrics_faithfulness_metrics_PickCube-v1_170m_seed142_l2_20260530_082947.jsonl:315:2a53e3d365fb310cd377a3e0397f42704380e9ee62cd179fcabba5d4388e8cf6"",""data/metrics_faithfulness_metrics_PickCube-v1_170m_seed142_l2_20260530_082947.jsonl:316:3ec1bb6fe1f617ed4b696c5decefa66a586f0b8adad6a22ca9ed818cb6fdafb0"",""data/metrics_faithfulness_metrics_PickCube-v1_170m_seed142_l2_20260530_082947.jsonl:317:7db028389a8f6d7f9fcc77912b8569a12fcf7bab0ca57c50c96e688022dde921"",""data/metrics_faithfulness_metrics_PickCube-v1_170m_seed142_l2_20260530_082947.jsonl:318:1cf303893266408bcde0cb54fef4f3f4392fa1d0d528e11b0da55d837f21445b"",""data/metrics_faithfulness_metrics_PickCube-v1_170m_seed142_l2_20260530_082947.jsonl:319:daceeb82a5ad8498e40ae2fbe546788822b06ef4ce432630b86feeb797a9937d"",""data/metrics_faithfulness_metrics_PickCube-v1_170m_seed142_l2_20260530_082947.jsonl:320:1e9360c2782bb5ea4c0e76c30188b679c8620b33110b714914194a1298dd43c0"",""data/metrics_faithfulness_metrics_PickCube-v1_170m_seed142_l2_20260530_082947.jsonl:321:5d0af7f474c5d129814eafb0b166df122782d948d31207ab259ea23b0299544b"",""data/metrics_faithfulness_metrics_PickCube-v1_170m_seed142_l2_20260530_082947.jsonl:322:c825fae007f4086145c3a73af3513ba1115bf9623c0ee1278433d45202945075"",""data/metrics_faithfulness_metrics_PickCube-v1_170m_seed142_l2_20260530_082947.jsonl:323:db18d64749410027efab0cf00eafe0c16b39545e2be4bc4926c28ffad67b0cb2"",""data/metrics_faithfulness_metrics_PickCube-v1_170m_seed142_l2_20260530_082947.jsonl:324:f4802f786be95c5d4ddab459d0b18609fbce570d4165482072a685b0ceb08f3c"",""data/metrics_faithfulness_metrics_PickCube-v1_170m_seed142_l2_20260530_082947.jsonl:325:a9d899ff8a7596703677c4fa2d73d2771ae94dd860939f28408c38e7ef04421e""]",0.07851233783526528,-0.03765605015901227,0.0
L2:vision:deletion,L2,vision,deletion,fe86f3f78070d01a03dbdd22e378167bb234810e3fcfe9a8f58fafc8578eff8c,25,25,0.14805287725645644,"[""data/metrics_faithfulness_metrics_PickCube-v1_170m_seed42_l2_20260530_021658.jsonl:126:6fa5b21f81a3e2e63057c3798766077740d2966d88fa4466b562402451ccad9d"",""data/metrics_faithfulness_metrics_PickCube-v1_170m_seed42_l2_20260530_021658.jsonl:127:72d030d5aa6af04ef1066c9d3406c6cfdf61a1efc26fee16727d10c72975f233"",""data/metrics_faithfulness_metrics_PickCube-v1_170m_seed42_l2_20260530_021658.jsonl:128:b566cc269f47f943b42217ec5c37d68daa3e2e444ff0f5d15762baabe442e363"",""data/metrics_faithfulness_metrics_PickCube-v1_170m_seed42_l2_20260530_021658.jsonl:129:17e2a8de506349fe395de90e72c25b0781a295cf41291194fa164720531a76a4"",""data/metrics_faithfulness_metrics_PickCube-v1_170m_seed42_l2_20260530_021658.jsonl:130:a1661cf97f41d2ac68fcfc508ec3184260bf7df34384421d45e79d6dce9df0c8"",""data/metrics_faithfulness_metrics_PickCube-v1_170m_seed42_l2_20260530_021658.jsonl:131:98ae8bc9da3b08cefdb0295fc5467cc0e270a51b742aa141495f2f352880e086"",""data/metrics_faithfulness_metrics_PickCube-v1_170m_seed42_l2_20260530_021658.jsonl:132:bfa494e3eb3ab36d1c6e0726f32655a293b80fca7904407effcce5447eae0f2e"",""data/metrics_faithfulness_metrics_PickCube-v1_170m_seed42_l2_20260530_021658.jsonl:133:f33e316be8bf031dd996b7d48ae386665c06eb25602a3e82593cd6d521acf129"",""data/metrics_faithfulness_metrics_PickCube-v1_170m_seed42_l2_20260530_021658.jsonl:134:477b7eb342bf92296efb9da9814a7175060caffaf7c200e42c4e7927bba0c356"",""data/metrics_faithfulness_metrics_PickCube-v1_170m_seed42_l2_20260530_021658.jsonl:135:4c55f22d390969f297a5027e5cfffda00aae83030fe2f641b90228aae839b48f"",""data/metrics_faithfulness_metrics_PickCube-v1_170m_seed42_l2_20260530_021658.jsonl:136:4a531525ac6d588aa22a3d6609114249ffbed0c9c7290baf3e8bcce92dfba491"",""data/metrics_faithfulness_metrics_PickCube-v1_170m_seed42_l2_20260530_021658.jsonl:137:5f1805f1e8342b3e51c50bb1c31542dfd844cab4375ecaca90ac22fab91f5643"",""data/metrics_faithfulness_metrics_PickCube-v1_170m_seed42_l2_20260530_021658.jsonl:138:f74e2a55370b2c4a7eeeb921f8097ce38c3ae6ea2ab631c1667035127af232fc"",""data/metrics_faithfulness_metrics_PickCube-v1_170m_seed42_l2_20260530_021658.jsonl:139:89a634d49290cf9ece4d849f0b178ddc98eb4a9c0134c2bae28d9aec7a306a96"",""data/metrics_faithfulness_metrics_PickCube-v1_170m_seed42_l2_20260530_021658.jsonl:140:249cb575e48493d738bcc2503412bc7e71ad09d77fcd52ffeb3ed332a94b9079"",""data/metrics_faithfulness_metrics_PickCube-v1_170m_seed42_l2_20260530_021658.jsonl:141:7fddad48cc4643f1ea22ce17b9a56aea47a75477c532fb72b5956c7ffb391b24"",""data/metrics_faithfulness_metrics_PickCube-v1_170m_seed42_l2_20260530_021658.jsonl:142:dbe11678275c9838ad870a9456f88f0471319861b0be0326fd699c075d86d336"",""data/metrics_faithfulness_metrics_PickCube-v1_170m_seed42_l2_20260530_021658.jsonl:143:9d9c1c40751d63708747447184d1663a1a26322711e2132f305bef84651e3876"",""data/metrics_faithfulness_metrics_PickCube-v1_170m_seed42_l2_20260530_021658.jsonl:144:8633393e1f7ed2511fe03cd452fa91cea4cca2092e8caf1ac52c9724dec6f480"",""data/metrics_faithfulness_metrics_PickCube-v1_170m_seed42_l2_20260530_021658.jsonl:145:dac610c1ab7249ac6399a60baee41fed070d6ce0af2561daac289e5d0a489f7a"",""data/metrics_faithfulness_metrics_PickCube-v1_170m_seed42_l2_20260530_021658.jsonl:146:a5366b118254bc37be2f346c43b71b472e52414d375a7df8692bcc737da51850"",""data/metrics_faithfulness_metrics_PickCube-v1_170m_seed42_l2_20260530_021658.jsonl:147:2770aad35fbb11659b4f0499fcb6cc3ca5b98355444be045c8e5e9a59a438f15"",""data/metrics_faithfulness_metrics_PickCube-v1_170m_seed42_l2_20260530_021658.jsonl:148:4235108f63bde06bfc3079dfab4fd9167dc39016ff9ef49bbc1fcaa72c90088a"",""data/metrics_faithfulness_metrics_PickCube-v1_170m_seed42_l2_20260530_021658.jsonl:149:59f2c96dbff7c7c39c0bc1d5495181b0bf1516a9a783b70f49039f59d9590fd4"",""data/metrics_faithfulness_metrics_PickCube-v1_170m_seed42_l2_20260530_021658.jsonl:150:acc8aa0f2a807e48e02fb91f17ade95fd8d5062e80894baa2e52d79e3f3adee4""]",0.16680487918517337,-0.018752001928716913,0.0
L2:lang:insertion,L2,lang,insertion,0b54b3fe277a26d0cd055d07e3c55a6758becafd90e2090097a9c09f9b6e418e,25,25,0.026739460607032046,"[""data/metrics_faithfulness_metrics_PickCube-v1_170m_seed142_l2_20260530_082947.jsonl:276:8e919113e8ed86a6b65a78f01b84ffedae644c24428985ad3e9212d00c94b7a9"",""data/metrics_faithfulness_metrics_PickCube-v1_170m_seed142_l2_20260530_082947.jsonl:277:59dec5786c502051186ccba58e3f0adf33c93c015ecf401a4ba52aad12bf07f6"",""data/metrics_faithfulness_metrics_PickCube-v1_170m_seed142_l2_20260530_082947.jsonl:278:5b8232b8f0726329cbebfe5a15736e6272a7a0c03f0dac13aaf6c2c9c6e0f157"",""data/metrics_faithfulness_metrics_PickCube-v1_170m_seed142_l2_20260530_082947.jsonl:279:c60daa1d7399e35c92fbcf898c17388c26b13926ccab3255a5824e2b2aa468e9"",""data/metrics_faithfulness_metrics_PickCube-v1_170m_seed142_l2_20260530_082947.jsonl:280:4266e5b7e109b0cd062fca1ffa65bffce8c05d4e60e4e36521acb8084031479c"",""data/metrics_faithfulness_metrics_PickCube-v1_170m_seed142_l2_20260530_082947.jsonl:281:b558bc1db09eaa3b3e11ec7cac70b56ff25e2a85e01e2d1403af1b2131343b78"",""data/metrics_faithfulness_metrics_PickCube-v1_170m_seed142_l2_20260530_082947.jsonl:282:209b78d0860e800e45b537eb2abf647032a44f9d98748efdea8ad93a9f806655"",""data/metrics_faithfulness_metrics_PickCube-v1_170m_seed142_l2_20260530_082947.jsonl:283:4a580a024b0342567c5416d5a16a6897a7347080090e475e798be57c7b1c535f"",""data/metrics_faithfulness_metrics_PickCube-v1_170m_seed142_l2_20260530_082947.jsonl:284:a0b1b667eb38eb4201df36b257e9cfb58a879784057fcc0a9277e4dde0a8f6af"",""data/metrics_faithfulness_metrics_PickCube-v1_170m_seed142_l2_20260530_082947.jsonl:285:3e8a155533670301edfd7436779d8cc8cb18fadf7734d334976b913a70735bdb"",""data/metrics_faithfulness_metrics_PickCube-v1_170m_seed142_l2_20260530_082947.jsonl:286:856cf79493d762bb6ea711269fa346d17dcc2ce5de3b9575a1d50b9edd537555"",""data/metrics_faithfulness_metrics_PickCube-v1_170m_seed142_l2_20260530_082947.jsonl:287:9a7741c47ea9ef5c9688c2afe2c4dbdbdcb39521cf0251cecde45dc73a5d1226"",""data/metrics_faithfulness_metrics_PickCube-v1_170m_seed142_l2_20260530_082947.jsonl:288:c2adc6839d47ac4d3db581276932687375da023ed9c33d61851e6ec972e9cb59"",""data/metrics_faithfulness_metrics_PickCube-v1_170m_seed142_l2_20260530_082947.jsonl:289:b304e38ce3bd51ed755dc70531bb560ec7feb25bc4d2e0bfb4ef76f490e00ca1"",""data/metrics_faithfulness_metrics_PickCube-v1_170m_seed142_l2_20260530_082947.jsonl:290:7a566d33825b2a0d5adc012952343c52ba3badc286f77cc6929b73f128c7854d"",""data/metrics_faithfulness_metrics_PickCube-v1_170m_seed142_l2_20260530_082947.jsonl:291:299f025f45397c4b07e1b100d38248cdc6cd347e4ffa75e9bf69f38625694f13"",""data/metrics_faithfulness_metrics_PickCube-v1_170m_seed142_l2_20260530_082947.jsonl:292:6918520c2a690bce6a50027d7b4088da6bff63c6c700c3b5a7bd8a4bd0c7a821"",""data/metrics_faithfulness_metrics_PickCube-v1_170m_seed142_l2_20260530_082947.jsonl:293:731ec2f9e4b0252d89cdef1c64b8e89a3a0a134f33507c321dc556b9cb4a2ed7"",""data/metrics_faithfulness_metrics_PickCube-v1_170m_seed142_l2_20260530_082947.jsonl:294:72ff8205e8e3e14158d86c7cb821652732da4853cd559cd81cfa8cadbf75496e"",""data/metrics_faithfulness_metrics_PickCube-v1_170m_seed142_l2_20260530_082947.jsonl:295:647f5059f03857253e51773443508615cc1a9d9610eed1624fcc4e9299cc160f"",""data/metrics_faithfulness_metrics_PickCube-v1_170m_seed142_l2_20260530_082947.jsonl:296:5418cfab4dacfb1a7985d63631fc3d2c7b3cd47271f173ccf364a89c787f0f70"",""data/metrics_faithfulness_metrics_PickCube-v1_170m_seed142_l2_20260530_082947.jsonl:297:bd2637ff5b19c6659ac6500802655ed68ef244742624db30168eeeae3dd790a7"",""data/metrics_faithfulness_metrics_PickCube-v1_170m_seed142_l2_20260530_082947.jsonl:298:dc99acd97f0be889979637a6ae47d13e717c1e179f7e754c9fc0eaebfb3d094b"",""data/metrics_faithfulness_metrics_PickCube-v1_170m_seed142_l2_20260530_082947.jsonl:299:3680d7c7dd3f32672fc4f383c8a6c77c974396eeedb27123b5b765c07a975f3a"",""data/metrics_faithfulness_metrics_PickCube-v1_170m_seed142_l2_20260530_082947.jsonl:300:1a412f6d9753ef75d05de2da7336edabe8ca475c9050150dbdeea1951e0b65d4""]",0.15332130215185605,-0.12658184154482402,0.0
L2:lang:insertion,L2,lang,insertion,103c278f8cea9e190a33210a8da7a4011ad4ef6226ba2f5b84f64ab693b94d02,25,25,-0.08122945139076267,"[""data/metrics_faithfulness_metrics_PickCube-v1_170m_seed142_l2_20260530_082947.jsonl:100:c9df18f78bccd98676b76f0f181b6cdc1869ecbfd0333924c93afbb4b50ea405"",""data/metrics_faithfulness_metrics_PickCube-v1_170m_seed142_l2_20260530_082947.jsonl:76:1fd5ca190899dbfd00756872b55f3bbc705a215ddffbb88f0fef371ddc2701b9"",""data/metrics_faithfulness_metrics_PickCube-v1_170m_seed142_l2_20260530_082947.jsonl:77:88cd472894526ab0959156f4fdf19aff96c2bc0437dfc5a40fb3af9d62c7a5a8"",""data/metrics_faithfulness_metrics_PickCube-v1_170m_seed142_l2_20260530_082947.jsonl:78:f75dea264e1c08e86004d408826be450499ff3be0f5d07da6a6ac3d6f2d0c952"",""data/metrics_faithfulness_metrics_PickCube-v1_170m_seed142_l2_20260530_082947.jsonl:79:2b761f40e1cad306ff36989c30d790ac9bee19b9c910518385d4e7f792b613cf"",""data/metrics_faithfulness_metrics_PickCube-v1_170m_seed142_l2_20260530_082947.jsonl:80:c4e70972d9cd12c35a2b1b2989fc625400ef619f271315c44f902cab33502143"",""data/metrics_faithfulness_metrics_PickCube-v1_170m_seed142_l2_20260530_082947.jsonl:81:b38b5fb8f22e11f61b35b8ab4be35040d17cc228ed98c91f7aeaefeb10b4d8d2"",""data/metrics_faithfulness_metrics_PickCube-v1_170m_seed142_l2_20260530_082947.jsonl:82:458081c8dcf79549925bfaa7afa3ea7b3aa733ac2a2b33bf0286a4fd671889ee"",""data/metrics_faithfulness_metrics_PickCube-v1_170m_seed142_l2_20260530_082947.jsonl:83:afca8d849a3a8665326521f88fb39ffb55cb8817a74d340029e44ebdb1bec735"",""data/metrics_faithfulness_metrics_PickCube-v1_170m_seed142_l2_20260530_082947.jsonl:84:49aedeaa0e20df69d88ab187903c63bbde0a823af1f0774bc9a74e7a6e23454e"",""data/metrics_faithfulness_metrics_PickCube-v1_170m_seed142_l2_20260530_082947.jsonl:85:4ec7feb0f4ca8b120a8452ecff8f055ec599a70a7d7689719ff4261e0f67426a"",""data/metrics_faithfulness_metrics_PickCube-v1_170m_seed142_l2_20260530_082947.jsonl:86:a0b37ca2d2b04834c0e0e19ff976e4183a6c94077ba0678cc92fd7dbe39c8da8"",""data/metrics_faithfulness_metrics_PickCube-v1_170m_seed142_l2_20260530_082947.jsonl:87:94e97b7ecbf3c6f2c776f53a6052ba2c13db5f76380035a1d3a5ff864ad92d1a"",""data/metrics_faithfulness_metrics_PickCube-v1_170m_seed142_l2_20260530_082947.jsonl:88:638f21193b4d0edbdcc6de2ce7aea43b8661aa6eebfb9f05c734ab9302c1e3d2"",""data/metrics_faithfulness_metrics_PickCube-v1_170m_seed142_l2_20260530_082947.jsonl:89:6429f55ef05975e174eaa1dd7176e35c4e0a9941c86640bf75e4bdc68d131c83"",""data/metrics_faithfulness_metrics_PickCube-v1_170m_seed142_l2_20260530_082947.jsonl:90:2b0ff7f7a5b15df9e6ffed490e7e53ac3e03f26b13acd5a98eea018e830ffb4a"",""data/metrics_faithfulness_metrics_PickCube-v1_170m_seed142_l2_20260530_082947.jsonl:91:2f240111cfbcdd60bb565815ff417951fc4d263be0282a2e3f01607207286af3"",""data/metrics_faithfulness_metrics_PickCube-v1_170m_seed142_l2_20260530_082947.jsonl:92:22faeb90b6d4f04d1846b4ae7c12da5d716f80fbe3944883503471fcd2eb686f"",""data/metrics_faithfulness_metrics_PickCube-v1_170m_seed142_l2_20260530_082947.jsonl:93:57a761c03e4a0ad723f2d34b1e717951a4bbae04fd517fce0bec3422ae7aa4bf"",""data/metrics_faithfulness_metrics_PickCube-v1_170m_seed142_l2_20260530_082947.jsonl:94:6ec7db4d504b216a19b094193233fbd64d3be86eb1805fb02a599db333974bd0"",""data/metrics_faithfulness_metrics_PickCube-v1_170m_seed142_l2_20260530_082947.jsonl:95:76eed63568d48dd90aaead312fb2afbef71a7ae7e69cbac94ce5c8568f9457b3"",""data/metrics_faithfulness_metrics_PickCube-v1_170m_seed142_l2_20260530_082947.jsonl:96:c3d842284b870ca6c66a6da0f70dcfcc805b85ccbf18887e00e5cb5d6136cc77"",""data/metrics_faithfulness_metrics_PickCube-v1_170m_seed142_l2_20260530_082947.jsonl:97:0ba076cd92632ba23131ecfb7318865d4fcf547e27492a12033833ffc1487d47"",""data/metrics_faithfulness_metrics_PickCube-v1_170m_seed142_l2_20260530_082947.jsonl:98:b8aac2de2ca91b98997a05bcb85e767a64cdd59069045b80567bb4f001aa838a"",""data/metrics_faithfulness_metrics_PickCube-v1_170m_seed142_l2_20260530_082947.jsonl:99:7ef85fc449e9a2bfc219a4ea387ab98fbba19eb45163dd4a041e26167c2d5886""]",0.13658391697128247,-0.21781336836204518,0.0
L2:lang:insertion,L2,lang,insertion,2b9c0717e3d744841d5419f0f59691c6a193bad395b90a7b2ba4315a0e2272e0,25,25,-0.4143073830301585,"[""data/metrics_faithfulness_metrics_PickCube-v1_170m_seed142_l2_20260530_082947.jsonl:151:0da34d16f6ba39e7aba34114434f39ca130ef20507af096d76656579de282217"",""data/metrics_faithfulness_metrics_PickCube-v1_170m_seed142_l2_20260530_082947.jsonl:152:27eef238e2edc9b56411d525d12a7d2247ecf383298ca1d6918b86eaeaf9921e"",""data/metrics_faithfulness_metrics_PickCube-v1_170m_seed142_l2_20260530_082947.jsonl:153:f1196d1b4642b5b1ecdfb6f605346bfdc5db731276d9cfa1a60db9ff39ba1758"",""data/metrics_faithfulness_metrics_PickCube-v1_170m_seed142_l2_20260530_082947.jsonl:154:6509664149694658cc606788cc8fca493f15d31d3028fc233efd116142b976d4"",""data/metrics_faithfulness_metrics_PickCube-v1_170m_seed142_l2_20260530_082947.jsonl:155:9527038a76be6a70db56b6468621b3e4dd0c0f79b0ebf52b81af7e1d00347687"",""data/metrics_faithfulness_metrics_PickCube-v1_170m_seed142_l2_20260530_082947.jsonl:156:4a1e9991815716c8140c9d5f73264abba4cf64113a43546933599b395acac93b"",""data/metrics_faithfulness_metrics_PickCube-v1_170m_seed142_l2_20260530_082947.jsonl:157:8d6c34f4cb54bb7c4f4c87a8c98f04ea7da3a5ea5eb98b94e4577f1161ba9600"",""data/metrics_faithfulness_metrics_PickCube-v1_170m_seed142_l2_20260530_082947.jsonl:158:15ea39c5269313103b16e6e913d0b496afcbdbdfb771aba10960f905091ab634"",""data/metrics_faithfulness_metrics_PickCube-v1_170m_seed142_l2_20260530_082947.jsonl:159:578bee2598abd68d2b1340a7ae35d527a07ea295a7f6e6ea8746d3258862b56c"",""data/metrics_faithfulness_metrics_PickCube-v1_170m_seed142_l2_20260530_082947.jsonl:160:42deae522bbc84a50c45c94cdf6c14bef6b5545829e148f977787463d3821a12"",""data/metrics_faithfulness_metrics_PickCube-v1_170m_seed142_l2_20260530_082947.jsonl:161:d6378a5ed1d9a49835241fe634706358f3470c980986de5197572463c5a1013f"",""data/metrics_faithfulness_metrics_PickCube-v1_170m_seed142_l2_20260530_082947.jsonl:162:6be80fbd9b839b710dd98b05cfc679e438fd940e893df8734b1163ab1acb3217"",""data/metrics_faithfulness_metrics_PickCube-v1_170m_seed142_l2_20260530_082947.jsonl:163:695fe680c4691475d7f80e640d4ee7dab4024eea809a83aa941e267e3da4583a"",""data/metrics_faithfulness_metrics_PickCube-v1_170m_seed142_l2_20260530_082947.jsonl:164:b74191209474ef45506e91a270026567cc32e96d0dcbf99c4f4a9c14b504c19f"",""data/metrics_faithfulness_metrics_PickCube-v1_170m_seed142_l2_20260530_082947.jsonl:165:2175c216b209db07f7ecc0488bd9acbece7a35d11a51c5ea955716a3557b3ae9"",""data/metrics_faithfulness_metrics_PickCube-v1_170m_seed142_l2_20260530_082947.jsonl:166:0416e1f068b170e77ed955831de4953a675533b9edffe2f8be84663bff5456db"",""data/metrics_faithfulness_metrics_PickCube-v1_170m_seed142_l2_20260530_082947.jsonl:167:b9029e496adba6034fb976c49e018c30748f621386be99233f2e30f415529edd"",""data/metrics_faithfulness_metrics_PickCube-v1_170m_seed142_l2_20260530_082947.jsonl:168:6aed096833d46ff2a0a1c4bf330d7c5b2f80d699d971c7b5d4392bebcda61a6b"",""data/metrics_faithfulness_metrics_PickCube-v1_170m_seed142_l2_20260530_082947.jsonl:169:0af23c32b56b867606776964145dc522ea7a8b172f1cdfc51d7fb1ac726fff52"",""data/metrics_faithfulness_metrics_PickCube-v1_170m_seed142_l2_20260530_082947.jsonl:170:3d367228821249983adacdbe1836e3ba4144dd081f14837d2ac4b6202cbdb0e2"",""data/metrics_faithfulness_metrics_PickCube-v1_170m_seed142_l2_20260530_082947.jsonl:171:fc3f15b0005ed882c667671333873c46f7d24e5921e731726f73f8551baec942"",""data/metrics_faithfulness_metrics_PickCube-v1_170m_seed142_l2_20260530_082947.jsonl:172:237f61f6b3ba903fb8b798182f81d6ff82d55ddc87e2745a4f78d34651ab0bb3"",""data/metrics_faithfulness_metrics_PickCube-v1_170m_seed142_l2_20260530_082947.jsonl:173:646702e091daa0d14a197fb84ccfd9ae3d03edccb5078be8dd0de05821a59552"",""data/metrics_faithfulness_metrics_PickCube-v1_170m_seed142_l2_20260530_082947.jsonl:174:a2f242bbd0d0b4adcbd56898255ad0455a1f9b4cef3efb42e883014268f55e47"",""data/metrics_faithfulness_metrics_PickCube-v1_170m_seed142_l2_20260530_082947.jsonl:175:30fc94b9f17c2edab68a88fb034b2c6bebd189f7e74eb7d7dc421176a4db5c0f""]",0.12910541459812483,-0.5434127976282833,0.0
L2:lang:insertion,L2,lang,insertion,33be5890a7a31998672778328fbc10f7c63ade321dc50fff8833bdbec529026e,25,25,0.09432243370996,"[""data/metrics_faithfulness_metrics_PickCube-v1_170m_seed142_l2_20260530_082947.jsonl:26:4198bd845374ca45d1b2fd30bdcafce34fd222afb6fb60d7db79b155c4b5f9da"",""data/metrics_faithfulness_metrics_PickCube-v1_170m_seed142_l2_20260530_082947.jsonl:27:c4df40ca70111e66cd9b11c410b7cbf2ec140f35c4fa240a30255ef96ebcb98d"",""data/metrics_faithfulness_metrics_PickCube-v1_170m_seed142_l2_20260530_082947.jsonl:28:20fc757c1a707ad98117d1c23fa293352790707367f954394de5e31cf07d5200"",""data/metrics_faithfulness_metrics_PickCube-v1_170m_seed142_l2_20260530_082947.jsonl:29:15c6660c12d9c9a2ff2bc158af6e8d1c6411a491e3d8b7c3a4d9741b8dd80db5"",""data/metrics_faithfulness_metrics_PickCube-v1_170m_seed142_l2_20260530_082947.jsonl:30:0540579ead2f84c75b9837e4d7f85aa5ab83cb5883ad1cbc32eb1a4c85e0ac18"",""data/metrics_faithfulness_metrics_PickCube-v1_170m_seed142_l2_20260530_082947.jsonl:31:a871a48cf3d1f8bd7f6b715a62bcde1b0d20287087ea4f5adc596ce363301007"",""data/metrics_faithfulness_metrics_PickCube-v1_170m_seed142_l2_20260530_082947.jsonl:32:e4d5a52ac59ad8c898e199a77643bdf2376751639ab5c327183562f2914644dc"",""data/metrics_faithfulness_metrics_PickCube-v1_170m_seed142_l2_20260530_082947.jsonl:33:a37bd361c3e14586d7a559152b78fc852b9f7d533aea793dbc52bcdb9e9d3cf3"",""data/metrics_faithfulness_metrics_PickCube-v1_170m_seed142_l2_20260530_082947.jsonl:34:9ba24a0cba621786bb22f41e61d0c1be544674452516cb6314cb030b98211d2c"",""data/metrics_faithfulness_metrics_PickCube-v1_170m_seed142_l2_20260530_082947.jsonl:35:18d3bc9f5cb93683df71668b3854210a3ab0383c93c7664472745892594b343d"",""data/metrics_faithfulness_metrics_PickCube-v1_170m_seed142_l2_20260530_082947.jsonl:36:5096fe3edb456d7f4bb55e7494d14e2a7bdc90e373c262f8666ec2be0456f8c4"",""data/metrics_faithfulness_metrics_PickCube-v1_170m_seed142_l2_20260530_082947.jsonl:37:8550bef3ef5d9e7eb1154a4ddd962381340671a973785a9736cefd60d1c68b23"",""data/metrics_faithfulness_metrics_PickCube-v1_170m_seed142_l2_20260530_082947.jsonl:38:fc741495df3a513a4180fea3f8d038077472a9191877d945c70ed9424f34d581"",""data/metrics_faithfulness_metrics_PickCube-v1_170m_seed142_l2_20260530_082947.jsonl:39:4b2fe2d7f7d2522daec3ceb2301bf1e63b25f29f3641a447c1c30a6c060712f5"",""data/metrics_faithfulness_metrics_PickCube-v1_170m_seed142_l2_20260530_082947.jsonl:40:ee6f90d1551ab8bb0d00ac994a345632b33543e0d3b3df855aa8610702daf5a2"",""data/metrics_faithfulness_metrics_PickCube-v1_170m_seed142_l2_20260530_082947.jsonl:41:bea118734ba98cfbf7fba774b3ec3328c7fcf308974eeda16c056a6f1ba5719c"",""data/metrics_faithfulness_metrics_PickCube-v1_170m_seed142_l2_20260530_082947.jsonl:42:dfbb4a4a9bf7f4597f2c55a3071559834b1e9d7b15b08a78d907bd7424430d20"",""data/metrics_faithfulness_metrics_PickCube-v1_170m_seed142_l2_20260530_082947.jsonl:43:3c0a1336a62c5167e66d062d47b61d1d81296721274367cae512cdd1e39934d7"",""data/metrics_faithfulness_metrics_PickCube-v1_170m_seed142_l2_20260530_082947.jsonl:44:667ed46c0bf1fbd37a79e07c9afcc259541870e5a38a69c88c66999367c961e8"",""data/metrics_faithfulness_metrics_PickCube-v1_170m_seed142_l2_20260530_082947.jsonl:45:f77384e7353c763721bfadea0a4677657fddb4357e8b2fd70529f78c703744c6"",""data/metrics_faithfulness_metrics_PickCube-v1_170m_seed142_l2_20260530_082947.jsonl:46:0e9e3e139f93345c69223b03a25305f8ffc8da438c16b8b5a8741f5fe907a86a"",""data/metrics_faithfulness_metrics_PickCube-v1_170m_seed142_l2_20260530_082947.jsonl:47:0d8913426a6a5de841b23872ecec3669b3f38ccf3d1c47e1b1cec2a480b6e5d7"",""data/metrics_faithfulness_metrics_PickCube-v1_170m_seed142_l2_20260530_082947.jsonl:48:5bc83dbd7aaed119a2b6c4c0f3dad1c3a296c928b6c516909db2b1f37e446ac4"",""data/metrics_faithfulness_metrics_PickCube-v1_170m_seed142_l2_20260530_082947.jsonl:49:021ff1f0e77934f25a5498df27c46918d39e67bfa219ce7f0ec2a350eb80ac8e"",""data/metrics_faithfulness_metrics_PickCube-v1_170m_seed142_l2_20260530_082947.jsonl:50:6845705b222b38b5470aac349b8e589933ef4dff27c3266337d05d5ca508a08a""]",0.13618085151708909,-0.041858417807129074,0.0
L2:lang:insertion,L2,lang,insertion,34a95f0c4056000726fda746879bfef378be8c64c4504a84c65b64ad0cf9cd00,25,25,0.02864330945953469,"[""data/metrics_faithfulness_metrics_PickCube-v1_170m_seed142_l2_20260530_082947.jsonl:351:2a1730dbfd69635b8f69fe3be84468e022ee18900f6b623dc3f903caa59c0a4e"",""data/metrics_faithfulness_metrics_PickCube-v1_170m_seed142_l2_20260530_082947.jsonl:352:3e6cbf9ef6c4b7e99008e585e50a13773a70f53bebca16268c277ccb7dd56a5f"",""data/metrics_faithfulness_metrics_PickCube-v1_170m_seed142_l2_20260530_082947.jsonl:353:bff0346b965c1d81fc10432d1be139d0a2fb51327f3511b96142f182b0ca2aca"",""data/metrics_faithfulness_metrics_PickCube-v1_170m_seed142_l2_20260530_082947.jsonl:354:7ad88e0f8a0702318eb84506f68174a89ac9b97ef6d08f74cb32f0ca45a33beb"",""data/metrics_faithfulness_metrics_PickCube-v1_170m_seed142_l2_20260530_082947.jsonl:355:16c9471693b892719c7bddb63f7e77aee9c45aea2ea4c87b54cf4d595717465b"",""data/metrics_faithfulness_metrics_PickCube-v1_170m_seed142_l2_20260530_082947.jsonl:356:05178aceb51eb23277fafa53a74c1d80ea050cb67a134446a0aa482134146f05"",""data/metrics_faithfulness_metrics_PickCube-v1_170m_seed142_l2_20260530_082947.jsonl:357:1dfeb3dc0715a820eb5e160a7345bc99f99f8eba14e6a6c4325066c152fa46bb"",""data/metrics_faithfulness_metrics_PickCube-v1_170m_seed142_l2_20260530_082947.jsonl:358:3ad19897e472f806731f3eed51dd46533a7dc20f214ae1eddbe4d131dabdd05f"",""data/metrics_faithfulness_metrics_PickCube-v1_170m_seed142_l2_20260530_082947.jsonl:359:221cf908910e8669e34d7a252b78e6bb6f3dba8905ccd08a48e955278c9ed996"",""data/metrics_faithfulness_metrics_PickCube-v1_170m_seed142_l2_20260530_082947.jsonl:360:463f965b753d19d1ae0d50386d886bb15a0a682790bcccfb308fd9f4dba1e2d7"",""data/metrics_faithfulness_metrics_PickCube-v1_170m_seed142_l2_20260530_082947.jsonl:361:1b3a7a7f45fc997a2ce75152355fdb8cdb99dc119b8b183a38ba4d98d45c5a7b"",""data/metrics_faithfulness_metrics_PickCube-v1_170m_seed142_l2_20260530_082947.jsonl:362:22a05679064a3ebe023ecb4289396189e1f463742b932a789ae94ce687d38bef"",""data/metrics_faithfulness_metrics_PickCube-v1_170m_seed142_l2_20260530_082947.jsonl:363:258386763123bc452ab843c92c29e9add7e2ed3ad0b5d16de5a06387f4d2d29b"",""data/metrics_faithfulness_metrics_PickCube-v1_170m_seed142_l2_20260530_082947.jsonl:364:41398a90bd39d8aff28eb2ca67d4d21dea6deb4cb6e46808c96ce2fcd49fb51d"",""data/metrics_faithfulness_metrics_PickCube-v1_170m_seed142_l2_20260530_082947.jsonl:365:dbc534bc4e708288f9e6b32f717bc68fb9d0c980dcfdab6f28eef91911811882"",""data/metrics_faithfulness_metrics_PickCube-v1_170m_seed142_l2_20260530_082947.jsonl:366:70e56f054b48676999eb5fab33e66b5c9029fc308eb5107d928270dc2d7cb5b9"",""data/metrics_faithfulness_metrics_PickCube-v1_170m_seed142_l2_20260530_082947.jsonl:367:608a4f738297aadd80d610ddb21d86b472ec75796b8cdf46078537ca1398abe4"",""data/metrics_faithfulness_metrics_PickCube-v1_170m_seed142_l2_20260530_082947.jsonl:368:2547989078f7bc253ca86cfd97d6e92582b37802adf631a475f6cbb0260239e9"",""data/metrics_faithfulness_metrics_PickCube-v1_170m_seed142_l2_20260530_082947.jsonl:369:c8ee45616fe2ea5f7f91fa571fd3ec5deb33cc901d272cb329cd4afece7e93c6"",""data/metrics_faithfulness_metrics_PickCube-v1_170m_seed142_l2_20260530_082947.jsonl:370:eeba3be19af972d7260d288b7235256b86a5f3732bec5ddf7e1be9fd534690c1"",""data/metrics_faithfulness_metrics_PickCube-v1_170m_seed142_l2_20260530_082947.jsonl:371:e98e4f69501ad5a86ac6c386ff4b0f93577bc3aac4402960c428b6112bb4a44a"",""data/metrics_faithfulness_metrics_PickCube-v1_170m_seed142_l2_20260530_082947.jsonl:372:f637b8ddf19ba588020eec61b96ad660d930570860f1002108ba9ca798214d32"",""data/metrics_faithfulness_metrics_PickCube-v1_170m_seed142_l2_20260530_082947.jsonl:373:6e9a95f4db27316e65403b75b81aa0d5a93361bb4fe393ed1d064a0e49ced4ea"",""data/metrics_faithfulness_metrics_PickCube-v1_170m_seed142_l2_20260530_082947.jsonl:374:99f237ee0356ea882e2ac2e9e3829201a0bf0e571e5d18b54f86e787491cf6bf"",""data/metrics_faithfulness_metrics_PickCube-v1_170m_seed142_l2_20260530_082947.jsonl:375:0c538f3be7cde9426ed0d70feca59740d51e1e52aa3b3d9e8172952afb47bb1d""]",0.10983886484177093,-0.08119555538223622,0.0
L2:lang:insertion,L2,lang,insertion,34e9497f5a22e2c604984092ddeefe90b8ae63018bd23041885580ef8fd97952,25,25,-0.26454454400506106,"[""data/metrics_faithfulness_metrics_PickCube-v1_170m_seed42_l2_20260530_021658.jsonl:100:a0ffc17ef4bcc5644c6b6961b3af146ea4e4beee8427c37dd6237cbd6d03e42b"",""data/metrics_faithfulness_metrics_PickCube-v1_170m_seed42_l2_20260530_021658.jsonl:76:e0041c1acc94da3c418f7e21aa246260f1ff80ace912d0d2de17e65e8b66cfd0"",""data/metrics_faithfulness_metrics_PickCube-v1_170m_seed42_l2_20260530_021658.jsonl:77:c92f7cd07bc04aa3cd3ecea5b36e854b10f50803d8427f374100d250df4cba0c"",""data/metrics_faithfulness_metrics_PickCube-v1_170m_seed42_l2_20260530_021658.jsonl:78:c15d178780869cbd31f140d8ccd54b654948000b0c5af197a0f4fe03234c9e84"",""data/metrics_faithfulness_metrics_PickCube-v1_170m_seed42_l2_20260530_021658.jsonl:79:e08075e51af5467f89b76151b6c5a0cec2274e1a6d289f62fcfb75ae7be67c1f"",""data/metrics_faithfulness_metrics_PickCube-v1_170m_seed42_l2_20260530_021658.jsonl:80:00a945ad1a83d18eb22877593e4d6671ee4c45d724b4e87ee77f79186574f332"",""data/metrics_faithfulness_metrics_PickCube-v1_170m_seed42_l2_20260530_021658.jsonl:81:32d9b3b4270035f2aeb5686c0fa83ab2793b61e7a3b90a67e678dda14be5262a"",""data/metrics_faithfulness_metrics_PickCube-v1_170m_seed42_l2_20260530_021658.jsonl:82:f71efaec54f5167f0c36b0b4673ff9efae9ee0b23a69285f5e26b783c68420ff"",""data/metrics_faithfulness_metrics_PickCube-v1_170m_seed42_l2_20260530_021658.jsonl:83:146aaf3f31754b329abad77719f44f24bd1ce51b2c86b56fc153e664263c0122"",""data/metrics_faithfulness_metrics_PickCube-v1_170m_seed42_l2_20260530_021658.jsonl:84:de3b698f047b9d702f519ded91e190be3b147c36ef559999c31638c849053ca1"",""data/metrics_faithfulness_metrics_PickCube-v1_170m_seed42_l2_20260530_021658.jsonl:85:8607aaddbfc3fa5a54d2d1b359c1b58016dc484fa0c7a225602d91807f22b37a"",""data/metrics_faithfulness_metrics_PickCube-v1_170m_seed42_l2_20260530_021658.jsonl:86:8b486562b70e47d643436a5e5c0b2239184e66632077c6f6b96ea3761c4f8521"",""data/metrics_faithfulness_metrics_PickCube-v1_170m_seed42_l2_20260530_021658.jsonl:87:6590ea9d1fca933645db9cadf593ba1980cf3072c4dbb6620f5bca7c55aabec7"",""data/metrics_faithfulness_metrics_PickCube-v1_170m_seed42_l2_20260530_021658.jsonl:88:e8678b9770e4cbd2a55246b82eecaf4fc78424912ae1c62896c28d73a40a6c45"",""data/metrics_faithfulness_metrics_PickCube-v1_170m_seed42_l2_20260530_021658.jsonl:89:db4935d9b5d00cfd252d29cf7aa31ffcd3740db81e944933512617f29773ded6"",""data/metrics_faithfulness_metrics_PickCube-v1_170m_seed42_l2_20260530_021658.jsonl:90:2d9086edb980e0b765e185c143a2a73b6cc4b89a04d449a1b24d6a3b9555229b"",""data/metrics_faithfulness_metrics_PickCube-v1_170m_seed42_l2_20260530_021658.jsonl:91:d10da527ddcd6efb8253c489b7c2c6ff2dac8ecd7e3aef40dfc2f81654cb6694"",""data/metrics_faithfulness_metrics_PickCube-v1_170m_seed42_l2_20260530_021658.jsonl:92:230dda46550f1907bfecbb1c85647b8164c4301b4132a7cf3f6c6142528cd27f"",""data/metrics_faithfulness_metrics_PickCube-v1_170m_seed42_l2_20260530_021658.jsonl:93:97bec3a907c3e0b35fc6bbb6cd990e158afb9ac732bc4542431c89184f291209"",""data/metrics_faithfulness_metrics_PickCube-v1_170m_seed42_l2_20260530_021658.jsonl:94:85279a90a246a3f54d09d98f473cc0f0a96b5084d30a2a17c039c144112138cf"",""data/metrics_faithfulness_metrics_PickCube-v1_170m_seed42_l2_20260530_021658.jsonl:95:cbdaba22dc9f0a41d76dccf9a156d369df3efc8decc5240340883e05ce95d729"",""data/metrics_faithfulness_metrics_PickCube-v1_170m_seed42_l2_20260530_021658.jsonl:96:2e5cfabad4c2cc9de4b1b69d0ed047f1f97d2c647f45e6d2fdf023d4a91cd762"",""data/metrics_faithfulness_metrics_PickCube-v1_170m_seed42_l2_20260530_021658.jsonl:97:ea53a8e2b159e0ae274cefc6a1ad1452a2ee4208e5b8e6f942ba6592fed7ad14"",""data/metrics_faithfulness_metrics_PickCube-v1_170m_seed42_l2_20260530_021658.jsonl:98:a6e6745f528a369976b3e62b43109b79901e9af8f613bca9bec74fe1cbce351d"",""data/metrics_faithfulness_metrics_PickCube-v1_170m_seed42_l2_20260530_021658.jsonl:99:10612f64024f2ac9a199dc7de52c30400b0f0042dfb8f0e69d86bfaf8f6ae7ca""]",0.11011625581196716,-0.3746607998170282,0.0
L2:lang:insertion,L2,lang,insertion,4ba52ac14e4d61b81a00c3bd307c25cf9b98541ec2a20ec1e957ccd33792cdd1,25,25,0.12075587932282528,"[""data/metrics_faithfulness_metrics_PickCube-v1_170m_seed42_l2_20260530_021658.jsonl:51:2d6aa8dd976bc36c0c7e1f014fa1535d284f1c6c28adf8111bd2df9119b8269d"",""data/metrics_faithfulness_metrics_PickCube-v1_170m_seed42_l2_20260530_021658.jsonl:52:d218a49704d150aab0ad2bf2bc2e7b9b5e02f65d0907e153f0d043e93e4c81f4"",""data/metrics_faithfulness_metrics_PickCube-v1_170m_seed42_l2_20260530_021658.jsonl:53:4af66d135d5511cac49a255e192c6846241e3eacc41149418b63ea1e2763794d"",""data/metrics_faithfulness_metrics_PickCube-v1_170m_seed42_l2_20260530_021658.jsonl:54:3e7d1ca306f3f50619c5dbe2fb2532fcaef01441212ba0bae0193883dd1cf996"",""data/metrics_faithfulness_metrics_PickCube-v1_170m_seed42_l2_20260530_021658.jsonl:55:d3e37d98a017c4497bd90f1d30e6232372abe4779572d5d468f517194d91b837"",""data/metrics_faithfulness_metrics_PickCube-v1_170m_seed42_l2_20260530_021658.jsonl:56:6a8bbf06aebe01dbba425e185112bc5f56c7cbe7d3c53ac3104936daf241cd40"",""data/metrics_faithfulness_metrics_PickCube-v1_170m_seed42_l2_20260530_021658.jsonl:57:a4c2d527937567abb1c0fae978d9d486bbf397f9310a1a9a7ff607de7d643e0b"",""data/metrics_faithfulness_metrics_PickCube-v1_170m_seed42_l2_20260530_021658.jsonl:58:3a24a089606dcbc47b5184c355e00879dbc48217e287525e03572bb196707501"",""data/metrics_faithfulness_metrics_PickCube-v1_170m_seed42_l2_20260530_021658.jsonl:59:6720ea0748444715056de0dc26ad0b79b952785f24cd3ec259a6537850759ce6"",""data/metrics_faithfulness_metrics_PickCube-v1_170m_seed42_l2_20260530_021658.jsonl:60:1252061e6b8fba22cd3e4e2ee55cf1a7d3148987e6de41b8359148f9c5d44492"",""data/metrics_faithfulness_metrics_PickCube-v1_170m_seed42_l2_20260530_021658.jsonl:61:687225a26f292af7b981e7d42287062a6bd0169b5c67aac77fd7a07ba38f8416"",""data/metrics_faithfulness_metrics_PickCube-v1_170m_seed42_l2_20260530_021658.jsonl:62:5ee01bc5ba94d408adcdd9808aa056098544bcb21c36a525eb3e39dd3f54b165"",""data/metrics_faithfulness_metrics_PickCube-v1_170m_seed42_l2_20260530_021658.jsonl:63:ba84a8531f7a1b4adc38b759e8f9318bc2b2f6bc6406a7181a6bd67c5fe535e4"",""data/metrics_faithfulness_metrics_PickCube-v1_170m_seed42_l2_20260530_021658.jsonl:64:a1986b8d5ae3cb06311c9d25f705fc4cc8d6e4a6981f4d028108dc1fe0da9042"",""data/metrics_faithfulness_metrics_PickCube-v1_170m_seed42_l2_20260530_021658.jsonl:65:2b2e1445718cd87252d64c689f64496f239f0f8e06fc00ae9f307bc5663c16e1"",""data/metrics_faithfulness_metrics_PickCube-v1_170m_seed42_l2_20260530_021658.jsonl:66:a81d5b92422e24c0bbf2e4a7c983f26d0e5139e21f0381205be60c3cc56302dc"",""data/metrics_faithfulness_metrics_PickCube-v1_170m_seed42_l2_20260530_021658.jsonl:67:357c50c823fb5560dcb4ea8b9a173269fbe6043d6ea6893b71db7329ccf06776"",""data/metrics_faithfulness_metrics_PickCube-v1_170m_seed42_l2_20260530_021658.jsonl:68:2b1b9816fa49e21619eb6396b2392150352d068a483f321b4dfb0e1b5ef8485d"",""data/metrics_faithfulness_metrics_PickCube-v1_170m_seed42_l2_20260530_021658.jsonl:69:ffbc7b6313f153954ed80d2506553d2a661a2ca215dae07574f5aecb67f5f9c4"",""data/metrics_faithfulness_metrics_PickCube-v1_170m_seed42_l2_20260530_021658.jsonl:70:a49fb44499b7ea6f11f65d81d783866a5b8cd9fb9c032ce311b518b576475fe9"",""data/metrics_faithfulness_metrics_PickCube-v1_170m_seed42_l2_20260530_021658.jsonl:71:e9082cfcea42a068f7a834ddc022132a527d4b667f1a6e5f104ac607205d0f42"",""data/metrics_faithfulness_metrics_PickCube-v1_170m_seed42_l2_20260530_021658.jsonl:72:63b669f041a080d2bddea053350cb3812a4b70630ffbba6365b5bf79df1b67fc"",""data/metrics_faithfulness_metrics_PickCube-v1_170m_seed42_l2_20260530_021658.jsonl:73:78059126835cc2f9b5e92e97bd745b1e07fa62f1278513a303de771392ebac53"",""data/metrics_faithfulness_metrics_PickCube-v1_170m_seed42_l2_20260530_021658.jsonl:74:45e21f055b220da21a58e850cefd741e79a940ce1dcc16f3773ada0999771df7"",""data/metrics_faithfulness_metrics_PickCube-v1_170m_seed42_l2_20260530_021658.jsonl:75:26d58bcaab385d7f0089954b07aee04d0ab9980cf7a44b6c55d558273b448695""]",0.16992180905781457,-0.04916592973498929,0.0
L2:lang:insertion,L2,lang,insertion,539f3119298ff207540715033c61e05d655d4e23cf832cd7d943ebf2abc9ac5f,25,25,-0.1330674958334672,"[""data/metrics_faithfulness_metrics_PickCube-v1_170m_seed42_l2_20260530_021658.jsonl:10:e06785e8156fe7de875f7ba8e16e205f7e2ddcdbed9ea0ab6764f19aed2e2e2a"",""data/metrics_faithfulness_metrics_PickCube-v1_170m_seed42_l2_20260530_021658.jsonl:11:ce3a5dbdc879b83d3999ec75e9561ef418154b36f9d62d39342f9368fbadf3d8"",""data/metrics_faithfulness_metrics_PickCube-v1_170m_seed42_l2_20260530_021658.jsonl:12:c6ea5c3a7f933952fd7ff9268345b893664ce144746951cf8cd666c757620291"",""data/metrics_faithfulness_metrics_PickCube-v1_170m_seed42_l2_20260530_021658.jsonl:13:54b06e3fd39483bf790c2debd2b70ba599082010077061abfe4cd3c6531a73e3"",""data/metrics_faithfulness_metrics_PickCube-v1_170m_seed42_l2_20260530_021658.jsonl:14:9448eeec09dd61c90b66297ceb9b64b4d703e6962d1a030312372212d1b1cfc0"",""data/metrics_faithfulness_metrics_PickCube-v1_170m_seed42_l2_20260530_021658.jsonl:15:db8bd9872cfe625eeb9ab540113fc979a2f4cac0903433ec3c1b505f44d84e43"",""data/metrics_faithfulness_metrics_PickCube-v1_170m_seed42_l2_20260530_021658.jsonl:16:691f1d6eeadd5ebcabc4aa40c56f5dd0e02041586e8762a82754d4b823be3279"",""data/metrics_faithfulness_metrics_PickCube-v1_170m_seed42_l2_20260530_021658.jsonl:17:88bcf1660059094e570b3a5b24e6382467b4813d48077bdc26b93865edc747a5"",""data/metrics_faithfulness_metrics_PickCube-v1_170m_seed42_l2_20260530_021658.jsonl:18:b87960d9b257840b3d36b41fbf8ba44f9b5b18135bde8445580bd008bb6274ce"",""data/metrics_faithfulness_metrics_PickCube-v1_170m_seed42_l2_20260530_021658.jsonl:19:7cee37498d8cbd373be8e5d0fb71ca779f6f75821f34561a05046f183c8507d2"",""data/metrics_faithfulness_metrics_PickCube-v1_170m_seed42_l2_20260530_021658.jsonl:1:d1bf232c67dd259066efcaeb3ffe5a1e7d5a4d8cdd03f89e3999691c7684b118"",""data/metrics_faithfulness_metrics_PickCube-v1_170m_seed42_l2_20260530_021658.jsonl:20:96f954ebdb3da8cc0878bcc4a6a20290549775b5d6abd6b091e4bcf13c0cf501"",""data/metrics_faithfulness_metrics_PickCube-v1_170m_seed42_l2_20260530_021658.jsonl:21:541157b3aaeb3ade0db18adabdb24d87a92c2e4fa44c2f5179194133e0c37fd0"",""data/metrics_faithfulness_metrics_PickCube-v1_170m_seed42_l2_20260530_021658.jsonl:22:0bd81d53a8e5f30832704a0754f8d39d2ef2452aa407c0a8bd651f27c8ec1ed0"",""data/metrics_faithfulness_metrics_PickCube-v1_170m_seed42_l2_20260530_021658.jsonl:23:02e9fe7c30e205f7e17084214913c32f3b4f4323a815f6a476e1eae2fffe9a20"",""data/metrics_faithfulness_metrics_PickCube-v1_170m_seed42_l2_20260530_021658.jsonl:24:e73e857901ccfa625aa1bb37bc919474c853354888a62eb97db2cf210f433a2b"",""data/metrics_faithfulness_metrics_PickCube-v1_170m_seed42_l2_20260530_021658.jsonl:25:28fbcf208d700f7734522af36a4e5577cfff2697e8312b843ac296177f8600cd"",""data/metrics_faithfulness_metrics_PickCube-v1_170m_seed42_l2_20260530_021658.jsonl:2:a6ed57f52b043b34808e273028363936787ecdd44814f66e57eee89b2e1af623"",""data/metrics_faithfulness_metrics_PickCube-v1_170m_seed42_l2_20260530_021658.jsonl:3:5004c716928d2fa01e245736b5f07d1b40d24872f599cddfd73c7809003d48e2"",""data/metrics_faithfulness_metrics_PickCube-v1_170m_seed42_l2_20260530_021658.jsonl:4:4654e1a88ca98e8cc95d3e65e2043635d594fe24dd84b0999f054c9d10c682ae"",""data/metrics_faithfulness_metrics_PickCube-v1_170m_seed42_l2_20260530_021658.jsonl:5:30d9f05a964720c2a60042adcba3edec143f70caebbcedc2ce13ba9c8220cea6"",""data/metrics_faithfulness_metrics_PickCube-v1_170m_seed42_l2_20260530_021658.jsonl:6:d348292df6c1678af6f74b84247204d8bfb6f715ca213d1d76cdea77fb179b52"",""data/metrics_faithfulness_metrics_PickCube-v1_170m_seed42_l2_20260530_021658.jsonl:7:7092a38b144e52b8d4683eeb7cc62a3446a1609b686303ff845202d073dbb470"",""data/metrics_faithfulness_metrics_PickCube-v1_170m_seed42_l2_20260530_021658.jsonl:8:9470a70cd6b8c4ad1d16759db888e08a26a971e10fa3424cca5b69e465df4bfb"",""data/metrics_faithfulness_metrics_PickCube-v1_170m_seed42_l2_20260530_021658.jsonl:9:89f1892e1e024c71d7d49fa7f756167bc4b48340ea3bc625f4bc0ca7eb8cbd6c""]",0.12017441664394088,-0.25324191247740807,0.0
L2:lang:insertion,L2,lang,insertion,5a2ac6c165766c8a58be74914b2c0ff22d36839045e3383dfef8421e3ec4bbdc,25,25,0.07788515262313883,"[""data/metrics_faithfulness_metrics_PickCube-v1_170m_seed42_l2_20260530_021658.jsonl:151:28dbfd7235f82599f6d1d17be36e113374f09bd1a81bb28c4038347598d5ba92"",""data/metrics_faithfulness_metrics_PickCube-v1_170m_seed42_l2_20260530_021658.jsonl:152:ff6e96c4f798cca8dd4bbee2e8b7e0a6237627cad905b98d526665d8ae2be126"",""data/metrics_faithfulness_metrics_PickCube-v1_170m_seed42_l2_20260530_021658.jsonl:153:ea40c76f7e44c834cb53c37706ccd9c775560c78722d9e834632805b556ba4ae"",""data/metrics_faithfulness_metrics_PickCube-v1_170m_seed42_l2_20260530_021658.jsonl:154:1a56925c3ac476192ad6f70f251516d6500034029403e2860aec95638891e75c"",""data/metrics_faithfulness_metrics_PickCube-v1_170m_seed42_l2_20260530_021658.jsonl:155:0e99458fc71e9533ddc40f50112a92d6118035ae4efc0a7de6ac2b945c002bbb"",""data/metrics_faithfulness_metrics_PickCube-v1_170m_seed42_l2_20260530_021658.jsonl:156:b95824d464a6e8948e2529df2a3d7db9467c9203b471b94a18275ea3d1c27692"",""data/metrics_faithfulness_metrics_PickCube-v1_170m_seed42_l2_20260530_021658.jsonl:157:a1f07b13070c29b29e68046f93cd5a19eeeac94aa2b8abd9e93bd839e5939325"",""data/metrics_faithfulness_metrics_PickCube-v1_170m_seed42_l2_20260530_021658.jsonl:158:5e2d66e4ef7f5eb3f059a743855efb4122a39ed9224aed758dce3fa3abb65bf9"",""data/metrics_faithfulness_metrics_PickCube-v1_170m_seed42_l2_20260530_021658.jsonl:159:0f046e2019061fa7805a37a120f2ecce06f410bad11ad9e47cdc4b5738f51d2c"",""data/metrics_faithfulness_metrics_PickCube-v1_170m_seed42_l2_20260530_021658.jsonl:160:02ecc4b0bd94d8632213f112f753482a45056805d5e9a850a174d8d7417fc582"",""data/metrics_faithfulness_metrics_PickCube-v1_170m_seed42_l2_20260530_021658.jsonl:161:67096b89dde115c2a8464bced67e40d118f23da705d418c9fd1ab6f4d41d0897"",""data/metrics_faithfulness_metrics_PickCube-v1_170m_seed42_l2_20260530_021658.jsonl:162:59464b2af87d4faa8e100d1d69050d4ba597c2b194d856bb46c6a9323742fb03"",""data/metrics_faithfulness_metrics_PickCube-v1_170m_seed42_l2_20260530_021658.jsonl:163:800b8ad17386ee6c8d2c66c4e6450c9f8d696fc3a4bc256a6976cbe8295b8c79"",""data/metrics_faithfulness_metrics_PickCube-v1_170m_seed42_l2_20260530_021658.jsonl:164:cc22f051f2f571c53962a99cb1e400284f1a376998d0c62ad643356cd4dee123"",""data/metrics_faithfulness_metrics_PickCube-v1_170m_seed42_l2_20260530_021658.jsonl:165:9833cb3b1d589211352c062e8b406559c3dfc1f9fae8e410197c1011a31670c3"",""data/metrics_faithfulness_metrics_PickCube-v1_170m_seed42_l2_20260530_021658.jsonl:166:709c7a7fca0806bc1e11dfb6c497be18e082e4aef0073db0dbd882962e82b732"",""data/metrics_faithfulness_metrics_PickCube-v1_170m_seed42_l2_20260530_021658.jsonl:167:8d9f525db668e103e44847b0cf07fbb382f2fdf930042e6efdc0caaf3745a952"",""data/metrics_faithfulness_metrics_PickCube-v1_170m_seed42_l2_20260530_021658.jsonl:168:5e0ece4cc6d6c1740260675f20682e3409e8f1ff6ece569830cc761780d9e26c"",""data/metrics_faithfulness_metrics_PickCube-v1_170m_seed42_l2_20260530_021658.jsonl:169:8ca1713caa979e895369138879f6ebaeea28380122777eefee101d9f186d55a9"",""data/metrics_faithfulness_metrics_PickCube-v1_170m_seed42_l2_20260530_021658.jsonl:170:1e1151564eff2e7536500254865222a0353835032d603bff363eeab81625111b"",""data/metrics_faithfulness_metrics_PickCube-v1_170m_seed42_l2_20260530_021658.jsonl:171:46a26c9b1d8463a0d9982f9eb31ccdb855b8b2ccffdea8be2ba6a2538ee7c23d"",""data/metrics_faithfulness_metrics_PickCube-v1_170m_seed42_l2_20260530_021658.jsonl:172:0340c969d8edd4ee3a6419d8a97430db68a1be47a7e27ebe0defa87aeef3096b"",""data/metrics_faithfulness_metrics_PickCube-v1_170m_seed42_l2_20260530_021658.jsonl:173:2957630721bdf527629298ed5ebf5d95812aa40118c6d1c23f20c2fa4b6a46da"",""data/metrics_faithfulness_metrics_PickCube-v1_170m_seed42_l2_20260530_021658.jsonl:174:93030d4ecd7e6416d6b4ccf6668363f9b9eb5238654685a93c5888144f1e0568"",""data/metrics_faithfulness_metrics_PickCube-v1_170m_seed42_l2_20260530_021658.jsonl:175:aedfdccfade69c43a7999a55073335acc26bc43237c573fb67f333c544835005""]",0.12708824235029315,-0.049203089727154266,0.0
L2:lang:insertion,L2,lang,insertion,5cd75af4d0d0b0ff6a0f09b1c30d94683da19d953843043d77b46b926e5fe5f5,25,25,-0.1129342968265505,"[""data/metrics_faithfulness_metrics_PickCube-v1_170m_seed42_l2_20260530_021658.jsonl:226:993db296ebf82602de15a46d1c08d435cea0311ed7f985b52aab6cd998f3730c"",""data/metrics_faithfulness_metrics_PickCube-v1_170m_seed42_l2_20260530_021658.jsonl:227:6d0d04e994b6c238b56ebc01d66968af0fd584acb5df6e0ceb6f675a262b50fb"",""data/metrics_faithfulness_metrics_PickCube-v1_170m_seed42_l2_20260530_021658.jsonl:228:25033239fa6c031eaaeda5b487fed0672348dc901d50757a1c4760683e4a0244"",""data/metrics_faithfulness_metrics_PickCube-v1_170m_seed42_l2_20260530_021658.jsonl:229:ee64ea8e48b40b45b6634b980d88e919d1aae224047216c8a2ef7a4f10f439e4"",""data/metrics_faithfulness_metrics_PickCube-v1_170m_seed42_l2_20260530_021658.jsonl:230:f91c20f433f862d383d83fb7315b1f658506151187c52a0da3ee612589897da2"",""data/metrics_faithfulness_metrics_PickCube-v1_170m_seed42_l2_20260530_021658.jsonl:231:eed68259d140da87e54e596a114c9bf72b5a7ca6b0a91591bf9f60ebf7ee599d"",""data/metrics_faithfulness_metrics_PickCube-v1_170m_seed42_l2_20260530_021658.jsonl:232:2abf2acf12e113052f3218cc4a274991a9663dbd5733f3bac4b0aba21ca190e7"",""data/metrics_faithfulness_metrics_PickCube-v1_170m_seed42_l2_20260530_021658.jsonl:233:dd76907653f0eb21d09a172eecf0cca2fb0fb330b7854bc1a758f06e8452ebe8"",""data/metrics_faithfulness_metrics_PickCube-v1_170m_seed42_l2_20260530_021658.jsonl:234:f70001b3384af5de8a774f37ccb54f8c37639d8df1b59f7e35652ffad4b8c506"",""data/metrics_faithfulness_metrics_PickCube-v1_170m_seed42_l2_20260530_021658.jsonl:235:5b77c47fa0bcb4573096905aa1b64526185242228285f8eea39ac2f309db510d"",""data/metrics_faithfulness_metrics_PickCube-v1_170m_seed42_l2_20260530_021658.jsonl:236:8de83e9715230609671735e961dc97cfc9ce0f258a40881cefa21b1c73ec07c2"",""data/metrics_faithfulness_metrics_PickCube-v1_170m_seed42_l2_20260530_021658.jsonl:237:2df1bb71954cb401a409fec0ee918947c237dc7ef630acf2599916e39cdb5c6f"",""data/metrics_faithfulness_metrics_PickCube-v1_170m_seed42_l2_20260530_021658.jsonl:238:c650d439b52469cfd43c5283154cf1afee28f9f92d49bd1b8e45085569c2b1ad"",""data/metrics_faithfulness_metrics_PickCube-v1_170m_seed42_l2_20260530_021658.jsonl:239:b49cf18e7e7d0ae977a7af0b66fefaabcb0c0e4f03568544e2ca0b0d200f5335"",""data/metrics_faithfulness_metrics_PickCube-v1_170m_seed42_l2_20260530_021658.jsonl:240:359c091bcbd69f3ea03f0b6001f84ed54ca48b82bdb75893fd2f0c2c5b482bc4"",""data/metrics_faithfulness_metrics_PickCube-v1_170m_seed42_l2_20260530_021658.jsonl:241:81ab7d384471eed74593d4f59c1a0db9120aaaee359a8077b1e60ff54de403af"",""data/metrics_faithfulness_metrics_PickCube-v1_170m_seed42_l2_20260530_021658.jsonl:242:1b0778af409fd0481113c619557cf8a2d04de1704caab2d0c381d6a913dbc7ed"",""data/metrics_faithfulness_metrics_PickCube-v1_170m_seed42_l2_20260530_021658.jsonl:243:afcf5405b3dc5f03c260a223dd1c032b009b90e256b3fa38a5c3b26f1ddb5b1c"",""data/metrics_faithfulness_metrics_PickCube-v1_170m_seed42_l2_20260530_021658.jsonl:244:0a0d6c52f28e7055d27d0bf16d1eed90aa67677a5420c684b3d4c936210deb33"",""data/metrics_faithfulness_metrics_PickCube-v1_170m_seed42_l2_20260530_021658.jsonl:245:a84a433adaf3604c3f634e69fc2c1c3b9435fd459dfe0c6a37665c64902dd503"",""data/metrics_faithfulness_metrics_PickCube-v1_170m_seed42_l2_20260530_021658.jsonl:246:d36ec2bfc274b2dfebaa04bc63ebe9fc62aac1973dc40e60873fc5c1326bfbc8"",""data/metrics_faithfulness_metrics_PickCube-v1_170m_seed42_l2_20260530_021658.jsonl:247:72bd3131d7e020ab321b20b7a65e3afea8d4f87ec13954ad639d7c3acf493b45"",""data/metrics_faithfulness_metrics_PickCube-v1_170m_seed42_l2_20260530_021658.jsonl:248:153c408a136f5809d8870095665a288688599ca21ec426aed8d588983887c40e"",""data/metrics_faithfulness_metrics_PickCube-v1_170m_seed42_l2_20260530_021658.jsonl:249:f5dce8df40b634f89fbe715f4bfc580c58bc7915c0b0822398fe5d5024675c55"",""data/metrics_faithfulness_metrics_PickCube-v1_170m_seed42_l2_20260530_021658.jsonl:250:0b29963ea725ee370fde2e24f4ef0d53b029610ba70210fac9804b933c9e0525""]",0.09381922392907188,-0.20675352075562237,0.0
L2:lang:insertion,L2,lang,insertion,5e8803d8490f1e312b401e429029a07eda3dbca32459452f4b989fda1f73e444,25,25,0.10355249539674567,"[""data/metrics_faithfulness_metrics_PickCube-v1_170m_seed142_l2_20260530_082947.jsonl:201:3fc2c95e8af1d81871b39c9987f1bb0c8f9f2692945e11086141551e78c43a78"",""data/metrics_faithfulness_metrics_PickCube-v1_170m_seed142_l2_20260530_082947.jsonl:202:c8ea7f441ef78504ee7d9bc6e4f7960a459c2dfc0c501a44584c55d1b30b1733"",""data/metrics_faithfulness_metrics_PickCube-v1_170m_seed142_l2_20260530_082947.jsonl:203:2c0de07176b9b67d302accef28f18ba7f3819cccab63710f20f934dbe6e6f15b"",""data/metrics_faithfulness_metrics_PickCube-v1_170m_seed142_l2_20260530_082947.jsonl:204:d4d531c15aaf8034efb091369873556ab76b1dfc12ea696ac2a6f8883c6a33b7"",""data/metrics_faithfulness_metrics_PickCube-v1_170m_seed142_l2_20260530_082947.jsonl:205:f7b9eeeef237cf2ce6109e28548af30b736f8ba08346beda7822e33598feb0eb"",""data/metrics_faithfulness_metrics_PickCube-v1_170m_seed142_l2_20260530_082947.jsonl:206:f3361d71f25385c24f2ba0a7a6474ad8c389ecb32cdedbdbca92a8e1a911a2d9"",""data/metrics_faithfulness_metrics_PickCube-v1_170m_seed142_l2_20260530_082947.jsonl:207:b8cdd40fc8d6176bc3e9f424e6139161804ae0fd70d311b082fc668a3020ac32"",""data/metrics_faithfulness_metrics_PickCube-v1_170m_seed142_l2_20260530_082947.jsonl:208:247a47174c6d2707b6484bb0d11981e62b3430c01ea40044018a8238c8586ca6"",""data/metrics_faithfulness_metrics_PickCube-v1_170m_seed142_l2_20260530_082947.jsonl:209:3390581a77eb96c064a9fc1ca2fbd59232df54ca19801960d294c25a47c02428"",""data/metrics_faithfulness_metrics_PickCube-v1_170m_seed142_l2_20260530_082947.jsonl:210:a2070c87facf76726914d55704778cf6c44f1aca048a99a493e0860c1ffcf96f"",""data/metrics_faithfulness_metrics_PickCube-v1_170m_seed142_l2_20260530_082947.jsonl:211:42f2f1d73eeaa6d6135cb85841656feee6d58df2b6e1b393e2b9d147ddb8f30c"",""data/metrics_faithfulness_metrics_PickCube-v1_170m_seed142_l2_20260530_082947.jsonl:212:529169ff483ce9f4adbf059f11450987975de5ca722e4d89cb2584c787bd7d91"",""data/metrics_faithfulness_metrics_PickCube-v1_170m_seed142_l2_20260530_082947.jsonl:213:f0c368a1ac0ff69922e23da80dbc7c30ba8a1badd3e690044879d9220b392deb"",""data/metrics_faithfulness_metrics_PickCube-v1_170m_seed142_l2_20260530_082947.jsonl:214:97c3f962a9c4cdd21cefc2136b0b9ea7a1e649b042a89d9f75982c11e4d80169"",""data/metrics_faithfulness_metrics_PickCube-v1_170m_seed142_l2_20260530_082947.jsonl:215:9b0f69e1ce4faa116f8115d231848c85fa6c6cf12d67dbb591a9939bc161172a"",""data/metrics_faithfulness_metrics_PickCube-v1_170m_seed142_l2_20260530_082947.jsonl:216:b628c8296f368ec9c59980c6ba7c9e679ea054f3ff77ae83650aad641041d9d6"",""data/metrics_faithfulness_metrics_PickCube-v1_170m_seed142_l2_20260530_082947.jsonl:217:24f0a8b1c73f8ce690492161476bcfd3e84072c497d6a54142bc5e1ba7a38427"",""data/metrics_faithfulness_metrics_PickCube-v1_170m_seed142_l2_20260530_082947.jsonl:218:fc38119eeb4d3da057588a593b9ea7fc8a4a499fdf32d88921e7427b1a18165d"",""data/metrics_faithfulness_metrics_PickCube-v1_170m_seed142_l2_20260530_082947.jsonl:219:765f29c98c890179ed874db81a15cd4f401250b24b1cfa389271f9fe21e7057e"",""data/metrics_faithfulness_metrics_PickCube-v1_170m_seed142_l2_20260530_082947.jsonl:220:a07cce4ffeff3f706b66ebcc7b30b3b51fab2ead7b139ce2d4f9e385d3fbcc63"",""data/metrics_faithfulness_metrics_PickCube-v1_170m_seed142_l2_20260530_082947.jsonl:221:6a7e7763aac09027d9e02f0d75e04e19deaea0ea7d1a2ee282ebccea2ebc1585"",""data/metrics_faithfulness_metrics_PickCube-v1_170m_seed142_l2_20260530_082947.jsonl:222:50e680ad2fc1f971c6a8a89e7ec9c50af42606ae0903f6d1c316a1d672a72d0f"",""data/metrics_faithfulness_metrics_PickCube-v1_170m_seed142_l2_20260530_082947.jsonl:223:65cd57c7971c86f5b6cc70bda9b8ee61e012aa65528f2b54f7e73b70d8dfcb38"",""data/metrics_faithfulness_metrics_PickCube-v1_170m_seed142_l2_20260530_082947.jsonl:224:f05d56af94481af119e4ed881dc35d115ba0157b418849e635568e3d76d83215"",""data/metrics_faithfulness_metrics_PickCube-v1_170m_seed142_l2_20260530_082947.jsonl:225:1525a0ee23137b0dfb17f74e3bf3e8e30873808d6387cdfa1abbfd3439bae2b6""]",0.1549233480178917,-0.051370852621146004,0.0
L2:lang:insertion,L2,lang,insertion,5f23264f00c09f93e3afd102f34c06c654a1d3282d5b630258775374586baa76,25,25,0.12073705222529486,"[""data/metrics_faithfulness_metrics_PickCube-v1_170m_seed42_l2_20260530_021658.jsonl:325:89cefeaceccd1444c8c63faf2e8b62f283961484b8335c198f2c0013b2e6b31e"",""data/metrics_faithfulness_metrics_PickCube-v1_170m_seed42_l2_20260530_021658.jsonl:326:6f6a65ad276f7ce196449c05459f52f37a1d54c00947a5dac7b4c20949e127e1"",""data/metrics_faithfulness_metrics_PickCube-v1_170m_seed42_l2_20260530_021658.jsonl:327:b12f70118a6080e84d7030777a593648b04aa59f79df060b64e171acab514bf3"",""data/metrics_faithfulness_metrics_PickCube-v1_170m_seed42_l2_20260530_021658.jsonl:328:a730e0da28fa56116c7823e075afa4ce02ab16449b738a469ad3c474499ea749"",""data/metrics_faithfulness_metrics_PickCube-v1_170m_seed42_l2_20260530_021658.jsonl:329:6dec0ecb8617a784698fc768f02aa988a07bea7556572ed807a4814e0c54c87c"",""data/metrics_faithfulness_metrics_PickCube-v1_170m_seed42_l2_20260530_021658.jsonl:330:20dfb05b114eaabe5553c035e3b66f9c1f2c28d547ed23fb59ffdc15abcff0ea"",""data/metrics_faithfulness_metrics_PickCube-v1_170m_seed42_l2_20260530_021658.jsonl:331:54d0b35281c2424fcdd0515ad16262cf4f12e25f4668d7313b433ecc6b982d95"",""data/metrics_faithfulness_metrics_PickCube-v1_170m_seed42_l2_20260530_021658.jsonl:332:98defe3995f4d5ffb638bfdd1a4f07a1b36f69b62d3225500885f0b48715f6da"",""data/metrics_faithfulness_metrics_PickCube-v1_170m_seed42_l2_20260530_021658.jsonl:333:b9154ed6056609db964cfa2e78e22cc0b4e9a544da69ebf73ac705eca377e44e"",""data/metrics_faithfulness_metrics_PickCube-v1_170m_seed42_l2_20260530_021658.jsonl:334:538dc8c1c8c52597bd53c8f0c4dd6b9e505a2c819b9c60f787b63a20aa9489f5"",""data/metrics_faithfulness_metrics_PickCube-v1_170m_seed42_l2_20260530_021658.jsonl:335:85799e67f94d5b85660768164791e7bbaabb84a7011aa7f74f2a871769c58717"",""data/metrics_faithfulness_metrics_PickCube-v1_170m_seed42_l2_20260530_021658.jsonl:336:aa8908a44ebcdf92e3af394544971d2b9b7a8266ca1f39a74ca70417c76f637f"",""data/metrics_faithfulness_metrics_PickCube-v1_170m_seed42_l2_20260530_021658.jsonl:337:ff7cdf7dbb22211ed5bbcce66125ad85863850b05e693b9465dac651101eb475"",""data/metrics_faithfulness_metrics_PickCube-v1_170m_seed42_l2_20260530_021658.jsonl:338:a47b452bdfb385e9f8d6d26e18cfa902d628a3dc846fdba41b5f5e3e0884488b"",""data/metrics_faithfulness_metrics_PickCube-v1_170m_seed42_l2_20260530_021658.jsonl:339:c2839f5262e2514c55d2d6c2bf665c3507fdbf616952f6abfa3ef206687f735b"",""data/metrics_faithfulness_metrics_PickCube-v1_170m_seed42_l2_20260530_021658.jsonl:340:2391352864a5965bfdadc05a05950d4cb8d4a9a01f42b79f8d389942c14cd81e"",""data/metrics_faithfulness_metrics_PickCube-v1_170m_seed42_l2_20260530_021658.jsonl:341:11640e06d2a9c4e7fb53ab2f12c8aaac313e0c5050a37a5920614f5042ac6caa"",""data/metrics_faithfulness_metrics_PickCube-v1_170m_seed42_l2_20260530_021658.jsonl:342:ae6baee27618f912f2d9023b5a89d0228117c0453329bc30223c133b621881ee"",""data/metrics_faithfulness_metrics_PickCube-v1_170m_seed42_l2_20260530_021658.jsonl:343:9a3985399d0592568536f5be94be23bf030681756f2cd3fb692cecf4a1269354"",""data/metrics_faithfulness_metrics_PickCube-v1_170m_seed42_l2_20260530_021658.jsonl:344:1e773b7384aa94574ae3298b538097a4484c75c75e8a6c250f39ad3da20d2f02"",""data/metrics_faithfulness_metrics_PickCube-v1_170m_seed42_l2_20260530_021658.jsonl:345:beea8dc6e2b76444af24c84020ed2ace336f86b7e9343dc13b34cd0f2e756d78"",""data/metrics_faithfulness_metrics_PickCube-v1_170m_seed42_l2_20260530_021658.jsonl:346:375b86256521d582629e8b5028fccf063110b77e2c71c1c6e26725672af7838d"",""data/metrics_faithfulness_metrics_PickCube-v1_170m_seed42_l2_20260530_021658.jsonl:347:b1fae0bedae4fbd9232bea5f4b6a21684dcd867d0e90a54996bc70e11ce03a01"",""data/metrics_faithfulness_metrics_PickCube-v1_170m_seed42_l2_20260530_021658.jsonl:348:2c0e3347a0613e33f1f20b504d7deaf78f463dba6d0cfe4f15667390706e0057"",""data/metrics_faithfulness_metrics_PickCube-v1_170m_seed42_l2_20260530_021658.jsonl:349:6995242c44f5771584c87ae025982310f56edb61a96c449c196315105bce33bc""]",0.15526288208143063,-0.03452582985613575,0.0
L2:lang:insertion,L2,lang,insertion,7c1a40c6fafe6887a9becfd639acdd8a866b011f8515de954bacd88580805623,25,25,-0.032703173108058675,"[""data/metrics_faithfulness_metrics_PickCube-v1_170m_seed42_l2_20260530_021658.jsonl:101:cd438d3b54f8bfe3088fb97aeca056ce7d0fd733d4bda2bce4de85f2beb75edf"",""data/metrics_faithfulness_metrics_PickCube-v1_170m_seed42_l2_20260530_021658.jsonl:102:e3467fd17149d440eb6f7ab7a0bae570c44b2a06b995bb363a9e9b2453edf227"",""data/metrics_faithfulness_metrics_PickCube-v1_170m_seed42_l2_20260530_021658.jsonl:103:4ca144e8152cab8fed6dc7781805de6d5e3e606dd0753b33edf993b3b828113e"",""data/metrics_faithfulness_metrics_PickCube-v1_170m_seed42_l2_20260530_021658.jsonl:104:9cd6ae42c20e11be8da18e6d51309ae763f168964e60c30ccd59e38fe326a089"",""data/metrics_faithfulness_metrics_PickCube-v1_170m_seed42_l2_20260530_021658.jsonl:105:b25dfd486d494bcc70f8907e0617a09b2ef8cc437c5f3dd1fdd4eed8dd56deb2"",""data/metrics_faithfulness_metrics_PickCube-v1_170m_seed42_l2_20260530_021658.jsonl:106:e3943f926bbfe20e4aa43008968d2a2c3a4e823920c2c70ab217f93db142dae4"",""data/metrics_faithfulness_metrics_PickCube-v1_170m_seed42_l2_20260530_021658.jsonl:107:79a6109984251a8f8bde0568c298b2b5a3f4f8edfb9f60dd1004a4be7854c513"",""data/metrics_faithfulness_metrics_PickCube-v1_170m_seed42_l2_20260530_021658.jsonl:108:6035ac7ed9d9fc28a0b1d960f2723b4312f9d1a93952b862e7024272fc5ba6ae"",""data/metrics_faithfulness_metrics_PickCube-v1_170m_seed42_l2_20260530_021658.jsonl:109:6603ff7e24f116490c790329250b7e5bd9ad9da5a6c9c4fb1e313261cac7ac8c"",""data/metrics_faithfulness_metrics_PickCube-v1_170m_seed42_l2_20260530_021658.jsonl:110:e046ade9c3ea4cda6595e984563eb74190213b44db615eb02499e5f08a686ce6"",""data/metrics_faithfulness_metrics_PickCube-v1_170m_seed42_l2_20260530_021658.jsonl:111:7a0cd18892cbffdf941fbc3f8bd82df5820f90329f80ee20506aa7b41048b5ec"",""data/metrics_faithfulness_metrics_PickCube-v1_170m_seed42_l2_20260530_021658.jsonl:112:b223c11ba490d7fd381782620887b100e523c6cdecf5b90f4b31c3b1a766f2d6"",""data/metrics_faithfulness_metrics_PickCube-v1_170m_seed42_l2_20260530_021658.jsonl:113:250a2397421a3fc520ecd6ca1f38f320e82259436fb5d861f15e4ad5d696d3e5"",""data/metrics_faithfulness_metrics_PickCube-v1_170m_seed42_l2_20260530_021658.jsonl:114:90b1ba24ca9b786dc89c878e7e85a6f40ae96e65c1f43161fdac8d5584105cec"",""data/metrics_faithfulness_metrics_PickCube-v1_170m_seed42_l2_20260530_021658.jsonl:115:d380e140dda9cc3c12086e47f9529808e77bb99a415dea4a243e13bc3004795b"",""data/metrics_faithfulness_metrics_PickCube-v1_170m_seed42_l2_20260530_021658.jsonl:116:b4731429d924d850f7d17bcfea3e88619fb946b31772022dcc7d357a29d7cd96"",""data/metrics_faithfulness_metrics_PickCube-v1_170m_seed42_l2_20260530_021658.jsonl:117:28dedf64c45a9c5f6cbd90e828030ff1032bfe9ecbb1906cce28dc1bdeca1feb"",""data/metrics_faithfulness_metrics_PickCube-v1_170m_seed42_l2_20260530_021658.jsonl:118:5c1b1d97f9a33878ab8bbf36c4a0daf2bcf2d6a8846bc5489cb3fa6f0e930423"",""data/metrics_faithfulness_metrics_PickCube-v1_170m_seed42_l2_20260530_021658.jsonl:119:64e5394de505da378f563f678cc9a041284b859c5395f46fa43f239dbba01ae0"",""data/metrics_faithfulness_metrics_PickCube-v1_170m_seed42_l2_20260530_021658.jsonl:120:b465e0654a35a866147a372b97f6561572410a06f30ab118df6170608c6b3acc"",""data/metrics_faithfulness_metrics_PickCube-v1_170m_seed42_l2_20260530_021658.jsonl:121:2205795e8db98bfd1d1348b6dc7c5d9554642c21c0d348aa324832f4f6d65ef0"",""data/metrics_faithfulness_metrics_PickCube-v1_170m_seed42_l2_20260530_021658.jsonl:122:9117c8532e715e08ba128c5db9b13abdf1c9d3d890d6c1cb19c13e0d027aff17"",""data/metrics_faithfulness_metrics_PickCube-v1_170m_seed42_l2_20260530_021658.jsonl:123:2d97a8464d9200eca913dbedb571b1d5e5dadbc64e99a9ae10f806b077981256"",""data/metrics_faithfulness_metrics_PickCube-v1_170m_seed42_l2_20260530_021658.jsonl:124:4da425166a01ecae678f2634848866e9559c1d1ecb80a4305d5dd6f0f9d9a651"",""data/metrics_faithfulness_metrics_PickCube-v1_170m_seed42_l2_20260530_021658.jsonl:125:4f3f6a76efc42f8802a9f7fb6f634ba9e7a8d63583c515eed270dc5f71438cad""]",0.14560725499227672,-0.17831042810033537,0.0
L2:lang:insertion,L2,lang,insertion,7e557df621ee9211cea34d332f6b011cfd1a9c35c029e843b0bde6035434f6f5,25,25,0.1463843951968419,"[""data/metrics_faithfulness_metrics_PickCube-v1_170m_seed142_l2_20260530_082947.jsonl:51:05b24f14d6e00625cf2edfad36dc284d63b71083bd8899d6871dd11bcf7c00e2"",""data/metrics_faithfulness_metrics_PickCube-v1_170m_seed142_l2_20260530_082947.jsonl:52:7896e38a4e491803f862017872ab533eba404fd5a959247e56b28276df68fa79"",""data/metrics_faithfulness_metrics_PickCube-v1_170m_seed142_l2_20260530_082947.jsonl:53:76de0191a4a11bdd721e3a0944d3db997047ae8ba5c2c70e1d680d39f44a4b8d"",""data/metrics_faithfulness_metrics_PickCube-v1_170m_seed142_l2_20260530_082947.jsonl:54:a0607a46dad7c92f803a5a23617408adfcd26310eedf9637c7f8871a69df79ad"",""data/metrics_faithfulness_metrics_PickCube-v1_170m_seed142_l2_20260530_082947.jsonl:55:0acabc9de54955d7fbfa69bfd4787a9a3fb0239b07e52ea4e9fc320b780eb891"",""data/metrics_faithfulness_metrics_PickCube-v1_170m_seed142_l2_20260530_082947.jsonl:56:584f9a2e42fbd1477ccfed3b50ea04847b18623114f9fb06e8bce2b3f7cd4307"",""data/metrics_faithfulness_metrics_PickCube-v1_170m_seed142_l2_20260530_082947.jsonl:57:2db32091931e19aeecec5ae075332d9297aa1eaed866cdc979e76b1ad1c0d4f6"",""data/metrics_faithfulness_metrics_PickCube-v1_170m_seed142_l2_20260530_082947.jsonl:58:ee48cda0973eb9a2b996bda564f7d3af6d88dde2c90fe70803ea20517690f3aa"",""data/metrics_faithfulness_metrics_PickCube-v1_170m_seed142_l2_20260530_082947.jsonl:59:1e03744edfa13fda0932f237b32410d6bc18136996c2fd78012da57db644ff9c"",""data/metrics_faithfulness_metrics_PickCube-v1_170m_seed142_l2_20260530_082947.jsonl:60:37ac96bb25ef8beb0d17ea262111e633a7241a5575a23f659fdc8d0d91f985a8"",""data/metrics_faithfulness_metrics_PickCube-v1_170m_seed142_l2_20260530_082947.jsonl:61:1f9baf3a93cdf6447ef6f9de3d05f49db220b31fd431d5918032ebdb2470bdc2"",""data/metrics_faithfulness_metrics_PickCube-v1_170m_seed142_l2_20260530_082947.jsonl:62:3176b55d0b511fbc6a88649bc7bfd0e72c0eca01a7fe4ece61a9c233fd16be9e"",""data/metrics_faithfulness_metrics_PickCube-v1_170m_seed142_l2_20260530_082947.jsonl:63:50f72a290efad3b36adcce121b70eb550636e674c1ef370f627a38ef30afd248"",""data/metrics_faithfulness_metrics_PickCube-v1_170m_seed142_l2_20260530_082947.jsonl:64:a1c596ada20dce6d578d6ddf995a88479cdf5d68167c06de3765f8db394365c3"",""data/metrics_faithfulness_metrics_PickCube-v1_170m_seed142_l2_20260530_082947.jsonl:65:73e7398db2e353ce9ecbfaf057acbfcab61e52cf4fac6328f8020cdf9304638f"",""data/metrics_faithfulness_metrics_PickCube-v1_170m_seed142_l2_20260530_082947.jsonl:66:17669e2eb186068b8c341e1b7df378a3796df8ad0b36be4c405f75aa058a1580"",""data/metrics_faithfulness_metrics_PickCube-v1_170m_seed142_l2_20260530_082947.jsonl:67:9a0ae782d46df5e79b6dba6292559f50a3ed5e5b7a1ad282060b2c5621793f18"",""data/metrics_faithfulness_metrics_PickCube-v1_170m_seed142_l2_20260530_082947.jsonl:68:cf9de122207c987a9793e5cfc60abbe08911859844bc441e144f344d70c5b48f"",""data/metrics_faithfulness_metrics_PickCube-v1_170m_seed142_l2_20260530_082947.jsonl:69:8b9681300f993f87f6bf52d693b20ee3ed79e046c32e983bc65d5ee15cab11eb"",""data/metrics_faithfulness_metrics_PickCube-v1_170m_seed142_l2_20260530_082947.jsonl:70:b3f8b4f5b7535df82b5e03949b30c4648064f80dff9f29c79fab18f14bf4d744"",""data/metrics_faithfulness_metrics_PickCube-v1_170m_seed142_l2_20260530_082947.jsonl:71:da2fceedb6d11303d34560ef9031801b68d84b53921dec830dc3db2bf82a897a"",""data/metrics_faithfulness_metrics_PickCube-v1_170m_seed142_l2_20260530_082947.jsonl:72:3f7eb4896227250317d1e215c65336a6af6136ccd3a2d3d1db2a7320c62e3f6f"",""data/metrics_faithfulness_metrics_PickCube-v1_170m_seed142_l2_20260530_082947.jsonl:73:40064e72918c6231407bb7ca1acba815e433042ad7b1cd3a094a9dac07ee6402"",""data/metrics_faithfulness_metrics_PickCube-v1_170m_seed142_l2_20260530_082947.jsonl:74:38cea5776ab0551b670683ee5c1044de5743a11155b9f0b7d98fd1711e7d89ce"",""data/metrics_faithfulness_metrics_PickCube-v1_170m_seed142_l2_20260530_082947.jsonl:75:79a42648e54343c81c12932460c8ae1d4ee25a640edc2a8592dd95efccca583e""]",0.1705275715370639,-0.024143176340222023,0.0
L2:lang:insertion,L2,lang,insertion,87b7692725b550f12f1f576abf954a5096cb3bfaf3a356d6e2fce998954d0e33,25,25,-0.4271764214912965,"[""data/metrics_faithfulness_metrics_PickCube-v1_170m_seed42_l2_20260530_021658.jsonl:375:979956e2718fc3072cac2b0eb24375b431a49966e90d426c7c6a981dacba95e8"",""data/metrics_faithfulness_metrics_PickCube-v1_170m_seed42_l2_20260530_021658.jsonl:376:230af82e12c364f5079d0c282be1fc5410a4ea17da7d2c1a83ec599220eb97e5"",""data/metrics_faithfulness_metrics_PickCube-v1_170m_seed42_l2_20260530_021658.jsonl:377:4aff9e9f9413325c1f8d5bde6a8a3480753742599937fd6ea3701c08f564898d"",""data/metrics_faithfulness_metrics_PickCube-v1_170m_seed42_l2_20260530_021658.jsonl:378:a60ea1c8eb376e649c59d419ac5c05aa814399d2241afc38993266ce9ebdc17b"",""data/metrics_faithfulness_metrics_PickCube-v1_170m_seed42_l2_20260530_021658.jsonl:379:37ba74168146f967afa0f1d5b5f8448f590c8ff60e3d1ee070849ea129e8b916"",""data/metrics_faithfulness_metrics_PickCube-v1_170m_seed42_l2_20260530_021658.jsonl:380:8713aded612b58730a1fa5b9831f1af27e765038e12eb67c5a27d7e726520851"",""data/metrics_faithfulness_metrics_PickCube-v1_170m_seed42_l2_20260530_021658.jsonl:381:41d16d04f5d2fd923c6e7a05df1af472ebedf329b23582878492c15d297c3338"",""data/metrics_faithfulness_metrics_PickCube-v1_170m_seed42_l2_20260530_021658.jsonl:382:ee698df1e6a7732e1499adb47d34a85b230741648ed70cfc13b48492c14fd8af"",""data/metrics_faithfulness_metrics_PickCube-v1_170m_seed42_l2_20260530_021658.jsonl:383:33992e6af55a1bbaf66f566e8b995be6fba219e7aeb8ab5e7cdde1a4dd894b13"",""data/metrics_faithfulness_metrics_PickCube-v1_170m_seed42_l2_20260530_021658.jsonl:384:f9d5ea347bfeb927f0c8c95648b906a5b0bfb6f3f8da53982d5088b21765b640"",""data/metrics_faithfulness_metrics_PickCube-v1_170m_seed42_l2_20260530_021658.jsonl:385:0b085c1e6d5792fecb7a865a7919ae0f7656e452255ab0f1dbe82ca5a1967ce3"",""data/metrics_faithfulness_metrics_PickCube-v1_170m_seed42_l2_20260530_021658.jsonl:386:870360851ec41f783a0302e7715c6cefc68d2a2ec46cba1d5b64008427df148b"",""data/metrics_faithfulness_metrics_PickCube-v1_170m_seed42_l2_20260530_021658.jsonl:387:dbfa1908f5a078853ebbfacc2225aa285903b9b01f4a897b4d959763068df330"",""data/metrics_faithfulness_metrics_PickCube-v1_170m_seed42_l2_20260530_021658.jsonl:388:f4d888720390cdfde49ffecf158980a24f58237850173f9fd3fdff6958cac6de"",""data/metrics_faithfulness_metrics_PickCube-v1_170m_seed42_l2_20260530_021658.jsonl:389:73f2ed9b36824eb21390a33617aa4fc10c6c09836d0821f7db906abab05f2ae3"",""data/metrics_faithfulness_metrics_PickCube-v1_170m_seed42_l2_20260530_021658.jsonl:390:86052c7794d424adf49aa11b5327c1f9cbc2bd3f2265405694aeaf9b3ed11f6f"",""data/metrics_faithfulness_metrics_PickCube-v1_170m_seed42_l2_20260530_021658.jsonl:391:cb03022135f741e059cea9a301b984876f5a5a3d7a5aa334fdf17d748e76f447"",""data/metrics_faithfulness_metrics_PickCube-v1_170m_seed42_l2_20260530_021658.jsonl:392:bb4613188aae887b345d5456f4b98faf84209b1748fb3c3ace899fb99e983d0a"",""data/metrics_faithfulness_metrics_PickCube-v1_170m_seed42_l2_20260530_021658.jsonl:393:0d13d9f2ba5641859f1529a39b0f62fb1154bce7cedbc51d0dce0df6edb3d611"",""data/metrics_faithfulness_metrics_PickCube-v1_170m_seed42_l2_20260530_021658.jsonl:394:8c76f255d70f59e32175ea388f253e69cf6495be94e2df35a370225ec41db44e"",""data/metrics_faithfulness_metrics_PickCube-v1_170m_seed42_l2_20260530_021658.jsonl:395:da00be7c19f639b8b940898fa79563af0565c2f55eb043cec3dfdd3a76752f0b"",""data/metrics_faithfulness_metrics_PickCube-v1_170m_seed42_l2_20260530_021658.jsonl:396:fd7c25fd576c7c8abbd5e4e81e2d744bcf546e7cedbf7e75073be1630530694a"",""data/metrics_faithfulness_metrics_PickCube-v1_170m_seed42_l2_20260530_021658.jsonl:397:f4fc6342f38e82755f2cd3b013c74ef9172ba046f3a4788e7cd8f3eb0a594f98"",""data/metrics_faithfulness_metrics_PickCube-v1_170m_seed42_l2_20260530_021658.jsonl:398:3a58cfed073724fb7db82ba3fd870f949f0d9f20b6030bf52505dfe9606cd4d6"",""data/metrics_faithfulness_metrics_PickCube-v1_170m_seed42_l2_20260530_021658.jsonl:399:04042ae05a4a60d88d5a704eacd40053cbb71d804aad3df6842896dbbfad4850""]",0.1274609370237268,-0.5546373585150233,0.0
L2:lang:insertion,L2,lang,insertion,889812fac5a22c6142ca8ae49fb39d5545e72a080e19891eb6e51ff5fbbd598b,25,25,0.13078254025955893,"[""data/metrics_faithfulness_metrics_PickCube-v1_170m_seed142_l2_20260530_082947.jsonl:10:6753847dc0d0f44ed129bdb66d9304513ea4d474e71396cdb61553b786d5d08f"",""data/metrics_faithfulness_metrics_PickCube-v1_170m_seed142_l2_20260530_082947.jsonl:11:c28d50696b8897b65c0fe6c61db660c95b7f3d05c2ab3f088f24531e48921de1"",""data/metrics_faithfulness_metrics_PickCube-v1_170m_seed142_l2_20260530_082947.jsonl:12:a3b1740dd3b9dbd44b287897e7056e00e4c1a21f5ce88b342782e0b39cfea9be"",""data/metrics_faithfulness_metrics_PickCube-v1_170m_seed142_l2_20260530_082947.jsonl:13:63635432a165cf24fb947e444a35180410d7b5d8cf8145811ecea15ca0f23dbf"",""data/metrics_faithfulness_metrics_PickCube-v1_170m_seed142_l2_20260530_082947.jsonl:14:ada42c810126ed4d80ab5b190151e8facf8b7c022d67d543e0929787e96304f2"",""data/metrics_faithfulness_metrics_PickCube-v1_170m_seed142_l2_20260530_082947.jsonl:15:ebf724bb617e97a4067bf74b9963cf0cd6cd9baa14dd4b616e018ce589c1c6b7"",""data/metrics_faithfulness_metrics_PickCube-v1_170m_seed142_l2_20260530_082947.jsonl:16:e265f4a51dd04d55cd7ca4650b2e64994b3bdf779757d04138c3820a944986a0"",""data/metrics_faithfulness_metrics_PickCube-v1_170m_seed142_l2_20260530_082947.jsonl:17:071a34d81b383c5e771c40c06dbb55ec2f11fd3eddbeea909afe13ec53e876e5"",""data/metrics_faithfulness_metrics_PickCube-v1_170m_seed142_l2_20260530_082947.jsonl:18:1efa4ada596af214a9e09c9ce1401af7b3a2ecee44f4c99c4ff818ce562166df"",""data/metrics_faithfulness_metrics_PickCube-v1_170m_seed142_l2_20260530_082947.jsonl:19:82650e985656eeb181f7825a84c35ea6364c75e741fbad32394377e7440324fb"",""data/metrics_faithfulness_metrics_PickCube-v1_170m_seed142_l2_20260530_082947.jsonl:1:4c9f3fa3e2c116ee9288810bc18f0272bf3466665d57cf0860d7adae056fcba9"",""data/metrics_faithfulness_metrics_PickCube-v1_170m_seed142_l2_20260530_082947.jsonl:20:f3d694f8df1fcd98ad22ba1e7d60212cb4b7ebfbe76f58e3d84351a40f1c5130"",""data/metrics_faithfulness_metrics_PickCube-v1_170m_seed142_l2_20260530_082947.jsonl:21:323654ba73e7f071c02801970ad40d4edfaf0997d0a41d9cb152159e6f77fe04"",""data/metrics_faithfulness_metrics_PickCube-v1_170m_seed142_l2_20260530_082947.jsonl:22:6c4abd1ee0e73606572d726a76c257cc073a0388b3e50d00952be5c0eb09ddc9"",""data/metrics_faithfulness_metrics_PickCube-v1_170m_seed142_l2_20260530_082947.jsonl:23:28664978f110c4a11c70526a9eb8d2eebeaa22119145cf49c67236c4261f6526"",""data/metrics_faithfulness_metrics_PickCube-v1_170m_seed142_l2_20260530_082947.jsonl:24:e3533d10423d1a67e18d5ab3902821e4cec8cca124c9a7163ef2f4711b107e4e"",""data/metrics_faithfulness_metrics_PickCube-v1_170m_seed142_l2_20260530_082947.jsonl:25:caf99d25554e74bff613cb725a074d0766c1da4687ae4416842d89dc026388e9"",""data/metrics_faithfulness_metrics_PickCube-v1_170m_seed142_l2_20260530_082947.jsonl:2:427bb8a6111bad34c96ed02fcb721a44dbe3f958de2b5805e3295bc681717ea7"",""data/metrics_faithfulness_metrics_PickCube-v1_170m_seed142_l2_20260530_082947.jsonl:3:8ca635b44d0de41b1f81923e0a18b36fed5cd518d4f7b566ce63a4db28a98f18"",""data/metrics_faithfulness_metrics_PickCube-v1_170m_seed142_l2_20260530_082947.jsonl:4:84453318e8466e0be5226d42e5dbf0f23b9fa9812101d2503c02ba14d33182fd"",""data/metrics_faithfulness_metrics_PickCube-v1_170m_seed142_l2_20260530_082947.jsonl:5:24ced3e2360a54f32763268220d6cd4c43913c1398828047e39519c16d33b60a"",""data/metrics_faithfulness_metrics_PickCube-v1_170m_seed142_l2_20260530_082947.jsonl:6:3f1ef82e512c3f1a80f48950703e6c2ff4dec6e357c0a04137cf73c86f09cc28"",""data/metrics_faithfulness_metrics_PickCube-v1_170m_seed142_l2_20260530_082947.jsonl:7:feab0cbdb786350bc09325da582e87d6d72f4d09152a2cce54073732b694d9a2"",""data/metrics_faithfulness_metrics_PickCube-v1_170m_seed142_l2_20260530_082947.jsonl:8:2eeb1a86e7cf21c216ede8ea6581b5e222b21c0be7a60e193545f633ab1b7f64"",""data/metrics_faithfulness_metrics_PickCube-v1_170m_seed142_l2_20260530_082947.jsonl:9:f2f188477ed851dd61298b84bd2c6afea07279a8bf7225b8c0b58a46f7e399fb""]",0.14504673441540594,-0.014264194155847001,0.0
L2:lang:insertion,L2,lang,insertion,9fecf6201925247a12d653e3e1a2f2733ea3d7ecff78193743b7b89203299b2e,25,25,-0.04968764245718699,"[""data/metrics_faithfulness_metrics_PickCube-v1_170m_seed142_l2_20260530_082947.jsonl:226:8e8bbb757c2ad78cd964c94078ffbc6031b8d9b96340a6055c320772eab5b499"",""data/metrics_faithfulness_metrics_PickCube-v1_170m_seed142_l2_20260530_082947.jsonl:227:d5cba5b599683c7e7408f0119aad1a98502b5f0183b781368ef5c7acaf8c27d6"",""data/metrics_faithfulness_metrics_PickCube-v1_170m_seed142_l2_20260530_082947.jsonl:228:79f17f07b5b8b15768842bc20d54198c5cb7ceac19b51c637f7e0fc8ccc6122e"",""data/metrics_faithfulness_metrics_PickCube-v1_170m_seed142_l2_20260530_082947.jsonl:229:599c554b1f9a2024eed50e16dd86243e217fcd576b4abc3142ed19c27b4eef27"",""data/metrics_faithfulness_metrics_PickCube-v1_170m_seed142_l2_20260530_082947.jsonl:230:a6e5c721172c8aafd768f12557103897a77ecd908b9fe5b23c038d92453441fe"",""data/metrics_faithfulness_metrics_PickCube-v1_170m_seed142_l2_20260530_082947.jsonl:231:3e5e0bdf12a57135bd4998f499fcdd1e5cc5c57fac9657a730e5459d69d6d612"",""data/metrics_faithfulness_metrics_PickCube-v1_170m_seed142_l2_20260530_082947.jsonl:232:b400d05f13c5b44e6bdfaee66c16067af1d3fc913de08fd7bca9da0b0683334f"",""data/metrics_faithfulness_metrics_PickCube-v1_170m_seed142_l2_20260530_082947.jsonl:233:44711776c27b6c0d0a430f7a5ed96fdf4a3104d23468560fdd390beb0f1a7d71"",""data/metrics_faithfulness_metrics_PickCube-v1_170m_seed142_l2_20260530_082947.jsonl:234:220531c9346c289a61ad4353e2933ed81f6624bb2aab9be5d2866698e46181a4"",""data/metrics_faithfulness_metrics_PickCube-v1_170m_seed142_l2_20260530_082947.jsonl:235:e0980c5cd7b0236aa6488fe2be1d9b87fa7e6e7b64ba9a297c6e08ad6abd7eae"",""data/metrics_faithfulness_metrics_PickCube-v1_170m_seed142_l2_20260530_082947.jsonl:236:6bffac65216ef784328b8159922a2b5a2357ff5bdbea9832e60978a18e90e3f4"",""data/metrics_faithfulness_metrics_PickCube-v1_170m_seed142_l2_20260530_082947.jsonl:237:aa47f2897b25a247a0094840b2da1e1de507f02f7aeacaa6ca093bc3544f7da2"",""data/metrics_faithfulness_metrics_PickCube-v1_170m_seed142_l2_20260530_082947.jsonl:238:f866b10ae8dbd19a93438b6bfb5b15536159ffd8c8f2bc46b8dacaf75c638582"",""data/metrics_faithfulness_metrics_PickCube-v1_170m_seed142_l2_20260530_082947.jsonl:239:5abe635717302a28b5d6ca22802454cb894e63e10ff54bbaedc8474063dd31c9"",""data/metrics_faithfulness_metrics_PickCube-v1_170m_seed142_l2_20260530_082947.jsonl:240:abbbba6611b4aab84b9dfa572f8ae999cce4b6d45b4c2e236f8198cd416f42fd"",""data/metrics_faithfulness_metrics_PickCube-v1_170m_seed142_l2_20260530_082947.jsonl:241:1e58f3cfa6c5cf15a3afdd68a9b4d9eb5448c25925601b2d12f0ba769599227f"",""data/metrics_faithfulness_metrics_PickCube-v1_170m_seed142_l2_20260530_082947.jsonl:242:21f76d5fece73f23fa8bf4dad1860dcd1d85b723ec02d82c80e95f3b5846233c"",""data/metrics_faithfulness_metrics_PickCube-v1_170m_seed142_l2_20260530_082947.jsonl:243:50423558ecdd1919f14c4d3301e8b1edb9b119bc03f35c60bfe8e1c5f3fdbcce"",""data/metrics_faithfulness_metrics_PickCube-v1_170m_seed142_l2_20260530_082947.jsonl:244:5fbd41eb44a095efb234a71c44d12ea6fa1e30e59eccd1919ee5565b33f2e04d"",""data/metrics_faithfulness_metrics_PickCube-v1_170m_seed142_l2_20260530_082947.jsonl:245:9aa6a3b9f564bfe1b1acfeec18cbe74251a4980cf1f889f324e26d0815b5a356"",""data/metrics_faithfulness_metrics_PickCube-v1_170m_seed142_l2_20260530_082947.jsonl:246:a164d6db952e4bc2ebd09c6b2933baa7d7e7269ff8f707e33576b1adb70b6e67"",""data/metrics_faithfulness_metrics_PickCube-v1_170m_seed142_l2_20260530_082947.jsonl:247:1d72b815229dba904bf1a4bc3fe480fd96384b7bc05f2e375787c97577923b6c"",""data/metrics_faithfulness_metrics_PickCube-v1_170m_seed142_l2_20260530_082947.jsonl:248:d89c9fb04cf1c2a288191ab8b6c2c1dad7e49ea569e777a699b7567a00c0ca51"",""data/metrics_faithfulness_metrics_PickCube-v1_170m_seed142_l2_20260530_082947.jsonl:249:e197d5cbbb3453283488d081b35eef4757c3f779989aa4609b4030666a0ab4a5"",""data/metrics_faithfulness_metrics_PickCube-v1_170m_seed142_l2_20260530_082947.jsonl:250:93f33c254c2e7f42ed6c35fc36c954199ee75f9fc8246b0d19fc79b185d5203d""]",0.1447201500522958,-0.1944077925094828,0.0
L2:lang:insertion,L2,lang,insertion,bc55e90f1455903ad5834ec909c76df43ac8ebebc4c86eca12aacd2451d6c45a,25,25,0.13387232278351444,"[""data/metrics_faithfulness_metrics_PickCube-v1_170m_seed42_l2_20260530_021658.jsonl:176:96f06aaa4b14616f7d7c9ac3b55bb2fc81172b8c634467a739cdefede6229f0f"",""data/metrics_faithfulness_metrics_PickCube-v1_170m_seed42_l2_20260530_021658.jsonl:177:99e3ca80e092fbe3261f7b56f686a5b3593412cfd8100bdc5120fe3a35345003"",""data/metrics_faithfulness_metrics_PickCube-v1_170m_seed42_l2_20260530_021658.jsonl:178:945e5bdb403769075a09a4a20bb93401288f680bca2c85ff415b82fbca3a9409"",""data/metrics_faithfulness_metrics_PickCube-v1_170m_seed42_l2_20260530_021658.jsonl:179:c18cd4f3de55a8cd1cc00d629bc9367f15cec4cc7e6f0df91ac1cb3dab32101e"",""data/metrics_faithfulness_metrics_PickCube-v1_170m_seed42_l2_20260530_021658.jsonl:180:490945cc1622a93cb6d5fe97c2bce6b6e3f0a294bf7f26dd1c1d9c003b19e869"",""data/metrics_faithfulness_metrics_PickCube-v1_170m_seed42_l2_20260530_021658.jsonl:181:03edb4b8c09f51f85f36d8cf9150696f4ee0fea9de8adab1d8974b7bd36436e7"",""data/metrics_faithfulness_metrics_PickCube-v1_170m_seed42_l2_20260530_021658.jsonl:182:074361779a997f10fc62480a95d43df60da926612a00398b14677e35cd9631e8"",""data/metrics_faithfulness_metrics_PickCube-v1_170m_seed42_l2_20260530_021658.jsonl:183:ebb524a99f14d8861d22d258b1279d57c8c189aab6370a4dc3b26f5c5bb3d2b6"",""data/metrics_faithfulness_metrics_PickCube-v1_170m_seed42_l2_20260530_021658.jsonl:184:1a5bd51e05e34a97c1864a521ee451b36638989f5c1f1c81f541360a6dead4ac"",""data/metrics_faithfulness_metrics_PickCube-v1_170m_seed42_l2_20260530_021658.jsonl:185:65d7bb1fb25f35d73c16d09a80c6be49f14b3775601a09f8ae01c16abbacd9a9"",""data/metrics_faithfulness_metrics_PickCube-v1_170m_seed42_l2_20260530_021658.jsonl:186:c6e547e79ae05c3fef5fb42583dece659e7377f341950febec62ba694e0a616a"",""data/metrics_faithfulness_metrics_PickCube-v1_170m_seed42_l2_20260530_021658.jsonl:187:6436ce315d4033a9ee8fb37046fa4dd8bb1a21a5f43cd4fe63a44a9dca8a39d4"",""data/metrics_faithfulness_metrics_PickCube-v1_170m_seed42_l2_20260530_021658.jsonl:188:a54724ba4824838d9f9d74249b709862e55c5256f3655f96a34d089899e29147"",""data/metrics_faithfulness_metrics_PickCube-v1_170m_seed42_l2_20260530_021658.jsonl:189:90b028983d1edc7351190b5cf206ad253e895b4efb07a46e5ab07cc459357901"",""data/metrics_faithfulness_metrics_PickCube-v1_170m_seed42_l2_20260530_021658.jsonl:190:c28b33a6d08463cabfe5a4267382136d73737494502d7d70f9cbe2b1fca941cc"",""data/metrics_faithfulness_metrics_PickCube-v1_170m_seed42_l2_20260530_021658.jsonl:191:0a16c9607258501fb16630a6be43d1dd88f12bd63b70d12d609d7e5c1f7a064f"",""data/metrics_faithfulness_metrics_PickCube-v1_170m_seed42_l2_20260530_021658.jsonl:192:ffd4dcb3ed3551358a2ed8f710023a9aebd630301f34b674bfc9cec573cdd47c"",""data/metrics_faithfulness_metrics_PickCube-v1_170m_seed42_l2_20260530_021658.jsonl:193:8d3e91a5e4b9c9e239ad350baa8b2bdadce3c30fe91d98dd7ec0ceae6e758839"",""data/metrics_faithfulness_metrics_PickCube-v1_170m_seed42_l2_20260530_021658.jsonl:194:2bf70c7d8e2c63da1e6474c09b2840de7ef4b55fe2e5739b9cc448cf19158e0c"",""data/metrics_faithfulness_metrics_PickCube-v1_170m_seed42_l2_20260530_021658.jsonl:195:a8c1ddda905ea568ddbfd2f1649b85e78b9560eaa0dcce8fc98bb8d4c6780cec"",""data/metrics_faithfulness_metrics_PickCube-v1_170m_seed42_l2_20260530_021658.jsonl:196:2aaad428be4657e3e80198953a6ba2f9dbf42edbf9ef0a3ec71b2809d64a39f3"",""data/metrics_faithfulness_metrics_PickCube-v1_170m_seed42_l2_20260530_021658.jsonl:197:8dc0a22c380c521a8908764b215aeb38b1730ab0e12b4587a9a5ba72b57c5d70"",""data/metrics_faithfulness_metrics_PickCube-v1_170m_seed42_l2_20260530_021658.jsonl:198:22b80eacc86b476aa0bd72d6f148aeaee410242fb930ae6435e9b2dfaa603e1d"",""data/metrics_faithfulness_metrics_PickCube-v1_170m_seed42_l2_20260530_021658.jsonl:199:8b43d0c6a245603a227c211e97ab205cf10d2169416979e1c8167bf60fa0ff2c"",""data/metrics_faithfulness_metrics_PickCube-v1_170m_seed42_l2_20260530_021658.jsonl:200:2c5a373c675f80bd15cec88ffb29742efc62704dc79649e9cefff10a36802acb""]",0.1567559007628299,-0.02288357797931544,0.0
L2:lang:insertion,L2,lang,insertion,bcbf2755c5ba45133d58caed68a4e5b515a2040e9a00cfa301785998dbde936f,25,25,0.003909664241523157,"[""data/metrics_faithfulness_metrics_PickCube-v1_170m_seed142_l2_20260530_082947.jsonl:126:218fa9b094f643eb6388ab86fd6e69dc8a9d42686bb2fb0863d00a062589f5db"",""data/metrics_faithfulness_metrics_PickCube-v1_170m_seed142_l2_20260530_082947.jsonl:127:447e6de87b3d994a1f16524b130074cb3cecaed353d554d2388d841df063789d"",""data/metrics_faithfulness_metrics_PickCube-v1_170m_seed142_l2_20260530_082947.jsonl:128:3efe22e701454ad4ba1dac9e471e997addfac0ccf6635261ada4603042ce5d7a"",""data/metrics_faithfulness_metrics_PickCube-v1_170m_seed142_l2_20260530_082947.jsonl:129:7ebff259d968154b37789b6352f4c7dc4d97cc3378be99f664d8516b1b710e29"",""data/metrics_faithfulness_metrics_PickCube-v1_170m_seed142_l2_20260530_082947.jsonl:130:2ddcc04920dd17739c114befffbd4aaa47edae0e0ebe2459a5a053d32b5e407b"",""data/metrics_faithfulness_metrics_PickCube-v1_170m_seed142_l2_20260530_082947.jsonl:131:0649660109ca7101ce641b32aa0a717bb8fe923b25b9c4a1d7b061defd0cdd13"",""data/metrics_faithfulness_metrics_PickCube-v1_170m_seed142_l2_20260530_082947.jsonl:132:22be8e33686998873f32d401c5e09cc66526ae054b514a812204735c28e55d55"",""data/metrics_faithfulness_metrics_PickCube-v1_170m_seed142_l2_20260530_082947.jsonl:133:d48cfee68ed875bfbfa6cfec7f3f70ad41d3fa939f847a71d3fcef3171c68d56"",""data/metrics_faithfulness_metrics_PickCube-v1_170m_seed142_l2_20260530_082947.jsonl:134:ed3ec5ed84a20f6a2321bbd766708062c5bd9e27a7d65b310fe54613ad116328"",""data/metrics_faithfulness_metrics_PickCube-v1_170m_seed142_l2_20260530_082947.jsonl:135:ef0bdb50b872450dda700591640f6c99bc7e38caf1256f4a3658924b005f6372"",""data/metrics_faithfulness_metrics_PickCube-v1_170m_seed142_l2_20260530_082947.jsonl:136:3d8aba667514a02a28d5a99d3a5d342a10e3b8c4653f5bb2da39fdc05fe5165f"",""data/metrics_faithfulness_metrics_PickCube-v1_170m_seed142_l2_20260530_082947.jsonl:137:912b2a1be23a077e41a396344f43c9779dd183259b15821aa6cb24dddeed3578"",""data/metrics_faithfulness_metrics_PickCube-v1_170m_seed142_l2_20260530_082947.jsonl:138:4a8dd2d209c641efa0ab6caf6818b9fb1ee557da164a7aae0a804b9e67de6f08"",""data/metrics_faithfulness_metrics_PickCube-v1_170m_seed142_l2_20260530_082947.jsonl:139:544ce3ff18f0c3d44afda8907015a3d6a270d5fbd69d1a91aeaa3470dc6660fa"",""data/metrics_faithfulness_metrics_PickCube-v1_170m_seed142_l2_20260530_082947.jsonl:140:68e3c1a2b5215fdfd0b5d78cd17216530491ad8a63b521634bc6ca39d3f1487f"",""data/metrics_faithfulness_metrics_PickCube-v1_170m_seed142_l2_20260530_082947.jsonl:141:ccbd3a4d5b2aee9b7027c8541b0db146c991779a0caeeafd75df84733d951317"",""data/metrics_faithfulness_metrics_PickCube-v1_170m_seed142_l2_20260530_082947.jsonl:142:7436f5c01d2d515790e38b8c28cb1d17185ce3cc9394ff56cd55e2c8ef37cab3"",""data/metrics_faithfulness_metrics_PickCube-v1_170m_seed142_l2_20260530_082947.jsonl:143:84ced88c4b481cf117703649502272f73fd899e3fb30a14a80864aa1149cbf51"",""data/metrics_faithfulness_metrics_PickCube-v1_170m_seed142_l2_20260530_082947.jsonl:144:ffac57b75d8717e51886931c90d1e42f5be09656d0e427f9c86920390c5c41c1"",""data/metrics_faithfulness_metrics_PickCube-v1_170m_seed142_l2_20260530_082947.jsonl:145:f4413216ce388837f1e37513919f4b8d36fb453dc64843f422144f4655da7177"",""data/metrics_faithfulness_metrics_PickCube-v1_170m_seed142_l2_20260530_082947.jsonl:146:0f16258f82378cb1460bad38bfec9a3d2e320a28257871082268540ac3ca8bcc"",""data/metrics_faithfulness_metrics_PickCube-v1_170m_seed142_l2_20260530_082947.jsonl:147:f48bf88ea1f9307b90ee497ba1d96d45da84f290e51a860a073ecffeabc936e9"",""data/metrics_faithfulness_metrics_PickCube-v1_170m_seed142_l2_20260530_082947.jsonl:148:50ff9c521f3750e1d8b967c10a757a752c7b3e4bb39ac4b4cebbbe5c6e455286"",""data/metrics_faithfulness_metrics_PickCube-v1_170m_seed142_l2_20260530_082947.jsonl:149:2c359204f8d4a2f7ba74b40dcc151037c1f847826676040d2d71a41da705f80b"",""data/metrics_faithfulness_metrics_PickCube-v1_170m_seed142_l2_20260530_082947.jsonl:150:769e1469c9edef2f0696f3d674c66252f9dceac9c25585791a3d7dfe415a8ba3""]",0.11025577684505877,-0.10634611260353562,0.0
L2:lang:insertion,L2,lang,insertion,bd303d173cf1c3a9f237843bb02c00163e8434208332abe5b93ac1910ec3fd10,25,25,0.17106554871397844,"[""data/metrics_faithfulness_metrics_PickCube-v1_170m_seed142_l2_20260530_082947.jsonl:176:a7fc58b6d62fddd9a9c0646be8d0da53ca068326fd975a4e619aea081438e8af"",""data/metrics_faithfulness_metrics_PickCube-v1_170m_seed142_l2_20260530_082947.jsonl:177:df75b317c0afc024dc6c1154367271d844d2eba9e838e826b1acdb446918e8af"",""data/metrics_faithfulness_metrics_PickCube-v1_170m_seed142_l2_20260530_082947.jsonl:178:9732ef03125321f3d6329c66a88bba43499753532ef14e70fe1d41d61a4821d8"",""data/metrics_faithfulness_metrics_PickCube-v1_170m_seed142_l2_20260530_082947.jsonl:179:e9c531e966af321ec5852ffe2798812076cd248a0259915d2dd439bd733b286b"",""data/metrics_faithfulness_metrics_PickCube-v1_170m_seed142_l2_20260530_082947.jsonl:180:188b5879930ba98ca049902fa885bdd9888c2f242ae7c7ca954e82c39ce9483c"",""data/metrics_faithfulness_metrics_PickCube-v1_170m_seed142_l2_20260530_082947.jsonl:181:0e504125265abcc81351f262266aca601360f85b4121fdb47f503861d93b6e25"",""data/metrics_faithfulness_metrics_PickCube-v1_170m_seed142_l2_20260530_082947.jsonl:182:95b825394e94498a1f1f8dd3b681685118f4e89fb3547535d316917aca4478a6"",""data/metrics_faithfulness_metrics_PickCube-v1_170m_seed142_l2_20260530_082947.jsonl:183:f14bdc2f73dc1f16c05066be113cf5f307604583e4623e4007d8940f264ba529"",""data/metrics_faithfulness_metrics_PickCube-v1_170m_seed142_l2_20260530_082947.jsonl:184:63d576568d9ad1dd078f57134d5e7cf19e6e2c35c46e583d22b76d76aee311c2"",""data/metrics_faithfulness_metrics_PickCube-v1_170m_seed142_l2_20260530_082947.jsonl:185:4fd58494eaf5c98d283d2b682c7626d361737c31d6df5bddc1cef22b1d597510"",""data/metrics_faithfulness_metrics_PickCube-v1_170m_seed142_l2_20260530_082947.jsonl:186:145c7d708d3e29d5096e21158067989107a4ea365ce32fb761e234bf98053e0a"",""data/metrics_faithfulness_metrics_PickCube-v1_170m_seed142_l2_20260530_082947.jsonl:187:449fa066ed3bc92fb44f7679b9522123dea3e26ba460836e41c78c4ecf24f82b"",""data/metrics_faithfulness_metrics_PickCube-v1_170m_seed142_l2_20260530_082947.jsonl:188:ab8350809ee1969df2b1286d650113be2233879b7ca964271b2d63235ec2a093"",""data/metrics_faithfulness_metrics_PickCube-v1_170m_seed142_l2_20260530_082947.jsonl:189:d87ed3186052c7ff5c7de6d77a0220682c694138aba5affcaf0d335d73416c9d"",""data/metrics_faithfulness_metrics_PickCube-v1_170m_seed142_l2_20260530_082947.jsonl:190:04fd53ae16bbb5b34bff8a0a41174eba11324fd0fb930fb354981366e57e4c34"",""data/metrics_faithfulness_metrics_PickCube-v1_170m_seed142_l2_20260530_082947.jsonl:191:73bbfe524b04e14ac4eecf1503875d8357182c7ec475b14b47bd926cf9089926"",""data/metrics_faithfulness_metrics_PickCube-v1_170m_seed142_l2_20260530_082947.jsonl:192:4f210bec5ea44bcbbea7b3566e30b9bd993c56a4e76d42ab9573046265d6ecc9"",""data/metrics_faithfulness_metrics_PickCube-v1_170m_seed142_l2_20260530_082947.jsonl:193:522b3d3ce722eb9c8d214ffd6378abf627755f8e3629040a38f0696cb45d1a78"",""data/metrics_faithfulness_metrics_PickCube-v1_170m_seed142_l2_20260530_082947.jsonl:194:c0c87dcaeb4b284c04a21f39bb480b82fb99b1ce35e2c29960c04c0fd6a4731e"",""data/metrics_faithfulness_metrics_PickCube-v1_170m_seed142_l2_20260530_082947.jsonl:195:62a464688430614e169acacd8a69789b1b9db106bc98e1431c8ca877029f15ac"",""data/metrics_faithfulness_metrics_PickCube-v1_170m_seed142_l2_20260530_082947.jsonl:196:fe7a9a9355e5c4f87dee992085054dd8910092adf99e1276f02722be5b8c02de"",""data/metrics_faithfulness_metrics_PickCube-v1_170m_seed142_l2_20260530_082947.jsonl:197:1c958e882c0a3df7a035b9ac29f03fd24ea3676c41510cf574448bf787defe62"",""data/metrics_faithfulness_metrics_PickCube-v1_170m_seed142_l2_20260530_082947.jsonl:198:c5680c3692b156b25b42c9f018ca702d5b06d2fd0c403547c4bbb7009c593075"",""data/metrics_faithfulness_metrics_PickCube-v1_170m_seed142_l2_20260530_082947.jsonl:199:cff8f2b923eb6d96dd401903c62b8fc732f73275988fc8b44b33eb20a7f60a92"",""data/metrics_faithfulness_metrics_PickCube-v1_170m_seed142_l2_20260530_082947.jsonl:200:d85d2160a7e04c90fc4da4cca75f2d5073e481fc7a19105f8feb477084f5d3fc""]",0.17106554871397847,0.0,0.0
L2:lang:insertion,L2,lang,insertion,bef465c46618357b8eef160ddfcee7c26fd8364862fdc5b7156eb63e6f6e1b70,25,25,-0.24264036098279798,"[""data/metrics_faithfulness_metrics_PickCube-v1_170m_seed42_l2_20260530_021658.jsonl:251:9dd64405aa16f22982434832cde4d0088012f234d6ab847c6ef1da5315abbe23"",""data/metrics_faithfulness_metrics_PickCube-v1_170m_seed42_l2_20260530_021658.jsonl:252:66dfc76c1c1e9dc13f404d4fa1454cff0087fe0e699221407d689cef62af02c1"",""data/metrics_faithfulness_metrics_PickCube-v1_170m_seed42_l2_20260530_021658.jsonl:253:90d7ede43315bdd2033423fa41e68128d0678d968e83478cb2b08fbbb6f22649"",""data/metrics_faithfulness_metrics_PickCube-v1_170m_seed42_l2_20260530_021658.jsonl:254:8aceb050cc1284f364a90b58b37b4f0d98a3a870cbbec88e6d05d4a6c3067af7"",""data/metrics_faithfulness_metrics_PickCube-v1_170m_seed42_l2_20260530_021658.jsonl:255:931134d812a61718790d0e120cdb7881935b71a1107bcfc8c17ecf31a0525376"",""data/metrics_faithfulness_metrics_PickCube-v1_170m_seed42_l2_20260530_021658.jsonl:256:ad28f4b1a684b9d1494a50ac729207f2fe52d8be2c2719a95d69e970a54aa590"",""data/metrics_faithfulness_metrics_PickCube-v1_170m_seed42_l2_20260530_021658.jsonl:257:f198d2d08748b04a6a5f171d85e0fe50d30a075a8e20e0e4cb3f39384f57137b"",""data/metrics_faithfulness_metrics_PickCube-v1_170m_seed42_l2_20260530_021658.jsonl:258:befdc164060a6044ee919d657d1c591fcd1c54691042c03ec05fca2859ac08d8"",""data/metrics_faithfulness_metrics_PickCube-v1_170m_seed42_l2_20260530_021658.jsonl:259:a60eb3ca91ad01f5f178cf3219258721cc0f9dbe5cf3fb4e366ee60daacfe82f"",""data/metrics_faithfulness_metrics_PickCube-v1_170m_seed42_l2_20260530_021658.jsonl:260:6a63e43399d08f80ee12443e5ff45fc992eb57f7542ec653aaf8914528a29e70"",""data/metrics_faithfulness_metrics_PickCube-v1_170m_seed42_l2_20260530_021658.jsonl:261:b46b9b90976c507b19d062b17cd0c097dc1300845f27f65fa9639d19c2de3992"",""data/metrics_faithfulness_metrics_PickCube-v1_170m_seed42_l2_20260530_021658.jsonl:262:745c536587e7bcfbb2c50228f6ae99ec95ab31517b55812a7e7ce7a884c33969"",""data/metrics_faithfulness_metrics_PickCube-v1_170m_seed42_l2_20260530_021658.jsonl:263:51c66bd6610e7f626831c5ec8c8013666313d3933da58a1211081f19ad6e0efa"",""data/metrics_faithfulness_metrics_PickCube-v1_170m_seed42_l2_20260530_021658.jsonl:264:bde495b8f0d5feb2912ee0a3259264206c90d1944db5eb0d08d908fe42234181"",""data/metrics_faithfulness_metrics_PickCube-v1_170m_seed42_l2_20260530_021658.jsonl:265:f6ef890fd643d0b03df7b6c3a007c3aa911c9044bf04c78e9f556c027e8e14e6"",""data/metrics_faithfulness_metrics_PickCube-v1_170m_seed42_l2_20260530_021658.jsonl:266:584d3402d539b33bda8dd39cce9f6b8f08f0884fcb3a2c7798bd7686a1fae1c8"",""data/metrics_faithfulness_metrics_PickCube-v1_170m_seed42_l2_20260530_021658.jsonl:267:e4382090fdd33796b900582cc4088fc7e176e12bb79808d4e6e810697fbc609d"",""data/metrics_faithfulness_metrics_PickCube-v1_170m_seed42_l2_20260530_021658.jsonl:268:9d617c78834658de1505a11e7db740003c5516592bd91d7d8c23e7c8c8c6de96"",""data/metrics_faithfulness_metrics_PickCube-v1_170m_seed42_l2_20260530_021658.jsonl:269:27e8eac7108be2f7231e285ef35a725a51760e472b6e335b4832076d6d4c9774"",""data/metrics_faithfulness_metrics_PickCube-v1_170m_seed42_l2_20260530_021658.jsonl:270:25a5c76a0d8b0d1c9303c947661d62024ed1c2e9302d72b4b3c276fc14e2c181"",""data/metrics_faithfulness_metrics_PickCube-v1_170m_seed42_l2_20260530_021658.jsonl:271:b7ee3d527d43e0329d3050353715c0320bf61a84369f7f62b48747e895645c3f"",""data/metrics_faithfulness_metrics_PickCube-v1_170m_seed42_l2_20260530_021658.jsonl:272:5bd2ef36bda24838cc1f3637e9806aeb01c4bc0ef9b452cf9f3b3a6969a9edc1"",""data/metrics_faithfulness_metrics_PickCube-v1_170m_seed42_l2_20260530_021658.jsonl:273:35fd60f1689950f2fa983437134e1bf59d160dd04347de4e244265b6c2902521"",""data/metrics_faithfulness_metrics_PickCube-v1_170m_seed42_l2_20260530_021658.jsonl:274:58d5ef53079c724cdf19d121f835c24029035a1a969f97700d797e7ba7154bd9"",""data/metrics_faithfulness_metrics_PickCube-v1_170m_seed42_l2_20260530_021658.jsonl:275:6dc84d84c03f73eeb6af7ea73bc89e0f1eebad8592882907959182ecd1841f76""]",0.13809684083312113,-0.38073720181591925,0.0
L2:lang:insertion,L2,lang,insertion,c5cc09d93bb26552cfe5989f5f87b4f9f4d7a7a4f6619db4de9c074038b0a896,25,25,0.1176015473610285,"[""data/metrics_faithfulness_metrics_PickCube-v1_170m_seed42_l2_20260530_021658.jsonl:26:45903faa5f3d207e1ffa280bcf5fe5b658d7d6bb155c72055ac07895217fb5f3"",""data/metrics_faithfulness_metrics_PickCube-v1_170m_seed42_l2_20260530_021658.jsonl:27:05997ad74b15bc86dde50cb67a6973feb32c014a430a69f9198369009616baa3"",""data/metrics_faithfulness_metrics_PickCube-v1_170m_seed42_l2_20260530_021658.jsonl:28:b119a2f857e192267461818169556e1dd5e9bb768aa0ad3bb010ee62c47dff07"",""data/metrics_faithfulness_metrics_PickCube-v1_170m_seed42_l2_20260530_021658.jsonl:29:8382c8a2863cec262ac5061fae5fda533a9e9f7fca1185743c82780e1efc15dc"",""data/metrics_faithfulness_metrics_PickCube-v1_170m_seed42_l2_20260530_021658.jsonl:30:f42222fb386566d4e2211c90f86f863a59e7d0c67cdeb3137959c2bebf8f4889"",""data/metrics_faithfulness_metrics_PickCube-v1_170m_seed42_l2_20260530_021658.jsonl:31:c310ed804e173c8cc965888ba63faa132ced9c144cede9d7233bed01db1bc567"",""data/metrics_faithfulness_metrics_PickCube-v1_170m_seed42_l2_20260530_021658.jsonl:32:e82d293eca99d31827f7465a0c42364a19d4d92f5825371be8bd8bdfbf7a3b7e"",""data/metrics_faithfulness_metrics_PickCube-v1_170m_seed42_l2_20260530_021658.jsonl:33:0742ad6bf18ba383c876a27f010918c765d694c1e7dcced0a143037ae6206d3f"",""data/metrics_faithfulness_metrics_PickCube-v1_170m_seed42_l2_20260530_021658.jsonl:34:8de95d915d7f4dd99903f7d64630e9ce7b2e58b68087cfb16a6663d7b0c92811"",""data/metrics_faithfulness_metrics_PickCube-v1_170m_seed42_l2_20260530_021658.jsonl:35:b7019f46c9070a51de7ecc26fe8a499513cb58962cb6186011324061f5c2b08a"",""data/metrics_faithfulness_metrics_PickCube-v1_170m_seed42_l2_20260530_021658.jsonl:36:ea6b8da47baf1f69c4c8cf1cbb442416ba0265de591b99a8bedf58eef0d1ee44"",""data/metrics_faithfulness_metrics_PickCube-v1_170m_seed42_l2_20260530_021658.jsonl:37:0df432a0a941c1ccccfa910122761fa81f0fad3e1ed6bf9c539516969b4860bb"",""data/metrics_faithfulness_metrics_PickCube-v1_170m_seed42_l2_20260530_021658.jsonl:38:0f4a1d832c23fceb9b4a12d8f2d6fc16ef89a5ef8d022cee7f6617a717ec15cb"",""data/metrics_faithfulness_metrics_PickCube-v1_170m_seed42_l2_20260530_021658.jsonl:39:2e8a3e8616defce531f74a5309c8b86b5077bd44cf57bbc5e0c47e0e02db259d"",""data/metrics_faithfulness_metrics_PickCube-v1_170m_seed42_l2_20260530_021658.jsonl:40:cea504eddbe38efe40d0786ff5066afd5ba91dc681d67e979e8c1b48d0372536"",""data/metrics_faithfulness_metrics_PickCube-v1_170m_seed42_l2_20260530_021658.jsonl:41:c2ca9d8d079efe6b93425301d4a5b822566d07ea6916a713ca5b2bb229b73f96"",""data/metrics_faithfulness_metrics_PickCube-v1_170m_seed42_l2_20260530_021658.jsonl:42:1628113f4b64d52561010a6701c0b0eebfd040c477e66d411e8eb4e86b270cb5"",""data/metrics_faithfulness_metrics_PickCube-v1_170m_seed42_l2_20260530_021658.jsonl:43:0be478766ae410b5daa9a755f1e8c943c4531ba813b49ef45ea80de107c31082"",""data/metrics_faithfulness_metrics_PickCube-v1_170m_seed42_l2_20260530_021658.jsonl:44:9373f627ba707e7ebca480b030d51912e6b86da1314d4dcadc1d35bc53d386d5"",""data/metrics_faithfulness_metrics_PickCube-v1_170m_seed42_l2_20260530_021658.jsonl:45:54e02478bdb5adc63815aa83e21230cba01fcf11e32dea73d3ed1e8a880d65e6"",""data/metrics_faithfulness_metrics_PickCube-v1_170m_seed42_l2_20260530_021658.jsonl:46:3590e710d3d8841bea64c662db8d20d2bd30bac4d14be6c1a97d21505c84bbcd"",""data/metrics_faithfulness_metrics_PickCube-v1_170m_seed42_l2_20260530_021658.jsonl:47:94fcb8512428fa66fc078cdc67b295cf158b0016992ab27d4f77e44fb2b1c173"",""data/metrics_faithfulness_metrics_PickCube-v1_170m_seed42_l2_20260530_021658.jsonl:48:de6e8fc5b6e13ad409fe402d74861848c57ea8d442b261d404d9b32c02afd553"",""data/metrics_faithfulness_metrics_PickCube-v1_170m_seed42_l2_20260530_021658.jsonl:49:629c3dfbd1bf12f35e69b2ee9454910aed323dbcd9c7613eb2d4594eb70967cf"",""data/metrics_faithfulness_metrics_PickCube-v1_170m_seed42_l2_20260530_021658.jsonl:50:ed8370ad00a3aaf11f0d319faee7a4d07030b5e5fed785ea2010acfcbd747c76""]",0.15484642607538443,-0.03724487871435591,0.0
L2:lang:insertion,L2,lang,insertion,dc779925631fe13fdb891355904d829844e180bfdb79b0e4a2240f7f2fc82455,25,25,0.07162851841267948,"[""data/metrics_faithfulness_metrics_PickCube-v1_170m_seed142_l2_20260530_082947.jsonl:101:33cedb898395011efd0266c3d56f3a80c4bd5d0ecc587f406e4932135e56efc8"",""data/metrics_faithfulness_metrics_PickCube-v1_170m_seed142_l2_20260530_082947.jsonl:102:3a1f4658fd17898942a38d1480379c8b507048098c5d32ed41ea2f209b039eff"",""data/metrics_faithfulness_metrics_PickCube-v1_170m_seed142_l2_20260530_082947.jsonl:103:114e1fbf56c797bb2d8d2ab99c3eec3522c9b442e64a8ebaed7a9560208fb8a8"",""data/metrics_faithfulness_metrics_PickCube-v1_170m_seed142_l2_20260530_082947.jsonl:104:c97102a3270b82159f6f7d370f1ef6597ab76ec8f0d0a89468cbf5524587a817"",""data/metrics_faithfulness_metrics_PickCube-v1_170m_seed142_l2_20260530_082947.jsonl:105:4e433bd3432bc80091e968c33372ea689594bc461daf224aaf328834f095219a"",""data/metrics_faithfulness_metrics_PickCube-v1_170m_seed142_l2_20260530_082947.jsonl:106:dc114a5545562e2e8b50a2070ed5f88182e5796756d0a3f256905863338344ff"",""data/metrics_faithfulness_metrics_PickCube-v1_170m_seed142_l2_20260530_082947.jsonl:107:70365b6ef7ddd4af26632cb7ea63fb0f6d58033defbb2b19537f8b44121fbf5a"",""data/metrics_faithfulness_metrics_PickCube-v1_170m_seed142_l2_20260530_082947.jsonl:108:e3565203bd30cac140495d35008d63c18b311053a06dc419d157aa2b842e4f8f"",""data/metrics_faithfulness_metrics_PickCube-v1_170m_seed142_l2_20260530_082947.jsonl:109:3e517776ab2b40028ad2b4419d2a3bb4d034a477ee550c845f85d8fceb7fb84c"",""data/metrics_faithfulness_metrics_PickCube-v1_170m_seed142_l2_20260530_082947.jsonl:110:4ff85ad1f6dfcbc903471f25ab7cb7f0ea901785649ba74dd3da793c84583209"",""data/metrics_faithfulness_metrics_PickCube-v1_170m_seed142_l2_20260530_082947.jsonl:111:6619a57f8ddac21b0510ec214d5449a53ae52ce3a41badb3a276e2cab5d85f60"",""data/metrics_faithfulness_metrics_PickCube-v1_170m_seed142_l2_20260530_082947.jsonl:112:c0dbc3a3f9ce0a65014d4477126efce334e3ecbe0fbdbad8c00cddc0d12c3357"",""data/metrics_faithfulness_metrics_PickCube-v1_170m_seed142_l2_20260530_082947.jsonl:113:3b33b0f9bfe84b2ce906329567808a83a624acc6b8221c1592c57ccd55e585eb"",""data/metrics_faithfulness_metrics_PickCube-v1_170m_seed142_l2_20260530_082947.jsonl:114:8a618bc1064dcda3d775dd0f98444eb378f156c82d29f97a131c74b5dfbfa555"",""data/metrics_faithfulness_metrics_PickCube-v1_170m_seed142_l2_20260530_082947.jsonl:115:30cef07aaa228b5ddd59b1b7a627db7449ffe77eccf22b9c7d679d8bf8da5b38"",""data/metrics_faithfulness_metrics_PickCube-v1_170m_seed142_l2_20260530_082947.jsonl:116:ea5d113ade914965a6d356d8eb1ea3d6fab6bdfb8eb306fbbfec192be0e6dc8c"",""data/metrics_faithfulness_metrics_PickCube-v1_170m_seed142_l2_20260530_082947.jsonl:117:0e9bdd6a8df784664e46560b74bacb226ed69125905b5abae3c9f82124985aa2"",""data/metrics_faithfulness_metrics_PickCube-v1_170m_seed142_l2_20260530_082947.jsonl:118:b607b937bbc14a0becc32ec71383771a2f3cc58ea4c786e819c19bef7ac34810"",""data/metrics_faithfulness_metrics_PickCube-v1_170m_seed142_l2_20260530_082947.jsonl:119:cf1c7e808fbe0eefc9d85b72834c8eb04953b2e982159ad454583c72ad1416de"",""data/metrics_faithfulness_metrics_PickCube-v1_170m_seed142_l2_20260530_082947.jsonl:120:b1cb9d3b888916043b199b1a240159f5827ba710a61fd15bec28b7a4ea04e2b3"",""data/metrics_faithfulness_metrics_PickCube-v1_170m_seed142_l2_20260530_082947.jsonl:121:8e52bafb50c47c8f5b772ce8ae26bd4c15291dab9aec6f12a9052dedaba1d3e1"",""data/metrics_faithfulness_metrics_PickCube-v1_170m_seed142_l2_20260530_082947.jsonl:122:66fb43efa268a5c4ca35752c6bd3f66c365afd91f4a432ce0329c17f162b9d01"",""data/metrics_faithfulness_metrics_PickCube-v1_170m_seed142_l2_20260530_082947.jsonl:123:3033cb1ccf0752fa9e5baa0f55f3e6d99db430b1b5814cd38303a03eac7cbbed"",""data/metrics_faithfulness_metrics_PickCube-v1_170m_seed142_l2_20260530_082947.jsonl:124:d4c573bd698d467078d0f594e6e8a27dc2919f2326af66f4abe1e165ecf2d4ef"",""data/metrics_faithfulness_metrics_PickCube-v1_170m_seed142_l2_20260530_082947.jsonl:125:cb3a7758e24a25b5262cef79b433cc29fdbb46152002bfdf8effdb5f8748f45d""]",0.1487068017849596,-0.07707828337228012,0.0
L2:lang:insertion,L2,lang,insertion,e388414ba782e700c2ab97ce5ce140068d4fedd7be8c387789d620fc86a66b33,25,25,-0.20681047185042314,"[""data/metrics_faithfulness_metrics_PickCube-v1_170m_seed142_l2_20260530_082947.jsonl:326:7a83cb8274e7efbee25a89842eb142e6a4dc140d10d802340df3e98559c89b8e"",""data/metrics_faithfulness_metrics_PickCube-v1_170m_seed142_l2_20260530_082947.jsonl:327:c2c34e70917234067b1ffdaf9e3f39ae5d154a113d1595fc11d09bb81e237481"",""data/metrics_faithfulness_metrics_PickCube-v1_170m_seed142_l2_20260530_082947.jsonl:328:2df465d271792af31b16b4e877bfc8c66f23fb692f905d70f72c5d577896768f"",""data/metrics_faithfulness_metrics_PickCube-v1_170m_seed142_l2_20260530_082947.jsonl:329:e0feed1f01fbadf4ab8c5d1bf7b73bfb3ff9eb8b002a6f04a7f17f8170ab73e9"",""data/metrics_faithfulness_metrics_PickCube-v1_170m_seed142_l2_20260530_082947.jsonl:330:4de0e370806977b1a79959445eb60374651259fff9ce127d2c4f83fd7c1e459f"",""data/metrics_faithfulness_metrics_PickCube-v1_170m_seed142_l2_20260530_082947.jsonl:331:12b528540106c24ffc32670ad25a6f4bd8a9746a181dd1ac8f30fdbe572588ec"",""data/metrics_faithfulness_metrics_PickCube-v1_170m_seed142_l2_20260530_082947.jsonl:332:f323603b411f54791f563ff4da32690a768a9fe0a881829e4aec0ae4a7c8e4b1"",""data/metrics_faithfulness_metrics_PickCube-v1_170m_seed142_l2_20260530_082947.jsonl:333:8a3e645baa9114c341e963e1028dd07d803a13f23fa2942840f6112f96598b9a"",""data/metrics_faithfulness_metrics_PickCube-v1_170m_seed142_l2_20260530_082947.jsonl:334:7b7d39492112b9d9def518608b0a15441d0fe7194efb626fbb58ac286557ab77"",""data/metrics_faithfulness_metrics_PickCube-v1_170m_seed142_l2_20260530_082947.jsonl:335:3277b63c9f9e8b1ef649951c06a44aa32f423059a0331857f5c80abe40db1715"",""data/metrics_faithfulness_metrics_PickCube-v1_170m_seed142_l2_20260530_082947.jsonl:336:a374c9d3827a10392eb3b382820f83ee6ba2017dff16b4f9c1333f8db7b900e4"",""data/metrics_faithfulness_metrics_PickCube-v1_170m_seed142_l2_20260530_082947.jsonl:337:7e562596eee0ee01ed684d2401095b4ca2bc3b72e89b551ceef683511d608760"",""data/metrics_faithfulness_metrics_PickCube-v1_170m_seed142_l2_20260530_082947.jsonl:338:fa91dac1122222d973124f5c8735511488ce67256f3d43ffb0f793ccd38fef05"",""data/metrics_faithfulness_metrics_PickCube-v1_170m_seed142_l2_20260530_082947.jsonl:339:30e811982707c8c477c6faeec645345570d4befcf306ac9d8229b19b6458282a"",""data/metrics_faithfulness_metrics_PickCube-v1_170m_seed142_l2_20260530_082947.jsonl:340:f0a62803e7b36ac84f482cf6fe0c8a1700051935923285da632100275b6a9104"",""data/metrics_faithfulness_metrics_PickCube-v1_170m_seed142_l2_20260530_082947.jsonl:341:c478003c18899a98e948f2a4b60c11b7ca7d81d120f488fd6c6c72f7e2f1b8ef"",""data/metrics_faithfulness_metrics_PickCube-v1_170m_seed142_l2_20260530_082947.jsonl:342:5a3c390be845a9d46daed4fdb0f4b8f084a6731324994b71302b6dfd8ee51c86"",""data/metrics_faithfulness_metrics_PickCube-v1_170m_seed142_l2_20260530_082947.jsonl:343:7ec1a8e13d58060d9f7e2cfab18da73e67da31b9846a0f311af66558a7c22741"",""data/metrics_faithfulness_metrics_PickCube-v1_170m_seed142_l2_20260530_082947.jsonl:344:409fe2420449e089c50b3f47f7bc5854d697fd4c2b320b41f81a5f1a08574c49"",""data/metrics_faithfulness_metrics_PickCube-v1_170m_seed142_l2_20260530_082947.jsonl:345:35b5fd52570206a62788592fccb650bc6e09fc21bae8df58fa41664e72b80972"",""data/metrics_faithfulness_metrics_PickCube-v1_170m_seed142_l2_20260530_082947.jsonl:346:08fbda471c6b0cc5c9520086136bf4d98180ef69d22e9103457021836bc29571"",""data/metrics_faithfulness_metrics_PickCube-v1_170m_seed142_l2_20260530_082947.jsonl:347:8d2b30898ce646333b6dcf14b6ee47774f379ecf317bd623809c5fffde524cd1"",""data/metrics_faithfulness_metrics_PickCube-v1_170m_seed142_l2_20260530_082947.jsonl:348:0dbf54b4c15f7286d37bb5fcc077920c7247e616a4414db19679b2327dd9a82d"",""data/metrics_faithfulness_metrics_PickCube-v1_170m_seed142_l2_20260530_082947.jsonl:349:8d2be57d65168752bcb4e5972764937a716539cebca5f87f6e856e32ba4b1fa6"",""data/metrics_faithfulness_metrics_PickCube-v1_170m_seed142_l2_20260530_082947.jsonl:350:7351cb0bcfb50f71f266438cfcb90c6a3168df7887e902af2d90121a373d88c7""]",0.15490507755956975,-0.3617155494099928,0.0
L2:lang:insertion,L2,lang,insertion,e950613bb1901a8cfbfe491f9ec8b7ab8a3104dbdef76984399c552f7442587d,25,25,-0.41985220948021457,"[""data/metrics_faithfulness_metrics_PickCube-v1_170m_seed42_l2_20260530_021658.jsonl:201:d7241f1a4983d08b473b44388a3d404b695049810dc7ad5c3923c5b746dcf5b3"",""data/metrics_faithfulness_metrics_PickCube-v1_170m_seed42_l2_20260530_021658.jsonl:202:cb08013c27bd66bce362629b397bb0d9044480fe5f346d0fcbb7b06d5dabe109"",""data/metrics_faithfulness_metrics_PickCube-v1_170m_seed42_l2_20260530_021658.jsonl:203:c8269162f560b631409e6fbbab9f864f8695c01037ed2b95a0d8a5d7c99bfcc0"",""data/metrics_faithfulness_metrics_PickCube-v1_170m_seed42_l2_20260530_021658.jsonl:204:942e19ab19f8841595f75cfd213980f6743971e9a47d764b0915214529f2f4ba"",""data/metrics_faithfulness_metrics_PickCube-v1_170m_seed42_l2_20260530_021658.jsonl:205:ddd57ab863f62bbc1550af5d91cdbdff459fcf5bfacb4a7637aba517f526fd57"",""data/metrics_faithfulness_metrics_PickCube-v1_170m_seed42_l2_20260530_021658.jsonl:206:2952298b9d5216e46be4912b418b618a62da94955dce63d2e603935594302e63"",""data/metrics_faithfulness_metrics_PickCube-v1_170m_seed42_l2_20260530_021658.jsonl:207:dbb09078079b2a6f2be17e82eaa334eeee1dd1b8d08b574bb8e68168b97c9487"",""data/metrics_faithfulness_metrics_PickCube-v1_170m_seed42_l2_20260530_021658.jsonl:208:8d1cfe2cf05b98eddf96dbac731ba24cef9c89860c51894a936fa69ac6b3ae91"",""data/metrics_faithfulness_metrics_PickCube-v1_170m_seed42_l2_20260530_021658.jsonl:209:a020a05a70d453086897650ef6f497704d90762b99a9e64de9178e777c14f368"",""data/metrics_faithfulness_metrics_PickCube-v1_170m_seed42_l2_20260530_021658.jsonl:210:9a751a7db0909cd741aa4df46f0afbbaa60af3c610af7d9021799648bc1651ac"",""data/metrics_faithfulness_metrics_PickCube-v1_170m_seed42_l2_20260530_021658.jsonl:211:550648b341f1883d0370e41ca3d2050177df381caf6e763918de3e08b3a44fc8"",""data/metrics_faithfulness_metrics_PickCube-v1_170m_seed42_l2_20260530_021658.jsonl:212:74fda0544604427c925e215aa74fd418c4a0dfd2f734bb85210910494baa95ef"",""data/metrics_faithfulness_metrics_PickCube-v1_170m_seed42_l2_20260530_021658.jsonl:213:cecf3df3a85dd6d85bba91e5d3d7780234062b0765074c6a78db17bf2881a1cf"",""data/metrics_faithfulness_metrics_PickCube-v1_170m_seed42_l2_20260530_021658.jsonl:214:1abb65bbec29b23f893aaaf4e1d381b6edd5c07f81a9546feddd357ab75163c7"",""data/metrics_faithfulness_metrics_PickCube-v1_170m_seed42_l2_20260530_021658.jsonl:215:06f0164d8ccd03fd2e951024161b77e80f4e25121a90b6f44e8f2351bdb43e1c"",""data/metrics_faithfulness_metrics_PickCube-v1_170m_seed42_l2_20260530_021658.jsonl:216:cc2b44ef8b946ca337bcf4196ae61fadf0aeb221311b1f93e1eb4964b0041002"",""data/metrics_faithfulness_metrics_PickCube-v1_170m_seed42_l2_20260530_021658.jsonl:217:38bc432a229a3162e3810ef79eed99507072af8102f0caf1998e521dec3e2c43"",""data/metrics_faithfulness_metrics_PickCube-v1_170m_seed42_l2_20260530_021658.jsonl:218:e85fe1bcb6b9e905631dc0c5adde83cae6652d7e4364a8b9a8da899503f7dede"",""data/metrics_faithfulness_metrics_PickCube-v1_170m_seed42_l2_20260530_021658.jsonl:219:263ae5b6f1b496d91f0f836a54f260ae0fd306c0ca166a22dc73ce7367984992"",""data/metrics_faithfulness_metrics_PickCube-v1_170m_seed42_l2_20260530_021658.jsonl:220:096a00aad2f298774a2977a29c1fe73cafcd0980d74e2cd2e38213341ff5764a"",""data/metrics_faithfulness_metrics_PickCube-v1_170m_seed42_l2_20260530_021658.jsonl:221:d9cb772269fc6e78e8ac56458344a4a0880b7531a21cfea4ba184a1d78f758d4"",""data/metrics_faithfulness_metrics_PickCube-v1_170m_seed42_l2_20260530_021658.jsonl:222:7c6fa086904f837c11a35ab91a3c887253551521b07285e0dd6e6e01eb2bb9b9"",""data/metrics_faithfulness_metrics_PickCube-v1_170m_seed42_l2_20260530_021658.jsonl:223:1d9d83ad2d0ccb1a3cc6ef62a23186347e50ca4bed936725f9c3a69f4e5910e2"",""data/metrics_faithfulness_metrics_PickCube-v1_170m_seed42_l2_20260530_021658.jsonl:224:91a0a64e54cbc66a67605585230b6bd059d2c87b879051cd3ab6a26738b92e37"",""data/metrics_faithfulness_metrics_PickCube-v1_170m_seed42_l2_20260530_021658.jsonl:225:597821f286855059b19552bcb6fb6eadbd601c08806793307d1faf4d834b1b79""]",0.1483565544910335,-0.5682087639712481,0.0
L2:lang:insertion,L2,lang,insertion,ee2ec670fe253a182d6e483b082fdad2d27b3953861b30b64a55d26dc8a80759,25,25,0.0026175734049772494,"[""data/metrics_faithfulness_metrics_PickCube-v1_170m_seed42_l2_20260530_021658.jsonl:276:dc18d5ddb52298e2e582f5d9c635d0c34d1c3ac290135082e24e5210df47531f"",""data/metrics_faithfulness_metrics_PickCube-v1_170m_seed42_l2_20260530_021658.jsonl:277:47e6a4ca96d6327a18ad44b865c0af8cd4a9ad4b591ae3a5d55fa9d9614597b7"",""data/metrics_faithfulness_metrics_PickCube-v1_170m_seed42_l2_20260530_021658.jsonl:278:0fb9952a38fbb45868b4d247470ae9aecec2366e6d9673a949cd16d6b27b9b6f"",""data/metrics_faithfulness_metrics_PickCube-v1_170m_seed42_l2_20260530_021658.jsonl:279:d424023b427f3844000883c9aae1404000f2ed3e9dec1c01993faa803644289e"",""data/metrics_faithfulness_metrics_PickCube-v1_170m_seed42_l2_20260530_021658.jsonl:280:6f67da9c7acbc57ae70a9d0bcdb731b4f66904c97b2b2803fca63ae7bd737108"",""data/metrics_faithfulness_metrics_PickCube-v1_170m_seed42_l2_20260530_021658.jsonl:281:a7ba131295118c99b9fd8b2629702e61573534e48fa42154417a8c3b0ae4952a"",""data/metrics_faithfulness_metrics_PickCube-v1_170m_seed42_l2_20260530_021658.jsonl:282:4c20c5258aa28a1c534b997aa2e6d5e7402f2fd3e9f829d11804e868abdbf4ee"",""data/metrics_faithfulness_metrics_PickCube-v1_170m_seed42_l2_20260530_021658.jsonl:283:c6eae6aa439e41389390d7186eddcdb4c11b65dd14a963eec216e288b01eb9cb"",""data/metrics_faithfulness_metrics_PickCube-v1_170m_seed42_l2_20260530_021658.jsonl:284:25e71d8c541b801aea9a345363fdaa5a05e33729f0b4505f0fcc1afc1a5c243e"",""data/metrics_faithfulness_metrics_PickCube-v1_170m_seed42_l2_20260530_021658.jsonl:285:d2d62fa5e9287946ccff2802a510916d28dea55257dd9dc682b15adeb50f0a02"",""data/metrics_faithfulness_metrics_PickCube-v1_170m_seed42_l2_20260530_021658.jsonl:286:e7ce93ec0dc23cf17799b4d180efdaf045fea4698e691dfe66318240ffa1d4b9"",""data/metrics_faithfulness_metrics_PickCube-v1_170m_seed42_l2_20260530_021658.jsonl:287:4f67d9258160b1ef2f9eb7581f92a126d0a0e1ef6b03338376019133f3cd7864"",""data/metrics_faithfulness_metrics_PickCube-v1_170m_seed42_l2_20260530_021658.jsonl:288:e741c7e619d8e4d6fb7e82a9e5fd881beaac758391a464667a0d019a1b57830b"",""data/metrics_faithfulness_metrics_PickCube-v1_170m_seed42_l2_20260530_021658.jsonl:289:f93605778086ba6c36e43675eae6452a38b11a93be489d7f7095d51effb94f1a"",""data/metrics_faithfulness_metrics_PickCube-v1_170m_seed42_l2_20260530_021658.jsonl:290:f5c6b91992e30ad7f00697337bd937009bfbcdf011d76982f9af65a0117d80c5"",""data/metrics_faithfulness_metrics_PickCube-v1_170m_seed42_l2_20260530_021658.jsonl:291:035ffd9554e158d4f2d4203310aee37f2c1705b1d219179c4de4939c49dc1379"",""data/metrics_faithfulness_metrics_PickCube-v1_170m_seed42_l2_20260530_021658.jsonl:292:f15a0e7d5c6ed2fcb7f4a8d403af537d692d7abdc97e5113702a4108c5e1b9df"",""data/metrics_faithfulness_metrics_PickCube-v1_170m_seed42_l2_20260530_021658.jsonl:293:c6798c0ae28c4d12e9bc58db5e18d461c2481a11943673e4cd6918ebaaac6a3c"",""data/metrics_faithfulness_metrics_PickCube-v1_170m_seed42_l2_20260530_021658.jsonl:294:905aa2a0affcdc884a7578f227ad2b652a827d36fad3dd798c6dae23d699bc08"",""data/metrics_faithfulness_metrics_PickCube-v1_170m_seed42_l2_20260530_021658.jsonl:295:143bb139db803712307c2005cdd4599a91aa42d68624690a3a83f4e6513e3e78"",""data/metrics_faithfulness_metrics_PickCube-v1_170m_seed42_l2_20260530_021658.jsonl:296:079c16caf23ceec2cbca954ff58b86e70dc1fea02ea79cc659d8615dc1e71b42"",""data/metrics_faithfulness_metrics_PickCube-v1_170m_seed42_l2_20260530_021658.jsonl:297:afb5963440cad300f64a8849377cb93d850bff32c8c74f3762d5a9513a30e8d6"",""data/metrics_faithfulness_metrics_PickCube-v1_170m_seed42_l2_20260530_021658.jsonl:298:9ff1d9d354f9bceae9fccc99d98022418770e90be3832f108fd32e13a2ca1963"",""data/metrics_faithfulness_metrics_PickCube-v1_170m_seed42_l2_20260530_021658.jsonl:299:f9982f7160ef9a6d6d4e2a7b20a5869758e081891c18f47788e4272391fda2a3"",""data/metrics_faithfulness_metrics_PickCube-v1_170m_seed42_l2_20260530_021658.jsonl:300:489a049fe6b7600a7f03837e39a9ac4f5d01bfc4c5632c40a149667420a4f723""]",0.1663298234649705,-0.1637122500599932,0.0
L2:lang:insertion,L2,lang,insertion,f67073a51e251437dfcac7024a9c224100b6ff0ae4d8897318b2931fcd4b52c9,25,25,-0.05146720895924553,"[""data/metrics_faithfulness_metrics_PickCube-v1_170m_seed42_l2_20260530_021658.jsonl:350:12463597b216df03faf47bab571a6c4429ea9a9daaaa0032b2a3a43dc46291bc"",""data/metrics_faithfulness_metrics_PickCube-v1_170m_seed42_l2_20260530_021658.jsonl:351:9142c411cfb6d0d471794e8c655161e7660ab46e983cf9388b59d5dafc910b51"",""data/metrics_faithfulness_metrics_PickCube-v1_170m_seed42_l2_20260530_021658.jsonl:352:47daab7ebcf8434e7b1d6a25b08fcd589e486cbb014f1be3506d77c81115b10c"",""data/metrics_faithfulness_metrics_PickCube-v1_170m_seed42_l2_20260530_021658.jsonl:353:8d6db2059bbca1acf289e96824391284f3ca47a1c94625db3476a072fdfe57bf"",""data/metrics_faithfulness_metrics_PickCube-v1_170m_seed42_l2_20260530_021658.jsonl:354:f61d67011840c96127fe859b1dafa541b5c4ff4f215660bd66aa71cae37c70c3"",""data/metrics_faithfulness_metrics_PickCube-v1_170m_seed42_l2_20260530_021658.jsonl:355:5571ce6d156caf851fe7c88047b2581fd4811fe0bb6fe27a715d2a428626cf03"",""data/metrics_faithfulness_metrics_PickCube-v1_170m_seed42_l2_20260530_021658.jsonl:356:d056358aa161b80eb928115c008ce92d876c6f5615f499c9de421fcb55eb79ed"",""data/metrics_faithfulness_metrics_PickCube-v1_170m_seed42_l2_20260530_021658.jsonl:357:d2e13010e5164f7410133a356ffa98fce2c97767c0a65c6aa14dc9370ff26ae5"",""data/metrics_faithfulness_metrics_PickCube-v1_170m_seed42_l2_20260530_021658.jsonl:358:c65d2c1613a229485bfb3585d39c461a6280b8ebc9a3af4ad59b8a2317801feb"",""data/metrics_faithfulness_metrics_PickCube-v1_170m_seed42_l2_20260530_021658.jsonl:359:73d18499e2db16466ca267cb3a3526f1a8f538dd4abbe579ec9f6a611bbe6b3c"",""data/metrics_faithfulness_metrics_PickCube-v1_170m_seed42_l2_20260530_021658.jsonl:360:9ec3e7847b3b03fee2b14c341ba922c5e97371f1d94961ab039819740d3f468e"",""data/metrics_faithfulness_metrics_PickCube-v1_170m_seed42_l2_20260530_021658.jsonl:361:c8a2b9a9db3a71b261ca6e4214b0292d2bcfea848b3bf01c72572688a77f9d13"",""data/metrics_faithfulness_metrics_PickCube-v1_170m_seed42_l2_20260530_021658.jsonl:362:6f3722984a7fe2af76122fba82a99e187a32917634d5521eb62894761e504d76"",""data/metrics_faithfulness_metrics_PickCube-v1_170m_seed42_l2_20260530_021658.jsonl:363:a921efd598bfac3f9e10aac7eb487cc6ec0d16a0dabce57f68c376821481fe4f"",""data/metrics_faithfulness_metrics_PickCube-v1_170m_seed42_l2_20260530_021658.jsonl:364:9a9ee87955dcc3b4fe9597e29c4c3aab2bb63c4efaeba93d0463e675f60279cd"",""data/metrics_faithfulness_metrics_PickCube-v1_170m_seed42_l2_20260530_021658.jsonl:365:2607830c1b57eb4329c63db8b07bba5d3672e8d06adc4b68ff4578ca100eca83"",""data/metrics_faithfulness_metrics_PickCube-v1_170m_seed42_l2_20260530_021658.jsonl:366:d0aeae3384d2900a046a4222f6a97159b3dfa9187fbec821e6cb34a4b8bd4a89"",""data/metrics_faithfulness_metrics_PickCube-v1_170m_seed42_l2_20260530_021658.jsonl:367:5fb442924c69a3b20de02d36e730e14865bf11c1bdae15e14913a4bf83bc86a6"",""data/metrics_faithfulness_metrics_PickCube-v1_170m_seed42_l2_20260530_021658.jsonl:368:d794e7ef7d1e1f93e2c22cf083dcce475102c075ef6f167038c0afd1088b0853"",""data/metrics_faithfulness_metrics_PickCube-v1_170m_seed42_l2_20260530_021658.jsonl:369:996d7a7770254e41260fa33c8e1d1deaa5fdbcf6bbed6844eabb90d01f43c1f4"",""data/metrics_faithfulness_metrics_PickCube-v1_170m_seed42_l2_20260530_021658.jsonl:370:84d582b8d09a73050c2143c3b5e2707143c5029636aa94c2ddf39a4a3baad44a"",""data/metrics_faithfulness_metrics_PickCube-v1_170m_seed42_l2_20260530_021658.jsonl:371:2deabcf078a0de122c78adffead5da7e18ce97bbf8865a5885427e73510a07f6"",""data/metrics_faithfulness_metrics_PickCube-v1_170m_seed42_l2_20260530_021658.jsonl:372:91892e270b0e65d860ad1c8da3e60608dbc3d876bda06faad04e866a704a4cfd"",""data/metrics_faithfulness_metrics_PickCube-v1_170m_seed42_l2_20260530_021658.jsonl:373:1c9155c6796f2a1c436cdc22d5ad6e06edd87d88c39fe87b4ce45908e337e346"",""data/metrics_faithfulness_metrics_PickCube-v1_170m_seed42_l2_20260530_021658.jsonl:374:d3bc05e758cbe3f3a6cac57ea90f85a9de4d595d3ec9672657671f5091f5e166""]",0.1258654665499946,-0.17733267550924012,0.0
L2:lang:insertion,L2,lang,insertion,fc3bf3cb3162aa158fc353e843ea58ab343fd7226f91079a7d3380acfafff3c4,25,25,0.026496984184205208,"[""data/metrics_faithfulness_metrics_PickCube-v1_170m_seed142_l2_20260530_082947.jsonl:251:a47773ac7d9897112f2cfa02eb0c9dc79f311f34351aa3b47639fb01471321b1"",""data/metrics_faithfulness_metrics_PickCube-v1_170m_seed142_l2_20260530_082947.jsonl:252:5834497a7ab974475e5c145e64660c40f794b1a8504a64f7504fcf04a9f16eb6"",""data/metrics_faithfulness_metrics_PickCube-v1_170m_seed142_l2_20260530_082947.jsonl:253:3c65bf22eb1aa7c3b2611dd4f45ff61c07193252816bb037c2532671d354b14c"",""data/metrics_faithfulness_metrics_PickCube-v1_170m_seed142_l2_20260530_082947.jsonl:254:2fc2ac811a9dd407348b7b8b43e100d817181d40db07303b96da3f88cc514e1b"",""data/metrics_faithfulness_metrics_PickCube-v1_170m_seed142_l2_20260530_082947.jsonl:255:933fb6acd032d7e1f9c76284aa395497a89c64daf6197252e48c7806ce9d0b6c"",""data/metrics_faithfulness_metrics_PickCube-v1_170m_seed142_l2_20260530_082947.jsonl:256:b15c9d0005152110cd4fb8ef73060b39cbc6279222cc704c378b179b72ee3baf"",""data/metrics_faithfulness_metrics_PickCube-v1_170m_seed142_l2_20260530_082947.jsonl:257:1332b419dac7267e3fdada7cfe7bf715cb88cd56a9baa54267e8cdaa8c3ab65c"",""data/metrics_faithfulness_metrics_PickCube-v1_170m_seed142_l2_20260530_082947.jsonl:258:d1c09e73bf8a1fa56ac6f3e45d424639d98ba20a87228528fdebebb3821901c1"",""data/metrics_faithfulness_metrics_PickCube-v1_170m_seed142_l2_20260530_082947.jsonl:259:82b43a0b7e90b6569947bbfbb1df9d1811a37188d35e6372112f7a7d2fc9f8da"",""data/metrics_faithfulness_metrics_PickCube-v1_170m_seed142_l2_20260530_082947.jsonl:260:b0ca789a9f8498e67975af715e8af24353474434987b937a002863428e2d1f8d"",""data/metrics_faithfulness_metrics_PickCube-v1_170m_seed142_l2_20260530_082947.jsonl:261:847ae68942e1fe3718f9eaa26e6e287428bc136acf51f54d7234e6edbfc61bc3"",""data/metrics_faithfulness_metrics_PickCube-v1_170m_seed142_l2_20260530_082947.jsonl:262:4abb0c201cc5df20f758b2777c23b7e44ee97a066ce97cf91920fc8134829fda"",""data/metrics_faithfulness_metrics_PickCube-v1_170m_seed142_l2_20260530_082947.jsonl:263:c74ac415f2ba9a0b5de5ef8560bb7b9cff318e8a70180f1ce2042164017185e1"",""data/metrics_faithfulness_metrics_PickCube-v1_170m_seed142_l2_20260530_082947.jsonl:264:3a6a1cf5e27663776459874ef1218317c9893c1fd96b110a36c4a97a5f4d12d8"",""data/metrics_faithfulness_metrics_PickCube-v1_170m_seed142_l2_20260530_082947.jsonl:265:22ab40e5a654f91ed01040d6044dbde8eb398b2d4707062a39a03db42baabd79"",""data/metrics_faithfulness_metrics_PickCube-v1_170m_seed142_l2_20260530_082947.jsonl:266:87c2c2e44cd07cb78113387721616a974131e814daca32ec484d0834bbdf804f"",""data/metrics_faithfulness_metrics_PickCube-v1_170m_seed142_l2_20260530_082947.jsonl:267:9349ce6e8246d253881a1165bec60bbc54f8f5ee811b476a03cd6a0d999032b2"",""data/metrics_faithfulness_metrics_PickCube-v1_170m_seed142_l2_20260530_082947.jsonl:268:b7f3ab2eab23550bc11e0d7d01ba7a8b9b86f284893401274be00f0ef09f41e0"",""data/metrics_faithfulness_metrics_PickCube-v1_170m_seed142_l2_20260530_082947.jsonl:269:31ae65959045810ad727ce0f8ee642524cf96bdba87225cf22671425879971e9"",""data/metrics_faithfulness_metrics_PickCube-v1_170m_seed142_l2_20260530_082947.jsonl:270:5d7d9a1470bdda0e171fac63f44e4e046c320caccc156b657dc38d69dcff0fb4"",""data/metrics_faithfulness_metrics_PickCube-v1_170m_seed142_l2_20260530_082947.jsonl:271:2666a38c1b6776f8407bda278411205e5e696c17d4a65b759e093ed3640f809f"",""data/metrics_faithfulness_metrics_PickCube-v1_170m_seed142_l2_20260530_082947.jsonl:272:b24bea235d52afea38b2aa1abcf553daeb0a9998fcf41ebca1dd40144c4b3822"",""data/metrics_faithfulness_metrics_PickCube-v1_170m_seed142_l2_20260530_082947.jsonl:273:318d3033010d8f753c366203bc8451a77b58c0a07fa5ecacb7df7e089628578e"",""data/metrics_faithfulness_metrics_PickCube-v1_170m_seed142_l2_20260530_082947.jsonl:274:8427f5095d6b6d441c163482621163ce4755479b4d5adf64306cda5d4d9081e9"",""data/metrics_faithfulness_metrics_PickCube-v1_170m_seed142_l2_20260530_082947.jsonl:275:8516f7e67dd15fa9a93d4d2c5d754fbc60d24c0eb8c556107e9d740fccfb49fa""]",0.14787294358299927,-0.12137595939879407,0.0
L2:lang:insertion,L2,lang,insertion,fc7d525a108575036e5527da179df56881e097183c830a7987fecbca160ace37,25,25,-0.06300626642466237,"[""data/metrics_faithfulness_metrics_PickCube-v1_170m_seed142_l2_20260530_082947.jsonl:301:6832d3d40f23bb4ea72048c33ae014491a5b18ad99608afe0b4048921dab0e0f"",""data/metrics_faithfulness_metrics_PickCube-v1_170m_seed142_l2_20260530_082947.jsonl:302:bbc02e3b8b8eab7ee8092503fe49d1b655f13c4344fac8fc47129e9807fe3594"",""data/metrics_faithfulness_metrics_PickCube-v1_170m_seed142_l2_20260530_082947.jsonl:303:b5e2bdf2abb6a55e4137a9c20076f250b35a8337a1ce96fe72832f87e5965df6"",""data/metrics_faithfulness_metrics_PickCube-v1_170m_seed142_l2_20260530_082947.jsonl:304:96841e0e9b313cf779d11e2e134b931f5ed10fa43756faab8bfbd49b1ae4d8aa"",""data/metrics_faithfulness_metrics_PickCube-v1_170m_seed142_l2_20260530_082947.jsonl:305:a1c5a65756079590a9ccd11759993bafec3b8bb4cc67d935d32d7c879531d44a"",""data/metrics_faithfulness_metrics_PickCube-v1_170m_seed142_l2_20260530_082947.jsonl:306:b15b65068694056b4c6d585f0d31d93cc169777604e3341076155caea6d5e28a"",""data/metrics_faithfulness_metrics_PickCube-v1_170m_seed142_l2_20260530_082947.jsonl:307:2e0ee80eb6f863127b475dab299479b7ace4723b8b5d9da1523a36ddc76f6b3c"",""data/metrics_faithfulness_metrics_PickCube-v1_170m_seed142_l2_20260530_082947.jsonl:308:8f180c70ccaeb53e1a91f928524f8cc2d7263978b76a3a4cd8fef933319fceee"",""data/metrics_faithfulness_metrics_PickCube-v1_170m_seed142_l2_20260530_082947.jsonl:309:94e7e768e7331891c053796b50cb3d39d5c049b3d6cedb9aa6e68dc3dc7896de"",""data/metrics_faithfulness_metrics_PickCube-v1_170m_seed142_l2_20260530_082947.jsonl:310:ff105fbd0076b30bed402741f4af8c63692e8d5a497ccdbc9df6086044912510"",""data/metrics_faithfulness_metrics_PickCube-v1_170m_seed142_l2_20260530_082947.jsonl:311:017b2bcf4fc788296def3d31b5b00091b76abbfec9cfe08dad4459250f81e577"",""data/metrics_faithfulness_metrics_PickCube-v1_170m_seed142_l2_20260530_082947.jsonl:312:d36b1e4648ecf139980ba517c506185f88e45b81c87abfe33706c75daf1ee902"",""data/metrics_faithfulness_metrics_PickCube-v1_170m_seed142_l2_20260530_082947.jsonl:313:d3115ec175843187d9ea03435e73ee222fc33643da46a7da8b6d5261c7d74ac8"",""data/metrics_faithfulness_metrics_PickCube-v1_170m_seed142_l2_20260530_082947.jsonl:314:f9e174d00fa82ce4bba84f4f3d1d4f261d579720cdb7fd1dd124dfa8ae9cfd57"",""data/metrics_faithfulness_metrics_PickCube-v1_170m_seed142_l2_20260530_082947.jsonl:315:2a53e3d365fb310cd377a3e0397f42704380e9ee62cd179fcabba5d4388e8cf6"",""data/metrics_faithfulness_metrics_PickCube-v1_170m_seed142_l2_20260530_082947.jsonl:316:3ec1bb6fe1f617ed4b696c5decefa66a586f0b8adad6a22ca9ed818cb6fdafb0"",""data/metrics_faithfulness_metrics_PickCube-v1_170m_seed142_l2_20260530_082947.jsonl:317:7db028389a8f6d7f9fcc77912b8569a12fcf7bab0ca57c50c96e688022dde921"",""data/metrics_faithfulness_metrics_PickCube-v1_170m_seed142_l2_20260530_082947.jsonl:318:1cf303893266408bcde0cb54fef4f3f4392fa1d0d528e11b0da55d837f21445b"",""data/metrics_faithfulness_metrics_PickCube-v1_170m_seed142_l2_20260530_082947.jsonl:319:daceeb82a5ad8498e40ae2fbe546788822b06ef4ce432630b86feeb797a9937d"",""data/metrics_faithfulness_metrics_PickCube-v1_170m_seed142_l2_20260530_082947.jsonl:320:1e9360c2782bb5ea4c0e76c30188b679c8620b33110b714914194a1298dd43c0"",""data/metrics_faithfulness_metrics_PickCube-v1_170m_seed142_l2_20260530_082947.jsonl:321:5d0af7f474c5d129814eafb0b166df122782d948d31207ab259ea23b0299544b"",""data/metrics_faithfulness_metrics_PickCube-v1_170m_seed142_l2_20260530_082947.jsonl:322:c825fae007f4086145c3a73af3513ba1115bf9623c0ee1278433d45202945075"",""data/metrics_faithfulness_metrics_PickCube-v1_170m_seed142_l2_20260530_082947.jsonl:323:db18d64749410027efab0cf00eafe0c16b39545e2be4bc4926c28ffad67b0cb2"",""data/metrics_faithfulness_metrics_PickCube-v1_170m_seed142_l2_20260530_082947.jsonl:324:f4802f786be95c5d4ddab459d0b18609fbce570d4165482072a685b0ceb08f3c"",""data/metrics_faithfulness_metrics_PickCube-v1_170m_seed142_l2_20260530_082947.jsonl:325:a9d899ff8a7596703677c4fa2d73d2771ae94dd860939f28408c38e7ef04421e""]",0.13931922944890446,-0.20232549587356685,0.0
L2:lang:insertion,L2,lang,insertion,fe86f3f78070d01a03dbdd22e378167bb234810e3fcfe9a8f58fafc8578eff8c,25,25,0.13523427469283866,"[""data/metrics_faithfulness_metrics_PickCube-v1_170m_seed42_l2_20260530_021658.jsonl:126:6fa5b21f81a3e2e63057c3798766077740d2966d88fa4466b562402451ccad9d"",""data/metrics_faithfulness_metrics_PickCube-v1_170m_seed42_l2_20260530_021658.jsonl:127:72d030d5aa6af04ef1066c9d3406c6cfdf61a1efc26fee16727d10c72975f233"",""data/metrics_faithfulness_metrics_PickCube-v1_170m_seed42_l2_20260530_021658.jsonl:128:b566cc269f47f943b42217ec5c37d68daa3e2e444ff0f5d15762baabe442e363"",""data/metrics_faithfulness_metrics_PickCube-v1_170m_seed42_l2_20260530_021658.jsonl:129:17e2a8de506349fe395de90e72c25b0781a295cf41291194fa164720531a76a4"",""data/metrics_faithfulness_metrics_PickCube-v1_170m_seed42_l2_20260530_021658.jsonl:130:a1661cf97f41d2ac68fcfc508ec3184260bf7df34384421d45e79d6dce9df0c8"",""data/metrics_faithfulness_metrics_PickCube-v1_170m_seed42_l2_20260530_021658.jsonl:131:98ae8bc9da3b08cefdb0295fc5467cc0e270a51b742aa141495f2f352880e086"",""data/metrics_faithfulness_metrics_PickCube-v1_170m_seed42_l2_20260530_021658.jsonl:132:bfa494e3eb3ab36d1c6e0726f32655a293b80fca7904407effcce5447eae0f2e"",""data/metrics_faithfulness_metrics_PickCube-v1_170m_seed42_l2_20260530_021658.jsonl:133:f33e316be8bf031dd996b7d48ae386665c06eb25602a3e82593cd6d521acf129"",""data/metrics_faithfulness_metrics_PickCube-v1_170m_seed42_l2_20260530_021658.jsonl:134:477b7eb342bf92296efb9da9814a7175060caffaf7c200e42c4e7927bba0c356"",""data/metrics_faithfulness_metrics_PickCube-v1_170m_seed42_l2_20260530_021658.jsonl:135:4c55f22d390969f297a5027e5cfffda00aae83030fe2f641b90228aae839b48f"",""data/metrics_faithfulness_metrics_PickCube-v1_170m_seed42_l2_20260530_021658.jsonl:136:4a531525ac6d588aa22a3d6609114249ffbed0c9c7290baf3e8bcce92dfba491"",""data/metrics_faithfulness_metrics_PickCube-v1_170m_seed42_l2_20260530_021658.jsonl:137:5f1805f1e8342b3e51c50bb1c31542dfd844cab4375ecaca90ac22fab91f5643"",""data/metrics_faithfulness_metrics_PickCube-v1_170m_seed42_l2_20260530_021658.jsonl:138:f74e2a55370b2c4a7eeeb921f8097ce38c3ae6ea2ab631c1667035127af232fc"",""data/metrics_faithfulness_metrics_PickCube-v1_170m_seed42_l2_20260530_021658.jsonl:139:89a634d49290cf9ece4d849f0b178ddc98eb4a9c0134c2bae28d9aec7a306a96"",""data/metrics_faithfulness_metrics_PickCube-v1_170m_seed42_l2_20260530_021658.jsonl:140:249cb575e48493d738bcc2503412bc7e71ad09d77fcd52ffeb3ed332a94b9079"",""data/metrics_faithfulness_metrics_PickCube-v1_170m_seed42_l2_20260530_021658.jsonl:141:7fddad48cc4643f1ea22ce17b9a56aea47a75477c532fb72b5956c7ffb391b24"",""data/metrics_faithfulness_metrics_PickCube-v1_170m_seed42_l2_20260530_021658.jsonl:142:dbe11678275c9838ad870a9456f88f0471319861b0be0326fd699c075d86d336"",""data/metrics_faithfulness_metrics_PickCube-v1_170m_seed42_l2_20260530_021658.jsonl:143:9d9c1c40751d63708747447184d1663a1a26322711e2132f305bef84651e3876"",""data/metrics_faithfulness_metrics_PickCube-v1_170m_seed42_l2_20260530_021658.jsonl:144:8633393e1f7ed2511fe03cd452fa91cea4cca2092e8caf1ac52c9724dec6f480"",""data/metrics_faithfulness_metrics_PickCube-v1_170m_seed42_l2_20260530_021658.jsonl:145:dac610c1ab7249ac6399a60baee41fed070d6ce0af2561daac289e5d0a489f7a"",""data/metrics_faithfulness_metrics_PickCube-v1_170m_seed42_l2_20260530_021658.jsonl:146:a5366b118254bc37be2f346c43b71b472e52414d375a7df8692bcc737da51850"",""data/metrics_faithfulness_metrics_PickCube-v1_170m_seed42_l2_20260530_021658.jsonl:147:2770aad35fbb11659b4f0499fcb6cc3ca5b98355444be045c8e5e9a59a438f15"",""data/metrics_faithfulness_metrics_PickCube-v1_170m_seed42_l2_20260530_021658.jsonl:148:4235108f63bde06bfc3079dfab4fd9167dc39016ff9ef49bbc1fcaa72c90088a"",""data/metrics_faithfulness_metrics_PickCube-v1_170m_seed42_l2_20260530_021658.jsonl:149:59f2c96dbff7c7c39c0bc1d5495181b0bf1516a9a783b70f49039f59d9590fd4"",""data/metrics_faithfulness_metrics_PickCube-v1_170m_seed42_l2_20260530_021658.jsonl:150:acc8aa0f2a807e48e02fb91f17ade95fd8d5062e80894baa2e52d79e3f3adee4""]",0.15810813616421168,-0.02287386147137302,0.0
L2:lang:deletion,L2,lang,deletion,0b54b3fe277a26d0cd055d07e3c55a6758becafd90e2090097a9c09f9b6e418e,25,25,0.096273842075624,"[""data/metrics_faithfulness_metrics_PickCube-v1_170m_seed142_l2_20260530_082947.jsonl:276:8e919113e8ed86a6b65a78f01b84ffedae644c24428985ad3e9212d00c94b7a9"",""data/metrics_faithfulness_metrics_PickCube-v1_170m_seed142_l2_20260530_082947.jsonl:277:59dec5786c502051186ccba58e3f0adf33c93c015ecf401a4ba52aad12bf07f6"",""data/metrics_faithfulness_metrics_PickCube-v1_170m_seed142_l2_20260530_082947.jsonl:278:5b8232b8f0726329cbebfe5a15736e6272a7a0c03f0dac13aaf6c2c9c6e0f157"",""data/metrics_faithfulness_metrics_PickCube-v1_170m_seed142_l2_20260530_082947.jsonl:279:c60daa1d7399e35c92fbcf898c17388c26b13926ccab3255a5824e2b2aa468e9"",""data/metrics_faithfulness_metrics_PickCube-v1_170m_seed142_l2_20260530_082947.jsonl:280:4266e5b7e109b0cd062fca1ffa65bffce8c05d4e60e4e36521acb8084031479c"",""data/metrics_faithfulness_metrics_PickCube-v1_170m_seed142_l2_20260530_082947.jsonl:281:b558bc1db09eaa3b3e11ec7cac70b56ff25e2a85e01e2d1403af1b2131343b78"",""data/metrics_faithfulness_metrics_PickCube-v1_170m_seed142_l2_20260530_082947.jsonl:282:209b78d0860e800e45b537eb2abf647032a44f9d98748efdea8ad93a9f806655"",""data/metrics_faithfulness_metrics_PickCube-v1_170m_seed142_l2_20260530_082947.jsonl:283:4a580a024b0342567c5416d5a16a6897a7347080090e475e798be57c7b1c535f"",""data/metrics_faithfulness_metrics_PickCube-v1_170m_seed142_l2_20260530_082947.jsonl:284:a0b1b667eb38eb4201df36b257e9cfb58a879784057fcc0a9277e4dde0a8f6af"",""data/metrics_faithfulness_metrics_PickCube-v1_170m_seed142_l2_20260530_082947.jsonl:285:3e8a155533670301edfd7436779d8cc8cb18fadf7734d334976b913a70735bdb"",""data/metrics_faithfulness_metrics_PickCube-v1_170m_seed142_l2_20260530_082947.jsonl:286:856cf79493d762bb6ea711269fa346d17dcc2ce5de3b9575a1d50b9edd537555"",""data/metrics_faithfulness_metrics_PickCube-v1_170m_seed142_l2_20260530_082947.jsonl:287:9a7741c47ea9ef5c9688c2afe2c4dbdbdcb39521cf0251cecde45dc73a5d1226"",""data/metrics_faithfulness_metrics_PickCube-v1_170m_seed142_l2_20260530_082947.jsonl:288:c2adc6839d47ac4d3db581276932687375da023ed9c33d61851e6ec972e9cb59"",""data/metrics_faithfulness_metrics_PickCube-v1_170m_seed142_l2_20260530_082947.jsonl:289:b304e38ce3bd51ed755dc70531bb560ec7feb25bc4d2e0bfb4ef76f490e00ca1"",""data/metrics_faithfulness_metrics_PickCube-v1_170m_seed142_l2_20260530_082947.jsonl:290:7a566d33825b2a0d5adc012952343c52ba3badc286f77cc6929b73f128c7854d"",""data/metrics_faithfulness_metrics_PickCube-v1_170m_seed142_l2_20260530_082947.jsonl:291:299f025f45397c4b07e1b100d38248cdc6cd347e4ffa75e9bf69f38625694f13"",""data/metrics_faithfulness_metrics_PickCube-v1_170m_seed142_l2_20260530_082947.jsonl:292:6918520c2a690bce6a50027d7b4088da6bff63c6c700c3b5a7bd8a4bd0c7a821"",""data/metrics_faithfulness_metrics_PickCube-v1_170m_seed142_l2_20260530_082947.jsonl:293:731ec2f9e4b0252d89cdef1c64b8e89a3a0a134f33507c321dc556b9cb4a2ed7"",""data/metrics_faithfulness_metrics_PickCube-v1_170m_seed142_l2_20260530_082947.jsonl:294:72ff8205e8e3e14158d86c7cb821652732da4853cd559cd81cfa8cadbf75496e"",""data/metrics_faithfulness_metrics_PickCube-v1_170m_seed142_l2_20260530_082947.jsonl:295:647f5059f03857253e51773443508615cc1a9d9610eed1624fcc4e9299cc160f"",""data/metrics_faithfulness_metrics_PickCube-v1_170m_seed142_l2_20260530_082947.jsonl:296:5418cfab4dacfb1a7985d63631fc3d2c7b3cd47271f173ccf364a89c787f0f70"",""data/metrics_faithfulness_metrics_PickCube-v1_170m_seed142_l2_20260530_082947.jsonl:297:bd2637ff5b19c6659ac6500802655ed68ef244742624db30168eeeae3dd790a7"",""data/metrics_faithfulness_metrics_PickCube-v1_170m_seed142_l2_20260530_082947.jsonl:298:dc99acd97f0be889979637a6ae47d13e717c1e179f7e754c9fc0eaebfb3d094b"",""data/metrics_faithfulness_metrics_PickCube-v1_170m_seed142_l2_20260530_082947.jsonl:299:3680d7c7dd3f32672fc4f383c8a6c77c974396eeedb27123b5b765c07a975f3a"",""data/metrics_faithfulness_metrics_PickCube-v1_170m_seed142_l2_20260530_082947.jsonl:300:1a412f6d9753ef75d05de2da7336edabe8ca475c9050150dbdeea1951e0b65d4""]",0.11359363285539596,-0.01731979077977196,0.0
L2:lang:deletion,L2,lang,deletion,103c278f8cea9e190a33210a8da7a4011ad4ef6226ba2f5b84f64ab693b94d02,25,25,0.06312364052030786,"[""data/metrics_faithfulness_metrics_PickCube-v1_170m_seed142_l2_20260530_082947.jsonl:100:c9df18f78bccd98676b76f0f181b6cdc1869ecbfd0333924c93afbb4b50ea405"",""data/metrics_faithfulness_metrics_PickCube-v1_170m_seed142_l2_20260530_082947.jsonl:76:1fd5ca190899dbfd00756872b55f3bbc705a215ddffbb88f0fef371ddc2701b9"",""data/metrics_faithfulness_metrics_PickCube-v1_170m_seed142_l2_20260530_082947.jsonl:77:88cd472894526ab0959156f4fdf19aff96c2bc0437dfc5a40fb3af9d62c7a5a8"",""data/metrics_faithfulness_metrics_PickCube-v1_170m_seed142_l2_20260530_082947.jsonl:78:f75dea264e1c08e86004d408826be450499ff3be0f5d07da6a6ac3d6f2d0c952"",""data/metrics_faithfulness_metrics_PickCube-v1_170m_seed142_l2_20260530_082947.jsonl:79:2b761f40e1cad306ff36989c30d790ac9bee19b9c910518385d4e7f792b613cf"",""data/metrics_faithfulness_metrics_PickCube-v1_170m_seed142_l2_20260530_082947.jsonl:80:c4e70972d9cd12c35a2b1b2989fc625400ef619f271315c44f902cab33502143"",""data/metrics_faithfulness_metrics_PickCube-v1_170m_seed142_l2_20260530_082947.jsonl:81:b38b5fb8f22e11f61b35b8ab4be35040d17cc228ed98c91f7aeaefeb10b4d8d2"",""data/metrics_faithfulness_metrics_PickCube-v1_170m_seed142_l2_20260530_082947.jsonl:82:458081c8dcf79549925bfaa7afa3ea7b3aa733ac2a2b33bf0286a4fd671889ee"",""data/metrics_faithfulness_metrics_PickCube-v1_170m_seed142_l2_20260530_082947.jsonl:83:afca8d849a3a8665326521f88fb39ffb55cb8817a74d340029e44ebdb1bec735"",""data/metrics_faithfulness_metrics_PickCube-v1_170m_seed142_l2_20260530_082947.jsonl:84:49aedeaa0e20df69d88ab187903c63bbde0a823af1f0774bc9a74e7a6e23454e"",""data/metrics_faithfulness_metrics_PickCube-v1_170m_seed142_l2_20260530_082947.jsonl:85:4ec7feb0f4ca8b120a8452ecff8f055ec599a70a7d7689719ff4261e0f67426a"",""data/metrics_faithfulness_metrics_PickCube-v1_170m_seed142_l2_20260530_082947.jsonl:86:a0b37ca2d2b04834c0e0e19ff976e4183a6c94077ba0678cc92fd7dbe39c8da8"",""data/metrics_faithfulness_metrics_PickCube-v1_170m_seed142_l2_20260530_082947.jsonl:87:94e97b7ecbf3c6f2c776f53a6052ba2c13db5f76380035a1d3a5ff864ad92d1a"",""data/metrics_faithfulness_metrics_PickCube-v1_170m_seed142_l2_20260530_082947.jsonl:88:638f21193b4d0edbdcc6de2ce7aea43b8661aa6eebfb9f05c734ab9302c1e3d2"",""data/metrics_faithfulness_metrics_PickCube-v1_170m_seed142_l2_20260530_082947.jsonl:89:6429f55ef05975e174eaa1dd7176e35c4e0a9941c86640bf75e4bdc68d131c83"",""data/metrics_faithfulness_metrics_PickCube-v1_170m_seed142_l2_20260530_082947.jsonl:90:2b0ff7f7a5b15df9e6ffed490e7e53ac3e03f26b13acd5a98eea018e830ffb4a"",""data/metrics_faithfulness_metrics_PickCube-v1_170m_seed142_l2_20260530_082947.jsonl:91:2f240111cfbcdd60bb565815ff417951fc4d263be0282a2e3f01607207286af3"",""data/metrics_faithfulness_metrics_PickCube-v1_170m_seed142_l2_20260530_082947.jsonl:92:22faeb90b6d4f04d1846b4ae7c12da5d716f80fbe3944883503471fcd2eb686f"",""data/metrics_faithfulness_metrics_PickCube-v1_170m_seed142_l2_20260530_082947.jsonl:93:57a761c03e4a0ad723f2d34b1e717951a4bbae04fd517fce0bec3422ae7aa4bf"",""data/metrics_faithfulness_metrics_PickCube-v1_170m_seed142_l2_20260530_082947.jsonl:94:6ec7db4d504b216a19b094193233fbd64d3be86eb1805fb02a599db333974bd0"",""data/metrics_faithfulness_metrics_PickCube-v1_170m_seed142_l2_20260530_082947.jsonl:95:76eed63568d48dd90aaead312fb2afbef71a7ae7e69cbac94ce5c8568f9457b3"",""data/metrics_faithfulness_metrics_PickCube-v1_170m_seed142_l2_20260530_082947.jsonl:96:c3d842284b870ca6c66a6da0f70dcfcc805b85ccbf18887e00e5cb5d6136cc77"",""data/metrics_faithfulness_metrics_PickCube-v1_170m_seed142_l2_20260530_082947.jsonl:97:0ba076cd92632ba23131ecfb7318865d4fcf547e27492a12033833ffc1487d47"",""data/metrics_faithfulness_metrics_PickCube-v1_170m_seed142_l2_20260530_082947.jsonl:98:b8aac2de2ca91b98997a05bcb85e767a64cdd59069045b80567bb4f001aa838a"",""data/metrics_faithfulness_metrics_PickCube-v1_170m_seed142_l2_20260530_082947.jsonl:99:7ef85fc449e9a2bfc219a4ea387ab98fbba19eb45163dd4a041e26167c2d5886""]",0.09831856744153242,-0.03519492692122455,0.0
L2:lang:deletion,L2,lang,deletion,2b9c0717e3d744841d5419f0f59691c6a193bad395b90a7b2ba4315a0e2272e0,25,25,-0.016998639119737202,"[""data/metrics_faithfulness_metrics_PickCube-v1_170m_seed142_l2_20260530_082947.jsonl:151:0da34d16f6ba39e7aba34114434f39ca130ef20507af096d76656579de282217"",""data/metrics_faithfulness_metrics_PickCube-v1_170m_seed142_l2_20260530_082947.jsonl:152:27eef238e2edc9b56411d525d12a7d2247ecf383298ca1d6918b86eaeaf9921e"",""data/metrics_faithfulness_metrics_PickCube-v1_170m_seed142_l2_20260530_082947.jsonl:153:f1196d1b4642b5b1ecdfb6f605346bfdc5db731276d9cfa1a60db9ff39ba1758"",""data/metrics_faithfulness_metrics_PickCube-v1_170m_seed142_l2_20260530_082947.jsonl:154:6509664149694658cc606788cc8fca493f15d31d3028fc233efd116142b976d4"",""data/metrics_faithfulness_metrics_PickCube-v1_170m_seed142_l2_20260530_082947.jsonl:155:9527038a76be6a70db56b6468621b3e4dd0c0f79b0ebf52b81af7e1d00347687"",""data/metrics_faithfulness_metrics_PickCube-v1_170m_seed142_l2_20260530_082947.jsonl:156:4a1e9991815716c8140c9d5f73264abba4cf64113a43546933599b395acac93b"",""data/metrics_faithfulness_metrics_PickCube-v1_170m_seed142_l2_20260530_082947.jsonl:157:8d6c34f4cb54bb7c4f4c87a8c98f04ea7da3a5ea5eb98b94e4577f1161ba9600"",""data/metrics_faithfulness_metrics_PickCube-v1_170m_seed142_l2_20260530_082947.jsonl:158:15ea39c5269313103b16e6e913d0b496afcbdbdfb771aba10960f905091ab634"",""data/metrics_faithfulness_metrics_PickCube-v1_170m_seed142_l2_20260530_082947.jsonl:159:578bee2598abd68d2b1340a7ae35d527a07ea295a7f6e6ea8746d3258862b56c"",""data/metrics_faithfulness_metrics_PickCube-v1_170m_seed142_l2_20260530_082947.jsonl:160:42deae522bbc84a50c45c94cdf6c14bef6b5545829e148f977787463d3821a12"",""data/metrics_faithfulness_metrics_PickCube-v1_170m_seed142_l2_20260530_082947.jsonl:161:d6378a5ed1d9a49835241fe634706358f3470c980986de5197572463c5a1013f"",""data/metrics_faithfulness_metrics_PickCube-v1_170m_seed142_l2_20260530_082947.jsonl:162:6be80fbd9b839b710dd98b05cfc679e438fd940e893df8734b1163ab1acb3217"",""data/metrics_faithfulness_metrics_PickCube-v1_170m_seed142_l2_20260530_082947.jsonl:163:695fe680c4691475d7f80e640d4ee7dab4024eea809a83aa941e267e3da4583a"",""data/metrics_faithfulness_metrics_PickCube-v1_170m_seed142_l2_20260530_082947.jsonl:164:b74191209474ef45506e91a270026567cc32e96d0dcbf99c4f4a9c14b504c19f"",""data/metrics_faithfulness_metrics_PickCube-v1_170m_seed142_l2_20260530_082947.jsonl:165:2175c216b209db07f7ecc0488bd9acbece7a35d11a51c5ea955716a3557b3ae9"",""data/metrics_faithfulness_metrics_PickCube-v1_170m_seed142_l2_20260530_082947.jsonl:166:0416e1f068b170e77ed955831de4953a675533b9edffe2f8be84663bff5456db"",""data/metrics_faithfulness_metrics_PickCube-v1_170m_seed142_l2_20260530_082947.jsonl:167:b9029e496adba6034fb976c49e018c30748f621386be99233f2e30f415529edd"",""data/metrics_faithfulness_metrics_PickCube-v1_170m_seed142_l2_20260530_082947.jsonl:168:6aed096833d46ff2a0a1c4bf330d7c5b2f80d699d971c7b5d4392bebcda61a6b"",""data/metrics_faithfulness_metrics_PickCube-v1_170m_seed142_l2_20260530_082947.jsonl:169:0af23c32b56b867606776964145dc522ea7a8b172f1cdfc51d7fb1ac726fff52"",""data/metrics_faithfulness_metrics_PickCube-v1_170m_seed142_l2_20260530_082947.jsonl:170:3d367228821249983adacdbe1836e3ba4144dd081f14837d2ac4b6202cbdb0e2"",""data/metrics_faithfulness_metrics_PickCube-v1_170m_seed142_l2_20260530_082947.jsonl:171:fc3f15b0005ed882c667671333873c46f7d24e5921e731726f73f8551baec942"",""data/metrics_faithfulness_metrics_PickCube-v1_170m_seed142_l2_20260530_082947.jsonl:172:237f61f6b3ba903fb8b798182f81d6ff82d55ddc87e2745a4f78d34651ab0bb3"",""data/metrics_faithfulness_metrics_PickCube-v1_170m_seed142_l2_20260530_082947.jsonl:173:646702e091daa0d14a197fb84ccfd9ae3d03edccb5078be8dd0de05821a59552"",""data/metrics_faithfulness_metrics_PickCube-v1_170m_seed142_l2_20260530_082947.jsonl:174:a2f242bbd0d0b4adcbd56898255ad0455a1f9b4cef3efb42e883014268f55e47"",""data/metrics_faithfulness_metrics_PickCube-v1_170m_seed142_l2_20260530_082947.jsonl:175:30fc94b9f17c2edab68a88fb034b2c6bebd189f7e74eb7d7dc421176a4db5c0f""]",0.10047029649137557,-0.11746893561111278,0.0
L2:lang:deletion,L2,lang,deletion,33be5890a7a31998672778328fbc10f7c63ade321dc50fff8833bdbec529026e,25,25,0.05536261193975314,"[""data/metrics_faithfulness_metrics_PickCube-v1_170m_seed142_l2_20260530_082947.jsonl:26:4198bd845374ca45d1b2fd30bdcafce34fd222afb6fb60d7db79b155c4b5f9da"",""data/metrics_faithfulness_metrics_PickCube-v1_170m_seed142_l2_20260530_082947.jsonl:27:c4df40ca70111e66cd9b11c410b7cbf2ec140f35c4fa240a30255ef96ebcb98d"",""data/metrics_faithfulness_metrics_PickCube-v1_170m_seed142_l2_20260530_082947.jsonl:28:20fc757c1a707ad98117d1c23fa293352790707367f954394de5e31cf07d5200"",""data/metrics_faithfulness_metrics_PickCube-v1_170m_seed142_l2_20260530_082947.jsonl:29:15c6660c12d9c9a2ff2bc158af6e8d1c6411a491e3d8b7c3a4d9741b8dd80db5"",""data/metrics_faithfulness_metrics_PickCube-v1_170m_seed142_l2_20260530_082947.jsonl:30:0540579ead2f84c75b9837e4d7f85aa5ab83cb5883ad1cbc32eb1a4c85e0ac18"",""data/metrics_faithfulness_metrics_PickCube-v1_170m_seed142_l2_20260530_082947.jsonl:31:a871a48cf3d1f8bd7f6b715a62bcde1b0d20287087ea4f5adc596ce363301007"",""data/metrics_faithfulness_metrics_PickCube-v1_170m_seed142_l2_20260530_082947.jsonl:32:e4d5a52ac59ad8c898e199a77643bdf2376751639ab5c327183562f2914644dc"",""data/metrics_faithfulness_metrics_PickCube-v1_170m_seed142_l2_20260530_082947.jsonl:33:a37bd361c3e14586d7a559152b78fc852b9f7d533aea793dbc52bcdb9e9d3cf3"",""data/metrics_faithfulness_metrics_PickCube-v1_170m_seed142_l2_20260530_082947.jsonl:34:9ba24a0cba621786bb22f41e61d0c1be544674452516cb6314cb030b98211d2c"",""data/metrics_faithfulness_metrics_PickCube-v1_170m_seed142_l2_20260530_082947.jsonl:35:18d3bc9f5cb93683df71668b3854210a3ab0383c93c7664472745892594b343d"",""data/metrics_faithfulness_metrics_PickCube-v1_170m_seed142_l2_20260530_082947.jsonl:36:5096fe3edb456d7f4bb55e7494d14e2a7bdc90e373c262f8666ec2be0456f8c4"",""data/metrics_faithfulness_metrics_PickCube-v1_170m_seed142_l2_20260530_082947.jsonl:37:8550bef3ef5d9e7eb1154a4ddd962381340671a973785a9736cefd60d1c68b23"",""data/metrics_faithfulness_metrics_PickCube-v1_170m_seed142_l2_20260530_082947.jsonl:38:fc741495df3a513a4180fea3f8d038077472a9191877d945c70ed9424f34d581"",""data/metrics_faithfulness_metrics_PickCube-v1_170m_seed142_l2_20260530_082947.jsonl:39:4b2fe2d7f7d2522daec3ceb2301bf1e63b25f29f3641a447c1c30a6c060712f5"",""data/metrics_faithfulness_metrics_PickCube-v1_170m_seed142_l2_20260530_082947.jsonl:40:ee6f90d1551ab8bb0d00ac994a345632b33543e0d3b3df855aa8610702daf5a2"",""data/metrics_faithfulness_metrics_PickCube-v1_170m_seed142_l2_20260530_082947.jsonl:41:bea118734ba98cfbf7fba774b3ec3328c7fcf308974eeda16c056a6f1ba5719c"",""data/metrics_faithfulness_metrics_PickCube-v1_170m_seed142_l2_20260530_082947.jsonl:42:dfbb4a4a9bf7f4597f2c55a3071559834b1e9d7b15b08a78d907bd7424430d20"",""data/metrics_faithfulness_metrics_PickCube-v1_170m_seed142_l2_20260530_082947.jsonl:43:3c0a1336a62c5167e66d062d47b61d1d81296721274367cae512cdd1e39934d7"",""data/metrics_faithfulness_metrics_PickCube-v1_170m_seed142_l2_20260530_082947.jsonl:44:667ed46c0bf1fbd37a79e07c9afcc259541870e5a38a69c88c66999367c961e8"",""data/metrics_faithfulness_metrics_PickCube-v1_170m_seed142_l2_20260530_082947.jsonl:45:f77384e7353c763721bfadea0a4677657fddb4357e8b2fd70529f78c703744c6"",""data/metrics_faithfulness_metrics_PickCube-v1_170m_seed142_l2_20260530_082947.jsonl:46:0e9e3e139f93345c69223b03a25305f8ffc8da438c16b8b5a8741f5fe907a86a"",""data/metrics_faithfulness_metrics_PickCube-v1_170m_seed142_l2_20260530_082947.jsonl:47:0d8913426a6a5de841b23872ecec3669b3f38ccf3d1c47e1b1cec2a480b6e5d7"",""data/metrics_faithfulness_metrics_PickCube-v1_170m_seed142_l2_20260530_082947.jsonl:48:5bc83dbd7aaed119a2b6c4c0f3dad1c3a296c928b6c516909db2b1f37e446ac4"",""data/metrics_faithfulness_metrics_PickCube-v1_170m_seed142_l2_20260530_082947.jsonl:49:021ff1f0e77934f25a5498df27c46918d39e67bfa219ce7f0ec2a350eb80ac8e"",""data/metrics_faithfulness_metrics_PickCube-v1_170m_seed142_l2_20260530_082947.jsonl:50:6845705b222b38b5470aac349b8e589933ef4dff27c3266337d05d5ca508a08a""]",0.10166239644598728,-0.04629978450623413,0.0
L2:lang:deletion,L2,lang,deletion,34a95f0c4056000726fda746879bfef378be8c64c4504a84c65b64ad0cf9cd00,25,25,0.059159916751465653,"[""data/metrics_faithfulness_metrics_PickCube-v1_170m_seed142_l2_20260530_082947.jsonl:351:2a1730dbfd69635b8f69fe3be84468e022ee18900f6b623dc3f903caa59c0a4e"",""data/metrics_faithfulness_metrics_PickCube-v1_170m_seed142_l2_20260530_082947.jsonl:352:3e6cbf9ef6c4b7e99008e585e50a13773a70f53bebca16268c277ccb7dd56a5f"",""data/metrics_faithfulness_metrics_PickCube-v1_170m_seed142_l2_20260530_082947.jsonl:353:bff0346b965c1d81fc10432d1be139d0a2fb51327f3511b96142f182b0ca2aca"",""data/metrics_faithfulness_metrics_PickCube-v1_170m_seed142_l2_20260530_082947.jsonl:354:7ad88e0f8a0702318eb84506f68174a89ac9b97ef6d08f74cb32f0ca45a33beb"",""data/metrics_faithfulness_metrics_PickCube-v1_170m_seed142_l2_20260530_082947.jsonl:355:16c9471693b892719c7bddb63f7e77aee9c45aea2ea4c87b54cf4d595717465b"",""data/metrics_faithfulness_metrics_PickCube-v1_170m_seed142_l2_20260530_082947.jsonl:356:05178aceb51eb23277fafa53a74c1d80ea050cb67a134446a0aa482134146f05"",""data/metrics_faithfulness_metrics_PickCube-v1_170m_seed142_l2_20260530_082947.jsonl:357:1dfeb3dc0715a820eb5e160a7345bc99f99f8eba14e6a6c4325066c152fa46bb"",""data/metrics_faithfulness_metrics_PickCube-v1_170m_seed142_l2_20260530_082947.jsonl:358:3ad19897e472f806731f3eed51dd46533a7dc20f214ae1eddbe4d131dabdd05f"",""data/metrics_faithfulness_metrics_PickCube-v1_170m_seed142_l2_20260530_082947.jsonl:359:221cf908910e8669e34d7a252b78e6bb6f3dba8905ccd08a48e955278c9ed996"",""data/metrics_faithfulness_metrics_PickCube-v1_170m_seed142_l2_20260530_082947.jsonl:360:463f965b753d19d1ae0d50386d886bb15a0a682790bcccfb308fd9f4dba1e2d7"",""data/metrics_faithfulness_metrics_PickCube-v1_170m_seed142_l2_20260530_082947.jsonl:361:1b3a7a7f45fc997a2ce75152355fdb8cdb99dc119b8b183a38ba4d98d45c5a7b"",""data/metrics_faithfulness_metrics_PickCube-v1_170m_seed142_l2_20260530_082947.jsonl:362:22a05679064a3ebe023ecb4289396189e1f463742b932a789ae94ce687d38bef"",""data/metrics_faithfulness_metrics_PickCube-v1_170m_seed142_l2_20260530_082947.jsonl:363:258386763123bc452ab843c92c29e9add7e2ed3ad0b5d16de5a06387f4d2d29b"",""data/metrics_faithfulness_metrics_PickCube-v1_170m_seed142_l2_20260530_082947.jsonl:364:41398a90bd39d8aff28eb2ca67d4d21dea6deb4cb6e46808c96ce2fcd49fb51d"",""data/metrics_faithfulness_metrics_PickCube-v1_170m_seed142_l2_20260530_082947.jsonl:365:dbc534bc4e708288f9e6b32f717bc68fb9d0c980dcfdab6f28eef91911811882"",""data/metrics_faithfulness_metrics_PickCube-v1_170m_seed142_l2_20260530_082947.jsonl:366:70e56f054b48676999eb5fab33e66b5c9029fc308eb5107d928270dc2d7cb5b9"",""data/metrics_faithfulness_metrics_PickCube-v1_170m_seed142_l2_20260530_082947.jsonl:367:608a4f738297aadd80d610ddb21d86b472ec75796b8cdf46078537ca1398abe4"",""data/metrics_faithfulness_metrics_PickCube-v1_170m_seed142_l2_20260530_082947.jsonl:368:2547989078f7bc253ca86cfd97d6e92582b37802adf631a475f6cbb0260239e9"",""data/metrics_faithfulness_metrics_PickCube-v1_170m_seed142_l2_20260530_082947.jsonl:369:c8ee45616fe2ea5f7f91fa571fd3ec5deb33cc901d272cb329cd4afece7e93c6"",""data/metrics_faithfulness_metrics_PickCube-v1_170m_seed142_l2_20260530_082947.jsonl:370:eeba3be19af972d7260d288b7235256b86a5f3732bec5ddf7e1be9fd534690c1"",""data/metrics_faithfulness_metrics_PickCube-v1_170m_seed142_l2_20260530_082947.jsonl:371:e98e4f69501ad5a86ac6c386ff4b0f93577bc3aac4402960c428b6112bb4a44a"",""data/metrics_faithfulness_metrics_PickCube-v1_170m_seed142_l2_20260530_082947.jsonl:372:f637b8ddf19ba588020eec61b96ad660d930570860f1002108ba9ca798214d32"",""data/metrics_faithfulness_metrics_PickCube-v1_170m_seed142_l2_20260530_082947.jsonl:373:6e9a95f4db27316e65403b75b81aa0d5a93361bb4fe393ed1d064a0e49ced4ea"",""data/metrics_faithfulness_metrics_PickCube-v1_170m_seed142_l2_20260530_082947.jsonl:374:99f237ee0356ea882e2ac2e9e3829201a0bf0e571e5d18b54f86e787491cf6bf"",""data/metrics_faithfulness_metrics_PickCube-v1_170m_seed142_l2_20260530_082947.jsonl:375:0c538f3be7cde9426ed0d70feca59740d51e1e52aa3b3d9e8172952afb47bb1d""]",0.17758441999899294,-0.11842450324752724,0.0
L2:lang:deletion,L2,lang,deletion,34e9497f5a22e2c604984092ddeefe90b8ae63018bd23041885580ef8fd97952,25,25,0.07096948569051124,"[""data/metrics_faithfulness_metrics_PickCube-v1_170m_seed42_l2_20260530_021658.jsonl:100:a0ffc17ef4bcc5644c6b6961b3af146ea4e4beee8427c37dd6237cbd6d03e42b"",""data/metrics_faithfulness_metrics_PickCube-v1_170m_seed42_l2_20260530_021658.jsonl:76:e0041c1acc94da3c418f7e21aa246260f1ff80ace912d0d2de17e65e8b66cfd0"",""data/metrics_faithfulness_metrics_PickCube-v1_170m_seed42_l2_20260530_021658.jsonl:77:c92f7cd07bc04aa3cd3ecea5b36e854b10f50803d8427f374100d250df4cba0c"",""data/metrics_faithfulness_metrics_PickCube-v1_170m_seed42_l2_20260530_021658.jsonl:78:c15d178780869cbd31f140d8ccd54b654948000b0c5af197a0f4fe03234c9e84"",""data/metrics_faithfulness_metrics_PickCube-v1_170m_seed42_l2_20260530_021658.jsonl:79:e08075e51af5467f89b76151b6c5a0cec2274e1a6d289f62fcfb75ae7be67c1f"",""data/metrics_faithfulness_metrics_PickCube-v1_170m_seed42_l2_20260530_021658.jsonl:80:00a945ad1a83d18eb22877593e4d6671ee4c45d724b4e87ee77f79186574f332"",""data/metrics_faithfulness_metrics_PickCube-v1_170m_seed42_l2_20260530_021658.jsonl:81:32d9b3b4270035f2aeb5686c0fa83ab2793b61e7a3b90a67e678dda14be5262a"",""data/metrics_faithfulness_metrics_PickCube-v1_170m_seed42_l2_20260530_021658.jsonl:82:f71efaec54f5167f0c36b0b4673ff9efae9ee0b23a69285f5e26b783c68420ff"",""data/metrics_faithfulness_metrics_PickCube-v1_170m_seed42_l2_20260530_021658.jsonl:83:146aaf3f31754b329abad77719f44f24bd1ce51b2c86b56fc153e664263c0122"",""data/metrics_faithfulness_metrics_PickCube-v1_170m_seed42_l2_20260530_021658.jsonl:84:de3b698f047b9d702f519ded91e190be3b147c36ef559999c31638c849053ca1"",""data/metrics_faithfulness_metrics_PickCube-v1_170m_seed42_l2_20260530_021658.jsonl:85:8607aaddbfc3fa5a54d2d1b359c1b58016dc484fa0c7a225602d91807f22b37a"",""data/metrics_faithfulness_metrics_PickCube-v1_170m_seed42_l2_20260530_021658.jsonl:86:8b486562b70e47d643436a5e5c0b2239184e66632077c6f6b96ea3761c4f8521"",""data/metrics_faithfulness_metrics_PickCube-v1_170m_seed42_l2_20260530_021658.jsonl:87:6590ea9d1fca933645db9cadf593ba1980cf3072c4dbb6620f5bca7c55aabec7"",""data/metrics_faithfulness_metrics_PickCube-v1_170m_seed42_l2_20260530_021658.jsonl:88:e8678b9770e4cbd2a55246b82eecaf4fc78424912ae1c62896c28d73a40a6c45"",""data/metrics_faithfulness_metrics_PickCube-v1_170m_seed42_l2_20260530_021658.jsonl:89:db4935d9b5d00cfd252d29cf7aa31ffcd3740db81e944933512617f29773ded6"",""data/metrics_faithfulness_metrics_PickCube-v1_170m_seed42_l2_20260530_021658.jsonl:90:2d9086edb980e0b765e185c143a2a73b6cc4b89a04d449a1b24d6a3b9555229b"",""data/metrics_faithfulness_metrics_PickCube-v1_170m_seed42_l2_20260530_021658.jsonl:91:d10da527ddcd6efb8253c489b7c2c6ff2dac8ecd7e3aef40dfc2f81654cb6694"",""data/metrics_faithfulness_metrics_PickCube-v1_170m_seed42_l2_20260530_021658.jsonl:92:230dda46550f1907bfecbb1c85647b8164c4301b4132a7cf3f6c6142528cd27f"",""data/metrics_faithfulness_metrics_PickCube-v1_170m_seed42_l2_20260530_021658.jsonl:93:97bec3a907c3e0b35fc6bbb6cd990e158afb9ac732bc4542431c89184f291209"",""data/metrics_faithfulness_metrics_PickCube-v1_170m_seed42_l2_20260530_021658.jsonl:94:85279a90a246a3f54d09d98f473cc0f0a96b5084d30a2a17c039c144112138cf"",""data/metrics_faithfulness_metrics_PickCube-v1_170m_seed42_l2_20260530_021658.jsonl:95:cbdaba22dc9f0a41d76dccf9a156d369df3efc8decc5240340883e05ce95d729"",""data/metrics_faithfulness_metrics_PickCube-v1_170m_seed42_l2_20260530_021658.jsonl:96:2e5cfabad4c2cc9de4b1b69d0ed047f1f97d2c647f45e6d2fdf023d4a91cd762"",""data/metrics_faithfulness_metrics_PickCube-v1_170m_seed42_l2_20260530_021658.jsonl:97:ea53a8e2b159e0ae274cefc6a1ad1452a2ee4208e5b8e6f942ba6592fed7ad14"",""data/metrics_faithfulness_metrics_PickCube-v1_170m_seed42_l2_20260530_021658.jsonl:98:a6e6745f528a369976b3e62b43109b79901e9af8f613bca9bec74fe1cbce351d"",""data/metrics_faithfulness_metrics_PickCube-v1_170m_seed42_l2_20260530_021658.jsonl:99:10612f64024f2ac9a199dc7de52c30400b0f0042dfb8f0e69d86bfaf8f6ae7ca""]",0.12305541738257988,-0.05208593169206861,0.0
L2:lang:deletion,L2,lang,deletion,4ba52ac14e4d61b81a00c3bd307c25cf9b98541ec2a20ec1e957ccd33792cdd1,25,25,0.13814604116997464,"[""data/metrics_faithfulness_metrics_PickCube-v1_170m_seed42_l2_20260530_021658.jsonl:51:2d6aa8dd976bc36c0c7e1f014fa1535d284f1c6c28adf8111bd2df9119b8269d"",""data/metrics_faithfulness_metrics_PickCube-v1_170m_seed42_l2_20260530_021658.jsonl:52:d218a49704d150aab0ad2bf2bc2e7b9b5e02f65d0907e153f0d043e93e4c81f4"",""data/metrics_faithfulness_metrics_PickCube-v1_170m_seed42_l2_20260530_021658.jsonl:53:4af66d135d5511cac49a255e192c6846241e3eacc41149418b63ea1e2763794d"",""data/metrics_faithfulness_metrics_PickCube-v1_170m_seed42_l2_20260530_021658.jsonl:54:3e7d1ca306f3f50619c5dbe2fb2532fcaef01441212ba0bae0193883dd1cf996"",""data/metrics_faithfulness_metrics_PickCube-v1_170m_seed42_l2_20260530_021658.jsonl:55:d3e37d98a017c4497bd90f1d30e6232372abe4779572d5d468f517194d91b837"",""data/metrics_faithfulness_metrics_PickCube-v1_170m_seed42_l2_20260530_021658.jsonl:56:6a8bbf06aebe01dbba425e185112bc5f56c7cbe7d3c53ac3104936daf241cd40"",""data/metrics_faithfulness_metrics_PickCube-v1_170m_seed42_l2_20260530_021658.jsonl:57:a4c2d527937567abb1c0fae978d9d486bbf397f9310a1a9a7ff607de7d643e0b"",""data/metrics_faithfulness_metrics_PickCube-v1_170m_seed42_l2_20260530_021658.jsonl:58:3a24a089606dcbc47b5184c355e00879dbc48217e287525e03572bb196707501"",""data/metrics_faithfulness_metrics_PickCube-v1_170m_seed42_l2_20260530_021658.jsonl:59:6720ea0748444715056de0dc26ad0b79b952785f24cd3ec259a6537850759ce6"",""data/metrics_faithfulness_metrics_PickCube-v1_170m_seed42_l2_20260530_021658.jsonl:60:1252061e6b8fba22cd3e4e2ee55cf1a7d3148987e6de41b8359148f9c5d44492"",""data/metrics_faithfulness_metrics_PickCube-v1_170m_seed42_l2_20260530_021658.jsonl:61:687225a26f292af7b981e7d42287062a6bd0169b5c67aac77fd7a07ba38f8416"",""data/metrics_faithfulness_metrics_PickCube-v1_170m_seed42_l2_20260530_021658.jsonl:62:5ee01bc5ba94d408adcdd9808aa056098544bcb21c36a525eb3e39dd3f54b165"",""data/metrics_faithfulness_metrics_PickCube-v1_170m_seed42_l2_20260530_021658.jsonl:63:ba84a8531f7a1b4adc38b759e8f9318bc2b2f6bc6406a7181a6bd67c5fe535e4"",""data/metrics_faithfulness_metrics_PickCube-v1_170m_seed42_l2_20260530_021658.jsonl:64:a1986b8d5ae3cb06311c9d25f705fc4cc8d6e4a6981f4d028108dc1fe0da9042"",""data/metrics_faithfulness_metrics_PickCube-v1_170m_seed42_l2_20260530_021658.jsonl:65:2b2e1445718cd87252d64c689f64496f239f0f8e06fc00ae9f307bc5663c16e1"",""data/metrics_faithfulness_metrics_PickCube-v1_170m_seed42_l2_20260530_021658.jsonl:66:a81d5b92422e24c0bbf2e4a7c983f26d0e5139e21f0381205be60c3cc56302dc"",""data/metrics_faithfulness_metrics_PickCube-v1_170m_seed42_l2_20260530_021658.jsonl:67:357c50c823fb5560dcb4ea8b9a173269fbe6043d6ea6893b71db7329ccf06776"",""data/metrics_faithfulness_metrics_PickCube-v1_170m_seed42_l2_20260530_021658.jsonl:68:2b1b9816fa49e21619eb6396b2392150352d068a483f321b4dfb0e1b5ef8485d"",""data/metrics_faithfulness_metrics_PickCube-v1_170m_seed42_l2_20260530_021658.jsonl:69:ffbc7b6313f153954ed80d2506553d2a661a2ca215dae07574f5aecb67f5f9c4"",""data/metrics_faithfulness_metrics_PickCube-v1_170m_seed42_l2_20260530_021658.jsonl:70:a49fb44499b7ea6f11f65d81d783866a5b8cd9fb9c032ce311b518b576475fe9"",""data/metrics_faithfulness_metrics_PickCube-v1_170m_seed42_l2_20260530_021658.jsonl:71:e9082cfcea42a068f7a834ddc022132a527d4b667f1a6e5f104ac607205d0f42"",""data/metrics_faithfulness_metrics_PickCube-v1_170m_seed42_l2_20260530_021658.jsonl:72:63b669f041a080d2bddea053350cb3812a4b70630ffbba6365b5bf79df1b67fc"",""data/metrics_faithfulness_metrics_PickCube-v1_170m_seed42_l2_20260530_021658.jsonl:73:78059126835cc2f9b5e92e97bd745b1e07fa62f1278513a303de771392ebac53"",""data/metrics_faithfulness_metrics_PickCube-v1_170m_seed42_l2_20260530_021658.jsonl:74:45e21f055b220da21a58e850cefd741e79a940ce1dcc16f3773ada0999771df7"",""data/metrics_faithfulness_metrics_PickCube-v1_170m_seed42_l2_20260530_021658.jsonl:75:26d58bcaab385d7f0089954b07aee04d0ab9980cf7a44b6c55d558273b448695""]",0.1395431126351307,-0.0013970714651560365,0.0
L2:lang:deletion,L2,lang,deletion,539f3119298ff207540715033c61e05d655d4e23cf832cd7d943ebf2abc9ac5f,25,25,0.11658589665884649,"[""data/metrics_faithfulness_metrics_PickCube-v1_170m_seed42_l2_20260530_021658.jsonl:10:e06785e8156fe7de875f7ba8e16e205f7e2ddcdbed9ea0ab6764f19aed2e2e2a"",""data/metrics_faithfulness_metrics_PickCube-v1_170m_seed42_l2_20260530_021658.jsonl:11:ce3a5dbdc879b83d3999ec75e9561ef418154b36f9d62d39342f9368fbadf3d8"",""data/metrics_faithfulness_metrics_PickCube-v1_170m_seed42_l2_20260530_021658.jsonl:12:c6ea5c3a7f933952fd7ff9268345b893664ce144746951cf8cd666c757620291"",""data/metrics_faithfulness_metrics_PickCube-v1_170m_seed42_l2_20260530_021658.jsonl:13:54b06e3fd39483bf790c2debd2b70ba599082010077061abfe4cd3c6531a73e3"",""data/metrics_faithfulness_metrics_PickCube-v1_170m_seed42_l2_20260530_021658.jsonl:14:9448eeec09dd61c90b66297ceb9b64b4d703e6962d1a030312372212d1b1cfc0"",""data/metrics_faithfulness_metrics_PickCube-v1_170m_seed42_l2_20260530_021658.jsonl:15:db8bd9872cfe625eeb9ab540113fc979a2f4cac0903433ec3c1b505f44d84e43"",""data/metrics_faithfulness_metrics_PickCube-v1_170m_seed42_l2_20260530_021658.jsonl:16:691f1d6eeadd5ebcabc4aa40c56f5dd0e02041586e8762a82754d4b823be3279"",""data/metrics_faithfulness_metrics_PickCube-v1_170m_seed42_l2_20260530_021658.jsonl:17:88bcf1660059094e570b3a5b24e6382467b4813d48077bdc26b93865edc747a5"",""data/metrics_faithfulness_metrics_PickCube-v1_170m_seed42_l2_20260530_021658.jsonl:18:b87960d9b257840b3d36b41fbf8ba44f9b5b18135bde8445580bd008bb6274ce"",""data/metrics_faithfulness_metrics_PickCube-v1_170m_seed42_l2_20260530_021658.jsonl:19:7cee37498d8cbd373be8e5d0fb71ca779f6f75821f34561a05046f183c8507d2"",""data/metrics_faithfulness_metrics_PickCube-v1_170m_seed42_l2_20260530_021658.jsonl:1:d1bf232c67dd259066efcaeb3ffe5a1e7d5a4d8cdd03f89e3999691c7684b118"",""data/metrics_faithfulness_metrics_PickCube-v1_170m_seed42_l2_20260530_021658.jsonl:20:96f954ebdb3da8cc0878bcc4a6a20290549775b5d6abd6b091e4bcf13c0cf501"",""data/metrics_faithfulness_metrics_PickCube-v1_170m_seed42_l2_20260530_021658.jsonl:21:541157b3aaeb3ade0db18adabdb24d87a92c2e4fa44c2f5179194133e0c37fd0"",""data/metrics_faithfulness_metrics_PickCube-v1_170m_seed42_l2_20260530_021658.jsonl:22:0bd81d53a8e5f30832704a0754f8d39d2ef2452aa407c0a8bd651f27c8ec1ed0"",""data/metrics_faithfulness_metrics_PickCube-v1_170m_seed42_l2_20260530_021658.jsonl:23:02e9fe7c30e205f7e17084214913c32f3b4f4323a815f6a476e1eae2fffe9a20"",""data/metrics_faithfulness_metrics_PickCube-v1_170m_seed42_l2_20260530_021658.jsonl:24:e73e857901ccfa625aa1bb37bc919474c853354888a62eb97db2cf210f433a2b"",""data/metrics_faithfulness_metrics_PickCube-v1_170m_seed42_l2_20260530_021658.jsonl:25:28fbcf208d700f7734522af36a4e5577cfff2697e8312b843ac296177f8600cd"",""data/metrics_faithfulness_metrics_PickCube-v1_170m_seed42_l2_20260530_021658.jsonl:2:a6ed57f52b043b34808e273028363936787ecdd44814f66e57eee89b2e1af623"",""data/metrics_faithfulness_metrics_PickCube-v1_170m_seed42_l2_20260530_021658.jsonl:3:5004c716928d2fa01e245736b5f07d1b40d24872f599cddfd73c7809003d48e2"",""data/metrics_faithfulness_metrics_PickCube-v1_170m_seed42_l2_20260530_021658.jsonl:4:4654e1a88ca98e8cc95d3e65e2043635d594fe24dd84b0999f054c9d10c682ae"",""data/metrics_faithfulness_metrics_PickCube-v1_170m_seed42_l2_20260530_021658.jsonl:5:30d9f05a964720c2a60042adcba3edec143f70caebbcedc2ce13ba9c8220cea6"",""data/metrics_faithfulness_metrics_PickCube-v1_170m_seed42_l2_20260530_021658.jsonl:6:d348292df6c1678af6f74b84247204d8bfb6f715ca213d1d76cdea77fb179b52"",""data/metrics_faithfulness_metrics_PickCube-v1_170m_seed42_l2_20260530_021658.jsonl:7:7092a38b144e52b8d4683eeb7cc62a3446a1609b686303ff845202d073dbb470"",""data/metrics_faithfulness_metrics_PickCube-v1_170m_seed42_l2_20260530_021658.jsonl:8:9470a70cd6b8c4ad1d16759db888e08a26a971e10fa3424cca5b69e465df4bfb"",""data/metrics_faithfulness_metrics_PickCube-v1_170m_seed42_l2_20260530_021658.jsonl:9:89f1892e1e024c71d7d49fa7f756167bc4b48340ea3bc625f4bc0ca7eb8cbd6c""]",0.14637323653845122,-0.029787339879604725,0.0
L2:lang:deletion,L2,lang,deletion,5a2ac6c165766c8a58be74914b2c0ff22d36839045e3383dfef8421e3ec4bbdc,25,25,0.1825663204899109,"[""data/metrics_faithfulness_metrics_PickCube-v1_170m_seed42_l2_20260530_021658.jsonl:151:28dbfd7235f82599f6d1d17be36e113374f09bd1a81bb28c4038347598d5ba92"",""data/metrics_faithfulness_metrics_PickCube-v1_170m_seed42_l2_20260530_021658.jsonl:152:ff6e96c4f798cca8dd4bbee2e8b7e0a6237627cad905b98d526665d8ae2be126"",""data/metrics_faithfulness_metrics_PickCube-v1_170m_seed42_l2_20260530_021658.jsonl:153:ea40c76f7e44c834cb53c37706ccd9c775560c78722d9e834632805b556ba4ae"",""data/metrics_faithfulness_metrics_PickCube-v1_170m_seed42_l2_20260530_021658.jsonl:154:1a56925c3ac476192ad6f70f251516d6500034029403e2860aec95638891e75c"",""data/metrics_faithfulness_metrics_PickCube-v1_170m_seed42_l2_20260530_021658.jsonl:155:0e99458fc71e9533ddc40f50112a92d6118035ae4efc0a7de6ac2b945c002bbb"",""data/metrics_faithfulness_metrics_PickCube-v1_170m_seed42_l2_20260530_021658.jsonl:156:b95824d464a6e8948e2529df2a3d7db9467c9203b471b94a18275ea3d1c27692"",""data/metrics_faithfulness_metrics_PickCube-v1_170m_seed42_l2_20260530_021658.jsonl:157:a1f07b13070c29b29e68046f93cd5a19eeeac94aa2b8abd9e93bd839e5939325"",""data/metrics_faithfulness_metrics_PickCube-v1_170m_seed42_l2_20260530_021658.jsonl:158:5e2d66e4ef7f5eb3f059a743855efb4122a39ed9224aed758dce3fa3abb65bf9"",""data/metrics_faithfulness_metrics_PickCube-v1_170m_seed42_l2_20260530_021658.jsonl:159:0f046e2019061fa7805a37a120f2ecce06f410bad11ad9e47cdc4b5738f51d2c"",""data/metrics_faithfulness_metrics_PickCube-v1_170m_seed42_l2_20260530_021658.jsonl:160:02ecc4b0bd94d8632213f112f753482a45056805d5e9a850a174d8d7417fc582"",""data/metrics_faithfulness_metrics_PickCube-v1_170m_seed42_l2_20260530_021658.jsonl:161:67096b89dde115c2a8464bced67e40d118f23da705d418c9fd1ab6f4d41d0897"",""data/metrics_faithfulness_metrics_PickCube-v1_170m_seed42_l2_20260530_021658.jsonl:162:59464b2af87d4faa8e100d1d69050d4ba597c2b194d856bb46c6a9323742fb03"",""data/metrics_faithfulness_metrics_PickCube-v1_170m_seed42_l2_20260530_021658.jsonl:163:800b8ad17386ee6c8d2c66c4e6450c9f8d696fc3a4bc256a6976cbe8295b8c79"",""data/metrics_faithfulness_metrics_PickCube-v1_170m_seed42_l2_20260530_021658.jsonl:164:cc22f051f2f571c53962a99cb1e400284f1a376998d0c62ad643356cd4dee123"",""data/metrics_faithfulness_metrics_PickCube-v1_170m_seed42_l2_20260530_021658.jsonl:165:9833cb3b1d589211352c062e8b406559c3dfc1f9fae8e410197c1011a31670c3"",""data/metrics_faithfulness_metrics_PickCube-v1_170m_seed42_l2_20260530_021658.jsonl:166:709c7a7fca0806bc1e11dfb6c497be18e082e4aef0073db0dbd882962e82b732"",""data/metrics_faithfulness_metrics_PickCube-v1_170m_seed42_l2_20260530_021658.jsonl:167:8d9f525db668e103e44847b0cf07fbb382f2fdf930042e6efdc0caaf3745a952"",""data/metrics_faithfulness_metrics_PickCube-v1_170m_seed42_l2_20260530_021658.jsonl:168:5e0ece4cc6d6c1740260675f20682e3409e8f1ff6ece569830cc761780d9e26c"",""data/metrics_faithfulness_metrics_PickCube-v1_170m_seed42_l2_20260530_021658.jsonl:169:8ca1713caa979e895369138879f6ebaeea28380122777eefee101d9f186d55a9"",""data/metrics_faithfulness_metrics_PickCube-v1_170m_seed42_l2_20260530_021658.jsonl:170:1e1151564eff2e7536500254865222a0353835032d603bff363eeab81625111b"",""data/metrics_faithfulness_metrics_PickCube-v1_170m_seed42_l2_20260530_021658.jsonl:171:46a26c9b1d8463a0d9982f9eb31ccdb855b8b2ccffdea8be2ba6a2538ee7c23d"",""data/metrics_faithfulness_metrics_PickCube-v1_170m_seed42_l2_20260530_021658.jsonl:172:0340c969d8edd4ee3a6419d8a97430db68a1be47a7e27ebe0defa87aeef3096b"",""data/metrics_faithfulness_metrics_PickCube-v1_170m_seed42_l2_20260530_021658.jsonl:173:2957630721bdf527629298ed5ebf5d95812aa40118c6d1c23f20c2fa4b6a46da"",""data/metrics_faithfulness_metrics_PickCube-v1_170m_seed42_l2_20260530_021658.jsonl:174:93030d4ecd7e6416d6b4ccf6668363f9b9eb5238654685a93c5888144f1e0568"",""data/metrics_faithfulness_metrics_PickCube-v1_170m_seed42_l2_20260530_021658.jsonl:175:aedfdccfade69c43a7999a55073335acc26bc43237c573fb67f333c544835005""]",0.18662852997230606,-0.004062209482395095,0.0
L2:lang:deletion,L2,lang,deletion,5cd75af4d0d0b0ff6a0f09b1c30d94683da19d953843043d77b46b926e5fe5f5,25,25,0.09720989391718479,"[""data/metrics_faithfulness_metrics_PickCube-v1_170m_seed42_l2_20260530_021658.jsonl:226:993db296ebf82602de15a46d1c08d435cea0311ed7f985b52aab6cd998f3730c"",""data/metrics_faithfulness_metrics_PickCube-v1_170m_seed42_l2_20260530_021658.jsonl:227:6d0d04e994b6c238b56ebc01d66968af0fd584acb5df6e0ceb6f675a262b50fb"",""data/metrics_faithfulness_metrics_PickCube-v1_170m_seed42_l2_20260530_021658.jsonl:228:25033239fa6c031eaaeda5b487fed0672348dc901d50757a1c4760683e4a0244"",""data/metrics_faithfulness_metrics_PickCube-v1_170m_seed42_l2_20260530_021658.jsonl:229:ee64ea8e48b40b45b6634b980d88e919d1aae224047216c8a2ef7a4f10f439e4"",""data/metrics_faithfulness_metrics_PickCube-v1_170m_seed42_l2_20260530_021658.jsonl:230:f91c20f433f862d383d83fb7315b1f658506151187c52a0da3ee612589897da2"",""data/metrics_faithfulness_metrics_PickCube-v1_170m_seed42_l2_20260530_021658.jsonl:231:eed68259d140da87e54e596a114c9bf72b5a7ca6b0a91591bf9f60ebf7ee599d"",""data/metrics_faithfulness_metrics_PickCube-v1_170m_seed42_l2_20260530_021658.jsonl:232:2abf2acf12e113052f3218cc4a274991a9663dbd5733f3bac4b0aba21ca190e7"",""data/metrics_faithfulness_metrics_PickCube-v1_170m_seed42_l2_20260530_021658.jsonl:233:dd76907653f0eb21d09a172eecf0cca2fb0fb330b7854bc1a758f06e8452ebe8"",""data/metrics_faithfulness_metrics_PickCube-v1_170m_seed42_l2_20260530_021658.jsonl:234:f70001b3384af5de8a774f37ccb54f8c37639d8df1b59f7e35652ffad4b8c506"",""data/metrics_faithfulness_metrics_PickCube-v1_170m_seed42_l2_20260530_021658.jsonl:235:5b77c47fa0bcb4573096905aa1b64526185242228285f8eea39ac2f309db510d"",""data/metrics_faithfulness_metrics_PickCube-v1_170m_seed42_l2_20260530_021658.jsonl:236:8de83e9715230609671735e961dc97cfc9ce0f258a40881cefa21b1c73ec07c2"",""data/metrics_faithfulness_metrics_PickCube-v1_170m_seed42_l2_20260530_021658.jsonl:237:2df1bb71954cb401a409fec0ee918947c237dc7ef630acf2599916e39cdb5c6f"",""data/metrics_faithfulness_metrics_PickCube-v1_170m_seed42_l2_20260530_021658.jsonl:238:c650d439b52469cfd43c5283154cf1afee28f9f92d49bd1b8e45085569c2b1ad"",""data/metrics_faithfulness_metrics_PickCube-v1_170m_seed42_l2_20260530_021658.jsonl:239:b49cf18e7e7d0ae977a7af0b66fefaabcb0c0e4f03568544e2ca0b0d200f5335"",""data/metrics_faithfulness_metrics_PickCube-v1_170m_seed42_l2_20260530_021658.jsonl:240:359c091bcbd69f3ea03f0b6001f84ed54ca48b82bdb75893fd2f0c2c5b482bc4"",""data/metrics_faithfulness_metrics_PickCube-v1_170m_seed42_l2_20260530_021658.jsonl:241:81ab7d384471eed74593d4f59c1a0db9120aaaee359a8077b1e60ff54de403af"",""data/metrics_faithfulness_metrics_PickCube-v1_170m_seed42_l2_20260530_021658.jsonl:242:1b0778af409fd0481113c619557cf8a2d04de1704caab2d0c381d6a913dbc7ed"",""data/metrics_faithfulness_metrics_PickCube-v1_170m_seed42_l2_20260530_021658.jsonl:243:afcf5405b3dc5f03c260a223dd1c032b009b90e256b3fa38a5c3b26f1ddb5b1c"",""data/metrics_faithfulness_metrics_PickCube-v1_170m_seed42_l2_20260530_021658.jsonl:244:0a0d6c52f28e7055d27d0bf16d1eed90aa67677a5420c684b3d4c936210deb33"",""data/metrics_faithfulness_metrics_PickCube-v1_170m_seed42_l2_20260530_021658.jsonl:245:a84a433adaf3604c3f634e69fc2c1c3b9435fd459dfe0c6a37665c64902dd503"",""data/metrics_faithfulness_metrics_PickCube-v1_170m_seed42_l2_20260530_021658.jsonl:246:d36ec2bfc274b2dfebaa04bc63ebe9fc62aac1973dc40e60873fc5c1326bfbc8"",""data/metrics_faithfulness_metrics_PickCube-v1_170m_seed42_l2_20260530_021658.jsonl:247:72bd3131d7e020ab321b20b7a65e3afea8d4f87ec13954ad639d7c3acf493b45"",""data/metrics_faithfulness_metrics_PickCube-v1_170m_seed42_l2_20260530_021658.jsonl:248:153c408a136f5809d8870095665a288688599ca21ec426aed8d588983887c40e"",""data/metrics_faithfulness_metrics_PickCube-v1_170m_seed42_l2_20260530_021658.jsonl:249:f5dce8df40b634f89fbe715f4bfc580c58bc7915c0b0822398fe5d5024675c55"",""data/metrics_faithfulness_metrics_PickCube-v1_170m_seed42_l2_20260530_021658.jsonl:250:0b29963ea725ee370fde2e24f4ef0d53b029610ba70210fac9804b933c9e0525""]",0.14700431671369543,-0.04979442279651065,0.0
L2:lang:deletion,L2,lang,deletion,5e8803d8490f1e312b401e429029a07eda3dbca32459452f4b989fda1f73e444,25,25,0.07129699903986801,"[""data/metrics_faithfulness_metrics_PickCube-v1_170m_seed142_l2_20260530_082947.jsonl:201:3fc2c95e8af1d81871b39c9987f1bb0c8f9f2692945e11086141551e78c43a78"",""data/metrics_faithfulness_metrics_PickCube-v1_170m_seed142_l2_20260530_082947.jsonl:202:c8ea7f441ef78504ee7d9bc6e4f7960a459c2dfc0c501a44584c55d1b30b1733"",""data/metrics_faithfulness_metrics_PickCube-v1_170m_seed142_l2_20260530_082947.jsonl:203:2c0de07176b9b67d302accef28f18ba7f3819cccab63710f20f934dbe6e6f15b"",""data/metrics_faithfulness_metrics_PickCube-v1_170m_seed142_l2_20260530_082947.jsonl:204:d4d531c15aaf8034efb091369873556ab76b1dfc12ea696ac2a6f8883c6a33b7"",""data/metrics_faithfulness_metrics_PickCube-v1_170m_seed142_l2_20260530_082947.jsonl:205:f7b9eeeef237cf2ce6109e28548af30b736f8ba08346beda7822e33598feb0eb"",""data/metrics_faithfulness_metrics_PickCube-v1_170m_seed142_l2_20260530_082947.jsonl:206:f3361d71f25385c24f2ba0a7a6474ad8c389ecb32cdedbdbca92a8e1a911a2d9"",""data/metrics_faithfulness_metrics_PickCube-v1_170m_seed142_l2_20260530_082947.jsonl:207:b8cdd40fc8d6176bc3e9f424e6139161804ae0fd70d311b082fc668a3020ac32"",""data/metrics_faithfulness_metrics_PickCube-v1_170m_seed142_l2_20260530_082947.jsonl:208:247a47174c6d2707b6484bb0d11981e62b3430c01ea40044018a8238c8586ca6"",""data/metrics_faithfulness_metrics_PickCube-v1_170m_seed142_l2_20260530_082947.jsonl:209:3390581a77eb96c064a9fc1ca2fbd59232df54ca19801960d294c25a47c02428"",""data/metrics_faithfulness_metrics_PickCube-v1_170m_seed142_l2_20260530_082947.jsonl:210:a2070c87facf76726914d55704778cf6c44f1aca048a99a493e0860c1ffcf96f"",""data/metrics_faithfulness_metrics_PickCube-v1_170m_seed142_l2_20260530_082947.jsonl:211:42f2f1d73eeaa6d6135cb85841656feee6d58df2b6e1b393e2b9d147ddb8f30c"",""data/metrics_faithfulness_metrics_PickCube-v1_170m_seed142_l2_20260530_082947.jsonl:212:529169ff483ce9f4adbf059f11450987975de5ca722e4d89cb2584c787bd7d91"",""data/metrics_faithfulness_metrics_PickCube-v1_170m_seed142_l2_20260530_082947.jsonl:213:f0c368a1ac0ff69922e23da80dbc7c30ba8a1badd3e690044879d9220b392deb"",""data/metrics_faithfulness_metrics_PickCube-v1_170m_seed142_l2_20260530_082947.jsonl:214:97c3f962a9c4cdd21cefc2136b0b9ea7a1e649b042a89d9f75982c11e4d80169"",""data/metrics_faithfulness_metrics_PickCube-v1_170m_seed142_l2_20260530_082947.jsonl:215:9b0f69e1ce4faa116f8115d231848c85fa6c6cf12d67dbb591a9939bc161172a"",""data/metrics_faithfulness_metrics_PickCube-v1_170m_seed142_l2_20260530_082947.jsonl:216:b628c8296f368ec9c59980c6ba7c9e679ea054f3ff77ae83650aad641041d9d6"",""data/metrics_faithfulness_metrics_PickCube-v1_170m_seed142_l2_20260530_082947.jsonl:217:24f0a8b1c73f8ce690492161476bcfd3e84072c497d6a54142bc5e1ba7a38427"",""data/metrics_faithfulness_metrics_PickCube-v1_170m_seed142_l2_20260530_082947.jsonl:218:fc38119eeb4d3da057588a593b9ea7fc8a4a499fdf32d88921e7427b1a18165d"",""data/metrics_faithfulness_metrics_PickCube-v1_170m_seed142_l2_20260530_082947.jsonl:219:765f29c98c890179ed874db81a15cd4f401250b24b1cfa389271f9fe21e7057e"",""data/metrics_faithfulness_metrics_PickCube-v1_170m_seed142_l2_20260530_082947.jsonl:220:a07cce4ffeff3f706b66ebcc7b30b3b51fab2ead7b139ce2d4f9e385d3fbcc63"",""data/metrics_faithfulness_metrics_PickCube-v1_170m_seed142_l2_20260530_082947.jsonl:221:6a7e7763aac09027d9e02f0d75e04e19deaea0ea7d1a2ee282ebccea2ebc1585"",""data/metrics_faithfulness_metrics_PickCube-v1_170m_seed142_l2_20260530_082947.jsonl:222:50e680ad2fc1f971c6a8a89e7ec9c50af42606ae0903f6d1c316a1d672a72d0f"",""data/metrics_faithfulness_metrics_PickCube-v1_170m_seed142_l2_20260530_082947.jsonl:223:65cd57c7971c86f5b6cc70bda9b8ee61e012aa65528f2b54f7e73b70d8dfcb38"",""data/metrics_faithfulness_metrics_PickCube-v1_170m_seed142_l2_20260530_082947.jsonl:224:f05d56af94481af119e4ed881dc35d115ba0157b418849e635568e3d76d83215"",""data/metrics_faithfulness_metrics_PickCube-v1_170m_seed142_l2_20260530_082947.jsonl:225:1525a0ee23137b0dfb17f74e3bf3e8e30873808d6387cdfa1abbfd3439bae2b6""]",0.09473242299088559,-0.02343542395101761,0.0
L2:lang:deletion,L2,lang,deletion,5f23264f00c09f93e3afd102f34c06c654a1d3282d5b630258775374586baa76,25,25,0.15450365530072996,"[""data/metrics_faithfulness_metrics_PickCube-v1_170m_seed42_l2_20260530_021658.jsonl:325:89cefeaceccd1444c8c63faf2e8b62f283961484b8335c198f2c0013b2e6b31e"",""data/metrics_faithfulness_metrics_PickCube-v1_170m_seed42_l2_20260530_021658.jsonl:326:6f6a65ad276f7ce196449c05459f52f37a1d54c00947a5dac7b4c20949e127e1"",""data/metrics_faithfulness_metrics_PickCube-v1_170m_seed42_l2_20260530_021658.jsonl:327:b12f70118a6080e84d7030777a593648b04aa59f79df060b64e171acab514bf3"",""data/metrics_faithfulness_metrics_PickCube-v1_170m_seed42_l2_20260530_021658.jsonl:328:a730e0da28fa56116c7823e075afa4ce02ab16449b738a469ad3c474499ea749"",""data/metrics_faithfulness_metrics_PickCube-v1_170m_seed42_l2_20260530_021658.jsonl:329:6dec0ecb8617a784698fc768f02aa988a07bea7556572ed807a4814e0c54c87c"",""data/metrics_faithfulness_metrics_PickCube-v1_170m_seed42_l2_20260530_021658.jsonl:330:20dfb05b114eaabe5553c035e3b66f9c1f2c28d547ed23fb59ffdc15abcff0ea"",""data/metrics_faithfulness_metrics_PickCube-v1_170m_seed42_l2_20260530_021658.jsonl:331:54d0b35281c2424fcdd0515ad16262cf4f12e25f4668d7313b433ecc6b982d95"",""data/metrics_faithfulness_metrics_PickCube-v1_170m_seed42_l2_20260530_021658.jsonl:332:98defe3995f4d5ffb638bfdd1a4f07a1b36f69b62d3225500885f0b48715f6da"",""data/metrics_faithfulness_metrics_PickCube-v1_170m_seed42_l2_20260530_021658.jsonl:333:b9154ed6056609db964cfa2e78e22cc0b4e9a544da69ebf73ac705eca377e44e"",""data/metrics_faithfulness_metrics_PickCube-v1_170m_seed42_l2_20260530_021658.jsonl:334:538dc8c1c8c52597bd53c8f0c4dd6b9e505a2c819b9c60f787b63a20aa9489f5"",""data/metrics_faithfulness_metrics_PickCube-v1_170m_seed42_l2_20260530_021658.jsonl:335:85799e67f94d5b85660768164791e7bbaabb84a7011aa7f74f2a871769c58717"",""data/metrics_faithfulness_metrics_PickCube-v1_170m_seed42_l2_20260530_021658.jsonl:336:aa8908a44ebcdf92e3af394544971d2b9b7a8266ca1f39a74ca70417c76f637f"",""data/metrics_faithfulness_metrics_PickCube-v1_170m_seed42_l2_20260530_021658.jsonl:337:ff7cdf7dbb22211ed5bbcce66125ad85863850b05e693b9465dac651101eb475"",""data/metrics_faithfulness_metrics_PickCube-v1_170m_seed42_l2_20260530_021658.jsonl:338:a47b452bdfb385e9f8d6d26e18cfa902d628a3dc846fdba41b5f5e3e0884488b"",""data/metrics_faithfulness_metrics_PickCube-v1_170m_seed42_l2_20260530_021658.jsonl:339:c2839f5262e2514c55d2d6c2bf665c3507fdbf616952f6abfa3ef206687f735b"",""data/metrics_faithfulness_metrics_PickCube-v1_170m_seed42_l2_20260530_021658.jsonl:340:2391352864a5965bfdadc05a05950d4cb8d4a9a01f42b79f8d389942c14cd81e"",""data/metrics_faithfulness_metrics_PickCube-v1_170m_seed42_l2_20260530_021658.jsonl:341:11640e06d2a9c4e7fb53ab2f12c8aaac313e0c5050a37a5920614f5042ac6caa"",""data/metrics_faithfulness_metrics_PickCube-v1_170m_seed42_l2_20260530_021658.jsonl:342:ae6baee27618f912f2d9023b5a89d0228117c0453329bc30223c133b621881ee"",""data/metrics_faithfulness_metrics_PickCube-v1_170m_seed42_l2_20260530_021658.jsonl:343:9a3985399d0592568536f5be94be23bf030681756f2cd3fb692cecf4a1269354"",""data/metrics_faithfulness_metrics_PickCube-v1_170m_seed42_l2_20260530_021658.jsonl:344:1e773b7384aa94574ae3298b538097a4484c75c75e8a6c250f39ad3da20d2f02"",""data/metrics_faithfulness_metrics_PickCube-v1_170m_seed42_l2_20260530_021658.jsonl:345:beea8dc6e2b76444af24c84020ed2ace336f86b7e9343dc13b34cd0f2e756d78"",""data/metrics_faithfulness_metrics_PickCube-v1_170m_seed42_l2_20260530_021658.jsonl:346:375b86256521d582629e8b5028fccf063110b77e2c71c1c6e26725672af7838d"",""data/metrics_faithfulness_metrics_PickCube-v1_170m_seed42_l2_20260530_021658.jsonl:347:b1fae0bedae4fbd9232bea5f4b6a21684dcd867d0e90a54996bc70e11ce03a01"",""data/metrics_faithfulness_metrics_PickCube-v1_170m_seed42_l2_20260530_021658.jsonl:348:2c0e3347a0613e33f1f20b504d7deaf78f463dba6d0cfe4f15667390706e0057"",""data/metrics_faithfulness_metrics_PickCube-v1_170m_seed42_l2_20260530_021658.jsonl:349:6995242c44f5771584c87ae025982310f56edb61a96c449c196315105bce33bc""]",0.15450365530072996,0.0,0.0
L2:lang:deletion,L2,lang,deletion,7c1a40c6fafe6887a9becfd639acdd8a866b011f8515de954bacd88580805623,25,25,0.028480734674896577,"[""data/metrics_faithfulness_metrics_PickCube-v1_170m_seed42_l2_20260530_021658.jsonl:101:cd438d3b54f8bfe3088fb97aeca056ce7d0fd733d4bda2bce4de85f2beb75edf"",""data/metrics_faithfulness_metrics_PickCube-v1_170m_seed42_l2_20260530_021658.jsonl:102:e3467fd17149d440eb6f7ab7a0bae570c44b2a06b995bb363a9e9b2453edf227"",""data/metrics_faithfulness_metrics_PickCube-v1_170m_seed42_l2_20260530_021658.jsonl:103:4ca144e8152cab8fed6dc7781805de6d5e3e606dd0753b33edf993b3b828113e"",""data/metrics_faithfulness_metrics_PickCube-v1_170m_seed42_l2_20260530_021658.jsonl:104:9cd6ae42c20e11be8da18e6d51309ae763f168964e60c30ccd59e38fe326a089"",""data/metrics_faithfulness_metrics_PickCube-v1_170m_seed42_l2_20260530_021658.jsonl:105:b25dfd486d494bcc70f8907e0617a09b2ef8cc437c5f3dd1fdd4eed8dd56deb2"",""data/metrics_faithfulness_metrics_PickCube-v1_170m_seed42_l2_20260530_021658.jsonl:106:e3943f926bbfe20e4aa43008968d2a2c3a4e823920c2c70ab217f93db142dae4"",""data/metrics_faithfulness_metrics_PickCube-v1_170m_seed42_l2_20260530_021658.jsonl:107:79a6109984251a8f8bde0568c298b2b5a3f4f8edfb9f60dd1004a4be7854c513"",""data/metrics_faithfulness_metrics_PickCube-v1_170m_seed42_l2_20260530_021658.jsonl:108:6035ac7ed9d9fc28a0b1d960f2723b4312f9d1a93952b862e7024272fc5ba6ae"",""data/metrics_faithfulness_metrics_PickCube-v1_170m_seed42_l2_20260530_021658.jsonl:109:6603ff7e24f116490c790329250b7e5bd9ad9da5a6c9c4fb1e313261cac7ac8c"",""data/metrics_faithfulness_metrics_PickCube-v1_170m_seed42_l2_20260530_021658.jsonl:110:e046ade9c3ea4cda6595e984563eb74190213b44db615eb02499e5f08a686ce6"",""data/metrics_faithfulness_metrics_PickCube-v1_170m_seed42_l2_20260530_021658.jsonl:111:7a0cd18892cbffdf941fbc3f8bd82df5820f90329f80ee20506aa7b41048b5ec"",""data/metrics_faithfulness_metrics_PickCube-v1_170m_seed42_l2_20260530_021658.jsonl:112:b223c11ba490d7fd381782620887b100e523c6cdecf5b90f4b31c3b1a766f2d6"",""data/metrics_faithfulness_metrics_PickCube-v1_170m_seed42_l2_20260530_021658.jsonl:113:250a2397421a3fc520ecd6ca1f38f320e82259436fb5d861f15e4ad5d696d3e5"",""data/metrics_faithfulness_metrics_PickCube-v1_170m_seed42_l2_20260530_021658.jsonl:114:90b1ba24ca9b786dc89c878e7e85a6f40ae96e65c1f43161fdac8d5584105cec"",""data/metrics_faithfulness_metrics_PickCube-v1_170m_seed42_l2_20260530_021658.jsonl:115:d380e140dda9cc3c12086e47f9529808e77bb99a415dea4a243e13bc3004795b"",""data/metrics_faithfulness_metrics_PickCube-v1_170m_seed42_l2_20260530_021658.jsonl:116:b4731429d924d850f7d17bcfea3e88619fb946b31772022dcc7d357a29d7cd96"",""data/metrics_faithfulness_metrics_PickCube-v1_170m_seed42_l2_20260530_021658.jsonl:117:28dedf64c45a9c5f6cbd90e828030ff1032bfe9ecbb1906cce28dc1bdeca1feb"",""data/metrics_faithfulness_metrics_PickCube-v1_170m_seed42_l2_20260530_021658.jsonl:118:5c1b1d97f9a33878ab8bbf36c4a0daf2bcf2d6a8846bc5489cb3fa6f0e930423"",""data/metrics_faithfulness_metrics_PickCube-v1_170m_seed42_l2_20260530_021658.jsonl:119:64e5394de505da378f563f678cc9a041284b859c5395f46fa43f239dbba01ae0"",""data/metrics_faithfulness_metrics_PickCube-v1_170m_seed42_l2_20260530_021658.jsonl:120:b465e0654a35a866147a372b97f6561572410a06f30ab118df6170608c6b3acc"",""data/metrics_faithfulness_metrics_PickCube-v1_170m_seed42_l2_20260530_021658.jsonl:121:2205795e8db98bfd1d1348b6dc7c5d9554642c21c0d348aa324832f4f6d65ef0"",""data/metrics_faithfulness_metrics_PickCube-v1_170m_seed42_l2_20260530_021658.jsonl:122:9117c8532e715e08ba128c5db9b13abdf1c9d3d890d6c1cb19c13e0d027aff17"",""data/metrics_faithfulness_metrics_PickCube-v1_170m_seed42_l2_20260530_021658.jsonl:123:2d97a8464d9200eca913dbedb571b1d5e5dadbc64e99a9ae10f806b077981256"",""data/metrics_faithfulness_metrics_PickCube-v1_170m_seed42_l2_20260530_021658.jsonl:124:4da425166a01ecae678f2634848866e9559c1d1ecb80a4305d5dd6f0f9d9a651"",""data/metrics_faithfulness_metrics_PickCube-v1_170m_seed42_l2_20260530_021658.jsonl:125:4f3f6a76efc42f8802a9f7fb6f634ba9e7a8d63583c515eed270dc5f71438cad""]",0.12442874862790503,-0.09594801395300845,0.0
L2:lang:deletion,L2,lang,deletion,7e557df621ee9211cea34d332f6b011cfd1a9c35c029e843b0bde6035434f6f5,25,25,0.03850623180336641,"[""data/metrics_faithfulness_metrics_PickCube-v1_170m_seed142_l2_20260530_082947.jsonl:51:05b24f14d6e00625cf2edfad36dc284d63b71083bd8899d6871dd11bcf7c00e2"",""data/metrics_faithfulness_metrics_PickCube-v1_170m_seed142_l2_20260530_082947.jsonl:52:7896e38a4e491803f862017872ab533eba404fd5a959247e56b28276df68fa79"",""data/metrics_faithfulness_metrics_PickCube-v1_170m_seed142_l2_20260530_082947.jsonl:53:76de0191a4a11bdd721e3a0944d3db997047ae8ba5c2c70e1d680d39f44a4b8d"",""data/metrics_faithfulness_metrics_PickCube-v1_170m_seed142_l2_20260530_082947.jsonl:54:a0607a46dad7c92f803a5a23617408adfcd26310eedf9637c7f8871a69df79ad"",""data/metrics_faithfulness_metrics_PickCube-v1_170m_seed142_l2_20260530_082947.jsonl:55:0acabc9de54955d7fbfa69bfd4787a9a3fb0239b07e52ea4e9fc320b780eb891"",""data/metrics_faithfulness_metrics_PickCube-v1_170m_seed142_l2_20260530_082947.jsonl:56:584f9a2e42fbd1477ccfed3b50ea04847b18623114f9fb06e8bce2b3f7cd4307"",""data/metrics_faithfulness_metrics_PickCube-v1_170m_seed142_l2_20260530_082947.jsonl:57:2db32091931e19aeecec5ae075332d9297aa1eaed866cdc979e76b1ad1c0d4f6"",""data/metrics_faithfulness_metrics_PickCube-v1_170m_seed142_l2_20260530_082947.jsonl:58:ee48cda0973eb9a2b996bda564f7d3af6d88dde2c90fe70803ea20517690f3aa"",""data/metrics_faithfulness_metrics_PickCube-v1_170m_seed142_l2_20260530_082947.jsonl:59:1e03744edfa13fda0932f237b32410d6bc18136996c2fd78012da57db644ff9c"",""data/metrics_faithfulness_metrics_PickCube-v1_170m_seed142_l2_20260530_082947.jsonl:60:37ac96bb25ef8beb0d17ea262111e633a7241a5575a23f659fdc8d0d91f985a8"",""data/metrics_faithfulness_metrics_PickCube-v1_170m_seed142_l2_20260530_082947.jsonl:61:1f9baf3a93cdf6447ef6f9de3d05f49db220b31fd431d5918032ebdb2470bdc2"",""data/metrics_faithfulness_metrics_PickCube-v1_170m_seed142_l2_20260530_082947.jsonl:62:3176b55d0b511fbc6a88649bc7bfd0e72c0eca01a7fe4ece61a9c233fd16be9e"",""data/metrics_faithfulness_metrics_PickCube-v1_170m_seed142_l2_20260530_082947.jsonl:63:50f72a290efad3b36adcce121b70eb550636e674c1ef370f627a38ef30afd248"",""data/metrics_faithfulness_metrics_PickCube-v1_170m_seed142_l2_20260530_082947.jsonl:64:a1c596ada20dce6d578d6ddf995a88479cdf5d68167c06de3765f8db394365c3"",""data/metrics_faithfulness_metrics_PickCube-v1_170m_seed142_l2_20260530_082947.jsonl:65:73e7398db2e353ce9ecbfaf057acbfcab61e52cf4fac6328f8020cdf9304638f"",""data/metrics_faithfulness_metrics_PickCube-v1_170m_seed142_l2_20260530_082947.jsonl:66:17669e2eb186068b8c341e1b7df378a3796df8ad0b36be4c405f75aa058a1580"",""data/metrics_faithfulness_metrics_PickCube-v1_170m_seed142_l2_20260530_082947.jsonl:67:9a0ae782d46df5e79b6dba6292559f50a3ed5e5b7a1ad282060b2c5621793f18"",""data/metrics_faithfulness_metrics_PickCube-v1_170m_seed142_l2_20260530_082947.jsonl:68:cf9de122207c987a9793e5cfc60abbe08911859844bc441e144f344d70c5b48f"",""data/metrics_faithfulness_metrics_PickCube-v1_170m_seed142_l2_20260530_082947.jsonl:69:8b9681300f993f87f6bf52d693b20ee3ed79e046c32e983bc65d5ee15cab11eb"",""data/metrics_faithfulness_metrics_PickCube-v1_170m_seed142_l2_20260530_082947.jsonl:70:b3f8b4f5b7535df82b5e03949b30c4648064f80dff9f29c79fab18f14bf4d744"",""data/metrics_faithfulness_metrics_PickCube-v1_170m_seed142_l2_20260530_082947.jsonl:71:da2fceedb6d11303d34560ef9031801b68d84b53921dec830dc3db2bf82a897a"",""data/metrics_faithfulness_metrics_PickCube-v1_170m_seed142_l2_20260530_082947.jsonl:72:3f7eb4896227250317d1e215c65336a6af6136ccd3a2d3d1db2a7320c62e3f6f"",""data/metrics_faithfulness_metrics_PickCube-v1_170m_seed142_l2_20260530_082947.jsonl:73:40064e72918c6231407bb7ca1acba815e433042ad7b1cd3a094a9dac07ee6402"",""data/metrics_faithfulness_metrics_PickCube-v1_170m_seed142_l2_20260530_082947.jsonl:74:38cea5776ab0551b670683ee5c1044de5743a11155b9f0b7d98fd1711e7d89ce"",""data/metrics_faithfulness_metrics_PickCube-v1_170m_seed142_l2_20260530_082947.jsonl:75:79a42648e54343c81c12932460c8ae1d4ee25a640edc2a8592dd95efccca583e""]",0.07209587373334282,-0.0335896419299764,0.0
L2:lang:deletion,L2,lang,deletion,87b7692725b550f12f1f576abf954a5096cb3bfaf3a356d6e2fce998954d0e33,25,25,0.09796331794231827,"[""data/metrics_faithfulness_metrics_PickCube-v1_170m_seed42_l2_20260530_021658.jsonl:375:979956e2718fc3072cac2b0eb24375b431a49966e90d426c7c6a981dacba95e8"",""data/metrics_faithfulness_metrics_PickCube-v1_170m_seed42_l2_20260530_021658.jsonl:376:230af82e12c364f5079d0c282be1fc5410a4ea17da7d2c1a83ec599220eb97e5"",""data/metrics_faithfulness_metrics_PickCube-v1_170m_seed42_l2_20260530_021658.jsonl:377:4aff9e9f9413325c1f8d5bde6a8a3480753742599937fd6ea3701c08f564898d"",""data/metrics_faithfulness_metrics_PickCube-v1_170m_seed42_l2_20260530_021658.jsonl:378:a60ea1c8eb376e649c59d419ac5c05aa814399d2241afc38993266ce9ebdc17b"",""data/metrics_faithfulness_metrics_PickCube-v1_170m_seed42_l2_20260530_021658.jsonl:379:37ba74168146f967afa0f1d5b5f8448f590c8ff60e3d1ee070849ea129e8b916"",""data/metrics_faithfulness_metrics_PickCube-v1_170m_seed42_l2_20260530_021658.jsonl:380:8713aded612b58730a1fa5b9831f1af27e765038e12eb67c5a27d7e726520851"",""data/metrics_faithfulness_metrics_PickCube-v1_170m_seed42_l2_20260530_021658.jsonl:381:41d16d04f5d2fd923c6e7a05df1af472ebedf329b23582878492c15d297c3338"",""data/metrics_faithfulness_metrics_PickCube-v1_170m_seed42_l2_20260530_021658.jsonl:382:ee698df1e6a7732e1499adb47d34a85b230741648ed70cfc13b48492c14fd8af"",""data/metrics_faithfulness_metrics_PickCube-v1_170m_seed42_l2_20260530_021658.jsonl:383:33992e6af55a1bbaf66f566e8b995be6fba219e7aeb8ab5e7cdde1a4dd894b13"",""data/metrics_faithfulness_metrics_PickCube-v1_170m_seed42_l2_20260530_021658.jsonl:384:f9d5ea347bfeb927f0c8c95648b906a5b0bfb6f3f8da53982d5088b21765b640"",""data/metrics_faithfulness_metrics_PickCube-v1_170m_seed42_l2_20260530_021658.jsonl:385:0b085c1e6d5792fecb7a865a7919ae0f7656e452255ab0f1dbe82ca5a1967ce3"",""data/metrics_faithfulness_metrics_PickCube-v1_170m_seed42_l2_20260530_021658.jsonl:386:870360851ec41f783a0302e7715c6cefc68d2a2ec46cba1d5b64008427df148b"",""data/metrics_faithfulness_metrics_PickCube-v1_170m_seed42_l2_20260530_021658.jsonl:387:dbfa1908f5a078853ebbfacc2225aa285903b9b01f4a897b4d959763068df330"",""data/metrics_faithfulness_metrics_PickCube-v1_170m_seed42_l2_20260530_021658.jsonl:388:f4d888720390cdfde49ffecf158980a24f58237850173f9fd3fdff6958cac6de"",""data/metrics_faithfulness_metrics_PickCube-v1_170m_seed42_l2_20260530_021658.jsonl:389:73f2ed9b36824eb21390a33617aa4fc10c6c09836d0821f7db906abab05f2ae3"",""data/metrics_faithfulness_metrics_PickCube-v1_170m_seed42_l2_20260530_021658.jsonl:390:86052c7794d424adf49aa11b5327c1f9cbc2bd3f2265405694aeaf9b3ed11f6f"",""data/metrics_faithfulness_metrics_PickCube-v1_170m_seed42_l2_20260530_021658.jsonl:391:cb03022135f741e059cea9a301b984876f5a5a3d7a5aa334fdf17d748e76f447"",""data/metrics_faithfulness_metrics_PickCube-v1_170m_seed42_l2_20260530_021658.jsonl:392:bb4613188aae887b345d5456f4b98faf84209b1748fb3c3ace899fb99e983d0a"",""data/metrics_faithfulness_metrics_PickCube-v1_170m_seed42_l2_20260530_021658.jsonl:393:0d13d9f2ba5641859f1529a39b0f62fb1154bce7cedbc51d0dce0df6edb3d611"",""data/metrics_faithfulness_metrics_PickCube-v1_170m_seed42_l2_20260530_021658.jsonl:394:8c76f255d70f59e32175ea388f253e69cf6495be94e2df35a370225ec41db44e"",""data/metrics_faithfulness_metrics_PickCube-v1_170m_seed42_l2_20260530_021658.jsonl:395:da00be7c19f639b8b940898fa79563af0565c2f55eb043cec3dfdd3a76752f0b"",""data/metrics_faithfulness_metrics_PickCube-v1_170m_seed42_l2_20260530_021658.jsonl:396:fd7c25fd576c7c8abbd5e4e81e2d744bcf546e7cedbf7e75073be1630530694a"",""data/metrics_faithfulness_metrics_PickCube-v1_170m_seed42_l2_20260530_021658.jsonl:397:f4fc6342f38e82755f2cd3b013c74ef9172ba046f3a4788e7cd8f3eb0a594f98"",""data/metrics_faithfulness_metrics_PickCube-v1_170m_seed42_l2_20260530_021658.jsonl:398:3a58cfed073724fb7db82ba3fd870f949f0d9f20b6030bf52505dfe9606cd4d6"",""data/metrics_faithfulness_metrics_PickCube-v1_170m_seed42_l2_20260530_021658.jsonl:399:04042ae05a4a60d88d5a704eacd40053cbb71d804aad3df6842896dbbfad4850""]",0.141900646944982,-0.043937329002663714,0.0
L2:lang:deletion,L2,lang,deletion,889812fac5a22c6142ca8ae49fb39d5545e72a080e19891eb6e51ff5fbbd598b,25,25,0.13515179163041716,"[""data/metrics_faithfulness_metrics_PickCube-v1_170m_seed142_l2_20260530_082947.jsonl:10:6753847dc0d0f44ed129bdb66d9304513ea4d474e71396cdb61553b786d5d08f"",""data/metrics_faithfulness_metrics_PickCube-v1_170m_seed142_l2_20260530_082947.jsonl:11:c28d50696b8897b65c0fe6c61db660c95b7f3d05c2ab3f088f24531e48921de1"",""data/metrics_faithfulness_metrics_PickCube-v1_170m_seed142_l2_20260530_082947.jsonl:12:a3b1740dd3b9dbd44b287897e7056e00e4c1a21f5ce88b342782e0b39cfea9be"",""data/metrics_faithfulness_metrics_PickCube-v1_170m_seed142_l2_20260530_082947.jsonl:13:63635432a165cf24fb947e444a35180410d7b5d8cf8145811ecea15ca0f23dbf"",""data/metrics_faithfulness_metrics_PickCube-v1_170m_seed142_l2_20260530_082947.jsonl:14:ada42c810126ed4d80ab5b190151e8facf8b7c022d67d543e0929787e96304f2"",""data/metrics_faithfulness_metrics_PickCube-v1_170m_seed142_l2_20260530_082947.jsonl:15:ebf724bb617e97a4067bf74b9963cf0cd6cd9baa14dd4b616e018ce589c1c6b7"",""data/metrics_faithfulness_metrics_PickCube-v1_170m_seed142_l2_20260530_082947.jsonl:16:e265f4a51dd04d55cd7ca4650b2e64994b3bdf779757d04138c3820a944986a0"",""data/metrics_faithfulness_metrics_PickCube-v1_170m_seed142_l2_20260530_082947.jsonl:17:071a34d81b383c5e771c40c06dbb55ec2f11fd3eddbeea909afe13ec53e876e5"",""data/metrics_faithfulness_metrics_PickCube-v1_170m_seed142_l2_20260530_082947.jsonl:18:1efa4ada596af214a9e09c9ce1401af7b3a2ecee44f4c99c4ff818ce562166df"",""data/metrics_faithfulness_metrics_PickCube-v1_170m_seed142_l2_20260530_082947.jsonl:19:82650e985656eeb181f7825a84c35ea6364c75e741fbad32394377e7440324fb"",""data/metrics_faithfulness_metrics_PickCube-v1_170m_seed142_l2_20260530_082947.jsonl:1:4c9f3fa3e2c116ee9288810bc18f0272bf3466665d57cf0860d7adae056fcba9"",""data/metrics_faithfulness_metrics_PickCube-v1_170m_seed142_l2_20260530_082947.jsonl:20:f3d694f8df1fcd98ad22ba1e7d60212cb4b7ebfbe76f58e3d84351a40f1c5130"",""data/metrics_faithfulness_metrics_PickCube-v1_170m_seed142_l2_20260530_082947.jsonl:21:323654ba73e7f071c02801970ad40d4edfaf0997d0a41d9cb152159e6f77fe04"",""data/metrics_faithfulness_metrics_PickCube-v1_170m_seed142_l2_20260530_082947.jsonl:22:6c4abd1ee0e73606572d726a76c257cc073a0388b3e50d00952be5c0eb09ddc9"",""data/metrics_faithfulness_metrics_PickCube-v1_170m_seed142_l2_20260530_082947.jsonl:23:28664978f110c4a11c70526a9eb8d2eebeaa22119145cf49c67236c4261f6526"",""data/metrics_faithfulness_metrics_PickCube-v1_170m_seed142_l2_20260530_082947.jsonl:24:e3533d10423d1a67e18d5ab3902821e4cec8cca124c9a7163ef2f4711b107e4e"",""data/metrics_faithfulness_metrics_PickCube-v1_170m_seed142_l2_20260530_082947.jsonl:25:caf99d25554e74bff613cb725a074d0766c1da4687ae4416842d89dc026388e9"",""data/metrics_faithfulness_metrics_PickCube-v1_170m_seed142_l2_20260530_082947.jsonl:2:427bb8a6111bad34c96ed02fcb721a44dbe3f958de2b5805e3295bc681717ea7"",""data/metrics_faithfulness_metrics_PickCube-v1_170m_seed142_l2_20260530_082947.jsonl:3:8ca635b44d0de41b1f81923e0a18b36fed5cd518d4f7b566ce63a4db28a98f18"",""data/metrics_faithfulness_metrics_PickCube-v1_170m_seed142_l2_20260530_082947.jsonl:4:84453318e8466e0be5226d42e5dbf0f23b9fa9812101d2503c02ba14d33182fd"",""data/metrics_faithfulness_metrics_PickCube-v1_170m_seed142_l2_20260530_082947.jsonl:5:24ced3e2360a54f32763268220d6cd4c43913c1398828047e39519c16d33b60a"",""data/metrics_faithfulness_metrics_PickCube-v1_170m_seed142_l2_20260530_082947.jsonl:6:3f1ef82e512c3f1a80f48950703e6c2ff4dec6e357c0a04137cf73c86f09cc28"",""data/metrics_faithfulness_metrics_PickCube-v1_170m_seed142_l2_20260530_082947.jsonl:7:feab0cbdb786350bc09325da582e87d6d72f4d09152a2cce54073732b694d9a2"",""data/metrics_faithfulness_metrics_PickCube-v1_170m_seed142_l2_20260530_082947.jsonl:8:2eeb1a86e7cf21c216ede8ea6581b5e222b21c0be7a60e193545f633ab1b7f64"",""data/metrics_faithfulness_metrics_PickCube-v1_170m_seed142_l2_20260530_082947.jsonl:9:f2f188477ed851dd61298b84bd2c6afea07279a8bf7225b8c0b58a46f7e399fb""]",0.15208250343741436,-0.016930711806997213,0.0
L2:lang:deletion,L2,lang,deletion,9fecf6201925247a12d653e3e1a2f2733ea3d7ecff78193743b7b89203299b2e,25,25,0.00026721429738748247,"[""data/metrics_faithfulness_metrics_PickCube-v1_170m_seed142_l2_20260530_082947.jsonl:226:8e8bbb757c2ad78cd964c94078ffbc6031b8d9b96340a6055c320772eab5b499"",""data/metrics_faithfulness_metrics_PickCube-v1_170m_seed142_l2_20260530_082947.jsonl:227:d5cba5b599683c7e7408f0119aad1a98502b5f0183b781368ef5c7acaf8c27d6"",""data/metrics_faithfulness_metrics_PickCube-v1_170m_seed142_l2_20260530_082947.jsonl:228:79f17f07b5b8b15768842bc20d54198c5cb7ceac19b51c637f7e0fc8ccc6122e"",""data/metrics_faithfulness_metrics_PickCube-v1_170m_seed142_l2_20260530_082947.jsonl:229:599c554b1f9a2024eed50e16dd86243e217fcd576b4abc3142ed19c27b4eef27"",""data/metrics_faithfulness_metrics_PickCube-v1_170m_seed142_l2_20260530_082947.jsonl:230:a6e5c721172c8aafd768f12557103897a77ecd908b9fe5b23c038d92453441fe"",""data/metrics_faithfulness_metrics_PickCube-v1_170m_seed142_l2_20260530_082947.jsonl:231:3e5e0bdf12a57135bd4998f499fcdd1e5cc5c57fac9657a730e5459d69d6d612"",""data/metrics_faithfulness_metrics_PickCube-v1_170m_seed142_l2_20260530_082947.jsonl:232:b400d05f13c5b44e6bdfaee66c16067af1d3fc913de08fd7bca9da0b0683334f"",""data/metrics_faithfulness_metrics_PickCube-v1_170m_seed142_l2_20260530_082947.jsonl:233:44711776c27b6c0d0a430f7a5ed96fdf4a3104d23468560fdd390beb0f1a7d71"",""data/metrics_faithfulness_metrics_PickCube-v1_170m_seed142_l2_20260530_082947.jsonl:234:220531c9346c289a61ad4353e2933ed81f6624bb2aab9be5d2866698e46181a4"",""data/metrics_faithfulness_metrics_PickCube-v1_170m_seed142_l2_20260530_082947.jsonl:235:e0980c5cd7b0236aa6488fe2be1d9b87fa7e6e7b64ba9a297c6e08ad6abd7eae"",""data/metrics_faithfulness_metrics_PickCube-v1_170m_seed142_l2_20260530_082947.jsonl:236:6bffac65216ef784328b8159922a2b5a2357ff5bdbea9832e60978a18e90e3f4"",""data/metrics_faithfulness_metrics_PickCube-v1_170m_seed142_l2_20260530_082947.jsonl:237:aa47f2897b25a247a0094840b2da1e1de507f02f7aeacaa6ca093bc3544f7da2"",""data/metrics_faithfulness_metrics_PickCube-v1_170m_seed142_l2_20260530_082947.jsonl:238:f866b10ae8dbd19a93438b6bfb5b15536159ffd8c8f2bc46b8dacaf75c638582"",""data/metrics_faithfulness_metrics_PickCube-v1_170m_seed142_l2_20260530_082947.jsonl:239:5abe635717302a28b5d6ca22802454cb894e63e10ff54bbaedc8474063dd31c9"",""data/metrics_faithfulness_metrics_PickCube-v1_170m_seed142_l2_20260530_082947.jsonl:240:abbbba6611b4aab84b9dfa572f8ae999cce4b6d45b4c2e236f8198cd416f42fd"",""data/metrics_faithfulness_metrics_PickCube-v1_170m_seed142_l2_20260530_082947.jsonl:241:1e58f3cfa6c5cf15a3afdd68a9b4d9eb5448c25925601b2d12f0ba769599227f"",""data/metrics_faithfulness_metrics_PickCube-v1_170m_seed142_l2_20260530_082947.jsonl:242:21f76d5fece73f23fa8bf4dad1860dcd1d85b723ec02d82c80e95f3b5846233c"",""data/metrics_faithfulness_metrics_PickCube-v1_170m_seed142_l2_20260530_082947.jsonl:243:50423558ecdd1919f14c4d3301e8b1edb9b119bc03f35c60bfe8e1c5f3fdbcce"",""data/metrics_faithfulness_metrics_PickCube-v1_170m_seed142_l2_20260530_082947.jsonl:244:5fbd41eb44a095efb234a71c44d12ea6fa1e30e59eccd1919ee5565b33f2e04d"",""data/metrics_faithfulness_metrics_PickCube-v1_170m_seed142_l2_20260530_082947.jsonl:245:9aa6a3b9f564bfe1b1acfeec18cbe74251a4980cf1f889f324e26d0815b5a356"",""data/metrics_faithfulness_metrics_PickCube-v1_170m_seed142_l2_20260530_082947.jsonl:246:a164d6db952e4bc2ebd09c6b2933baa7d7e7269ff8f707e33576b1adb70b6e67"",""data/metrics_faithfulness_metrics_PickCube-v1_170m_seed142_l2_20260530_082947.jsonl:247:1d72b815229dba904bf1a4bc3fe480fd96384b7bc05f2e375787c97577923b6c"",""data/metrics_faithfulness_metrics_PickCube-v1_170m_seed142_l2_20260530_082947.jsonl:248:d89c9fb04cf1c2a288191ab8b6c2c1dad7e49ea569e777a699b7567a00c0ca51"",""data/metrics_faithfulness_metrics_PickCube-v1_170m_seed142_l2_20260530_082947.jsonl:249:e197d5cbbb3453283488d081b35eef4757c3f779989aa4609b4030666a0ab4a5"",""data/metrics_faithfulness_metrics_PickCube-v1_170m_seed142_l2_20260530_082947.jsonl:250:93f33c254c2e7f42ed6c35fc36c954199ee75f9fc8246b0d19fc79b185d5203d""]",0.12388767461580416,-0.1236204603184167,0.0
L2:lang:deletion,L2,lang,deletion,bc55e90f1455903ad5834ec909c76df43ac8ebebc4c86eca12aacd2451d6c45a,25,25,-0.05983070195286662,"[""data/metrics_faithfulness_metrics_PickCube-v1_170m_seed42_l2_20260530_021658.jsonl:176:96f06aaa4b14616f7d7c9ac3b55bb2fc81172b8c634467a739cdefede6229f0f"",""data/metrics_faithfulness_metrics_PickCube-v1_170m_seed42_l2_20260530_021658.jsonl:177:99e3ca80e092fbe3261f7b56f686a5b3593412cfd8100bdc5120fe3a35345003"",""data/metrics_faithfulness_metrics_PickCube-v1_170m_seed42_l2_20260530_021658.jsonl:178:945e5bdb403769075a09a4a20bb93401288f680bca2c85ff415b82fbca3a9409"",""data/metrics_faithfulness_metrics_PickCube-v1_170m_seed42_l2_20260530_021658.jsonl:179:c18cd4f3de55a8cd1cc00d629bc9367f15cec4cc7e6f0df91ac1cb3dab32101e"",""data/metrics_faithfulness_metrics_PickCube-v1_170m_seed42_l2_20260530_021658.jsonl:180:490945cc1622a93cb6d5fe97c2bce6b6e3f0a294bf7f26dd1c1d9c003b19e869"",""data/metrics_faithfulness_metrics_PickCube-v1_170m_seed42_l2_20260530_021658.jsonl:181:03edb4b8c09f51f85f36d8cf9150696f4ee0fea9de8adab1d8974b7bd36436e7"",""data/metrics_faithfulness_metrics_PickCube-v1_170m_seed42_l2_20260530_021658.jsonl:182:074361779a997f10fc62480a95d43df60da926612a00398b14677e35cd9631e8"",""data/metrics_faithfulness_metrics_PickCube-v1_170m_seed42_l2_20260530_021658.jsonl:183:ebb524a99f14d8861d22d258b1279d57c8c189aab6370a4dc3b26f5c5bb3d2b6"",""data/metrics_faithfulness_metrics_PickCube-v1_170m_seed42_l2_20260530_021658.jsonl:184:1a5bd51e05e34a97c1864a521ee451b36638989f5c1f1c81f541360a6dead4ac"",""data/metrics_faithfulness_metrics_PickCube-v1_170m_seed42_l2_20260530_021658.jsonl:185:65d7bb1fb25f35d73c16d09a80c6be49f14b3775601a09f8ae01c16abbacd9a9"",""data/metrics_faithfulness_metrics_PickCube-v1_170m_seed42_l2_20260530_021658.jsonl:186:c6e547e79ae05c3fef5fb42583dece659e7377f341950febec62ba694e0a616a"",""data/metrics_faithfulness_metrics_PickCube-v1_170m_seed42_l2_20260530_021658.jsonl:187:6436ce315d4033a9ee8fb37046fa4dd8bb1a21a5f43cd4fe63a44a9dca8a39d4"",""data/metrics_faithfulness_metrics_PickCube-v1_170m_seed42_l2_20260530_021658.jsonl:188:a54724ba4824838d9f9d74249b709862e55c5256f3655f96a34d089899e29147"",""data/metrics_faithfulness_metrics_PickCube-v1_170m_seed42_l2_20260530_021658.jsonl:189:90b028983d1edc7351190b5cf206ad253e895b4efb07a46e5ab07cc459357901"",""data/metrics_faithfulness_metrics_PickCube-v1_170m_seed42_l2_20260530_021658.jsonl:190:c28b33a6d08463cabfe5a4267382136d73737494502d7d70f9cbe2b1fca941cc"",""data/metrics_faithfulness_metrics_PickCube-v1_170m_seed42_l2_20260530_021658.jsonl:191:0a16c9607258501fb16630a6be43d1dd88f12bd63b70d12d609d7e5c1f7a064f"",""data/metrics_faithfulness_metrics_PickCube-v1_170m_seed42_l2_20260530_021658.jsonl:192:ffd4dcb3ed3551358a2ed8f710023a9aebd630301f34b674bfc9cec573cdd47c"",""data/metrics_faithfulness_metrics_PickCube-v1_170m_seed42_l2_20260530_021658.jsonl:193:8d3e91a5e4b9c9e239ad350baa8b2bdadce3c30fe91d98dd7ec0ceae6e758839"",""data/metrics_faithfulness_metrics_PickCube-v1_170m_seed42_l2_20260530_021658.jsonl:194:2bf70c7d8e2c63da1e6474c09b2840de7ef4b55fe2e5739b9cc448cf19158e0c"",""data/metrics_faithfulness_metrics_PickCube-v1_170m_seed42_l2_20260530_021658.jsonl:195:a8c1ddda905ea568ddbfd2f1649b85e78b9560eaa0dcce8fc98bb8d4c6780cec"",""data/metrics_faithfulness_metrics_PickCube-v1_170m_seed42_l2_20260530_021658.jsonl:196:2aaad428be4657e3e80198953a6ba2f9dbf42edbf9ef0a3ec71b2809d64a39f3"",""data/metrics_faithfulness_metrics_PickCube-v1_170m_seed42_l2_20260530_021658.jsonl:197:8dc0a22c380c521a8908764b215aeb38b1730ab0e12b4587a9a5ba72b57c5d70"",""data/metrics_faithfulness_metrics_PickCube-v1_170m_seed42_l2_20260530_021658.jsonl:198:22b80eacc86b476aa0bd72d6f148aeaee410242fb930ae6435e9b2dfaa603e1d"",""data/metrics_faithfulness_metrics_PickCube-v1_170m_seed42_l2_20260530_021658.jsonl:199:8b43d0c6a245603a227c211e97ab205cf10d2169416979e1c8167bf60fa0ff2c"",""data/metrics_faithfulness_metrics_PickCube-v1_170m_seed42_l2_20260530_021658.jsonl:200:2c5a373c675f80bd15cec88ffb29742efc62704dc79649e9cefff10a36802acb""]",0.09791727130343447,-0.15774797325630113,0.0
L2:lang:deletion,L2,lang,deletion,bcbf2755c5ba45133d58caed68a4e5b515a2040e9a00cfa301785998dbde936f,25,25,-42.08227093408501,"[""data/metrics_faithfulness_metrics_PickCube-v1_170m_seed142_l2_20260530_082947.jsonl:126:218fa9b094f643eb6388ab86fd6e69dc8a9d42686bb2fb0863d00a062589f5db"",""data/metrics_faithfulness_metrics_PickCube-v1_170m_seed142_l2_20260530_082947.jsonl:127:447e6de87b3d994a1f16524b130074cb3cecaed353d554d2388d841df063789d"",""data/metrics_faithfulness_metrics_PickCube-v1_170m_seed142_l2_20260530_082947.jsonl:128:3efe22e701454ad4ba1dac9e471e997addfac0ccf6635261ada4603042ce5d7a"",""data/metrics_faithfulness_metrics_PickCube-v1_170m_seed142_l2_20260530_082947.jsonl:129:7ebff259d968154b37789b6352f4c7dc4d97cc3378be99f664d8516b1b710e29"",""data/metrics_faithfulness_metrics_PickCube-v1_170m_seed142_l2_20260530_082947.jsonl:130:2ddcc04920dd17739c114befffbd4aaa47edae0e0ebe2459a5a053d32b5e407b"",""data/metrics_faithfulness_metrics_PickCube-v1_170m_seed142_l2_20260530_082947.jsonl:131:0649660109ca7101ce641b32aa0a717bb8fe923b25b9c4a1d7b061defd0cdd13"",""data/metrics_faithfulness_metrics_PickCube-v1_170m_seed142_l2_20260530_082947.jsonl:132:22be8e33686998873f32d401c5e09cc66526ae054b514a812204735c28e55d55"",""data/metrics_faithfulness_metrics_PickCube-v1_170m_seed142_l2_20260530_082947.jsonl:133:d48cfee68ed875bfbfa6cfec7f3f70ad41d3fa939f847a71d3fcef3171c68d56"",""data/metrics_faithfulness_metrics_PickCube-v1_170m_seed142_l2_20260530_082947.jsonl:134:ed3ec5ed84a20f6a2321bbd766708062c5bd9e27a7d65b310fe54613ad116328"",""data/metrics_faithfulness_metrics_PickCube-v1_170m_seed142_l2_20260530_082947.jsonl:135:ef0bdb50b872450dda700591640f6c99bc7e38caf1256f4a3658924b005f6372"",""data/metrics_faithfulness_metrics_PickCube-v1_170m_seed142_l2_20260530_082947.jsonl:136:3d8aba667514a02a28d5a99d3a5d342a10e3b8c4653f5bb2da39fdc05fe5165f"",""data/metrics_faithfulness_metrics_PickCube-v1_170m_seed142_l2_20260530_082947.jsonl:137:912b2a1be23a077e41a396344f43c9779dd183259b15821aa6cb24dddeed3578"",""data/metrics_faithfulness_metrics_PickCube-v1_170m_seed142_l2_20260530_082947.jsonl:138:4a8dd2d209c641efa0ab6caf6818b9fb1ee557da164a7aae0a804b9e67de6f08"",""data/metrics_faithfulness_metrics_PickCube-v1_170m_seed142_l2_20260530_082947.jsonl:139:544ce3ff18f0c3d44afda8907015a3d6a270d5fbd69d1a91aeaa3470dc6660fa"",""data/metrics_faithfulness_metrics_PickCube-v1_170m_seed142_l2_20260530_082947.jsonl:140:68e3c1a2b5215fdfd0b5d78cd17216530491ad8a63b521634bc6ca39d3f1487f"",""data/metrics_faithfulness_metrics_PickCube-v1_170m_seed142_l2_20260530_082947.jsonl:141:ccbd3a4d5b2aee9b7027c8541b0db146c991779a0caeeafd75df84733d951317"",""data/metrics_faithfulness_metrics_PickCube-v1_170m_seed142_l2_20260530_082947.jsonl:142:7436f5c01d2d515790e38b8c28cb1d17185ce3cc9394ff56cd55e2c8ef37cab3"",""data/metrics_faithfulness_metrics_PickCube-v1_170m_seed142_l2_20260530_082947.jsonl:143:84ced88c4b481cf117703649502272f73fd899e3fb30a14a80864aa1149cbf51"",""data/metrics_faithfulness_metrics_PickCube-v1_170m_seed142_l2_20260530_082947.jsonl:144:ffac57b75d8717e51886931c90d1e42f5be09656d0e427f9c86920390c5c41c1"",""data/metrics_faithfulness_metrics_PickCube-v1_170m_seed142_l2_20260530_082947.jsonl:145:f4413216ce388837f1e37513919f4b8d36fb453dc64843f422144f4655da7177"",""data/metrics_faithfulness_metrics_PickCube-v1_170m_seed142_l2_20260530_082947.jsonl:146:0f16258f82378cb1460bad38bfec9a3d2e320a28257871082268540ac3ca8bcc"",""data/metrics_faithfulness_metrics_PickCube-v1_170m_seed142_l2_20260530_082947.jsonl:147:f48bf88ea1f9307b90ee497ba1d96d45da84f290e51a860a073ecffeabc936e9"",""data/metrics_faithfulness_metrics_PickCube-v1_170m_seed142_l2_20260530_082947.jsonl:148:50ff9c521f3750e1d8b967c10a757a752c7b3e4bb39ac4b4cebbbe5c6e455286"",""data/metrics_faithfulness_metrics_PickCube-v1_170m_seed142_l2_20260530_082947.jsonl:149:2c359204f8d4a2f7ba74b40dcc151037c1f847826676040d2d71a41da705f80b"",""data/metrics_faithfulness_metrics_PickCube-v1_170m_seed142_l2_20260530_082947.jsonl:150:769e1469c9edef2f0696f3d674c66252f9dceac9c25585791a3d7dfe415a8ba3""]",0.1278342025230354,-42.210105136608036,0.0
L2:lang:deletion,L2,lang,deletion,bd303d173cf1c3a9f237843bb02c00163e8434208332abe5b93ac1910ec3fd10,25,25,0.17444129335723801,"[""data/metrics_faithfulness_metrics_PickCube-v1_170m_seed142_l2_20260530_082947.jsonl:176:a7fc58b6d62fddd9a9c0646be8d0da53ca068326fd975a4e619aea081438e8af"",""data/metrics_faithfulness_metrics_PickCube-v1_170m_seed142_l2_20260530_082947.jsonl:177:df75b317c0afc024dc6c1154367271d844d2eba9e838e826b1acdb446918e8af"",""data/metrics_faithfulness_metrics_PickCube-v1_170m_seed142_l2_20260530_082947.jsonl:178:9732ef03125321f3d6329c66a88bba43499753532ef14e70fe1d41d61a4821d8"",""data/metrics_faithfulness_metrics_PickCube-v1_170m_seed142_l2_20260530_082947.jsonl:179:e9c531e966af321ec5852ffe2798812076cd248a0259915d2dd439bd733b286b"",""data/metrics_faithfulness_metrics_PickCube-v1_170m_seed142_l2_20260530_082947.jsonl:180:188b5879930ba98ca049902fa885bdd9888c2f242ae7c7ca954e82c39ce9483c"",""data/metrics_faithfulness_metrics_PickCube-v1_170m_seed142_l2_20260530_082947.jsonl:181:0e504125265abcc81351f262266aca601360f85b4121fdb47f503861d93b6e25"",""data/metrics_faithfulness_metrics_PickCube-v1_170m_seed142_l2_20260530_082947.jsonl:182:95b825394e94498a1f1f8dd3b681685118f4e89fb3547535d316917aca4478a6"",""data/metrics_faithfulness_metrics_PickCube-v1_170m_seed142_l2_20260530_082947.jsonl:183:f14bdc2f73dc1f16c05066be113cf5f307604583e4623e4007d8940f264ba529"",""data/metrics_faithfulness_metrics_PickCube-v1_170m_seed142_l2_20260530_082947.jsonl:184:63d576568d9ad1dd078f57134d5e7cf19e6e2c35c46e583d22b76d76aee311c2"",""data/metrics_faithfulness_metrics_PickCube-v1_170m_seed142_l2_20260530_082947.jsonl:185:4fd58494eaf5c98d283d2b682c7626d361737c31d6df5bddc1cef22b1d597510"",""data/metrics_faithfulness_metrics_PickCube-v1_170m_seed142_l2_20260530_082947.jsonl:186:145c7d708d3e29d5096e21158067989107a4ea365ce32fb761e234bf98053e0a"",""data/metrics_faithfulness_metrics_PickCube-v1_170m_seed142_l2_20260530_082947.jsonl:187:449fa066ed3bc92fb44f7679b9522123dea3e26ba460836e41c78c4ecf24f82b"",""data/metrics_faithfulness_metrics_PickCube-v1_170m_seed142_l2_20260530_082947.jsonl:188:ab8350809ee1969df2b1286d650113be2233879b7ca964271b2d63235ec2a093"",""data/metrics_faithfulness_metrics_PickCube-v1_170m_seed142_l2_20260530_082947.jsonl:189:d87ed3186052c7ff5c7de6d77a0220682c694138aba5affcaf0d335d73416c9d"",""data/metrics_faithfulness_metrics_PickCube-v1_170m_seed142_l2_20260530_082947.jsonl:190:04fd53ae16bbb5b34bff8a0a41174eba11324fd0fb930fb354981366e57e4c34"",""data/metrics_faithfulness_metrics_PickCube-v1_170m_seed142_l2_20260530_082947.jsonl:191:73bbfe524b04e14ac4eecf1503875d8357182c7ec475b14b47bd926cf9089926"",""data/metrics_faithfulness_metrics_PickCube-v1_170m_seed142_l2_20260530_082947.jsonl:192:4f210bec5ea44bcbbea7b3566e30b9bd993c56a4e76d42ab9573046265d6ecc9"",""data/metrics_faithfulness_metrics_PickCube-v1_170m_seed142_l2_20260530_082947.jsonl:193:522b3d3ce722eb9c8d214ffd6378abf627755f8e3629040a38f0696cb45d1a78"",""data/metrics_faithfulness_metrics_PickCube-v1_170m_seed142_l2_20260530_082947.jsonl:194:c0c87dcaeb4b284c04a21f39bb480b82fb99b1ce35e2c29960c04c0fd6a4731e"",""data/metrics_faithfulness_metrics_PickCube-v1_170m_seed142_l2_20260530_082947.jsonl:195:62a464688430614e169acacd8a69789b1b9db106bc98e1431c8ca877029f15ac"",""data/metrics_faithfulness_metrics_PickCube-v1_170m_seed142_l2_20260530_082947.jsonl:196:fe7a9a9355e5c4f87dee992085054dd8910092adf99e1276f02722be5b8c02de"",""data/metrics_faithfulness_metrics_PickCube-v1_170m_seed142_l2_20260530_082947.jsonl:197:1c958e882c0a3df7a035b9ac29f03fd24ea3676c41510cf574448bf787defe62"",""data/metrics_faithfulness_metrics_PickCube-v1_170m_seed142_l2_20260530_082947.jsonl:198:c5680c3692b156b25b42c9f018ca702d5b06d2fd0c403547c4bbb7009c593075"",""data/metrics_faithfulness_metrics_PickCube-v1_170m_seed142_l2_20260530_082947.jsonl:199:cff8f2b923eb6d96dd401903c62b8fc732f73275988fc8b44b33eb20a7f60a92"",""data/metrics_faithfulness_metrics_PickCube-v1_170m_seed142_l2_20260530_082947.jsonl:200:d85d2160a7e04c90fc4da4cca75f2d5073e481fc7a19105f8feb477084f5d3fc""]",0.17444129335723801,0.0,0.0
L2:lang:deletion,L2,lang,deletion,bef465c46618357b8eef160ddfcee7c26fd8364862fdc5b7156eb63e6f6e1b70,25,25,-0.054944678306435166,"[""data/metrics_faithfulness_metrics_PickCube-v1_170m_seed42_l2_20260530_021658.jsonl:251:9dd64405aa16f22982434832cde4d0088012f234d6ab847c6ef1da5315abbe23"",""data/metrics_faithfulness_metrics_PickCube-v1_170m_seed42_l2_20260530_021658.jsonl:252:66dfc76c1c1e9dc13f404d4fa1454cff0087fe0e699221407d689cef62af02c1"",""data/metrics_faithfulness_metrics_PickCube-v1_170m_seed42_l2_20260530_021658.jsonl:253:90d7ede43315bdd2033423fa41e68128d0678d968e83478cb2b08fbbb6f22649"",""data/metrics_faithfulness_metrics_PickCube-v1_170m_seed42_l2_20260530_021658.jsonl:254:8aceb050cc1284f364a90b58b37b4f0d98a3a870cbbec88e6d05d4a6c3067af7"",""data/metrics_faithfulness_metrics_PickCube-v1_170m_seed42_l2_20260530_021658.jsonl:255:931134d812a61718790d0e120cdb7881935b71a1107bcfc8c17ecf31a0525376"",""data/metrics_faithfulness_metrics_PickCube-v1_170m_seed42_l2_20260530_021658.jsonl:256:ad28f4b1a684b9d1494a50ac729207f2fe52d8be2c2719a95d69e970a54aa590"",""data/metrics_faithfulness_metrics_PickCube-v1_170m_seed42_l2_20260530_021658.jsonl:257:f198d2d08748b04a6a5f171d85e0fe50d30a075a8e20e0e4cb3f39384f57137b"",""data/metrics_faithfulness_metrics_PickCube-v1_170m_seed42_l2_20260530_021658.jsonl:258:befdc164060a6044ee919d657d1c591fcd1c54691042c03ec05fca2859ac08d8"",""data/metrics_faithfulness_metrics_PickCube-v1_170m_seed42_l2_20260530_021658.jsonl:259:a60eb3ca91ad01f5f178cf3219258721cc0f9dbe5cf3fb4e366ee60daacfe82f"",""data/metrics_faithfulness_metrics_PickCube-v1_170m_seed42_l2_20260530_021658.jsonl:260:6a63e43399d08f80ee12443e5ff45fc992eb57f7542ec653aaf8914528a29e70"",""data/metrics_faithfulness_metrics_PickCube-v1_170m_seed42_l2_20260530_021658.jsonl:261:b46b9b90976c507b19d062b17cd0c097dc1300845f27f65fa9639d19c2de3992"",""data/metrics_faithfulness_metrics_PickCube-v1_170m_seed42_l2_20260530_021658.jsonl:262:745c536587e7bcfbb2c50228f6ae99ec95ab31517b55812a7e7ce7a884c33969"",""data/metrics_faithfulness_metrics_PickCube-v1_170m_seed42_l2_20260530_021658.jsonl:263:51c66bd6610e7f626831c5ec8c8013666313d3933da58a1211081f19ad6e0efa"",""data/metrics_faithfulness_metrics_PickCube-v1_170m_seed42_l2_20260530_021658.jsonl:264:bde495b8f0d5feb2912ee0a3259264206c90d1944db5eb0d08d908fe42234181"",""data/metrics_faithfulness_metrics_PickCube-v1_170m_seed42_l2_20260530_021658.jsonl:265:f6ef890fd643d0b03df7b6c3a007c3aa911c9044bf04c78e9f556c027e8e14e6"",""data/metrics_faithfulness_metrics_PickCube-v1_170m_seed42_l2_20260530_021658.jsonl:266:584d3402d539b33bda8dd39cce9f6b8f08f0884fcb3a2c7798bd7686a1fae1c8"",""data/metrics_faithfulness_metrics_PickCube-v1_170m_seed42_l2_20260530_021658.jsonl:267:e4382090fdd33796b900582cc4088fc7e176e12bb79808d4e6e810697fbc609d"",""data/metrics_faithfulness_metrics_PickCube-v1_170m_seed42_l2_20260530_021658.jsonl:268:9d617c78834658de1505a11e7db740003c5516592bd91d7d8c23e7c8c8c6de96"",""data/metrics_faithfulness_metrics_PickCube-v1_170m_seed42_l2_20260530_021658.jsonl:269:27e8eac7108be2f7231e285ef35a725a51760e472b6e335b4832076d6d4c9774"",""data/metrics_faithfulness_metrics_PickCube-v1_170m_seed42_l2_20260530_021658.jsonl:270:25a5c76a0d8b0d1c9303c947661d62024ed1c2e9302d72b4b3c276fc14e2c181"",""data/metrics_faithfulness_metrics_PickCube-v1_170m_seed42_l2_20260530_021658.jsonl:271:b7ee3d527d43e0329d3050353715c0320bf61a84369f7f62b48747e895645c3f"",""data/metrics_faithfulness_metrics_PickCube-v1_170m_seed42_l2_20260530_021658.jsonl:272:5bd2ef36bda24838cc1f3637e9806aeb01c4bc0ef9b452cf9f3b3a6969a9edc1"",""data/metrics_faithfulness_metrics_PickCube-v1_170m_seed42_l2_20260530_021658.jsonl:273:35fd60f1689950f2fa983437134e1bf59d160dd04347de4e244265b6c2902521"",""data/metrics_faithfulness_metrics_PickCube-v1_170m_seed42_l2_20260530_021658.jsonl:274:58d5ef53079c724cdf19d121f835c24029035a1a969f97700d797e7ba7154bd9"",""data/metrics_faithfulness_metrics_PickCube-v1_170m_seed42_l2_20260530_021658.jsonl:275:6dc84d84c03f73eeb6af7ea73bc89e0f1eebad8592882907959182ecd1841f76""]",0.08662931174129,-0.1415739900477252,0.0
L2:lang:deletion,L2,lang,deletion,c5cc09d93bb26552cfe5989f5f87b4f9f4d7a7a4f6619db4de9c074038b0a896,25,25,0.12343359386968317,"[""data/metrics_faithfulness_metrics_PickCube-v1_170m_seed42_l2_20260530_021658.jsonl:26:45903faa5f3d207e1ffa280bcf5fe5b658d7d6bb155c72055ac07895217fb5f3"",""data/metrics_faithfulness_metrics_PickCube-v1_170m_seed42_l2_20260530_021658.jsonl:27:05997ad74b15bc86dde50cb67a6973feb32c014a430a69f9198369009616baa3"",""data/metrics_faithfulness_metrics_PickCube-v1_170m_seed42_l2_20260530_021658.jsonl:28:b119a2f857e192267461818169556e1dd5e9bb768aa0ad3bb010ee62c47dff07"",""data/metrics_faithfulness_metrics_PickCube-v1_170m_seed42_l2_20260530_021658.jsonl:29:8382c8a2863cec262ac5061fae5fda533a9e9f7fca1185743c82780e1efc15dc"",""data/metrics_faithfulness_metrics_PickCube-v1_170m_seed42_l2_20260530_021658.jsonl:30:f42222fb386566d4e2211c90f86f863a59e7d0c67cdeb3137959c2bebf8f4889"",""data/metrics_faithfulness_metrics_PickCube-v1_170m_seed42_l2_20260530_021658.jsonl:31:c310ed804e173c8cc965888ba63faa132ced9c144cede9d7233bed01db1bc567"",""data/metrics_faithfulness_metrics_PickCube-v1_170m_seed42_l2_20260530_021658.jsonl:32:e82d293eca99d31827f7465a0c42364a19d4d92f5825371be8bd8bdfbf7a3b7e"",""data/metrics_faithfulness_metrics_PickCube-v1_170m_seed42_l2_20260530_021658.jsonl:33:0742ad6bf18ba383c876a27f010918c765d694c1e7dcced0a143037ae6206d3f"",""data/metrics_faithfulness_metrics_PickCube-v1_170m_seed42_l2_20260530_021658.jsonl:34:8de95d915d7f4dd99903f7d64630e9ce7b2e58b68087cfb16a6663d7b0c92811"",""data/metrics_faithfulness_metrics_PickCube-v1_170m_seed42_l2_20260530_021658.jsonl:35:b7019f46c9070a51de7ecc26fe8a499513cb58962cb6186011324061f5c2b08a"",""data/metrics_faithfulness_metrics_PickCube-v1_170m_seed42_l2_20260530_021658.jsonl:36:ea6b8da47baf1f69c4c8cf1cbb442416ba0265de591b99a8bedf58eef0d1ee44"",""data/metrics_faithfulness_metrics_PickCube-v1_170m_seed42_l2_20260530_021658.jsonl:37:0df432a0a941c1ccccfa910122761fa81f0fad3e1ed6bf9c539516969b4860bb"",""data/metrics_faithfulness_metrics_PickCube-v1_170m_seed42_l2_20260530_021658.jsonl:38:0f4a1d832c23fceb9b4a12d8f2d6fc16ef89a5ef8d022cee7f6617a717ec15cb"",""data/metrics_faithfulness_metrics_PickCube-v1_170m_seed42_l2_20260530_021658.jsonl:39:2e8a3e8616defce531f74a5309c8b86b5077bd44cf57bbc5e0c47e0e02db259d"",""data/metrics_faithfulness_metrics_PickCube-v1_170m_seed42_l2_20260530_021658.jsonl:40:cea504eddbe38efe40d0786ff5066afd5ba91dc681d67e979e8c1b48d0372536"",""data/metrics_faithfulness_metrics_PickCube-v1_170m_seed42_l2_20260530_021658.jsonl:41:c2ca9d8d079efe6b93425301d4a5b822566d07ea6916a713ca5b2bb229b73f96"",""data/metrics_faithfulness_metrics_PickCube-v1_170m_seed42_l2_20260530_021658.jsonl:42:1628113f4b64d52561010a6701c0b0eebfd040c477e66d411e8eb4e86b270cb5"",""data/metrics_faithfulness_metrics_PickCube-v1_170m_seed42_l2_20260530_021658.jsonl:43:0be478766ae410b5daa9a755f1e8c943c4531ba813b49ef45ea80de107c31082"",""data/metrics_faithfulness_metrics_PickCube-v1_170m_seed42_l2_20260530_021658.jsonl:44:9373f627ba707e7ebca480b030d51912e6b86da1314d4dcadc1d35bc53d386d5"",""data/metrics_faithfulness_metrics_PickCube-v1_170m_seed42_l2_20260530_021658.jsonl:45:54e02478bdb5adc63815aa83e21230cba01fcf11e32dea73d3ed1e8a880d65e6"",""data/metrics_faithfulness_metrics_PickCube-v1_170m_seed42_l2_20260530_021658.jsonl:46:3590e710d3d8841bea64c662db8d20d2bd30bac4d14be6c1a97d21505c84bbcd"",""data/metrics_faithfulness_metrics_PickCube-v1_170m_seed42_l2_20260530_021658.jsonl:47:94fcb8512428fa66fc078cdc67b295cf158b0016992ab27d4f77e44fb2b1c173"",""data/metrics_faithfulness_metrics_PickCube-v1_170m_seed42_l2_20260530_021658.jsonl:48:de6e8fc5b6e13ad409fe402d74861848c57ea8d442b261d404d9b32c02afd553"",""data/metrics_faithfulness_metrics_PickCube-v1_170m_seed42_l2_20260530_021658.jsonl:49:629c3dfbd1bf12f35e69b2ee9454910aed323dbcd9c7613eb2d4594eb70967cf"",""data/metrics_faithfulness_metrics_PickCube-v1_170m_seed42_l2_20260530_021658.jsonl:50:ed8370ad00a3aaf11f0d319faee7a4d07030b5e5fed785ea2010acfcbd747c76""]",0.12534526334414836,-0.001911669474465165,0.0
L2:lang:deletion,L2,lang,deletion,dc779925631fe13fdb891355904d829844e180bfdb79b0e4a2240f7f2fc82455,25,25,-0.09711664057496622,"[""data/metrics_faithfulness_metrics_PickCube-v1_170m_seed142_l2_20260530_082947.jsonl:101:33cedb898395011efd0266c3d56f3a80c4bd5d0ecc587f406e4932135e56efc8"",""data/metrics_faithfulness_metrics_PickCube-v1_170m_seed142_l2_20260530_082947.jsonl:102:3a1f4658fd17898942a38d1480379c8b507048098c5d32ed41ea2f209b039eff"",""data/metrics_faithfulness_metrics_PickCube-v1_170m_seed142_l2_20260530_082947.jsonl:103:114e1fbf56c797bb2d8d2ab99c3eec3522c9b442e64a8ebaed7a9560208fb8a8"",""data/metrics_faithfulness_metrics_PickCube-v1_170m_seed142_l2_20260530_082947.jsonl:104:c97102a3270b82159f6f7d370f1ef6597ab76ec8f0d0a89468cbf5524587a817"",""data/metrics_faithfulness_metrics_PickCube-v1_170m_seed142_l2_20260530_082947.jsonl:105:4e433bd3432bc80091e968c33372ea689594bc461daf224aaf328834f095219a"",""data/metrics_faithfulness_metrics_PickCube-v1_170m_seed142_l2_20260530_082947.jsonl:106:dc114a5545562e2e8b50a2070ed5f88182e5796756d0a3f256905863338344ff"",""data/metrics_faithfulness_metrics_PickCube-v1_170m_seed142_l2_20260530_082947.jsonl:107:70365b6ef7ddd4af26632cb7ea63fb0f6d58033defbb2b19537f8b44121fbf5a"",""data/metrics_faithfulness_metrics_PickCube-v1_170m_seed142_l2_20260530_082947.jsonl:108:e3565203bd30cac140495d35008d63c18b311053a06dc419d157aa2b842e4f8f"",""data/metrics_faithfulness_metrics_PickCube-v1_170m_seed142_l2_20260530_082947.jsonl:109:3e517776ab2b40028ad2b4419d2a3bb4d034a477ee550c845f85d8fceb7fb84c"",""data/metrics_faithfulness_metrics_PickCube-v1_170m_seed142_l2_20260530_082947.jsonl:110:4ff85ad1f6dfcbc903471f25ab7cb7f0ea901785649ba74dd3da793c84583209"",""data/metrics_faithfulness_metrics_PickCube-v1_170m_seed142_l2_20260530_082947.jsonl:111:6619a57f8ddac21b0510ec214d5449a53ae52ce3a41badb3a276e2cab5d85f60"",""data/metrics_faithfulness_metrics_PickCube-v1_170m_seed142_l2_20260530_082947.jsonl:112:c0dbc3a3f9ce0a65014d4477126efce334e3ecbe0fbdbad8c00cddc0d12c3357"",""data/metrics_faithfulness_metrics_PickCube-v1_170m_seed142_l2_20260530_082947.jsonl:113:3b33b0f9bfe84b2ce906329567808a83a624acc6b8221c1592c57ccd55e585eb"",""data/metrics_faithfulness_metrics_PickCube-v1_170m_seed142_l2_20260530_082947.jsonl:114:8a618bc1064dcda3d775dd0f98444eb378f156c82d29f97a131c74b5dfbfa555"",""data/metrics_faithfulness_metrics_PickCube-v1_170m_seed142_l2_20260530_082947.jsonl:115:30cef07aaa228b5ddd59b1b7a627db7449ffe77eccf22b9c7d679d8bf8da5b38"",""data/metrics_faithfulness_metrics_PickCube-v1_170m_seed142_l2_20260530_082947.jsonl:116:ea5d113ade914965a6d356d8eb1ea3d6fab6bdfb8eb306fbbfec192be0e6dc8c"",""data/metrics_faithfulness_metrics_PickCube-v1_170m_seed142_l2_20260530_082947.jsonl:117:0e9bdd6a8df784664e46560b74bacb226ed69125905b5abae3c9f82124985aa2"",""data/metrics_faithfulness_metrics_PickCube-v1_170m_seed142_l2_20260530_082947.jsonl:118:b607b937bbc14a0becc32ec71383771a2f3cc58ea4c786e819c19bef7ac34810"",""data/metrics_faithfulness_metrics_PickCube-v1_170m_seed142_l2_20260530_082947.jsonl:119:cf1c7e808fbe0eefc9d85b72834c8eb04953b2e982159ad454583c72ad1416de"",""data/metrics_faithfulness_metrics_PickCube-v1_170m_seed142_l2_20260530_082947.jsonl:120:b1cb9d3b888916043b199b1a240159f5827ba710a61fd15bec28b7a4ea04e2b3"",""data/metrics_faithfulness_metrics_PickCube-v1_170m_seed142_l2_20260530_082947.jsonl:121:8e52bafb50c47c8f5b772ce8ae26bd4c15291dab9aec6f12a9052dedaba1d3e1"",""data/metrics_faithfulness_metrics_PickCube-v1_170m_seed142_l2_20260530_082947.jsonl:122:66fb43efa268a5c4ca35752c6bd3f66c365afd91f4a432ce0329c17f162b9d01"",""data/metrics_faithfulness_metrics_PickCube-v1_170m_seed142_l2_20260530_082947.jsonl:123:3033cb1ccf0752fa9e5baa0f55f3e6d99db430b1b5814cd38303a03eac7cbbed"",""data/metrics_faithfulness_metrics_PickCube-v1_170m_seed142_l2_20260530_082947.jsonl:124:d4c573bd698d467078d0f594e6e8a27dc2919f2326af66f4abe1e165ecf2d4ef"",""data/metrics_faithfulness_metrics_PickCube-v1_170m_seed142_l2_20260530_082947.jsonl:125:cb3a7758e24a25b5262cef79b433cc29fdbb46152002bfdf8effdb5f8748f45d""]",0.07877019974438994,-0.17588684031935617,0.0
L2:lang:deletion,L2,lang,deletion,e388414ba782e700c2ab97ce5ce140068d4fedd7be8c387789d620fc86a66b33,25,25,0.13423539632646192,"[""data/metrics_faithfulness_metrics_PickCube-v1_170m_seed142_l2_20260530_082947.jsonl:326:7a83cb8274e7efbee25a89842eb142e6a4dc140d10d802340df3e98559c89b8e"",""data/metrics_faithfulness_metrics_PickCube-v1_170m_seed142_l2_20260530_082947.jsonl:327:c2c34e70917234067b1ffdaf9e3f39ae5d154a113d1595fc11d09bb81e237481"",""data/metrics_faithfulness_metrics_PickCube-v1_170m_seed142_l2_20260530_082947.jsonl:328:2df465d271792af31b16b4e877bfc8c66f23fb692f905d70f72c5d577896768f"",""data/metrics_faithfulness_metrics_PickCube-v1_170m_seed142_l2_20260530_082947.jsonl:329:e0feed1f01fbadf4ab8c5d1bf7b73bfb3ff9eb8b002a6f04a7f17f8170ab73e9"",""data/metrics_faithfulness_metrics_PickCube-v1_170m_seed142_l2_20260530_082947.jsonl:330:4de0e370806977b1a79959445eb60374651259fff9ce127d2c4f83fd7c1e459f"",""data/metrics_faithfulness_metrics_PickCube-v1_170m_seed142_l2_20260530_082947.jsonl:331:12b528540106c24ffc32670ad25a6f4bd8a9746a181dd1ac8f30fdbe572588ec"",""data/metrics_faithfulness_metrics_PickCube-v1_170m_seed142_l2_20260530_082947.jsonl:332:f323603b411f54791f563ff4da32690a768a9fe0a881829e4aec0ae4a7c8e4b1"",""data/metrics_faithfulness_metrics_PickCube-v1_170m_seed142_l2_20260530_082947.jsonl:333:8a3e645baa9114c341e963e1028dd07d803a13f23fa2942840f6112f96598b9a"",""data/metrics_faithfulness_metrics_PickCube-v1_170m_seed142_l2_20260530_082947.jsonl:334:7b7d39492112b9d9def518608b0a15441d0fe7194efb626fbb58ac286557ab77"",""data/metrics_faithfulness_metrics_PickCube-v1_170m_seed142_l2_20260530_082947.jsonl:335:3277b63c9f9e8b1ef649951c06a44aa32f423059a0331857f5c80abe40db1715"",""data/metrics_faithfulness_metrics_PickCube-v1_170m_seed142_l2_20260530_082947.jsonl:336:a374c9d3827a10392eb3b382820f83ee6ba2017dff16b4f9c1333f8db7b900e4"",""data/metrics_faithfulness_metrics_PickCube-v1_170m_seed142_l2_20260530_082947.jsonl:337:7e562596eee0ee01ed684d2401095b4ca2bc3b72e89b551ceef683511d608760"",""data/metrics_faithfulness_metrics_PickCube-v1_170m_seed142_l2_20260530_082947.jsonl:338:fa91dac1122222d973124f5c8735511488ce67256f3d43ffb0f793ccd38fef05"",""data/metrics_faithfulness_metrics_PickCube-v1_170m_seed142_l2_20260530_082947.jsonl:339:30e811982707c8c477c6faeec645345570d4befcf306ac9d8229b19b6458282a"",""data/metrics_faithfulness_metrics_PickCube-v1_170m_seed142_l2_20260530_082947.jsonl:340:f0a62803e7b36ac84f482cf6fe0c8a1700051935923285da632100275b6a9104"",""data/metrics_faithfulness_metrics_PickCube-v1_170m_seed142_l2_20260530_082947.jsonl:341:c478003c18899a98e948f2a4b60c11b7ca7d81d120f488fd6c6c72f7e2f1b8ef"",""data/metrics_faithfulness_metrics_PickCube-v1_170m_seed142_l2_20260530_082947.jsonl:342:5a3c390be845a9d46daed4fdb0f4b8f084a6731324994b71302b6dfd8ee51c86"",""data/metrics_faithfulness_metrics_PickCube-v1_170m_seed142_l2_20260530_082947.jsonl:343:7ec1a8e13d58060d9f7e2cfab18da73e67da31b9846a0f311af66558a7c22741"",""data/metrics_faithfulness_metrics_PickCube-v1_170m_seed142_l2_20260530_082947.jsonl:344:409fe2420449e089c50b3f47f7bc5854d697fd4c2b320b41f81a5f1a08574c49"",""data/metrics_faithfulness_metrics_PickCube-v1_170m_seed142_l2_20260530_082947.jsonl:345:35b5fd52570206a62788592fccb650bc6e09fc21bae8df58fa41664e72b80972"",""data/metrics_faithfulness_metrics_PickCube-v1_170m_seed142_l2_20260530_082947.jsonl:346:08fbda471c6b0cc5c9520086136bf4d98180ef69d22e9103457021836bc29571"",""data/metrics_faithfulness_metrics_PickCube-v1_170m_seed142_l2_20260530_082947.jsonl:347:8d2b30898ce646333b6dcf14b6ee47774f379ecf317bd623809c5fffde524cd1"",""data/metrics_faithfulness_metrics_PickCube-v1_170m_seed142_l2_20260530_082947.jsonl:348:0dbf54b4c15f7286d37bb5fcc077920c7247e616a4414db19679b2327dd9a82d"",""data/metrics_faithfulness_metrics_PickCube-v1_170m_seed142_l2_20260530_082947.jsonl:349:8d2be57d65168752bcb4e5972764937a716539cebca5f87f6e856e32ba4b1fa6"",""data/metrics_faithfulness_metrics_PickCube-v1_170m_seed142_l2_20260530_082947.jsonl:350:7351cb0bcfb50f71f266438cfcb90c6a3168df7887e902af2d90121a373d88c7""]",0.1447774270331635,-0.010542030706701632,0.0
L2:lang:deletion,L2,lang,deletion,e950613bb1901a8cfbfe491f9ec8b7ab8a3104dbdef76984399c552f7442587d,25,25,0.08266454961538916,"[""data/metrics_faithfulness_metrics_PickCube-v1_170m_seed42_l2_20260530_021658.jsonl:201:d7241f1a4983d08b473b44388a3d404b695049810dc7ad5c3923c5b746dcf5b3"",""data/metrics_faithfulness_metrics_PickCube-v1_170m_seed42_l2_20260530_021658.jsonl:202:cb08013c27bd66bce362629b397bb0d9044480fe5f346d0fcbb7b06d5dabe109"",""data/metrics_faithfulness_metrics_PickCube-v1_170m_seed42_l2_20260530_021658.jsonl:203:c8269162f560b631409e6fbbab9f864f8695c01037ed2b95a0d8a5d7c99bfcc0"",""data/metrics_faithfulness_metrics_PickCube-v1_170m_seed42_l2_20260530_021658.jsonl:204:942e19ab19f8841595f75cfd213980f6743971e9a47d764b0915214529f2f4ba"",""data/metrics_faithfulness_metrics_PickCube-v1_170m_seed42_l2_20260530_021658.jsonl:205:ddd57ab863f62bbc1550af5d91cdbdff459fcf5bfacb4a7637aba517f526fd57"",""data/metrics_faithfulness_metrics_PickCube-v1_170m_seed42_l2_20260530_021658.jsonl:206:2952298b9d5216e46be4912b418b618a62da94955dce63d2e603935594302e63"",""data/metrics_faithfulness_metrics_PickCube-v1_170m_seed42_l2_20260530_021658.jsonl:207:dbb09078079b2a6f2be17e82eaa334eeee1dd1b8d08b574bb8e68168b97c9487"",""data/metrics_faithfulness_metrics_PickCube-v1_170m_seed42_l2_20260530_021658.jsonl:208:8d1cfe2cf05b98eddf96dbac731ba24cef9c89860c51894a936fa69ac6b3ae91"",""data/metrics_faithfulness_metrics_PickCube-v1_170m_seed42_l2_20260530_021658.jsonl:209:a020a05a70d453086897650ef6f497704d90762b99a9e64de9178e777c14f368"",""data/metrics_faithfulness_metrics_PickCube-v1_170m_seed42_l2_20260530_021658.jsonl:210:9a751a7db0909cd741aa4df46f0afbbaa60af3c610af7d9021799648bc1651ac"",""data/metrics_faithfulness_metrics_PickCube-v1_170m_seed42_l2_20260530_021658.jsonl:211:550648b341f1883d0370e41ca3d2050177df381caf6e763918de3e08b3a44fc8"",""data/metrics_faithfulness_metrics_PickCube-v1_170m_seed42_l2_20260530_021658.jsonl:212:74fda0544604427c925e215aa74fd418c4a0dfd2f734bb85210910494baa95ef"",""data/metrics_faithfulness_metrics_PickCube-v1_170m_seed42_l2_20260530_021658.jsonl:213:cecf3df3a85dd6d85bba91e5d3d7780234062b0765074c6a78db17bf2881a1cf"",""data/metrics_faithfulness_metrics_PickCube-v1_170m_seed42_l2_20260530_021658.jsonl:214:1abb65bbec29b23f893aaaf4e1d381b6edd5c07f81a9546feddd357ab75163c7"",""data/metrics_faithfulness_metrics_PickCube-v1_170m_seed42_l2_20260530_021658.jsonl:215:06f0164d8ccd03fd2e951024161b77e80f4e25121a90b6f44e8f2351bdb43e1c"",""data/metrics_faithfulness_metrics_PickCube-v1_170m_seed42_l2_20260530_021658.jsonl:216:cc2b44ef8b946ca337bcf4196ae61fadf0aeb221311b1f93e1eb4964b0041002"",""data/metrics_faithfulness_metrics_PickCube-v1_170m_seed42_l2_20260530_021658.jsonl:217:38bc432a229a3162e3810ef79eed99507072af8102f0caf1998e521dec3e2c43"",""data/metrics_faithfulness_metrics_PickCube-v1_170m_seed42_l2_20260530_021658.jsonl:218:e85fe1bcb6b9e905631dc0c5adde83cae6652d7e4364a8b9a8da899503f7dede"",""data/metrics_faithfulness_metrics_PickCube-v1_170m_seed42_l2_20260530_021658.jsonl:219:263ae5b6f1b496d91f0f836a54f260ae0fd306c0ca166a22dc73ce7367984992"",""data/metrics_faithfulness_metrics_PickCube-v1_170m_seed42_l2_20260530_021658.jsonl:220:096a00aad2f298774a2977a29c1fe73cafcd0980d74e2cd2e38213341ff5764a"",""data/metrics_faithfulness_metrics_PickCube-v1_170m_seed42_l2_20260530_021658.jsonl:221:d9cb772269fc6e78e8ac56458344a4a0880b7531a21cfea4ba184a1d78f758d4"",""data/metrics_faithfulness_metrics_PickCube-v1_170m_seed42_l2_20260530_021658.jsonl:222:7c6fa086904f837c11a35ab91a3c887253551521b07285e0dd6e6e01eb2bb9b9"",""data/metrics_faithfulness_metrics_PickCube-v1_170m_seed42_l2_20260530_021658.jsonl:223:1d9d83ad2d0ccb1a3cc6ef62a23186347e50ca4bed936725f9c3a69f4e5910e2"",""data/metrics_faithfulness_metrics_PickCube-v1_170m_seed42_l2_20260530_021658.jsonl:224:91a0a64e54cbc66a67605585230b6bd059d2c87b879051cd3ab6a26738b92e37"",""data/metrics_faithfulness_metrics_PickCube-v1_170m_seed42_l2_20260530_021658.jsonl:225:597821f286855059b19552bcb6fb6eadbd601c08806793307d1faf4d834b1b79""]",0.1069829036757199,-0.024318354060330737,0.0
L2:lang:deletion,L2,lang,deletion,ee2ec670fe253a182d6e483b082fdad2d27b3953861b30b64a55d26dc8a80759,25,25,-0.020777047979011525,"[""data/metrics_faithfulness_metrics_PickCube-v1_170m_seed42_l2_20260530_021658.jsonl:276:dc18d5ddb52298e2e582f5d9c635d0c34d1c3ac290135082e24e5210df47531f"",""data/metrics_faithfulness_metrics_PickCube-v1_170m_seed42_l2_20260530_021658.jsonl:277:47e6a4ca96d6327a18ad44b865c0af8cd4a9ad4b591ae3a5d55fa9d9614597b7"",""data/metrics_faithfulness_metrics_PickCube-v1_170m_seed42_l2_20260530_021658.jsonl:278:0fb9952a38fbb45868b4d247470ae9aecec2366e6d9673a949cd16d6b27b9b6f"",""data/metrics_faithfulness_metrics_PickCube-v1_170m_seed42_l2_20260530_021658.jsonl:279:d424023b427f3844000883c9aae1404000f2ed3e9dec1c01993faa803644289e"",""data/metrics_faithfulness_metrics_PickCube-v1_170m_seed42_l2_20260530_021658.jsonl:280:6f67da9c7acbc57ae70a9d0bcdb731b4f66904c97b2b2803fca63ae7bd737108"",""data/metrics_faithfulness_metrics_PickCube-v1_170m_seed42_l2_20260530_021658.jsonl:281:a7ba131295118c99b9fd8b2629702e61573534e48fa42154417a8c3b0ae4952a"",""data/metrics_faithfulness_metrics_PickCube-v1_170m_seed42_l2_20260530_021658.jsonl:282:4c20c5258aa28a1c534b997aa2e6d5e7402f2fd3e9f829d11804e868abdbf4ee"",""data/metrics_faithfulness_metrics_PickCube-v1_170m_seed42_l2_20260530_021658.jsonl:283:c6eae6aa439e41389390d7186eddcdb4c11b65dd14a963eec216e288b01eb9cb"",""data/metrics_faithfulness_metrics_PickCube-v1_170m_seed42_l2_20260530_021658.jsonl:284:25e71d8c541b801aea9a345363fdaa5a05e33729f0b4505f0fcc1afc1a5c243e"",""data/metrics_faithfulness_metrics_PickCube-v1_170m_seed42_l2_20260530_021658.jsonl:285:d2d62fa5e9287946ccff2802a510916d28dea55257dd9dc682b15adeb50f0a02"",""data/metrics_faithfulness_metrics_PickCube-v1_170m_seed42_l2_20260530_021658.jsonl:286:e7ce93ec0dc23cf17799b4d180efdaf045fea4698e691dfe66318240ffa1d4b9"",""data/metrics_faithfulness_metrics_PickCube-v1_170m_seed42_l2_20260530_021658.jsonl:287:4f67d9258160b1ef2f9eb7581f92a126d0a0e1ef6b03338376019133f3cd7864"",""data/metrics_faithfulness_metrics_PickCube-v1_170m_seed42_l2_20260530_021658.jsonl:288:e741c7e619d8e4d6fb7e82a9e5fd881beaac758391a464667a0d019a1b57830b"",""data/metrics_faithfulness_metrics_PickCube-v1_170m_seed42_l2_20260530_021658.jsonl:289:f93605778086ba6c36e43675eae6452a38b11a93be489d7f7095d51effb94f1a"",""data/metrics_faithfulness_metrics_PickCube-v1_170m_seed42_l2_20260530_021658.jsonl:290:f5c6b91992e30ad7f00697337bd937009bfbcdf011d76982f9af65a0117d80c5"",""data/metrics_faithfulness_metrics_PickCube-v1_170m_seed42_l2_20260530_021658.jsonl:291:035ffd9554e158d4f2d4203310aee37f2c1705b1d219179c4de4939c49dc1379"",""data/metrics_faithfulness_metrics_PickCube-v1_170m_seed42_l2_20260530_021658.jsonl:292:f15a0e7d5c6ed2fcb7f4a8d403af537d692d7abdc97e5113702a4108c5e1b9df"",""data/metrics_faithfulness_metrics_PickCube-v1_170m_seed42_l2_20260530_021658.jsonl:293:c6798c0ae28c4d12e9bc58db5e18d461c2481a11943673e4cd6918ebaaac6a3c"",""data/metrics_faithfulness_metrics_PickCube-v1_170m_seed42_l2_20260530_021658.jsonl:294:905aa2a0affcdc884a7578f227ad2b652a827d36fad3dd798c6dae23d699bc08"",""data/metrics_faithfulness_metrics_PickCube-v1_170m_seed42_l2_20260530_021658.jsonl:295:143bb139db803712307c2005cdd4599a91aa42d68624690a3a83f4e6513e3e78"",""data/metrics_faithfulness_metrics_PickCube-v1_170m_seed42_l2_20260530_021658.jsonl:296:079c16caf23ceec2cbca954ff58b86e70dc1fea02ea79cc659d8615dc1e71b42"",""data/metrics_faithfulness_metrics_PickCube-v1_170m_seed42_l2_20260530_021658.jsonl:297:afb5963440cad300f64a8849377cb93d850bff32c8c74f3762d5a9513a30e8d6"",""data/metrics_faithfulness_metrics_PickCube-v1_170m_seed42_l2_20260530_021658.jsonl:298:9ff1d9d354f9bceae9fccc99d98022418770e90be3832f108fd32e13a2ca1963"",""data/metrics_faithfulness_metrics_PickCube-v1_170m_seed42_l2_20260530_021658.jsonl:299:f9982f7160ef9a6d6d4e2a7b20a5869758e081891c18f47788e4272391fda2a3"",""data/metrics_faithfulness_metrics_PickCube-v1_170m_seed42_l2_20260530_021658.jsonl:300:489a049fe6b7600a7f03837e39a9ac4f5d01bfc4c5632c40a149667420a4f723""]",0.07610123184784597,-0.09687827982685748,0.0
L2:lang:deletion,L2,lang,deletion,f67073a51e251437dfcac7024a9c224100b6ff0ae4d8897318b2931fcd4b52c9,25,25,-0.9227534733298348,"[""data/metrics_faithfulness_metrics_PickCube-v1_170m_seed42_l2_20260530_021658.jsonl:350:12463597b216df03faf47bab571a6c4429ea9a9daaaa0032b2a3a43dc46291bc"",""data/metrics_faithfulness_metrics_PickCube-v1_170m_seed42_l2_20260530_021658.jsonl:351:9142c411cfb6d0d471794e8c655161e7660ab46e983cf9388b59d5dafc910b51"",""data/metrics_faithfulness_metrics_PickCube-v1_170m_seed42_l2_20260530_021658.jsonl:352:47daab7ebcf8434e7b1d6a25b08fcd589e486cbb014f1be3506d77c81115b10c"",""data/metrics_faithfulness_metrics_PickCube-v1_170m_seed42_l2_20260530_021658.jsonl:353:8d6db2059bbca1acf289e96824391284f3ca47a1c94625db3476a072fdfe57bf"",""data/metrics_faithfulness_metrics_PickCube-v1_170m_seed42_l2_20260530_021658.jsonl:354:f61d67011840c96127fe859b1dafa541b5c4ff4f215660bd66aa71cae37c70c3"",""data/metrics_faithfulness_metrics_PickCube-v1_170m_seed42_l2_20260530_021658.jsonl:355:5571ce6d156caf851fe7c88047b2581fd4811fe0bb6fe27a715d2a428626cf03"",""data/metrics_faithfulness_metrics_PickCube-v1_170m_seed42_l2_20260530_021658.jsonl:356:d056358aa161b80eb928115c008ce92d876c6f5615f499c9de421fcb55eb79ed"",""data/metrics_faithfulness_metrics_PickCube-v1_170m_seed42_l2_20260530_021658.jsonl:357:d2e13010e5164f7410133a356ffa98fce2c97767c0a65c6aa14dc9370ff26ae5"",""data/metrics_faithfulness_metrics_PickCube-v1_170m_seed42_l2_20260530_021658.jsonl:358:c65d2c1613a229485bfb3585d39c461a6280b8ebc9a3af4ad59b8a2317801feb"",""data/metrics_faithfulness_metrics_PickCube-v1_170m_seed42_l2_20260530_021658.jsonl:359:73d18499e2db16466ca267cb3a3526f1a8f538dd4abbe579ec9f6a611bbe6b3c"",""data/metrics_faithfulness_metrics_PickCube-v1_170m_seed42_l2_20260530_021658.jsonl:360:9ec3e7847b3b03fee2b14c341ba922c5e97371f1d94961ab039819740d3f468e"",""data/metrics_faithfulness_metrics_PickCube-v1_170m_seed42_l2_20260530_021658.jsonl:361:c8a2b9a9db3a71b261ca6e4214b0292d2bcfea848b3bf01c72572688a77f9d13"",""data/metrics_faithfulness_metrics_PickCube-v1_170m_seed42_l2_20260530_021658.jsonl:362:6f3722984a7fe2af76122fba82a99e187a32917634d5521eb62894761e504d76"",""data/metrics_faithfulness_metrics_PickCube-v1_170m_seed42_l2_20260530_021658.jsonl:363:a921efd598bfac3f9e10aac7eb487cc6ec0d16a0dabce57f68c376821481fe4f"",""data/metrics_faithfulness_metrics_PickCube-v1_170m_seed42_l2_20260530_021658.jsonl:364:9a9ee87955dcc3b4fe9597e29c4c3aab2bb63c4efaeba93d0463e675f60279cd"",""data/metrics_faithfulness_metrics_PickCube-v1_170m_seed42_l2_20260530_021658.jsonl:365:2607830c1b57eb4329c63db8b07bba5d3672e8d06adc4b68ff4578ca100eca83"",""data/metrics_faithfulness_metrics_PickCube-v1_170m_seed42_l2_20260530_021658.jsonl:366:d0aeae3384d2900a046a4222f6a97159b3dfa9187fbec821e6cb34a4b8bd4a89"",""data/metrics_faithfulness_metrics_PickCube-v1_170m_seed42_l2_20260530_021658.jsonl:367:5fb442924c69a3b20de02d36e730e14865bf11c1bdae15e14913a4bf83bc86a6"",""data/metrics_faithfulness_metrics_PickCube-v1_170m_seed42_l2_20260530_021658.jsonl:368:d794e7ef7d1e1f93e2c22cf083dcce475102c075ef6f167038c0afd1088b0853"",""data/metrics_faithfulness_metrics_PickCube-v1_170m_seed42_l2_20260530_021658.jsonl:369:996d7a7770254e41260fa33c8e1d1deaa5fdbcf6bbed6844eabb90d01f43c1f4"",""data/metrics_faithfulness_metrics_PickCube-v1_170m_seed42_l2_20260530_021658.jsonl:370:84d582b8d09a73050c2143c3b5e2707143c5029636aa94c2ddf39a4a3baad44a"",""data/metrics_faithfulness_metrics_PickCube-v1_170m_seed42_l2_20260530_021658.jsonl:371:2deabcf078a0de122c78adffead5da7e18ce97bbf8865a5885427e73510a07f6"",""data/metrics_faithfulness_metrics_PickCube-v1_170m_seed42_l2_20260530_021658.jsonl:372:91892e270b0e65d860ad1c8da3e60608dbc3d876bda06faad04e866a704a4cfd"",""data/metrics_faithfulness_metrics_PickCube-v1_170m_seed42_l2_20260530_021658.jsonl:373:1c9155c6796f2a1c436cdc22d5ad6e06edd87d88c39fe87b4ce45908e337e346"",""data/metrics_faithfulness_metrics_PickCube-v1_170m_seed42_l2_20260530_021658.jsonl:374:d3bc05e758cbe3f3a6cac57ea90f85a9de4d595d3ec9672657671f5091f5e166""]",0.15674814408035775,-1.0795016174101926,0.0
L2:lang:deletion,L2,lang,deletion,fc3bf3cb3162aa158fc353e843ea58ab343fd7226f91079a7d3380acfafff3c4,25,25,0.04486686765416646,"[""data/metrics_faithfulness_metrics_PickCube-v1_170m_seed142_l2_20260530_082947.jsonl:251:a47773ac7d9897112f2cfa02eb0c9dc79f311f34351aa3b47639fb01471321b1"",""data/metrics_faithfulness_metrics_PickCube-v1_170m_seed142_l2_20260530_082947.jsonl:252:5834497a7ab974475e5c145e64660c40f794b1a8504a64f7504fcf04a9f16eb6"",""data/metrics_faithfulness_metrics_PickCube-v1_170m_seed142_l2_20260530_082947.jsonl:253:3c65bf22eb1aa7c3b2611dd4f45ff61c07193252816bb037c2532671d354b14c"",""data/metrics_faithfulness_metrics_PickCube-v1_170m_seed142_l2_20260530_082947.jsonl:254:2fc2ac811a9dd407348b7b8b43e100d817181d40db07303b96da3f88cc514e1b"",""data/metrics_faithfulness_metrics_PickCube-v1_170m_seed142_l2_20260530_082947.jsonl:255:933fb6acd032d7e1f9c76284aa395497a89c64daf6197252e48c7806ce9d0b6c"",""data/metrics_faithfulness_metrics_PickCube-v1_170m_seed142_l2_20260530_082947.jsonl:256:b15c9d0005152110cd4fb8ef73060b39cbc6279222cc704c378b179b72ee3baf"",""data/metrics_faithfulness_metrics_PickCube-v1_170m_seed142_l2_20260530_082947.jsonl:257:1332b419dac7267e3fdada7cfe7bf715cb88cd56a9baa54267e8cdaa8c3ab65c"",""data/metrics_faithfulness_metrics_PickCube-v1_170m_seed142_l2_20260530_082947.jsonl:258:d1c09e73bf8a1fa56ac6f3e45d424639d98ba20a87228528fdebebb3821901c1"",""data/metrics_faithfulness_metrics_PickCube-v1_170m_seed142_l2_20260530_082947.jsonl:259:82b43a0b7e90b6569947bbfbb1df9d1811a37188d35e6372112f7a7d2fc9f8da"",""data/metrics_faithfulness_metrics_PickCube-v1_170m_seed142_l2_20260530_082947.jsonl:260:b0ca789a9f8498e67975af715e8af24353474434987b937a002863428e2d1f8d"",""data/metrics_faithfulness_metrics_PickCube-v1_170m_seed142_l2_20260530_082947.jsonl:261:847ae68942e1fe3718f9eaa26e6e287428bc136acf51f54d7234e6edbfc61bc3"",""data/metrics_faithfulness_metrics_PickCube-v1_170m_seed142_l2_20260530_082947.jsonl:262:4abb0c201cc5df20f758b2777c23b7e44ee97a066ce97cf91920fc8134829fda"",""data/metrics_faithfulness_metrics_PickCube-v1_170m_seed142_l2_20260530_082947.jsonl:263:c74ac415f2ba9a0b5de5ef8560bb7b9cff318e8a70180f1ce2042164017185e1"",""data/metrics_faithfulness_metrics_PickCube-v1_170m_seed142_l2_20260530_082947.jsonl:264:3a6a1cf5e27663776459874ef1218317c9893c1fd96b110a36c4a97a5f4d12d8"",""data/metrics_faithfulness_metrics_PickCube-v1_170m_seed142_l2_20260530_082947.jsonl:265:22ab40e5a654f91ed01040d6044dbde8eb398b2d4707062a39a03db42baabd79"",""data/metrics_faithfulness_metrics_PickCube-v1_170m_seed142_l2_20260530_082947.jsonl:266:87c2c2e44cd07cb78113387721616a974131e814daca32ec484d0834bbdf804f"",""data/metrics_faithfulness_metrics_PickCube-v1_170m_seed142_l2_20260530_082947.jsonl:267:9349ce6e8246d253881a1165bec60bbc54f8f5ee811b476a03cd6a0d999032b2"",""data/metrics_faithfulness_metrics_PickCube-v1_170m_seed142_l2_20260530_082947.jsonl:268:b7f3ab2eab23550bc11e0d7d01ba7a8b9b86f284893401274be00f0ef09f41e0"",""data/metrics_faithfulness_metrics_PickCube-v1_170m_seed142_l2_20260530_082947.jsonl:269:31ae65959045810ad727ce0f8ee642524cf96bdba87225cf22671425879971e9"",""data/metrics_faithfulness_metrics_PickCube-v1_170m_seed142_l2_20260530_082947.jsonl:270:5d7d9a1470bdda0e171fac63f44e4e046c320caccc156b657dc38d69dcff0fb4"",""data/metrics_faithfulness_metrics_PickCube-v1_170m_seed142_l2_20260530_082947.jsonl:271:2666a38c1b6776f8407bda278411205e5e696c17d4a65b759e093ed3640f809f"",""data/metrics_faithfulness_metrics_PickCube-v1_170m_seed142_l2_20260530_082947.jsonl:272:b24bea235d52afea38b2aa1abcf553daeb0a9998fcf41ebca1dd40144c4b3822"",""data/metrics_faithfulness_metrics_PickCube-v1_170m_seed142_l2_20260530_082947.jsonl:273:318d3033010d8f753c366203bc8451a77b58c0a07fa5ecacb7df7e089628578e"",""data/metrics_faithfulness_metrics_PickCube-v1_170m_seed142_l2_20260530_082947.jsonl:274:8427f5095d6b6d441c163482621163ce4755479b4d5adf64306cda5d4d9081e9"",""data/metrics_faithfulness_metrics_PickCube-v1_170m_seed142_l2_20260530_082947.jsonl:275:8516f7e67dd15fa9a93d4d2c5d754fbc60d24c0eb8c556107e9d740fccfb49fa""]",0.11071941183518585,-0.06585254418101939,0.0
L2:lang:deletion,L2,lang,deletion,fc7d525a108575036e5527da179df56881e097183c830a7987fecbca160ace37,25,25,0.009176069834938108,"[""data/metrics_faithfulness_metrics_PickCube-v1_170m_seed142_l2_20260530_082947.jsonl:301:6832d3d40f23bb4ea72048c33ae014491a5b18ad99608afe0b4048921dab0e0f"",""data/metrics_faithfulness_metrics_PickCube-v1_170m_seed142_l2_20260530_082947.jsonl:302:bbc02e3b8b8eab7ee8092503fe49d1b655f13c4344fac8fc47129e9807fe3594"",""data/metrics_faithfulness_metrics_PickCube-v1_170m_seed142_l2_20260530_082947.jsonl:303:b5e2bdf2abb6a55e4137a9c20076f250b35a8337a1ce96fe72832f87e5965df6"",""data/metrics_faithfulness_metrics_PickCube-v1_170m_seed142_l2_20260530_082947.jsonl:304:96841e0e9b313cf779d11e2e134b931f5ed10fa43756faab8bfbd49b1ae4d8aa"",""data/metrics_faithfulness_metrics_PickCube-v1_170m_seed142_l2_20260530_082947.jsonl:305:a1c5a65756079590a9ccd11759993bafec3b8bb4cc67d935d32d7c879531d44a"",""data/metrics_faithfulness_metrics_PickCube-v1_170m_seed142_l2_20260530_082947.jsonl:306:b15b65068694056b4c6d585f0d31d93cc169777604e3341076155caea6d5e28a"",""data/metrics_faithfulness_metrics_PickCube-v1_170m_seed142_l2_20260530_082947.jsonl:307:2e0ee80eb6f863127b475dab299479b7ace4723b8b5d9da1523a36ddc76f6b3c"",""data/metrics_faithfulness_metrics_PickCube-v1_170m_seed142_l2_20260530_082947.jsonl:308:8f180c70ccaeb53e1a91f928524f8cc2d7263978b76a3a4cd8fef933319fceee"",""data/metrics_faithfulness_metrics_PickCube-v1_170m_seed142_l2_20260530_082947.jsonl:309:94e7e768e7331891c053796b50cb3d39d5c049b3d6cedb9aa6e68dc3dc7896de"",""data/metrics_faithfulness_metrics_PickCube-v1_170m_seed142_l2_20260530_082947.jsonl:310:ff105fbd0076b30bed402741f4af8c63692e8d5a497ccdbc9df6086044912510"",""data/metrics_faithfulness_metrics_PickCube-v1_170m_seed142_l2_20260530_082947.jsonl:311:017b2bcf4fc788296def3d31b5b00091b76abbfec9cfe08dad4459250f81e577"",""data/metrics_faithfulness_metrics_PickCube-v1_170m_seed142_l2_20260530_082947.jsonl:312:d36b1e4648ecf139980ba517c506185f88e45b81c87abfe33706c75daf1ee902"",""data/metrics_faithfulness_metrics_PickCube-v1_170m_seed142_l2_20260530_082947.jsonl:313:d3115ec175843187d9ea03435e73ee222fc33643da46a7da8b6d5261c7d74ac8"",""data/metrics_faithfulness_metrics_PickCube-v1_170m_seed142_l2_20260530_082947.jsonl:314:f9e174d00fa82ce4bba84f4f3d1d4f261d579720cdb7fd1dd124dfa8ae9cfd57"",""data/metrics_faithfulness_metrics_PickCube-v1_170m_seed142_l2_20260530_082947.jsonl:315:2a53e3d365fb310cd377a3e0397f42704380e9ee62cd179fcabba5d4388e8cf6"",""data/metrics_faithfulness_metrics_PickCube-v1_170m_seed142_l2_20260530_082947.jsonl:316:3ec1bb6fe1f617ed4b696c5decefa66a586f0b8adad6a22ca9ed818cb6fdafb0"",""data/metrics_faithfulness_metrics_PickCube-v1_170m_seed142_l2_20260530_082947.jsonl:317:7db028389a8f6d7f9fcc77912b8569a12fcf7bab0ca57c50c96e688022dde921"",""data/metrics_faithfulness_metrics_PickCube-v1_170m_seed142_l2_20260530_082947.jsonl:318:1cf303893266408bcde0cb54fef4f3f4392fa1d0d528e11b0da55d837f21445b"",""data/metrics_faithfulness_metrics_PickCube-v1_170m_seed142_l2_20260530_082947.jsonl:319:daceeb82a5ad8498e40ae2fbe546788822b06ef4ce432630b86feeb797a9937d"",""data/metrics_faithfulness_metrics_PickCube-v1_170m_seed142_l2_20260530_082947.jsonl:320:1e9360c2782bb5ea4c0e76c30188b679c8620b33110b714914194a1298dd43c0"",""data/metrics_faithfulness_metrics_PickCube-v1_170m_seed142_l2_20260530_082947.jsonl:321:5d0af7f474c5d129814eafb0b166df122782d948d31207ab259ea23b0299544b"",""data/metrics_faithfulness_metrics_PickCube-v1_170m_seed142_l2_20260530_082947.jsonl:322:c825fae007f4086145c3a73af3513ba1115bf9623c0ee1278433d45202945075"",""data/metrics_faithfulness_metrics_PickCube-v1_170m_seed142_l2_20260530_082947.jsonl:323:db18d64749410027efab0cf00eafe0c16b39545e2be4bc4926c28ffad67b0cb2"",""data/metrics_faithfulness_metrics_PickCube-v1_170m_seed142_l2_20260530_082947.jsonl:324:f4802f786be95c5d4ddab459d0b18609fbce570d4165482072a685b0ceb08f3c"",""data/metrics_faithfulness_metrics_PickCube-v1_170m_seed142_l2_20260530_082947.jsonl:325:a9d899ff8a7596703677c4fa2d73d2771ae94dd860939f28408c38e7ef04421e""]",0.10190010651079529,-0.09272403667585717,0.0
L2:lang:deletion,L2,lang,deletion,fe86f3f78070d01a03dbdd22e378167bb234810e3fcfe9a8f58fafc8578eff8c,25,25,0.1503289784039046,"[""data/metrics_faithfulness_metrics_PickCube-v1_170m_seed42_l2_20260530_021658.jsonl:126:6fa5b21f81a3e2e63057c3798766077740d2966d88fa4466b562402451ccad9d"",""data/metrics_faithfulness_metrics_PickCube-v1_170m_seed42_l2_20260530_021658.jsonl:127:72d030d5aa6af04ef1066c9d3406c6cfdf61a1efc26fee16727d10c72975f233"",""data/metrics_faithfulness_metrics_PickCube-v1_170m_seed42_l2_20260530_021658.jsonl:128:b566cc269f47f943b42217ec5c37d68daa3e2e444ff0f5d15762baabe442e363"",""data/metrics_faithfulness_metrics_PickCube-v1_170m_seed42_l2_20260530_021658.jsonl:129:17e2a8de506349fe395de90e72c25b0781a295cf41291194fa164720531a76a4"",""data/metrics_faithfulness_metrics_PickCube-v1_170m_seed42_l2_20260530_021658.jsonl:130:a1661cf97f41d2ac68fcfc508ec3184260bf7df34384421d45e79d6dce9df0c8"",""data/metrics_faithfulness_metrics_PickCube-v1_170m_seed42_l2_20260530_021658.jsonl:131:98ae8bc9da3b08cefdb0295fc5467cc0e270a51b742aa141495f2f352880e086"",""data/metrics_faithfulness_metrics_PickCube-v1_170m_seed42_l2_20260530_021658.jsonl:132:bfa494e3eb3ab36d1c6e0726f32655a293b80fca7904407effcce5447eae0f2e"",""data/metrics_faithfulness_metrics_PickCube-v1_170m_seed42_l2_20260530_021658.jsonl:133:f33e316be8bf031dd996b7d48ae386665c06eb25602a3e82593cd6d521acf129"",""data/metrics_faithfulness_metrics_PickCube-v1_170m_seed42_l2_20260530_021658.jsonl:134:477b7eb342bf92296efb9da9814a7175060caffaf7c200e42c4e7927bba0c356"",""data/metrics_faithfulness_metrics_PickCube-v1_170m_seed42_l2_20260530_021658.jsonl:135:4c55f22d390969f297a5027e5cfffda00aae83030fe2f641b90228aae839b48f"",""data/metrics_faithfulness_metrics_PickCube-v1_170m_seed42_l2_20260530_021658.jsonl:136:4a531525ac6d588aa22a3d6609114249ffbed0c9c7290baf3e8bcce92dfba491"",""data/metrics_faithfulness_metrics_PickCube-v1_170m_seed42_l2_20260530_021658.jsonl:137:5f1805f1e8342b3e51c50bb1c31542dfd844cab4375ecaca90ac22fab91f5643"",""data/metrics_faithfulness_metrics_PickCube-v1_170m_seed42_l2_20260530_021658.jsonl:138:f74e2a55370b2c4a7eeeb921f8097ce38c3ae6ea2ab631c1667035127af232fc"",""data/metrics_faithfulness_metrics_PickCube-v1_170m_seed42_l2_20260530_021658.jsonl:139:89a634d49290cf9ece4d849f0b178ddc98eb4a9c0134c2bae28d9aec7a306a96"",""data/metrics_faithfulness_metrics_PickCube-v1_170m_seed42_l2_20260530_021658.jsonl:140:249cb575e48493d738bcc2503412bc7e71ad09d77fcd52ffeb3ed332a94b9079"",""data/metrics_faithfulness_metrics_PickCube-v1_170m_seed42_l2_20260530_021658.jsonl:141:7fddad48cc4643f1ea22ce17b9a56aea47a75477c532fb72b5956c7ffb391b24"",""data/metrics_faithfulness_metrics_PickCube-v1_170m_seed42_l2_20260530_021658.jsonl:142:dbe11678275c9838ad870a9456f88f0471319861b0be0326fd699c075d86d336"",""data/metrics_faithfulness_metrics_PickCube-v1_170m_seed42_l2_20260530_021658.jsonl:143:9d9c1c40751d63708747447184d1663a1a26322711e2132f305bef84651e3876"",""data/metrics_faithfulness_metrics_PickCube-v1_170m_seed42_l2_20260530_021658.jsonl:144:8633393e1f7ed2511fe03cd452fa91cea4cca2092e8caf1ac52c9724dec6f480"",""data/metrics_faithfulness_metrics_PickCube-v1_170m_seed42_l2_20260530_021658.jsonl:145:dac610c1ab7249ac6399a60baee41fed070d6ce0af2561daac289e5d0a489f7a"",""data/metrics_faithfulness_metrics_PickCube-v1_170m_seed42_l2_20260530_021658.jsonl:146:a5366b118254bc37be2f346c43b71b472e52414d375a7df8692bcc737da51850"",""data/metrics_faithfulness_metrics_PickCube-v1_170m_seed42_l2_20260530_021658.jsonl:147:2770aad35fbb11659b4f0499fcb6cc3ca5b98355444be045c8e5e9a59a438f15"",""data/metrics_faithfulness_metrics_PickCube-v1_170m_seed42_l2_20260530_021658.jsonl:148:4235108f63bde06bfc3079dfab4fd9167dc39016ff9ef49bbc1fcaa72c90088a"",""data/metrics_faithfulness_metrics_PickCube-v1_170m_seed42_l2_20260530_021658.jsonl:149:59f2c96dbff7c7c39c0bc1d5495181b0bf1516a9a783b70f49039f59d9590fd4"",""data/metrics_faithfulness_metrics_PickCube-v1_170m_seed42_l2_20260530_021658.jsonl:150:acc8aa0f2a807e48e02fb91f17ade95fd8d5062e80894baa2e52d79e3f3adee4""]",0.15368571207010595,-0.0033567336662013465,0.0
